sr_no,sector_name,line_ministry,project_code,project_name,original_cost_cr,revised_cost_cr,expenditure_cr,original_end_date_str,revised_end_date_str,revised_cost_is_set,original_end_date,revised_end_date,revised_date_is_missing,data_quality_flags
1,Aviation & Aviation Infrastructure,Ministry of Civil Aviation,706718,C/o NITB Imphal Airport,499,499.0,201.99,13/07/2024,31/12/2026,1,2024-07-13,2026-12-31,0,CLEAN
2,Aviation & Aviation Infrastructure,Ministry of Civil Aviation,701121,Construction of New Domestic Terminal Building at Rajahmundry Airport.,347,0.0,170.79,13/08/2025,30/06/2026,0,2025-08-13,2026-06-30,0,NOT_YET_REVISED_COST
3,Aviation & Aviation Infrastructure,Ministry of Civil Aviation,701101,"Construction of New Domestic Terminal Building [Phase-I and II] and other allied structures at JPNI Airport, Patna",1217,1216.9,1200.67,31/05/2026,31/05/2026,1,2026-05-31,2026-05-31,0,CLEAN
4,Aviation & Aviation Infrastructure,Ministry of Civil Aviation,612788,Construction of New Domestic Terminal Building and Miscellaneous Works at Belagavi Airport.,322,0.0,204.5,01/02/2026,30/06/2026,0,2026-02-01,2026-06-30,0,NOT_YET_REVISED_COST
5,Aviation & Aviation Infrastructure,Ministry of Civil Aviation,612787,Construction of New Domestic Terminal Building and Miscellaneous works at Hubli Airport,320,0.0,148.68,21/01/2026,30/06/2026,0,2026-01-21,2026-06-30,0,NOT_YET_REVISED_COST
6,Aviation & Aviation Infrastructure,Ministry of Civil Aviation,612786,"Construction of New Domestic Terminal Building Building and miscellaneous works including maintenance, operations and AICMC at Kadapa Airport",266,0.0,129.07,27/01/2026,15/07/2026,0,2026-01-27,2026-07-15,0,NOT_YET_REVISED_COST
7,Aviation & Aviation Infrastructure,Ministry of Civil Aviation,701128,Construction of New Integrated Passenger Terminal Building at Udaipur Airport,887,887.0,523.61,10/03/2026,26/09/2026,1,2026-03-10,2026-09-26,0,CLEAN
8,Aviation & Aviation Infrastructure,Ministry of Civil Aviation,701107,Construction of New Integrated Terminal Building and associated works including apron to park 3 code E type of aircraft or 6 code C type of aircraft at Vijayawada Airport.,612,611.8,523.14,04/09/2022,31/10/2026,1,2022-09-04,2026-10-31,0,CLEAN
9,Aviation & Aviation Infrastructure,Ministry of Civil Aviation,701127,Construction of New Passenger Terminal Building for Domestic Operations at Jodhpur Airport.,480,480.0,339.96,31/03/2026,30/04/2026,1,2026-03-31,2026-04-30,0,CLEAN
10,Aviation & Aviation Infrastructure,Ministry of Civil Aviation,611047,"Construction of NTB complex including apron, taxi track and other associated civil works and electrical & mechanical installations towards Tawi River side at CA Jammu.",861,861.37,319.5,21/06/2026,30/11/2026,1,2026-06-21,2026-11-30,0,CLEAN
11,Aviation & Aviation Infrastructure,Ministry of Civil Aviation,400010,"Construction of Terminal Building & Associated works at Leh Airport, Ladakh",480,640.0,501.81,14/09/2021,31/07/2026,1,2021-09-14,2026-07-31,0,EXPENDITURE_EXCEEDS_ORIGINAL
12,Aviation & Aviation Infrastructure,Ministry of Civil Aviation,612789,"Development of additional RESA on either end on Runway 10-28 at Calicut Airport. Construction of embankment with slope protection, drainage system and associated works for additional RESA on either end on Runway 10-28",485,0.0,204.6,28/09/2025,31/12/2026,0,2025-09-28,2026-12-31,0,NOT_YET_REVISED_COST
13,Aviation & Aviation Infrastructure,Ministry of Civil Aviation,701126,"Development of Dholera International Greenfield Airport , Gujarat",1305,1551.0,896.82,30/06/2026,30/06/2026,1,2026-06-30,2026-06-30,0,CLEAN
14,Aviation & Aviation Infrastructure,Ministry of Civil Aviation,619054,Development of Keshod Airport.,363,0.0,87.88,31/01/2027,,0,2027-01-31,,1,NOT_YET_REVISED_COST;MISSING_REVISED_DATE
15,Aviation & Aviation Infrastructure,Ministry of Civil Aviation,701113,"Development of Lal Bahadur Shastri International airport, Varanasi including C/o New Terminal Building, Apron Extension, Runway Extension, PTT and allied works.",2870,0.0,572.04,20/07/2027,20/07/2027,0,2027-07-20,2027-07-20,0,NOT_YET_REVISED_COST
16,Aviation & Aviation Infrastructure,Ministry of Civil Aviation,612194,Development of New Civil Enclave and associated works at Darbhanga Airport,912,0.0,374.49,11/07/2026,30/11/2026,0,2026-07-11,2026-11-30,0,NOT_YET_REVISED_COST
17,Aviation & Aviation Infrastructure,Ministry of Civil Aviation,611495,Development of New Civil Enclave at Bagdogra Airport,1549,1549.0,441.41,07/03/2027,03/01/2027,1,2027-03-07,2027-01-03,0,CLEAN
18,Aviation & Aviation Infrastructure,Ministry of Civil Aviation,612183,Development of New Civil Enclave at Bihta,1413,0.0,7.64,31/03/2027,,0,2027-03-31,,1,NOT_YET_REVISED_COST;MISSING_REVISED_DATE
19,Aviation & Aviation Infrastructure,Ministry of Civil Aviation,618977,"Development of New Greenfield Airport at Bundi, Kota Rajasthan.",1507,0.0,40.4,19/10/2027,13/11/2027,0,2027-10-19,2027-11-13,0,NOT_YET_REVISED_COST
20,Aviation & Aviation Infrastructure,Ministry of Civil Aviation,701122,Development of New Integrated Civil Enclave at Agra Airport,579,0.0,197.61,04/07/2026,30/11/2026,0,2026-07-04,2026-11-30,0,NOT_YET_REVISED_COST
21,Aviation & Aviation Infrastructure,Ministry of Civil Aviation,701105,Goa Airport Terminal Building Extension Project,256,255.69,156.7,09/12/2021,30/04/2026,1,2021-12-09,2026-04-30,0,CLEAN
22,Aviation & Aviation Infrastructure,Ministry of Civil Aviation,706724,Guwahati Airport New Integrated Terminal Building Construction Project,1712,2520.0,2627.39,31/03/2025,30/06/2026,1,2025-03-31,2026-06-30,0,EXPENDITURE_EXCEEDS_ORIGINAL
23,Aviation & Aviation Infrastructure,Ministry of Civil Aviation,611602,"Modernization of Chennai Airport, Phase II, Part 2",1207,0.0,289.5,31/07/2025,31/12/2026,0,2025-07-31,2026-12-31,0,NOT_YET_REVISED_COST
24,Aviation & Aviation Infrastructure,Ministry of Civil Aviation,612791,"Re-Construction of Rigid portions of Secondary Runway, K and A Taxiway and Strengthening of C Taxiway at NSCBI Airport Kolkata.",328,0.0,139.77,02/10/2025,31/08/2026,0,2025-10-02,2026-08-31,0,NOT_YET_REVISED_COST
25,Aviation & Aviation Infrastructure,Ministry of Civil Aviation,611570,"SITC of ATM Automation System and ASMGCS [Including SMR & MLAT] for Mumbai, Navi Mumbai, Jewar [earlier MOPA, without ASMGCS], HIAL & BIAL",500,0.0,381.2,11/09/2025,31/08/2026,0,2025-09-11,2026-08-31,0,NOT_YET_REVISED_COST
26,Aviation & Aviation Infrastructure,Ministry of Civil Aviation,612793,"Widening of basic strip at Western Side of Runway Chainage 80m to 920m i/c slope stabilization Measures [Balance work] of uphill and Improvement of Storm Water Drainage System at Pakyong Airport, Sikkim on design & build basis [EPC] with integrated 10 years maintenance.",323,0.0,80.84,02/06/2026,30/06/2027,0,2026-06-02,2027-06-30,0,NOT_YET_REVISED_COST
27,Coal,Ministry of Coal,613800,JAGANNATHPUR OC RCE PROJECT,459,0.0,276.8,31/03/2025,31/03/2027,0,2025-03-31,2027-03-31,0,NOT_YET_REVISED_COST
28,Coal,Ministry of Coal,611016,2.0 MTPA BHOJUDIH NLW WASHERY,385,0.0,363.14,30/09/2020,31/05/2026,0,2020-09-30,2026-05-31,0,NOT_YET_REVISED_COST
29,Coal,Ministry of Coal,611017,2.5 MTPA PATHERDIH NLW WASHERY,334,0.0,162.75,30/04/2018,31/12/2026,0,2018-04-30,2026-12-31,0,NOT_YET_REVISED_COST
30,Coal,Ministry of Coal,616223,ADASA UG TO OC MINE,316,0.0,209.35,31/03/2024,31/03/2026,0,2024-03-31,2026-03-31,0,NOT_YET_REVISED_COST
31,Coal,Ministry of Coal,400148,AMADAND OCP[4.0MTY],869,0.0,325.4,31/03/2021,31/03/2027,0,2021-03-31,2027-03-31,0,NOT_YET_REVISED_COST
32,Coal,Ministry of Coal,616229,AMAL GONDEGAON GHATROHANA EXPN,669,0.0,2.94,31/03/2029,,0,2029-03-31,,1,NOT_YET_REVISED_COST;MISSING_REVISED_DATE
33,Coal,Ministry of Coal,611864,AMALAGAMATED NTST KUJAMA OCP 8.5MTY,4012,0.0,414.93,31/03/2030,,0,2030-03-31,,1,NOT_YET_REVISED_COST;MISSING_REVISED_DATE
34,Coal,Ministry of Coal,615185,AMALGAMATED DHANKASA & JAMUNIA,399,0.0,100.03,31/03/2027,,0,2027-03-31,,1,NOT_YET_REVISED_COST;MISSING_REVISED_DATE
35,Coal,Ministry of Coal,616050,AMALGAMATED INDER-KAMPTEE DEEP,236,0.0,127.42,31/03/2024,31/03/2026,0,2024-03-31,2026-03-31,0,NOT_YET_REVISED_COST
36,Coal,Ministry of Coal,400177,AMALGAMATED YEKONA I & YEKONA,727,0.0,563.25,31/03/2025,31/03/2026,0,2025-03-31,2026-03-31,0,NOT_YET_REVISED_COST
37,Coal,Ministry of Coal,613798,AMERA OC RCE [1.0 MTY],336,0.0,90.88,31/03/2026,,0,2026-03-31,,1,NOT_YET_REVISED_COST;MISSING_REVISED_DATE
38,Coal,Ministry of Coal,613799,AMGAON OC RCE [1.0 MTY],316,0.0,191.5,31/03/2026,,0,2026-03-31,,1,NOT_YET_REVISED_COST;MISSING_REVISED_DATE
39,Coal,Ministry of Coal,615916,AMLG GAURI PAUNI EXPANSION OC,1225,0.0,88.88,31/03/2030,,0,2030-03-31,,1,NOT_YET_REVISED_COST;MISSING_REVISED_DATE
40,Coal,Ministry of Coal,616233,BALABHADRA OCP,978,0.0,251.55,31/03/2030,,0,2030-03-31,,1,NOT_YET_REVISED_COST;MISSING_REVISED_DATE
41,Coal,Ministry of Coal,400183,BALARAM EXPANSION OCP,3504,0.0,958.0,31/03/2029,,0,2029-03-31,,1,NOT_YET_REVISED_COST;MISSING_REVISED_DATE
42,Coal,Ministry of Coal,615330,BALLARPUR NORTH WEST OC MINE,361,0.0,3.84,31/03/2029,,0,2029-03-31,,1,NOT_YET_REVISED_COST;MISSING_REVISED_DATE
43,Coal,Ministry of Coal,400149,BAROUD OC EXPANSION [3.0-10.0M,2310,0.0,993.79,31/03/2029,,0,2029-03-31,,1,NOT_YET_REVISED_COST;MISSING_REVISED_DATE
44,Coal,Ministry of Coal,615193,BASUNDHARA WEST EXTENSION OPEN,479,0.0,281.57,31/03/2019,31/03/2029,0,2019-03-31,2029-03-31,0,NOT_YET_REVISED_COST;EXTREME_SCHEDULE_OUTLIER
45,Coal,Ministry of Coal,400392,BHARATPUR RE-ORGANIZATION OCP,2839,0.0,1711.38,31/03/2029,,0,2029-03-31,,1,NOT_YET_REVISED_COST;MISSING_REVISED_DATE
46,Coal,Ministry of Coal,400033,BHATADI EXPANSION OC,581,0.0,112.17,31/03/2028,,0,2028-03-31,,1,NOT_YET_REVISED_COST;MISSING_REVISED_DATE
47,Coal,Ministry of Coal,616231,BHUBANESWARI EXPN OCP 50 MTY,5366,0.0,477.39,31/03/2033,,0,2033-03-31,,1,NOT_YET_REVISED_COST;MISSING_REVISED_DATE
48,Coal,Ministry of Coal,400369,BINA KAKRI AMALGAMATION EXPANS,836,0.0,835.34,31/03/2024,31/03/2027,0,2024-03-31,2027-03-31,0,NOT_YET_REVISED_COST
49,Coal,Ministry of Coal,400162,BLOCK B EXPANSION [3.5 TO 8.0,999,0.0,518.17,31/03/2023,31/03/2027,0,2023-03-31,2027-03-31,0,NOT_YET_REVISED_COST
50,Coal,Ministry of Coal,616253,BLOCK E OCP,5851,0.0,20.32,31/03/2029,,0,2029-03-31,,1,NOT_YET_REVISED_COST;MISSING_REVISED_DATE
51,Coal,Ministry of Coal,400180,BONJEMEHARI EXPANSION OCP,570,570.11,88.78,31/03/2026,31/03/2030,1,2026-03-31,2030-03-31,0,CLEAN
52,Coal,Ministry of Coal,400138,CHANDRAGUPT OCP,974,0.0,440.75,31/03/2032,,0,2032-03-31,,1,NOT_YET_REVISED_COST;MISSING_REVISED_DATE
53,Coal,Ministry of Coal,400172,CHITRA EAST OC,514,0.0,239.88,31/03/2026,31/03/2028,0,2026-03-31,2028-03-31,0,NOT_YET_REVISED_COST
54,Coal,Ministry of Coal,616225,CHUPERBHITA SIMLONG OCP MDO 6,979,0.0,0.0,31/03/2037,,0,2037-03-31,,1,NOT_YET_REVISED_COST;MISSING_REVISED_DATE
55,Coal,Ministry of Coal,400353,DHUPTALA OC [SASTI UG TO OC ],711,0.0,174.62,31/03/2028,,0,2028-03-31,,1,NOT_YET_REVISED_COST;MISSING_REVISED_DATE
56,Coal,Ministry of Coal,400178,DINESH[MAKARDHOKRA-III] OC,823,0.0,652.67,31/03/2027,,0,2027-03-31,,1,NOT_YET_REVISED_COST;MISSING_REVISED_DATE
57,Coal,Ministry of Coal,400354,DIPKA EXPANSION OCP [40 MTY],5241,0.0,2910.11,31/03/2029,,0,2029-03-31,,1,NOT_YET_REVISED_COST;MISSING_REVISED_DATE
58,Coal,Ministry of Coal,400156,EPR AMRAPALI OCP,5136,0.0,1326.01,31/03/2028,,0,2028-03-31,,1,NOT_YET_REVISED_COST;MISSING_REVISED_DATE
59,Coal,Ministry of Coal,400155,EPR ASHOK OC,2898,0.0,185.19,31/03/2031,,0,2031-03-31,,1,NOT_YET_REVISED_COST;MISSING_REVISED_DATE
60,Coal,Ministry of Coal,400154,EPR PUNDI OCP,713,0.0,236.58,31/03/2027,,0,2027-03-31,,1,NOT_YET_REVISED_COST;MISSING_REVISED_DATE
61,Coal,Ministry of Coal,400153,EPR ROHINI - KARKETTA OCP,1020,0.0,84.94,31/03/2028,,0,2028-03-31,,1,NOT_YET_REVISED_COST;MISSING_REVISED_DATE
62,Coal,Ministry of Coal,615331,GADEGAON OC 3 MTY,497,0.0,27.55,31/03/2030,,0,2030-03-31,,1,NOT_YET_REVISED_COST;MISSING_REVISED_DATE
63,Coal,Ministry of Coal,615206,GANDHIGRAM UG MINE,414,0.0,22.11,31/03/2026,,0,2026-03-31,,1,NOT_YET_REVISED_COST;MISSING_REVISED_DATE
64,Coal,Ministry of Coal,615917,GAURIDEEP/GAURI CENTRAL OCP 7.,973,0.0,1.55,31/03/2030,,0,2030-03-31,,1,NOT_YET_REVISED_COST;MISSING_REVISED_DATE
65,Coal,Ministry of Coal,400424,GEVRA OC [70 MTY],11816,0.0,6905.46,31/03/2023,31/03/2027,0,2023-03-31,2027-03-31,0,NOT_YET_REVISED_COST
66,Coal,Ministry of Coal,615914,GHONSA EXPANSION DEEP OC MINE,185,0.0,15.72,31/03/2029,,0,2029-03-31,,1,NOT_YET_REVISED_COST;MISSING_REVISED_DATE
67,Coal,Ministry of Coal,615860,Godavarikhani Coal Mine - 5,607,0.0,200.06,31/03/2025,31/03/2026,0,2025-03-31,2026-03-31,0,NOT_YET_REVISED_COST
68,Coal,Ministry of Coal,615192,GOKUL EXTENSION OC MINE,310,0.0,57.46,31/03/2026,,0,2026-03-31,,1,NOT_YET_REVISED_COST;MISSING_REVISED_DATE
69,Coal,Ministry of Coal,615862,Goleti Opencast Mine,346,0.0,111.15,31/03/2026,,0,2026-03-31,,1,NOT_YET_REVISED_COST;MISSING_REVISED_DATE
70,Coal,Ministry of Coal,400185,GOPALJI KANIHA OCP [10 TO 30 M,8416,6107.87,1771.98,31/03/2030,,1,2030-03-31,,1,MISSING_REVISED_DATE
71,Coal,Ministry of Coal,616232,HINGULA II OC EXPN PH III 15 M,1562,0.0,279.32,31/03/2029,,0,2029-03-31,,1,NOT_YET_REVISED_COST;MISSING_REVISED_DATE
72,Coal,Ministry of Coal,400018,HURA C OCP,859,0.0,455.25,31/03/2029,,0,2029-03-31,,1,NOT_YET_REVISED_COST;MISSING_REVISED_DATE
73,Coal,Ministry of Coal,615861,Indaram Opencast Project,425,0.0,406.81,31/03/2025,31/03/2026,0,2025-03-31,2026-03-31,0,NOT_YET_REVISED_COST
74,Coal,Ministry of Coal,616226,INTEGRATED KULDA GARJANBAHAL O,3564,0.0,672.78,31/03/2033,,0,2033-03-31,,1,NOT_YET_REVISED_COST;MISSING_REVISED_DATE
75,Coal,Ministry of Coal,400187,INTEGRATED LAKHANPUR-BELPAHAR-,2435,0.0,2002.75,31/03/2027,,0,2027-03-31,,1,NOT_YET_REVISED_COST;MISSING_REVISED_DATE
76,Coal,Ministry of Coal,612816,ITAPARA OCP,929,0.0,71.23,31/03/2030,,0,2030-03-31,,1,NOT_YET_REVISED_COST;MISSING_REVISED_DATE
77,Coal,Ministry of Coal,616236,JARANGDIH EXPN. OCP 1.5 MTY,414,0.0,85.6,31/03/2029,,0,2029-03-31,,1,NOT_YET_REVISED_COST;MISSING_REVISED_DATE
78,Coal,Ministry of Coal,615818,Jawahar Khani Open Cast Mine,298,0.0,47.48,31/03/2025,31/03/2027,0,2025-03-31,2027-03-31,0,NOT_YET_REVISED_COST
79,Coal,Ministry of Coal,619032,JAYANT EXPN. [20 TO 38 MTPA],25560,0.0,126.68,31/03/2032,,0,2032-03-31,,1,NOT_YET_REVISED_COST;MISSING_REVISED_DATE
80,Coal,Ministry of Coal,400312,JHANJRA EXPANSION UG,1210,0.0,619.6,31/03/2029,,0,2029-03-31,,1,NOT_YET_REVISED_COST;MISSING_REVISED_DATE
81,Coal,Ministry of Coal,400352,JHARKHAND-LAIYO OCP,765,0.0,145.81,31/03/2031,,0,2031-03-31,,1,NOT_YET_REVISED_COST;MISSING_REVISED_DATE
82,Coal,Ministry of Coal,613803,JHIRIA WEST OCP [1.5 MTY],367,0.0,35.57,31/03/2029,,0,2029-03-31,,1,NOT_YET_REVISED_COST;MISSING_REVISED_DATE
83,Coal,Ministry of Coal,615865,Kakatiyakhani OC - 2 Project,442,0.0,252.26,31/03/2025,31/03/2026,0,2025-03-31,2026-03-31,0,NOT_YET_REVISED_COST
84,Coal,Ministry of Coal,615858,Kalyanikhani Opencast Project,384,0.0,291.01,31/03/2026,,0,2026-03-31,,1,NOT_YET_REVISED_COST;MISSING_REVISED_DATE
85,Coal,Ministry of Coal,613802,KANCHAN OC EXP,371,0.0,148.87,31/03/2026,31/03/2028,0,2026-03-31,2028-03-31,0,NOT_YET_REVISED_COST
86,Coal,Ministry of Coal,400074,KARO EXPANSION OCP,908,0.0,289.45,31/03/2029,,0,2029-03-31,,1,NOT_YET_REVISED_COST;MISSING_REVISED_DATE
87,Coal,Ministry of Coal,615191,KATKONA RO UG MINE,329,0.0,62.03,31/03/2029,,0,2029-03-31,,1,NOT_YET_REVISED_COST;MISSING_REVISED_DATE
88,Coal,Ministry of Coal,615183,KHADIA EXPANSION [10 TO 16 MTP,492,0.0,276.75,31/03/2025,31/03/2027,0,2025-03-31,2027-03-31,0,NOT_YET_REVISED_COST
89,Coal,Ministry of Coal,617278,KOLARPIMPRI EXPANSION OC [2.5,630,0.0,0.61,31/03/2030,,0,2030-03-31,,1,NOT_YET_REVISED_COST;MISSING_REVISED_DATE
90,Coal,Ministry of Coal,615199,KOLGAON EXPANSION DEEP OC MINE,199,0.0,23.54,31/03/2027,,0,2027-03-31,,1,NOT_YET_REVISED_COST;MISSING_REVISED_DATE
91,Coal,Ministry of Coal,400073,KONAR EXPANSION OCP,799,0.0,433.64,31/03/2032,,0,2032-03-31,,1,NOT_YET_REVISED_COST;MISSING_REVISED_DATE
92,Coal,Ministry of Coal,400139,KOTRE BASANTPUR PACHMO OCP,861,625.4,455.95,31/03/2032,,1,2032-03-31,,1,MISSING_REVISED_DATE
93,Coal,Ministry of Coal,617287,KUSMUNDA OC EXPANSION PROJECT,4517,0.0,817.06,31/03/2030,,0,2030-03-31,,1,NOT_YET_REVISED_COST;MISSING_REVISED_DATE
94,Coal,Ministry of Coal,619172,MADANNAGAR OCP 12 MTY - MDO,1859,0.0,0.45,31/03/2029,,0,2029-03-31,,1,NOT_YET_REVISED_COST;MISSING_REVISED_DATE
95,Coal,Ministry of Coal,613801,MAHAMAYA OCP [1.50 MTY],410,0.0,187.63,31/03/2026,31/03/2028,0,2026-03-31,2028-03-31,0,NOT_YET_REVISED_COST
96,Coal,Ministry of Coal,615189,MAKARDHOKRA EXPN OC 4.9 MTY,362,0.0,96.64,31/03/2026,,0,2026-03-31,,1,NOT_YET_REVISED_COST;MISSING_REVISED_DATE
97,Coal,Ministry of Coal,617288,MANIKPUR OC EXPANSION PROJECT,383,0.0,116.09,31/03/2029,,0,2029-03-31,,1,NOT_YET_REVISED_COST;MISSING_REVISED_DATE
98,Coal,Ministry of Coal,400173,MOHANPUR EXPANSION OC -PHASE I,889,0.0,142.55,31/03/2026,31/03/2030,0,2026-03-31,2030-03-31,0,NOT_YET_REVISED_COST
99,Coal,Ministry of Coal,400425,MOONIDIH XV SEAM UG,1230,0.0,709.81,31/03/2019,31/08/2026,0,2019-03-31,2026-08-31,0,NOT_YET_REVISED_COST
100,Coal,Ministry of Coal,613808,MURAIDIH UG PROJECT,340,0.0,191.0,30/04/2014,31/12/2026,0,2014-04-30,2026-12-31,0,NOT_YET_REVISED_COST;EXTREME_SCHEDULE_OUTLIER
101,Coal,Ministry of Coal,615919,N. EXTN. MUNGOLI NIRGUDA D OCP,1025,0.0,217.01,31/03/2029,,0,2029-03-31,,1,NOT_YET_REVISED_COST;MISSING_REVISED_DATE
102,Coal,Ministry of Coal,615857,Naini Coal Mine,494,0.0,491.33,31/03/2026,,0,2026-03-31,,1,NOT_YET_REVISED_COST;MISSING_REVISED_DATE
103,Coal,Ministry of Coal,400181,NAKRAKONDA KUMARDIH- B OCP,503,502.67,83.8,31/03/2029,,1,2029-03-31,,1,MISSING_REVISED_DATE
104,Coal,Ministry of Coal,615188,NEW MAJRI UG TO OC 3 MTY COST,402,0.0,67.11,31/03/2027,,0,2027-03-31,,1,NOT_YET_REVISED_COST;MISSING_REVISED_DATE
105,Coal,Ministry of Coal,400321,NIGAHI EXPANSION [15 TO 25 MTP,1730,0.0,929.02,31/03/2025,31/03/2028,0,2025-03-31,2028-03-31,0,NOT_YET_REVISED_COST
106,Coal,Ministry of Coal,615982,NILJAI EXPANSION DEEP OCP,320,0.0,196.86,31/03/2022,31/03/2026,0,2022-03-31,2026-03-31,0,NOT_YET_REVISED_COST
107,Coal,Ministry of Coal,617764,North Dhadu Western Part OCP,1354,0.0,141.98,31/03/2029,,0,2029-03-31,,1,NOT_YET_REVISED_COST;MISSING_REVISED_DATE
108,Coal,Ministry of Coal,400151,NORTH URIMARI EXPANSION OCP,779,0.0,605.7,31/03/2029,,0,2029-03-31,,1,NOT_YET_REVISED_COST;MISSING_REVISED_DATE
109,Coal,Ministry of Coal,400142,Pachwara South Coal Block,2243,0.0,1365.83,30/09/2028,,0,2028-09-30,,1,NOT_YET_REVISED_COST;MISSING_REVISED_DATE
110,Coal,Ministry of Coal,616230,PARASCOLE JAMBAD OCP,1194,0.0,11.42,31/03/2037,,0,2037-03-31,,1,NOT_YET_REVISED_COST;MISSING_REVISED_DATE
111,Coal,Ministry of Coal,613794,PARASEA-BELBAID UG PROJECT,389,0.0,132.48,31/03/2028,,0,2028-03-31,,1,NOT_YET_REVISED_COST;MISSING_REVISED_DATE
112,Coal,Ministry of Coal,616234,PELMA OC MDO,1725,0.0,16.71,31/03/2033,,0,2033-03-31,,1,NOT_YET_REVISED_COST;MISSING_REVISED_DATE
113,Coal,Ministry of Coal,400144,PORDA CHIMTAPANI OCP [10 MTY],2310,0.0,113.83,31/03/2029,,0,2029-03-31,,1,NOT_YET_REVISED_COST;MISSING_REVISED_DATE
114,Coal,Ministry of Coal,400160,RAJRAPPA RCE OCP,511,0.0,488.71,31/03/2016,31/03/2027,0,2016-03-31,2027-03-31,0,NOT_YET_REVISED_COST;EXTREME_SCHEDULE_OUTLIER
115,Coal,Ministry of Coal,617416,"Revised Jharia Master Plan for Dealing with Fire, Subsidence & Rehabilitation of affected families in Jharia Coalfield- Reg.",5940,0.0,262.83,31/12/2028,,0,2028-12-31,,1,NOT_YET_REVISED_COST;MISSING_REVISED_DATE
116,Coal,Ministry of Coal,619171,RPR FOR DURGAPUR OCP 10 MTY,2416,0.0,2.35,31/03/2032,,0,2032-03-31,,1,NOT_YET_REVISED_COST;MISSING_REVISED_DATE
117,Coal,Ministry of Coal,619053,RPR FOR RAMPUR BATURA OCP,1605,0.0,74.71,31/03/2030,,0,2030-03-31,,1,NOT_YET_REVISED_COST;MISSING_REVISED_DATE
118,Coal,Ministry of Coal,400150,RPR MAGADH EXP OCP,7254,0.0,1688.4,31/03/2028,,0,2028-03-31,,1,NOT_YET_REVISED_COST;MISSING_REVISED_DATE
119,Coal,Ministry of Coal,615918,RPR OF BHANEGAON OC,405,0.0,35.03,31/03/2028,,0,2028-03-31,,1,NOT_YET_REVISED_COST;MISSING_REVISED_DATE
120,Coal,Ministry of Coal,615187,RPR OF VISHNUPURI UG TO OC,221,0.0,0.0,31/03/2029,,0,2029-03-31,,1,NOT_YET_REVISED_COST;MISSING_REVISED_DATE
121,Coal,Ministry of Coal,613804,RPR TAWA-III UG 0.84 MTY,314,0.0,17.89,31/03/2027,,0,2027-03-31,,1,NOT_YET_REVISED_COST;MISSING_REVISED_DATE
122,Coal,Ministry of Coal,400136,SANGHMITRA OC,2660,0.0,16.1,31/03/2032,,0,2032-03-31,,1,NOT_YET_REVISED_COST;MISSING_REVISED_DATE
123,Coal,Ministry of Coal,615184,SAONER UG MINE -1 EXPANSION 1.,229,0.0,150.47,31/03/2028,,0,2028-03-31,,1,NOT_YET_REVISED_COST;MISSING_REVISED_DATE
124,Coal,Ministry of Coal,619055,SAONER-III EXPN UG MINE 1.54,444,0.0,0.0,31/03/2032,,0,2032-03-31,,1,NOT_YET_REVISED_COST;MISSING_REVISED_DATE
125,Coal,Ministry of Coal,615186,SASTI EXPANSION OPENCAST,319,0.0,111.17,31/03/2026,,0,2026-03-31,,1,NOT_YET_REVISED_COST;MISSING_REVISED_DATE
126,Coal,Ministry of Coal,615195,SHARDA UG MINE,166,0.0,5.19,31/03/2028,,0,2028-03-31,,1,NOT_YET_REVISED_COST;MISSING_REVISED_DATE
127,Coal,Ministry of Coal,613793,SHYAMSUNDARPUR UG INCLUDING SA,484,0.0,77.79,31/03/2026,31/03/2028,0,2026-03-31,2028-03-31,0,NOT_YET_REVISED_COST
128,Coal,Ministry of Coal,400166,SIARMAL OCP,5195,0.0,3490.38,31/03/2029,,0,2029-03-31,,1,NOT_YET_REVISED_COST;MISSING_REVISED_DATE
129,Coal,Ministry of Coal,400182,SIDULI [OC & UG],535,535.17,5.74,31/03/2027,31/03/2030,1,2027-03-31,2030-03-31,0,CLEAN
130,Coal,Ministry of Coal,615190,SINGHORI DEEP OC MIN 2.0 MTY,336,0.0,49.75,31/03/2029,,0,2029-03-31,,1,NOT_YET_REVISED_COST;MISSING_REVISED_DATE
131,Coal,Ministry of Coal,615822,SIRKA OC,223,0.0,140.72,31/03/2028,,0,2028-03-31,,1,NOT_YET_REVISED_COST;MISSING_REVISED_DATE
132,Coal,Ministry of Coal,400315,SONEPUR BAZARI EXPANSION OCP [,5366,0.0,623.88,31/03/2029,,0,2029-03-31,,1,NOT_YET_REVISED_COST;MISSING_REVISED_DATE
133,Coal,Ministry of Coal,400165,SUBHADRA OCP,1694,0.0,1329.14,23/04/2032,,0,2032-04-23,,1,NOT_YET_REVISED_COST;MISSING_REVISED_DATE
134,Coal,Ministry of Coal,618982,Talabira II & III OCP - FMC,522,0.0,324.74,10/06/2026,,0,2026-06-10,,1,NOT_YET_REVISED_COST;MISSING_REVISED_DATE
135,Coal,Ministry of Coal,615349,TAPIN SOUTH EXPN,230,0.0,22.02,31/03/2028,,0,2028-03-31,,1,NOT_YET_REVISED_COST;MISSING_REVISED_DATE
136,Coal,Ministry of Coal,615843,TETARIAKHAR OC,244,0.0,50.82,31/03/2025,31/03/2027,0,2025-03-31,2027-03-31,0,NOT_YET_REVISED_COST
137,Coal,Ministry of Coal,615820,TIKAK EXTENSION OCP,160,0.0,111.47,04/07/2031,,0,2031-07-04,,1,NOT_YET_REVISED_COST;MISSING_REVISED_DATE
138,Coal,Ministry of Coal,400186,TILABONI UG,749,749.07,53.88,31/03/2029,,1,2029-03-31,,1,MISSING_REVISED_DATE
139,Coal,Ministry of Coal,615821,TIRAP OCP,289,0.0,105.61,27/11/2030,,0,2030-11-27,,1,NOT_YET_REVISED_COST;MISSING_REVISED_DATE
140,Coal,Ministry of Coal,616044,UKNI DEEP OC MINE -COST PLUS,237,0.0,166.87,31/03/2021,31/03/2026,0,2021-03-31,2026-03-31,0,NOT_YET_REVISED_COST
141,Coal,Ministry of Coal,615194,URDHAN EXPANSION OC COST PLUS,207,0.0,27.32,31/03/2031,,0,2031-03-31,,1,NOT_YET_REVISED_COST;MISSING_REVISED_DATE
142,Coal,Ministry of Coal,615863,Venkatesh Khani Coal Mine,484,0.0,477.14,31/03/2026,,0,2026-03-31,,1,NOT_YET_REVISED_COST;MISSING_REVISED_DATE
143,Coal,Ministry of Coal,617233,WAGHODA UG MINE [1.02 MTY],379,0.0,0.0,31/03/2030,,0,2030-03-31,,1,NOT_YET_REVISED_COST;MISSING_REVISED_DATE
144,Coal,Ministry of Power,603293,Badam Coal Mining project of NTPC,502,784.0,471.08,31/12/2056,01/04/2027,1,2056-12-31,2027-04-01,0,IMPLAUSIBLE_FUTURE_DATE_2050+;EXTREME_SCHEDULE_OUTLIER
145,Coal,Ministry of Power,400192,Tubed Coal Mine,1581,0.0,601.03,31/05/2026,31/05/2026,0,2026-05-31,2026-05-31,0,NOT_YET_REVISED_COST
146,Construction,Ministry of Housing & Urban Affairs,617412,"Construction of One Tower of Office Complex and another Tower of Residential quarters consisting of 10Nos. Type-V, 10Nos. Type-VI & 1No.Type-VII Quarters i/c internal water supply, sanitary installation and all development and bulk services, Horticulture works on EPC Mode-I basis i/c comprehensive operation and maintenance of Civil, E&M services for 7 years after completion of original construction work for Ranga Reddy, Secunderabad, Medchal, AuditI, Audit-II Commissionerates of Central Tax at Khajaguda, Serilingampally, Hyderabad.",644,0.0,161.57,27/09/2027,,0,2027-09-27,,1,NOT_YET_REVISED_COST;MISSING_REVISED_DATE
147,Construction,Ministry of Mines,617280,"Construction of Basement + Ground Floor+ 10 Storeyed building for State of the Art Director General, GSI Building at plot No.GN-40, Sector-V, Salt Lake, Kolkata",255,0.0,98.92,31/08/2026,,0,2026-08-31,,1,NOT_YET_REVISED_COST;MISSING_REVISED_DATE
148,Education,Department of Higher Education,619033,"1000 seater Boys hostel, 500 seater Girls hostel, 1.5 MLD Sewage Treatment Plant and Faculty Residence - 72 nos. Flats",199,0.0,42.55,30/06/2026,,0,2026-06-30,,1,NOT_YET_REVISED_COST;MISSING_REVISED_DATE
149,Education,Department of Higher Education,606013,Additional Campus of NITPatna,499,0.0,449.96,31/07/2024,31/01/2026,0,2024-07-31,2026-01-31,0,NOT_YET_REVISED_COST
150,Education,Department of Higher Education,606479,Banaras Hindu University [ Kayakalp of Institute of Medical Sciences],246,0.0,207.02,30/09/2022,31/03/2026,0,2022-09-30,2026-03-31,0,NOT_YET_REVISED_COST
151,Education,Department of Higher Education,611963,"Construction & Development of Infrastructural Facilities in the main campus of NIT Uttarakhand at Sumari, Pauri Garhwal",651,0.0,345.85,30/09/2027,,0,2027-09-30,,1,NOT_YET_REVISED_COST;MISSING_REVISED_DATE
152,Education,Department of Higher Education,612885,Construction and Developement of National Institute of Technology Meghalaya Permanent Campus at Sohra,495,429.7,368.98,31/03/2022,31/10/2026,1,2022-03-31,2026-10-31,0,CLEAN
153,Education,Department of Higher Education,617221,"Construction of Girls Hostel 400 seater, Boys Hostel 600 seater, Academic Block, International Hostel 100 seater, VC Residence and Purchase of Equipment",211,0.0,74.96,03/10/2027,,0,2027-10-03,,1,NOT_YET_REVISED_COST;MISSING_REVISED_DATE
154,Education,Department of Higher Education,611961,Construction of IIT Bhubaneswar -Phase III,454,0.0,100.77,20/11/2026,,0,2026-11-20,,1,NOT_YET_REVISED_COST;MISSING_REVISED_DATE
155,Education,Department of Higher Education,602098,"Construction of Permanent Campus for IIM Jammu Phase-1 at Jagti, Nagrota, Jammu, J&K",425,500.91,484.52,30/06/2023,30/11/2025,1,2023-06-30,2025-11-30,0,EXPENDITURE_EXCEEDS_ORIGINAL
156,Education,Department of Higher Education,606431,CONSTRUCTION OF PERMANENT CAMPUS FOR IIT PALAKKAD UNDER PHASE 1A,1006,1217.4,680.69,07/06/2022,30/06/2026,1,2022-06-07,2026-06-30,0,CLEAN
157,Education,Department of Higher Education,612876,"Construction of Permanent Campus for NIT Mizoram at Lengpui, Aizawl",474,474.23,167.55,31/12/2029,31/03/2022,1,2029-12-31,2022-03-31,0,EXTREME_SCHEDULE_OUTLIER
158,Education,Department of Higher Education,613008,Construction of Permanent Campus of Central Tribal University of Andhra Pradesh Phase-1,305,0.0,64.25,26/06/2027,,0,2027-06-26,,1,NOT_YET_REVISED_COST;MISSING_REVISED_DATE
159,Education,Department of Higher Education,612916,"Construction of permanent campus of Central University of Gujarat at Village kundhela, Dist. Vadodara, Gujarat.",491,0.0,335.08,31/03/2025,31/03/2026,0,2025-03-31,2026-03-31,0,NOT_YET_REVISED_COST
160,Education,Department of Higher Education,612894,"Construction of Permanent Campus of Central University of Himachal Pradesh at Dehra, District - Kangra, [H.P.] on Engineering. Procurement and Construction [EPC Mode 1] Basis.",252,300.45,223.21,18/11/2024,25/03/2026,1,2024-11-18,2026-03-25,0,CLEAN
161,Education,Department of Higher Education,605292,"Construction of Permanent Campus of Indian Institute of Management [IIM] Amritsar, Punjab, Phase-I",348,0.0,293.1,30/06/2023,30/09/2026,0,2023-06-30,2026-09-30,0,NOT_YET_REVISED_COST
162,Education,Department of Higher Education,612898,Construction of Permanent Campus of National Institute of Technology Arunachal Pradesh,593,0.0,551.3,31/08/2026,31/08/2024,0,2026-08-31,2024-08-31,0,NOT_YET_REVISED_COST;EXTREME_SCHEDULE_OUTLIER
163,Education,Department of Higher Education,609996,Construction of Precast housing and hostels at IIT Hyderabad,262,0.0,213.89,23/10/2024,01/01/2026,0,2024-10-23,2026-01-01,0,NOT_YET_REVISED_COST
164,Education,Department of Higher Education,609736,"Construction of Sikkim University Campus Phase-I Package-II at Yangang, South Sikkim",314,0.0,292.0,04/01/2025,31/03/2026,0,2025-01-04,2026-03-31,0,NOT_YET_REVISED_COST
165,Education,Department of Higher Education,616886,Delhi University Eastern Campus at Surajmal Vihar,373,0.0,28.13,31/10/2026,,0,2026-10-31,,1,NOT_YET_REVISED_COST;MISSING_REVISED_DATE
166,Education,Department of Higher Education,613013,Establishment of NIT Nagaland,276,0.0,263.25,31/12/2025,,0,2025-12-31,,1,NOT_YET_REVISED_COST;MISSING_REVISED_DATE
167,Education,Department of Higher Education,612877,Establishment of NIT Puducherry Permanent Campus [Phase-I and Phase-II],618,544.34,543.74,31/12/2024,31/05/2026,1,2024-12-31,2026-05-31,0,CLEAN
168,Education,Department of Higher Education,612883,Establishment of Permanent Campus of NIT SIkkim at Khamdong-Gangtok District,686,610.76,283.56,12/02/2028,31/12/2026,1,2028-02-12,2026-12-31,0,EXTREME_SCHEDULE_OUTLIER
169,Education,Department of Higher Education,602099,Establishment of Permanent campus Phase 1 of IIM Sirmaur,393,454.78,336.71,31/10/2023,31/05/2026,1,2023-10-31,2026-05-31,0,CLEAN
170,Education,Department of Higher Education,609019,"HEFA projects on development of student hostels, playgrounds, departmental buildings, class room complex and other campus facilities in IIT Kharagpur",500,442.0,415.35,31/03/2023,31/03/2026,1,2023-03-31,2026-03-31,0,CLEAN
171,Education,Department of Higher Education,612128,Hostel blocks & dining hall block,167,0.0,122.26,26/03/2026,31/07/2026,0,2026-03-26,2026-07-31,0,NOT_YET_REVISED_COST
172,Education,Department of Higher Education,610315,IISER BERHAMPUR,1229,843.09,874.09,31/03/2021,30/06/2026,1,2021-03-31,2026-06-30,0,CLEAN
173,Education,Department of Higher Education,612851,"Phase 1B - Construction of Academic Block, Hostel, Residential Tower, Directors Residence and External Development works at National Institute of Technology, Delhi Campus on Engineering, Procurement and Construction basis",333,336.42,321.76,30/09/2025,31/01/2026,1,2025-09-30,2026-01-31,0,CLEAN
174,Education,Department of Higher Education,617877,Phase B Construction of Permanent Campus of IIT Bhilai,1189,0.0,0.0,31/10/2028,,0,2028-10-31,,1,NOT_YET_REVISED_COST;MISSING_REVISED_DATE
175,Education,Department of Higher Education,617878,Phase B of Construction of Permanent Campus of IIT Palakkad,1527,0.0,9.8,31/10/2028,,0,2028-10-31,,1,NOT_YET_REVISED_COST;MISSING_REVISED_DATE
176,Education,Department of Higher Education,611957,"Phase III A works at IIT Indore [03 Hostels, 01 Studio Apartment, 01 Housing, Heavy & Sophisticated lab complex, Academic POD and Infrastructure for center of excellence]",496,0.0,78.35,19/02/2027,,0,2027-02-19,,1,NOT_YET_REVISED_COST;MISSING_REVISED_DATE
177,Education,Department of Higher Education,606112,Tezpur University Projects,154,0.0,137.84,08/11/2023,31/12/2025,0,2023-11-08,2025-12-31,0,NOT_YET_REVISED_COST
178,Education,Department of Sports,400081,"National Sports University [NSU], Imphal [Manipur]",906,611.74,574.12,26/08/2024,08/08/2026,1,2024-08-26,2026-08-08,0,CLEAN
179,Electricity Generation,Ministry of Coal,618992,100 MW SPP part of SECI 150 MW Hybrid,481,0.0,2.62,31/12/2026,,0,2026-12-31,,1,NOT_YET_REVISED_COST;MISSING_REVISED_DATE
180,Electricity Generation,Ministry of Coal,618991,200 MW SPP part of 510 MW CPSU scheme,1221,0.0,64.03,31/12/2026,,0,2026-12-31,,1,NOT_YET_REVISED_COST;MISSING_REVISED_DATE
181,Electricity Generation,Ministry of Coal,612819,300 MW SPP part of 510 MW CPSU scheme,1813,1813.0,1753.07,27/09/2024,31/12/2025,1,2024-09-27,2025-12-31,0,CLEAN
182,Electricity Generation,Ministry of Coal,615327,50 MW Solar PP Minedout Area,218,0.0,169.95,31/03/2025,31/12/2025,0,2025-03-31,2025-12-31,0,NOT_YET_REVISED_COST
183,Electricity Generation,Ministry of Coal,617299,50 MW Wind Power Project,384,0.0,328.56,30/06/2025,31/01/2026,0,2025-06-30,2026-01-31,0,NOT_YET_REVISED_COST
184,Electricity Generation,Ministry of Coal,617730,600 MW Khavda Solar Power Project,3336,0.0,2171.16,30/06/2026,,0,2026-06-30,,1,NOT_YET_REVISED_COST;MISSING_REVISED_DATE
185,Electricity Generation,Ministry of Coal,618981,810 MW Solar Power Project - Rajasthan,4147,0.0,224.77,25/03/2028,,0,2028-03-25,,1,NOT_YET_REVISED_COST;MISSING_REVISED_DATE
186,Electricity Generation,Ministry of Coal,400259,Ghatampur Thermal Power Plant 3 X 660 MW,17238,21780.9,21237.5,26/11/2020,25/03/2026,1,2020-11-26,2026-03-25,0,EXPENDITURE_EXCEEDS_ORIGINAL
187,Electricity Generation,Ministry of Coal,400231,NLC Talabira Thermal Power Project,27213,0.0,3454.06,31/03/2030,,0,2030-03-31,,1,NOT_YET_REVISED_COST;MISSING_REVISED_DATE
188,Electricity Generation,Ministry of Power,611699,186 MW Tato-I H E Project,1750,0.0,73.91,29/07/2029,,0,2029-07-29,,1,NOT_YET_REVISED_COST;MISSING_REVISED_DATE
189,Electricity Generation,Ministry of Power,611698,240MW Heo HE Project,1939,0.0,96.94,29/07/2029,,0,2029-07-29,,1,NOT_YET_REVISED_COST;MISSING_REVISED_DATE
190,Electricity Generation,Ministry of Power,611716,700 MW Tato-II HE Project,8146,0.0,243.25,03/09/2031,,0,2031-09-03,,1,NOT_YET_REVISED_COST;MISSING_REVISED_DATE
191,Electricity Generation,Ministry of Power,709747,Bagodara Solar Power Project,339,0.0,370.0,31/12/2025,31/12/2025,0,2025-12-31,2025-12-31,0,NOT_YET_REVISED_COST;EXPENDITURE_EXCEEDS_ORIGINAL
192,Electricity Generation,Ministry of Power,602579,Buxar Thermal Power Project [1320 MW],10439,13756.6,13370.1,08/01/2024,30/05/2026,1,2024-01-08,2026-05-30,0,EXPENDITURE_EXCEEDS_ORIGINAL
193,Electricity Generation,Ministry of Power,619056,"Darlipali Super Thermal Power Project, Stage-II [1x800 MW]",11131,0.0,460.85,31/01/2031,,0,2031-01-31,,1,NOT_YET_REVISED_COST;MISSING_REVISED_DATE
194,Electricity Generation,Ministry of Power,602582,Dhaulasidh Hydro Electric Project [66 MW],688,1561.21,1107.31,05/11/2025,31/03/2027,1,2025-11-05,2027-03-31,0,EXPENDITURE_EXCEEDS_ORIGINAL
195,Electricity Generation,Ministry of Power,602182,Dibang Multipurpose Project,31876,0.0,4593.04,26/02/2032,26/02/2032,0,2032-02-26,2032-02-26,0,NOT_YET_REVISED_COST
196,Electricity Generation,Ministry of Power,618976,"Gadarwara Super Thermal Power Project, Stage-II [2x800 MW]",20446,0.0,1721.18,31/03/2030,,0,2030-03-31,,1,NOT_YET_REVISED_COST;MISSING_REVISED_DATE
197,Electricity Generation,Ministry of Power,602538,Installation of FGD for 4x210 & 2x250 MW MTPS U 1-6,1037,1106.0,1133.78,22/01/2024,31/05/2026,1,2024-01-22,2026-05-31,0,EXPENDITURE_EXCEEDS_ORIGINAL
198,Electricity Generation,Ministry of Power,619311,Kalai-II Hydro Electric Project [1200 MW],14106,0.0,187.16,22/10/2032,,0,2032-10-22,,1,NOT_YET_REVISED_COST;MISSING_REVISED_DATE
199,Electricity Generation,Ministry of Power,602532,Kiru HE Project,4288,5409.0,3733.26,07/09/2023,31/12/2026,1,2023-09-07,2026-12-31,0,CLEAN
200,Electricity Generation,Ministry of Power,611509,"Koderma Thermal Power Station Phase II [2X800 MW] At Koderma, Jharkhand",14358,0.0,1890.03,14/03/2029,,0,2029-03-14,,1,NOT_YET_REVISED_COST;MISSING_REVISED_DATE
201,Electricity Generation,Ministry of Power,605155,Kwar HE Project,4526,0.0,1569.55,10/11/2026,31/03/2028,0,2026-11-10,2028-03-31,0,NOT_YET_REVISED_COST
202,Electricity Generation,Ministry of Power,611930,Lara Super Thermal Power Project Stage-II [2 x 800 MW],15530,16106.0,4787.3,30/06/2028,30/09/2028,1,2028-06-30,2028-09-30,0,CLEAN
203,Electricity Generation,Ministry of Power,602593,Luhri Stage-I Hydro Electric Project [210 MW],1811,4681.64,1924.48,19/01/2026,28/02/2030,1,2026-01-19,2030-02-28,0,EXPENDITURE_EXCEEDS_ORIGINAL
204,Electricity Generation,Ministry of Power,619051,"Nabinagar Super Thermal Power Project, Stage-II [3x800 MW]",29948,0.0,2676.55,31/07/2030,,0,2030-07-31,,1,NOT_YET_REVISED_COST;MISSING_REVISED_DATE
205,Electricity Generation,Ministry of Power,602525,"Pakal Dul [Drangdhuran] Hydroelectric Project, 1000 MW",8112,12728.0,9114.12,27/04/2020,31/12/2026,1,2020-04-27,2026-12-31,0,EXPENDITURE_EXCEEDS_ORIGINAL
206,Electricity Generation,Ministry of Power,400261,Patratu Thermal Power Station Expansion Project Phase-I [3x800 MW],18668,20302.0,18690.0,31/03/2023,28/02/2027,1,2023-03-31,2027-02-28,0,EXPENDITURE_EXCEEDS_ORIGINAL
207,Electricity Generation,Ministry of Power,400062,"Raghunathpur Thermal Power Station Phase II [2X660 MW] at Raghunathpur, Purulia, West Bengal",17673,0.0,1950.25,30/06/2029,,0,2029-06-30,,1,NOT_YET_REVISED_COST;MISSING_REVISED_DATE
208,Electricity Generation,Ministry of Power,602184,Rammam-III HEPP [3x40 MW],1382,2865.56,1568.56,30/09/2019,31/03/2029,1,2019-09-30,2029-03-31,0,EXPENDITURE_EXCEEDS_ORIGINAL
209,Electricity Generation,Ministry of Power,605156,Rangit-IV HE Project [120 MW] executed by Jal Power Corporation Ltd. [JPCL] - A wholly owned subsidiary of NHPC Ltd. acquired through NCLT,938,1828.11,1625.93,29/05/2024,28/12/2025,1,2024-05-29,2025-12-28,0,EXPENDITURE_EXCEEDS_ORIGINAL
210,Electricity Generation,Ministry of Power,602535,"Ratle HE Project - 850 MW, Ratle Hydroelectric Power Corporation Limited.",5282,0.0,1566.39,10/02/2026,28/11/2028,0,2026-02-10,2028-11-28,0,NOT_YET_REVISED_COST
211,Electricity Generation,Ministry of Power,612142,"Singrauli Super Thermal Power Project, Stage-III [2x800 MW]",17195,0.0,3306.21,28/02/2030,,0,2030-02-28,,1,NOT_YET_REVISED_COST;MISSING_REVISED_DATE
212,Electricity Generation,Ministry of Power,617188,"Sipat Super Thermal Power Project, Stage-III [1x800 MW]",9791,0.0,1619.63,30/09/2029,,0,2029-09-30,,1,NOT_YET_REVISED_COST;MISSING_REVISED_DATE
213,Electricity Generation,Ministry of Power,602096,Subansiri Lower HE Project [2000 MW],6285,26075.5,26150.3,08/09/2010,31/05/2026,1,2010-09-08,2026-05-31,0,EXPENDITURE_EXCEEDS_ORIGINAL;EXTREME_SCHEDULE_OUTLIER
214,Electricity Generation,Ministry of Power,611586,Sunni Dam Hydro Electric Project [382 MW],2615,4925.87,1083.85,03/04/2028,31/12/2029,1,2028-04-03,2029-12-31,0,CLEAN
215,Electricity Generation,Ministry of Power,602961,Talcher Thermal Power Station Stage III [2 x 660 MW] Expansion,11844,12543.0,6454.35,31/05/2027,31/03/2028,1,2027-05-31,2028-03-31,0,CLEAN
216,Electricity Generation,Ministry of Power,602185,Tapovan-Vishnugad HEP [4x130 MW],2978,10907.3,7715.24,31/03/2013,30/04/2029,1,2013-03-31,2029-04-30,0,EXPENDITURE_EXCEEDS_ORIGINAL;EXTREME_SCHEDULE_OUTLIER
217,Electricity Generation,Ministry of Power,602181,"TEESTA-VI HE PROJECT, SIKKIM [500 MW], executed by LANCO TEESTA HYDRO POWER LIMITED [A wholly owned Subsidiary of NHPC LTD. acquired through NCLT]",5748,5748.04,4356.15,07/03/2024,31/12/2027,1,2024-03-07,2027-12-31,0,CLEAN
218,Electricity Generation,Ministry of Power,602195,Vishnugad Pipalkoti Hydro Electric Project [444 MW],3860,6405.08,5429.35,15/12/2022,30/09/2027,1,2022-12-15,2027-09-30,0,EXPENDITURE_EXCEEDS_ORIGINAL
219,Energy Storage,Ministry of Petroleum & Natural Gas,604833,"Andheri Residential Towers, Mumbai",281,389.67,270.49,31/05/2025,30/06/2026,1,2025-05-31,2026-06-30,0,CLEAN
220,Energy Storage,Ministry of Petroleum & Natural Gas,617839,Capacity Augmentation of Kandla LPG Import Terminal [KLIT] from 0.6 MMTPA to 2.5 MMTPA,357,304.4,72.32,31/07/2026,31/07/2026,1,2026-07-31,2026-07-31,0,CLEAN
221,Energy Storage,Ministry of Petroleum & Natural Gas,709754,"Construction of LPG Facilities at Kamardanga, Assam",156,156.36,102.07,04/07/2027,04/07/2027,1,2027-07-04,2027-07-04,0,CLEAN
222,Energy Storage,Ministry of Petroleum & Natural Gas,400035,"Grass Root Rail-fed Depot at Sekerkote, Agartala as resitement of existing Dharmanagar Depot",656,656.0,537.17,30/09/2025,30/06/2026,1,2025-09-30,2026-06-30,0,CLEAN
223,Energy Storage,Ministry of Petroleum & Natural Gas,604852,"Grass-root Terminal at Mirzapur, Uttar Pradesh",980,980.45,293.88,30/11/2026,30/11/2026,1,2026-11-30,2026-11-30,0,CLEAN
224,Energy Storage,Ministry of Petroleum & Natural Gas,400012,Kandla Gorakhpur LPG Pipeline,10088,10088.0,8529.58,30/12/2021,30/06/2026,1,2021-12-30,2026-06-30,0,CLEAN
225,Energy Storage,Ministry of Petroleum & Natural Gas,400043,Laying of POL Pipelines in Common Corridor for proposed grass root terminal at Vallur [Chennai],829,829.0,350.21,31/05/2026,31/05/2026,1,2026-05-31,2026-05-31,0,CLEAN
226,Energy Storage,Ministry of Petroleum & Natural Gas,617829,LPG Bottling Plant at Mualkhang,226,225.71,22.78,10/10/2028,03/11/2027,1,2028-10-10,2027-11-03,0,CLEAN
227,Energy Storage,Ministry of Petroleum & Natural Gas,400301,Multi Product Pipeline from Irugur to Devangonthi,678,1732.0,1118.26,25/02/2017,30/09/2026,1,2017-02-25,2026-09-30,0,EXPENDITURE_EXCEEDS_ORIGINAL
228,Energy Storage,Ministry of Petroleum & Natural Gas,400078,New Mundra Panipat Crude Oil Pipeline,9028,9028.0,7160.82,19/12/2024,30/06/2026,1,2024-12-19,2026-06-30,0,CLEAN
229,Energy Storage,Ministry of Petroleum & Natural Gas,701349,Paradip-Numaligarh Crude Oil Pipeline [PNCPL] & Crude Oil Import Terminal [COIT] at Paradip,10228,11407.0,10912.4,27/07/2024,31/10/2026,1,2024-07-27,2026-10-31,0,EXPENDITURE_EXCEEDS_ORIGINAL
230,Energy Storage,Ministry of Petroleum & Natural Gas,709759,"Petrochemical evacuation marketing terminal at Barmer, Rajasthan",461,461.05,225.25,06/12/2026,06/12/2026,1,2026-12-06,2026-12-06,0,CLEAN
231,Energy Storage,Ministry of Petroleum & Natural Gas,701263,Rajasthan Refinery Project,43129,79459.0,69202.2,31/10/2022,30/06/2026,1,2022-10-31,2026-06-30,0,EXPENDITURE_EXCEEDS_ORIGINAL
232,Energy Storage,Ministry of Petroleum & Natural Gas,619313,Setting up of 50 MW [plus/minus 5 percent] Wind Power Plant for Captive Consumption at MR,483,483.14,287.79,30/04/2027,30/04/2027,1,2027-04-30,2027-04-30,0,CLEAN
233,Energy Storage,Ministry of Petroleum & Natural Gas,709755,"Setting up of new rail fed POL facility at Kamardanga, Assam",384,384.04,216.85,04/07/2027,04/07/2027,1,2027-07-04,2027-07-04,0,CLEAN
234,Energy Storage,Ministry of Petroleum & Natural Gas,701343,Srikakulam Angul Gas Pipeline Project,2658,2810.0,2315.2,22/07/2022,30/06/2026,1,2022-07-22,2026-06-30,0,CLEAN
235,Healthcare,Ministry of Health & Family Welfare,701171,AIIMS Bibinagar,1028,1365.95,989.98,30/06/2026,30/06/2026,1,2026-06-30,2026-06-30,0,CLEAN
236,Healthcare,Ministry of Health & Family Welfare,701172,AIIMS Darbhanga,1264,0.0,0.0,30/09/2024,,0,2024-09-30,,1,NOT_YET_REVISED_COST;MISSING_REVISED_DATE
237,Healthcare,Ministry of Health & Family Welfare,701167,AIIMS Kashmir at Awantipora Jammu & Kashmir,1828,2160.84,1545.05,02/12/2025,31/12/2026,1,2025-12-02,2026-12-31,0,CLEAN
238,Healthcare,Ministry of Health & Family Welfare,701173,AIIMS Majra Rewari Haryana,1299,1646.43,651.42,31/12/2026,31/12/2026,1,2026-12-31,2026-12-31,0,CLEAN
239,Healthcare,Ministry of Health & Family Welfare,701170,AIIMS Rajkot,1195,0.0,775.6,31/03/2026,31/03/2026,0,2026-03-31,2026-03-31,0,NOT_YET_REVISED_COST
240,Healthcare,Ministry of Health & Family Welfare,701168,ALL India Institute of Medical Sciences-AIIMS Madurai,1264,2021.51,485.02,31/08/2022,31/10/2026,1,2022-08-31,2026-10-31,0,CLEAN
241,Healthcare,Ministry of Health & Family Welfare,707022,Establishment of new GMC Chaibasa [Singhbhum],250,454.1,64.0,09/09/2025,,1,2025-09-09,,1,MISSING_REVISED_DATE
242,Healthcare,Ministry of Health & Family Welfare,707039,Establishment of new GMC Gangtok,250,635.21,666.21,31/12/2026,,1,2026-12-31,,1,MISSING_REVISED_DATE;EXPENDITURE_EXCEEDS_ORIGINAL
243,Healthcare,Ministry of Health & Family Welfare,707070,Establishment of new GMC Hoshiarpur,325,374.75,1.0,31/12/2028,,1,2028-12-31,,1,MISSING_REVISED_DATE
244,Healthcare,Ministry of Health & Family Welfare,707020,Establishment of new GMC Jamui,250,500.0,102.21,06/10/2025,,1,2025-10-06,,1,MISSING_REVISED_DATE
245,Healthcare,Ministry of Health & Family Welfare,707046,Establishment of new GMC Kanker,325,325.0,35.0,31/03/2027,,1,2027-03-31,,1,MISSING_REVISED_DATE
246,Healthcare,Ministry of Health & Family Welfare,707069,Establishment of new GMC Kapurthala,325,550.0,0.0,31/12/2028,,1,2028-12-31,,1,MISSING_REVISED_DATE
247,Healthcare,Ministry of Health & Family Welfare,707021,Establishment of new GMC Koderma,250,504.8,270.0,19/08/2026,,1,2026-08-19,,1,MISSING_REVISED_DATE;EXPENDITURE_EXCEEDS_ORIGINAL
248,Healthcare,Ministry of Health & Family Welfare,707044,Establishment of new GMC Korba,325,322.85,177.49,31/12/2026,,1,2026-12-31,,1,MISSING_REVISED_DATE
249,Healthcare,Ministry of Health & Family Welfare,707045,Establishment of new GMC Mahasamund,325,0.0,321.5,31/05/2026,,0,2026-05-31,,1,NOT_YET_REVISED_COST;MISSING_REVISED_DATE
250,Healthcare,Ministry of Health & Family Welfare,707059,Establishment of new GMC Mandla,325,0.0,82.41,08/04/2026,,0,2026-04-08,,1,NOT_YET_REVISED_COST;MISSING_REVISED_DATE
251,Healthcare,Ministry of Health & Family Welfare,707049,Establishment of new GMC Panchmahal,325,663.5,455.34,31/03/2026,,1,2026-03-31,,1,MISSING_REVISED_DATE;EXPENDITURE_EXCEEDS_ORIGINAL
252,Healthcare,Ministry of Health & Family Welfare,707087,Establishment of new GMC Pithoragarh,325,768.89,325.08,31/12/2026,,1,2026-12-31,,1,MISSING_REVISED_DATE;EXPENDITURE_EXCEEDS_ORIGINAL
253,Healthcare,Ministry of Health & Family Welfare,707050,Establishment of new GMC Porbandar,325,618.98,934.64,30/09/2024,,1,2024-09-30,,1,MISSING_REVISED_DATE;EXPENDITURE_EXCEEDS_ORIGINAL
254,Healthcare,Ministry of Health & Family Welfare,707058,Establishment of new GMC Rajgarh,325,0.0,178.0,19/04/2024,,0,2024-04-19,,1,NOT_YET_REVISED_COST;MISSING_REVISED_DATE
255,Healthcare,Ministry of Health & Family Welfare,707086,Establishment of new GMC Rudrapur,325,0.0,272.0,31/12/2026,,0,2026-12-31,,1,NOT_YET_REVISED_COST;MISSING_REVISED_DATE
256,Healthcare,Ministry of Health & Family Welfare,617883,"Redevelopment of Residential colonies at Ayur Vigyan Nagar and West Ansari Nagar campuses of AIIMS, New Delhi",4441,0.0,24.68,02/06/2027,,0,2027-06-02,,1,NOT_YET_REVISED_COST;MISSING_REVISED_DATE
257,Healthcare,Ministry of Health & Family Welfare,617882,"Setting up IT Infrastructure including Network Security and Hosting at AIIMS, New Delhi",358,0.0,0.0,10/09/2026,,0,2026-09-10,,1,NOT_YET_REVISED_COST;MISSING_REVISED_DATE
258,Healthcare,Ministry of Labour and Employment,612186,350 Bedded [Upgradable to 500 beds] ESI Hospital at Sanand,558,0.0,55.81,04/03/2026,08/05/2027,0,2026-03-04,2027-05-08,0,NOT_YET_REVISED_COST
259,Healthcare,Ministry of Labour and Employment,612748,"Construction of 100 bed ESI Hospital and Staff Quarters [32 Nos.] at Harohalli, Karnataka",151,0.0,6.76,28/02/2027,,0,2027-02-28,,1,NOT_YET_REVISED_COST;MISSING_REVISED_DATE
260,Healthcare,Ministry of Labour and Employment,612513,"Construction of 100 Bedded ESI Hospital at Duburi, Odisha.",165,0.0,16.4,09/06/2027,,0,2027-06-09,,1,NOT_YET_REVISED_COST;MISSING_REVISED_DATE
261,Healthcare,Ministry of Labour and Employment,612745,"Construction of 200 bed ESI Hospital at Bommasandra, Karnataka",278,0.0,68.23,12/01/2027,28/05/2027,0,2027-01-12,2027-05-28,0,NOT_YET_REVISED_COST
262,Healthcare,Ministry of Labour and Employment,612188,"Construction of 200 Bedded [Upgradable to 500 Bedded including 50 beds of SST] ESIC Hospital at Bibewadi, Pune",429,0.0,341.9,19/09/2025,31/08/2026,0,2025-09-19,2026-08-31,0,NOT_YET_REVISED_COST
263,Healthcare,Ministry of Labour and Employment,612213,"Construction of 200 Bedded ESIC Hospital at Butibori, Nagpur, Maharashtra.",195,196.7,114.39,31/08/2025,30/09/2026,1,2025-08-31,2026-09-30,0,CLEAN
264,Healthcare,Ministry of Labour and Employment,612201,"Construction of 200 bedded ESIC Hospital with 62 Nos Staff quarters , Beltola",143,154.75,130.08,12/04/2025,30/06/2026,1,2025-04-12,2026-06-30,0,CLEAN
265,Healthcare,Ministry of Labour and Employment,612259,CONSTRUCTION OF 300 BEDDED HOSPITAL AT HARIDWAR,102,297.63,334.86,30/10/2024,31/03/2026,1,2024-10-30,2026-03-31,0,EXPENDITURE_EXCEEDS_ORIGINAL
266,Healthcare,Ministry of Labour and Employment,612167,"Construction of 350 beds + 50 Super Specialty beds ESIC Hospital Sheelanagar, Visakhapatnam, Andhra Pradesh",384,0.0,253.37,09/10/2025,31/03/2026,0,2025-10-09,2026-03-31,0,NOT_YET_REVISED_COST
267,Healthcare,Ministry of Labour and Employment,612211,"Demolition, Construction and upgradation of ESI Hospital, Kalol, Gujarat from 50 beds to 150 beds.",206,0.0,51.74,05/10/2025,30/11/2026,0,2025-10-05,2026-11-30,0,NOT_YET_REVISED_COST
268,Healthcare,Ministry of Labour and Employment,616691,"Upgradation & Extension of ESIC Hospital and Construction of PG Hostel / Staff Housing for ESIC Hospital at Andheri, Mumbai",260,0.0,216.46,15/08/2025,30/09/2026,0,2025-08-15,2026-09-30,0,NOT_YET_REVISED_COST
269,Inland Waterways,"Ministry of Ports, Shipping and Waterways",701565,Jal Marg Vikas Project,5369,5061.15,3990.06,31/12/2023,31/12/2025,1,2023-12-31,2025-12-31,0,CLEAN
270,Logistics Infrastructure,Department for Promotion of Industry & Internal Trade,707410,Integrated Multi Modal Logistics Hub at Nangal Chaudhary in Haryana - Other Trunk Infrastructure Development Phase 1,763,0.0,430.0,31/12/2023,15/05/2028,0,2023-12-31,2028-05-15,0,NOT_YET_REVISED_COST
271,Metals & Mining,Ministry of Mines,709832,25.5 MW WIND POWER PROJECT AT KAYATHAR IN TAMILNADU,166,0.0,135.0,31/03/2025,31/03/2026,0,2025-03-31,2026-03-31,0,NOT_YET_REVISED_COST
272,Metals & Mining,Ministry of Mines,400141,Expansion of Alumina Refinery Plant with addition of 5th Stream having capacity enhancement of 1.0 Million Tonee Per Annum,4103,5677.4,4887.6,31/12/2022,30/06/2026,1,2022-12-31,2026-06-30,0,EXPENDITURE_EXCEEDS_ORIGINAL
273,Metals & Mining,Ministry of Mines,400426,Expansion of Malanjkhand Copper Project,1856,3800.0,965.07,30/04/2020,31/03/2029,1,2020-04-30,2029-03-31,0,CLEAN
274,Metals & Mining,Ministry of Mines,400299,Pottangi Bauxite Mines Project,1381,1960.77,770.08,31/03/2025,31/05/2026,1,2025-03-31,2026-05-31,0,CLEAN
275,Metals & Mining,Ministry of Mines,709831,SOURCING OF BAUXITE ARRANGEMENT FOR 5TH STREAM ALUMINA REFINERY FROM SOUTH BLOCK MINING LEASE OF PANCHPATMAILI MINES,483,0.0,446.16,31/05/2025,30/06/2026,0,2025-05-31,2026-06-30,0,NOT_YET_REVISED_COST
276,Metals & Mining,Ministry of Steel,615202,Capacity expansion of Deposit-14 and 14 NMZ at Kirandul,1700,1756.2,258.41,31/12/2028,27/03/2028,1,2028-12-31,2028-03-27,0,CLEAN
277,Oil & Gas,Ministry of Petroleum & Natural Gas,400171,2G Ethanol Biorefinery at Bathinda,1421,1421.46,1263.61,18/02/2023,31/12/2026,1,2023-02-18,2026-12-31,0,CLEAN
278,Oil & Gas,Ministry of Petroleum & Natural Gas,400168,"500 KTA PDHPP Project, Usar",8797,11256.0,8003.66,08/04/2025,30/04/2027,1,2025-04-08,2027-04-30,0,CLEAN
279,Oil & Gas,Ministry of Petroleum & Natural Gas,617822,ATF Pipeline from BPCLs Malkapur POL Installation to Hyderabad International airport,215,215.0,45.69,24/09/2027,24/09/2027,1,2027-09-24,2027-09-24,0,CLEAN
280,Oil & Gas,Ministry of Petroleum & Natural Gas,709782,ATF Pipeline from Jawaharlal Nehru Port Trust to Navi Mumbai International Airport,165,165.0,101.62,21/08/2025,30/06/2026,1,2025-08-21,2026-06-30,0,CLEAN
281,Oil & Gas,Ministry of Petroleum & Natural Gas,617838,Augmentation of CCKPL and IDPL Pipelines capacity along with setting up of Palakkad TOP,1130,1130.0,268.98,31/08/2028,31/08/2028,1,2028-08-31,2028-08-31,0,CLEAN
282,Oil & Gas,Ministry of Petroleum & Natural Gas,619224,Augmentation of DUPL-DPPL Pipeline,844,844.0,0.61,22/03/2028,22/03/2028,1,2028-03-22,2028-03-22,0,CLEAN
283,Oil & Gas,Ministry of Petroleum & Natural Gas,709786,"Augmentation/ Revamping of Dimapur Depot, Dimapur",228,227.62,25.94,30/11/2027,30/11/2027,1,2027-11-30,2027-11-30,0,CLEAN
284,Oil & Gas,Ministry of Petroleum & Natural Gas,709776,Augmentation/Revamping of Facilities at existing Guwahati Terminal at Betkuchi,277,323.09,226.36,30/09/2026,30/09/2026,1,2026-09-30,2026-09-30,0,CLEAN
285,Oil & Gas,Ministry of Petroleum & Natural Gas,701324,Barauni Refinery Capacity Expansion from 6.0 to 9.0 MMTPA,14810,16724.0,12872.0,30/04/2023,31/08/2026,1,2023-04-30,2026-08-31,0,CLEAN
286,Oil & Gas,Ministry of Petroleum & Natural Gas,709850,Borholla GGS Life Extension Project [BLEP],199,198.7,96.22,16/05/2026,30/09/2026,1,2026-05-16,2026-09-30,0,CLEAN
287,Oil & Gas,Ministry of Petroleum & Natural Gas,619312,Bulk Loading Hub- Kanpur,186,186.0,92.47,30/09/2027,30/09/2027,1,2027-09-30,2027-09-30,0,CLEAN
288,Oil & Gas,Ministry of Petroleum & Natural Gas,617830,C2/C3 Vijaipur Pata Pipeline,1792,1792.0,488.0,15/01/2027,15/01/2027,1,2027-01-15,2027-01-15,0,CLEAN
289,Oil & Gas,Ministry of Petroleum & Natural Gas,709779,Capacity Expansion of Digboi Refinery from 0.65 to 1.0 MMTPA,768,740.0,174.5,08/03/2026,31/07/2027,1,2026-03-08,2027-07-31,0,CLEAN
290,Oil & Gas,Ministry of Petroleum & Natural Gas,701289,Capacity Expansion of Panipat Refinery from 15 to 25 MMTPA,34627,36225.0,27035.5,30/09/2024,31/12/2026,1,2024-09-30,2026-12-31,0,CLEAN
291,Oil & Gas,Ministry of Petroleum & Natural Gas,604795,CBR 9 MMTPA Project,31580,36354.0,1570.83,02/06/2025,31/10/2028,1,2025-06-02,2028-10-31,0,CLEAN
292,Oil & Gas,Ministry of Petroleum & Natural Gas,709757,"CGD Project in Banka, Dumka, Godda, Jamtara, Pakur, Sahibganj GA ID 11A.02",1377,1377.0,375.17,30/06/2030,30/06/2030,1,2030-06-30,2030-06-30,0,CLEAN
293,Oil & Gas,Ministry of Petroleum & Natural Gas,709758,"CGD Project in Malda, Birbhum, Murshidabad, Dakshin Dinajpur GA ID 11A.03",2628,2628.0,388.06,30/06/2030,30/06/2030,1,2030-06-30,2030-06-30,0,CLEAN
294,Oil & Gas,Ministry of Petroleum & Natural Gas,619196,Change of service of existing Mundra-Panipat Pipeline [Panipat - Churwa section] from Crude oil to Product,359,0.0,10.37,31/03/2027,,0,2027-03-31,,1,NOT_YET_REVISED_COST;MISSING_REVISED_DATE
295,Oil & Gas,Ministry of Petroleum & Natural Gas,617818,"City Gas Distribution [CGD] Project in Gajapati, Kandhamal, Boudh, & Sonepur GA",515,514.91,22.08,27/02/2030,31/12/2031,1,2030-02-27,2031-12-31,0,CLEAN
296,Oil & Gas,Ministry of Petroleum & Natural Gas,617819,"City Gas Distribution [CGD] Project in Kondagaon, Bastar, Sukma, Narayanpur, Bijapur & Dantewada GA",557,557.04,8.76,12/06/2030,12/06/2030,1,2030-06-12,2030-06-12,0,CLEAN
297,Oil & Gas,Ministry of Petroleum & Natural Gas,701338,City Gas Distribution Maharashtra Natural Gas Limited,5535,5535.0,4230.6,08/06/2031,08/06/2031,1,2031-06-08,2031-06-08,0,CLEAN
298,Oil & Gas,Ministry of Petroleum & Natural Gas,709771,"City Gas Distribution Project at Beed, Jalgaon and Jalna Districts",865,865.0,78.67,30/09/2031,30/09/2031,1,2031-09-30,2031-09-30,0,CLEAN
299,Oil & Gas,Ministry of Petroleum & Natural Gas,709772,"City Gas Distribution Project at East Mednipore, West Mednipore & Jhargram Districts",609,609.0,62.42,30/06/2031,30/06/2031,1,2031-06-30,2031-06-30,0,CLEAN
300,Oil & Gas,Ministry of Petroleum & Natural Gas,709773,"City Gas Distribution Project at Jammu, Udhampur, Reasi, Samba and Kathua Districts",538,538.0,4.32,31/03/2032,30/09/2034,1,2032-03-31,2034-09-30,0,CLEAN
301,Oil & Gas,Ministry of Petroleum & Natural Gas,709770,City Gas Distribution Project at Pathankot District,151,151.0,8.89,30/09/2033,30/09/2033,1,2033-09-30,2033-09-30,0,CLEAN
302,Oil & Gas,Ministry of Petroleum & Natural Gas,709791,City Gas Distribution Projects at Alipurduar and Cooch Behar,1017,1017.0,227.8,31/03/2030,31/03/2030,1,2030-03-31,2030-03-31,0,CLEAN
303,Oil & Gas,Ministry of Petroleum & Natural Gas,709792,"City Gas Distribution Projects at Darbhanga, Madhubani, Supaul, Sitamarhi and Sheohar districts",3638,3638.0,472.43,31/03/2030,31/03/2030,1,2030-03-31,2030-03-31,0,CLEAN
304,Oil & Gas,Ministry of Petroleum & Natural Gas,709794,"City Gas Distribution Projects at Fazilka [except area already authorized], Ganganagar and Hanumangarh districts",3207,3207.0,414.52,30/06/2030,30/06/2030,1,2030-06-30,2030-06-30,0,CLEAN
305,Oil & Gas,Ministry of Petroleum & Natural Gas,709793,"City Gas Distribution Projects at Gopalganj, Siwan, West Champaran, East Champaran and Deoria districts",3919,3919.0,510.08,30/06/2030,30/06/2030,1,2030-06-30,2030-06-30,0,CLEAN
306,Oil & Gas,Ministry of Petroleum & Natural Gas,709795,"City Gas Distribution Projects at Lakhimpur Kheri , Sitapur, Bahraich, Shravasti,Balrampur, Siddharth Nagar & Maharajganj districts",16654,16654.0,713.77,30/06/2030,30/06/2030,1,2030-06-30,2030-06-30,0,CLEAN
307,Oil & Gas,Ministry of Petroleum & Natural Gas,709796,City Gas Distribution Projects at the Nilgiris and Erode districts,3685,3685.0,288.66,31/03/2030,31/03/2030,1,2030-03-31,2030-03-31,0,CLEAN
308,Oil & Gas,Ministry of Petroleum & Natural Gas,617836,Coke Drum Structure Package,635,635.28,453.66,31/12/2025,30/09/2026,1,2025-12-31,2026-09-30,0,CLEAN
309,Oil & Gas,Ministry of Petroleum & Natural Gas,709838,Commercial Polymer Flooding Project in Bechraji field,621,739.02,222.8,30/11/2024,31/05/2027,1,2024-11-30,2027-05-31,0,CLEAN
310,Oil & Gas,Ministry of Petroleum & Natural Gas,709780,Construction of Additional Tankages and Allied Facilities at JNPT Terminal,341,436.14,300.5,31/08/2026,31/08/2026,1,2026-08-31,2026-08-31,0,CLEAN
311,Oil & Gas,Ministry of Petroleum & Natural Gas,616858,"Construction of Field Gas Gathering Station at Baghjan area for collection, processing & transportation of natural Gas to be produced from Baghjan Field",431,430.76,346.97,31/03/2024,30/06/2026,1,2024-03-31,2026-06-30,0,CLEAN
312,Oil & Gas,Ministry of Petroleum & Natural Gas,709837,"Creation of Gas Dehydration Facilities, Tripura Asset",209,131.51,78.98,31/05/2024,31/08/2026,1,2024-05-31,2026-08-31,0,CLEAN
313,Oil & Gas,Ministry of Petroleum & Natural Gas,709800,"CUF POL Depot at Sadashibpur [Meramundali], Odisha",394,393.54,218.63,31/03/2026,30/06/2026,1,2026-03-31,2026-06-30,0,CLEAN
314,Oil & Gas,Ministry of Petroleum & Natural Gas,709839,Daman Upside Development Project,4144,6406.9,6136.43,31/10/2025,31/12/2026,1,2025-10-31,2026-12-31,0,EXPENDITURE_EXCEEDS_ORIGINAL
315,Oil & Gas,Ministry of Petroleum & Natural Gas,709864,DCU Revamp Project,370,370.0,281.31,17/07/2024,31/10/2026,1,2024-07-17,2026-10-31,0,CLEAN
316,Oil & Gas,Ministry of Petroleum & Natural Gas,616879,Demo Bio-ATF Project,364,364.0,71.1,16/01/2027,16/01/2027,1,2027-01-16,2027-01-16,0,CLEAN
317,Oil & Gas,Ministry of Petroleum & Natural Gas,610984,Development of Jharia CBM Block [Phase-1],431,431.0,261.97,21/01/2024,31/05/2026,1,2024-01-21,2026-05-31,0,CLEAN
318,Oil & Gas,Ministry of Petroleum & Natural Gas,604863,Development of Surface Facilities for production and evacuation of Crude Oil and Natural Gas from Nadua and East Khagorija,683,726.93,598.62,29/02/2020,30/06/2026,1,2020-02-29,2026-06-30,0,CLEAN
319,Oil & Gas,Ministry of Petroleum & Natural Gas,701344,Dhamra Haldia Pipeline Project,1031,1125.0,916.9,07/11/2022,30/09/2026,1,2022-11-07,2026-09-30,0,CLEAN
320,Oil & Gas,Ministry of Petroleum & Natural Gas,617302,Durgapur - Haldia Pipeline [Section-3B of JHBDPL Project],1740,2493.15,2363.6,31/12/2020,30/09/2026,1,2020-12-31,2026-09-30,0,EXPENDITURE_EXCEEDS_ORIGINAL
321,Oil & Gas,Ministry of Petroleum & Natural Gas,709798,Ethylene Cracker Project at Bina Refinery including downstream Petrochemical Plants and expansion of Refinery,43367,43367.0,4802.7,31/05/2028,31/05/2028,1,2028-05-31,2028-05-31,0,CLEAN
322,Oil & Gas,Ministry of Petroleum & Natural Gas,619316,"Group Gathering Station, Lakwagaon",496,495.59,18.04,23/10/2027,23/10/2027,1,2027-10-23,2027-10-23,0,CLEAN
323,Oil & Gas,Ministry of Petroleum & Natural Gas,612853,Gurdaspur Jammu Pipeline,522,521.9,302.5,11/07/2026,11/07/2026,1,2026-07-11,2026-07-11,0,CLEAN
324,Oil & Gas,Ministry of Petroleum & Natural Gas,607701,"Guwahati Refinery Expansion [1.0 to 1.2 MMTPA] along with installation of CRU, Guwahati Refinery",412,577.0,457.64,31/10/2023,31/05/2026,1,2023-10-31,2026-05-31,0,EXPENDITURE_EXCEEDS_ORIGINAL
325,Oil & Gas,Ministry of Petroleum & Natural Gas,709753,Haldia Panagarh Pipeline Project,1010,1107.0,846.32,08/11/2025,31/05/2026,1,2025-11-08,2026-05-31,0,CLEAN
326,Oil & Gas,Ministry of Petroleum & Natural Gas,709760,HP TDAE Unit in Mumbai Refinery,240,240.0,151.04,19/04/2026,17/06/2026,1,2026-04-19,2026-06-17,0,CLEAN
327,Oil & Gas,Ministry of Petroleum & Natural Gas,709752,HP-COAT [Crude to Olefins and Aromatics Technology] demo unit at Visakh Refinery,160,220.0,135.52,30/06/2024,28/02/2027,1,2024-06-30,2027-02-28,0,CLEAN
328,Oil & Gas,Ministry of Petroleum & Natural Gas,604853,"Indian Oil Technology Development and Deployment Centre at R&D Campus-II, Faridabad",2282,3200.0,1879.93,31/12/2022,31/10/2026,1,2022-12-31,2026-10-31,0,CLEAN
329,Oil & Gas,Ministry of Petroleum & Natural Gas,709777,Installation of Bitumen Manufacturing Unit along with allied facilities at Barauni Refinery,389,340.0,115.69,30/04/2025,31/01/2027,1,2025-04-30,2027-01-31,0,CLEAN
330,Oil & Gas,Ministry of Petroleum & Natural Gas,619225,Installation of Compression facility at GAIL Usar,260,260.2,0.0,08/04/2027,08/04/2027,1,2027-04-08,2027-04-08,0,CLEAN
331,Oil & Gas,Ministry of Petroleum & Natural Gas,709783,"Installation of Multiple Effect Evaporator [MEE] for ETP-1, 2 & 4 of Panipat Refinery and Petrochemical Complex.",165,247.69,174.93,30/06/2023,30/06/2026,1,2023-06-30,2026-06-30,0,EXPENDITURE_EXCEEDS_ORIGINAL
332,Oil & Gas,Ministry of Petroleum & Natural Gas,709778,Installation of new Biturox Unit along with allied facilities at Gujarat Refinery,328,344.36,214.63,08/08/2025,31/12/2026,1,2025-08-08,2026-12-31,0,CLEAN
333,Oil & Gas,Ministry of Petroleum & Natural Gas,709851,Integrated Development of 4 Contract Areas under DSF-II,6184,6183.79,1555.0,30/04/2027,30/04/2027,1,2027-04-30,2027-04-30,0,CLEAN
334,Oil & Gas,Ministry of Petroleum & Natural Gas,604859,Integrated Para Xylene [PX] and Purified Terephthalic Acid [PTA] Project at Paradip Refinery,13805,11783.0,8450.45,31/01/2024,31/08/2026,1,2024-01-31,2026-08-31,0,CLEAN
335,Oil & Gas,Ministry of Petroleum & Natural Gas,709842,"Kalol Redevelopment Project, Ahmedabad Asset",1487,1487.41,940.5,31/03/2027,31/03/2027,1,2027-03-31,2027-03-31,0,CLEAN
336,Oil & Gas,Ministry of Petroleum & Natural Gas,619191,Kanpur LPG Bottling Plant,202,202.0,125.69,30/09/2027,30/09/2027,1,2027-09-30,2027-09-30,0,CLEAN
337,Oil & Gas,Ministry of Petroleum & Natural Gas,400120,KG-DWN-98/2 Cluster - II Development Project - NELP Block,34012,34012.0,33006.7,30/06/2020,30/09/2026,1,2020-06-30,2026-09-30,0,CLEAN
338,Oil & Gas,Ministry of Petroleum & Natural Gas,701228,Kochi - Koottanad - Bangalore - Mangalore Pipeline Phase-II,2915,5909.0,4790.3,31/12/2012,30/09/2026,1,2012-12-31,2026-09-30,0,EXPENDITURE_EXCEEDS_ORIGINAL;EXTREME_SCHEDULE_OUTLIER
339,Oil & Gas,Ministry of Petroleum & Natural Gas,709785,Laying of Natural Gas Pipeline from Hazaribagh to Ranchi [HRPL],202,202.07,63.8,08/02/2026,31/03/2027,1,2026-02-08,2027-03-31,0,CLEAN
340,Oil & Gas,Ministry of Petroleum & Natural Gas,709750,Laying of new 28 inch Desal Water Pipeline and 10 inch Reject Water Pipeline between CPCL Manali Refinery and CPCL Desalination plant at Ennore,205,205.0,92.93,21/09/2025,31/12/2026,1,2025-09-21,2026-12-31,0,CLEAN
341,Oil & Gas,Ministry of Petroleum & Natural Gas,400119,Life Extension of 48 well platforms of Mumbai High & Heera Fields,3191,3375.9,3123.2,30/04/2018,31/08/2026,1,2018-04-30,2026-08-31,0,CLEAN
342,Oil & Gas,Ministry of Petroleum & Natural Gas,616933,Lube Modernization & Bottom Upgradation Project at Mumbai Refinery,4679,4679.0,270.1,16/03/2028,16/03/2028,1,2028-03-16,2028-03-16,0,CLEAN
343,Oil & Gas,Ministry of Petroleum & Natural Gas,701330,Mehsana-Bhatinda & Bhatinda-Jammu Natural Gas Pipeline,7392,7392.0,6354.05,30/06/2024,31/12/2026,1,2024-06-30,2026-12-31,0,CLEAN
344,Oil & Gas,Ministry of Petroleum & Natural Gas,709848,MHN TCPP PGC BGC Project [MTPBP],2329,2354.23,1613.16,19/05/2026,19/05/2026,1,2026-05-19,2026-05-19,0,CLEAN
345,Oil & Gas,Ministry of Petroleum & Natural Gas,701354,Mumbai Nagpur Jharsuguda Pipeline Project,7844,8255.0,7070.1,14/05/2023,30/06/2026,1,2023-05-14,2026-06-30,0,CLEAN
346,Oil & Gas,Ministry of Petroleum & Natural Gas,701346,North East Gas Grid,9265,9265.0,6877.97,31/03/2024,31/07/2026,1,2024-03-31,2026-07-31,0,CLEAN
347,Oil & Gas,Ministry of Petroleum & Natural Gas,604791,Numaligarh Refinery Expansion Project,12366,22494.0,19522.3,27/07/2024,31/03/2027,1,2024-07-27,2027-03-31,0,EXPENDITURE_EXCEEDS_ORIGINAL
348,Oil & Gas,Ministry of Petroleum & Natural Gas,709841,Old Pipe Line Replacement [OPRP] Group-A,173,169.84,164.86,18/07/2025,16/07/2026,1,2025-07-18,2026-07-16,0,CLEAN
349,Oil & Gas,Ministry of Petroleum & Natural Gas,619223,Petro Resid Fluidized Catalytic Cracking [PRFCC] Unit and its associated facilities at Mumbai Refinery,13626,13626.0,55.4,30/09/2029,30/09/2029,1,2029-09-30,2029-09-30,0,CLEAN
350,Oil & Gas,Ministry of Petroleum & Natural Gas,701329,Petrochemical and Lube Integration Project at Gujarat Refinery,18936,17825.0,13579.4,31/08/2024,30/11/2026,1,2024-08-31,2026-11-30,0,CLEAN
351,Oil & Gas,Ministry of Petroleum & Natural Gas,709847,Pipeline Network Project Rudrasagar,481,481.03,235.37,27/04/2026,30/04/2027,1,2026-04-27,2027-04-30,0,CLEAN
352,Oil & Gas,Ministry of Petroleum & Natural Gas,617827,"Pipeline Rehabilitation Project, Phase-II",680,680.0,8.19,17/12/2029,17/12/2029,1,2029-12-17,2029-12-17,0,CLEAN
353,Oil & Gas,Ministry of Petroleum & Natural Gas,619314,Pipeline Replacement Project- PRP-IX,6175,0.0,520.71,15/05/2027,,0,2027-05-15,,1,NOT_YET_REVISED_COST;MISSING_REVISED_DATE
354,Oil & Gas,Ministry of Petroleum & Natural Gas,709797,POL & LOBS Installations with Receipt Pipelines at Rasayani,2585,2585.0,1288.41,31/05/2026,31/05/2026,1,2026-05-31,2026-05-31,0,CLEAN
355,Oil & Gas,Ministry of Petroleum & Natural Gas,611917,Poly Butadiene Rubber plant at Panipat,1459,2531.44,1473.41,31/03/2025,31/12/2026,1,2025-03-31,2026-12-31,0,EXPENDITURE_EXCEEDS_ORIGINAL
356,Oil & Gas,Ministry of Petroleum & Natural Gas,709865,Power Recovery Turbine [PRT] in PFCCU unit as an Energy Conservation Scheme,294,293.5,81.84,31/12/2024,30/09/2026,1,2024-12-31,2026-09-30,0,CLEAN
357,Oil & Gas,Ministry of Petroleum & Natural Gas,612790,Power System Upgradation Project,385,385.0,260.92,17/11/2025,30/09/2026,1,2025-11-17,2026-09-30,0,CLEAN
358,Oil & Gas,Ministry of Petroleum & Natural Gas,619226,Provision of four bitumen tanks with capacity of 5 TMT each at Visakh Refinery,258,258.34,1.65,24/03/2028,24/03/2028,1,2028-03-24,2028-03-24,0,CLEAN
359,Oil & Gas,Ministry of Petroleum & Natural Gas,616950,PRP-VIII [Group-A],1486,1486.4,529.96,28/02/2026,31/12/2026,1,2026-02-28,2026-12-31,0,CLEAN
360,Oil & Gas,Ministry of Petroleum & Natural Gas,709849,PRP-VIII Group B [NH & BS Asset],2380,3165.53,2654.5,28/02/2026,15/05/2026,1,2026-02-28,2026-05-15,0,EXPENDITURE_EXCEEDS_ORIGINAL
361,Oil & Gas,Ministry of Petroleum & Natural Gas,400169,Redevelopment of Linch Field,631,845.42,612.97,31/03/2025,25/07/2026,1,2025-03-31,2026-07-25,0,CLEAN
362,Oil & Gas,Ministry of Petroleum & Natural Gas,400167,Redevelopment of Santhal Field [Onshore-Mehsana Asset],1163,1162.56,1152.51,31/03/2026,31/12/2026,1,2026-03-31,2026-12-31,0,CLEAN
363,Oil & Gas,Ministry of Petroleum & Natural Gas,400087,Redevelopment of Sobhasan Complex,886,1347.61,990.06,31/03/2027,31/03/2027,1,2027-03-31,2027-03-31,0,EXPENDITURE_EXCEEDS_ORIGINAL
364,Oil & Gas,Ministry of Petroleum & Natural Gas,709840,"Restoration of Gas Terminal, Phase-I [Part-A], Hazira",249,249.43,210.5,10/02/2025,31/07/2026,1,2025-02-10,2026-07-31,0,CLEAN
365,Oil & Gas,Ministry of Petroleum & Natural Gas,709781,Revamping / Augmentation of Facilities at Mathura Bitumen Plant,260,260.12,20.15,30/06/2027,31/12/2026,1,2027-06-30,2026-12-31,0,CLEAN
366,Oil & Gas,Ministry of Petroleum & Natural Gas,709845,"Revamping of SV Stations, Gas Terminal & Kribhco Terminal",837,837.34,445.89,31/08/2026,31/08/2026,1,2026-08-31,2026-08-31,0,CLEAN
367,Oil & Gas,Ministry of Petroleum & Natural Gas,709774,Revamping/ Augmentation of facilities at existing port terminal at Mangalore,463,500.62,302.1,31/12/2025,30/06/2027,1,2025-12-31,2027-06-30,0,CLEAN
368,Oil & Gas,Ministry of Petroleum & Natural Gas,617304,"Setting up of LPG Plant with Rail Unloading Facility at Hathua, Dist. Gopalganj, Bihar",340,340.15,167.24,01/03/2027,01/03/2027,1,2027-03-01,2027-03-01,0,CLEAN
369,Oil & Gas,Ministry of Petroleum & Natural Gas,709799,Setting up Polypropylene Unit at Kochi Refinery,4460,4850.0,818.9,31/10/2027,31/10/2027,1,2027-10-31,2027-10-31,0,CLEAN
370,Oil & Gas,Ministry of Petroleum & Natural Gas,617837,Siliguri Marketing Terminal [SMT] Capacity Augmentation Project,484,484.0,310.0,31/12/2025,30/09/2026,1,2025-12-31,2026-09-30,0,CLEAN
371,Oil & Gas,Ministry of Petroleum & Natural Gas,617828,Siliguri-Jhapa Pipeline Project,267,267.0,1.92,29/03/2029,31/08/2029,1,2029-03-29,2029-08-31,0,CLEAN
372,Oil & Gas,Ministry of Petroleum & Natural Gas,616254,Visakh Raipur Pipeline Project,2212,2212.0,498.11,10/09/2027,10/09/2027,1,2027-09-10,2027-09-10,0,CLEAN
373,Railways,Ministry of Coal,400203,Dharamjaigarh-Korba,1686,2438.53,625.77,31/12/2026,31/08/2026,1,2026-12-31,2026-08-31,0,CLEAN
374,Railways,Ministry of Coal,400416,Shivpur-Kathautia New Rail [BG] Line [49 km] [Package II of Tori-Shivpur-Kathautia line],1800,2564.34,1713.19,30/06/2025,30/06/2026,1,2025-06-30,2026-06-30,0,CLEAN
375,Railways,Ministry of Railways,612834,3rd & 4th line between Sarla - Sason [8 km] [PB 73/2023-24/NR],252,0.0,117.3,28/12/2025,,0,2025-12-28,,1,NOT_YET_REVISED_COST;MISSING_REVISED_DATE
376,Railways,Ministry of Railways,616697,3rd & 4th line between Vadlapudi -Gate Jn. cabin and Tie line between Gate Junction to Gangavaram port,154,0.0,58.16,30/06/2026,,0,2026-06-30,,1,NOT_YET_REVISED_COST;MISSING_REVISED_DATE
377,Railways,Ministry of Railways,705515,3rd & 4th Railway Line Project from Salegaon to Budhapank via Rajathgarh.,1173,2092.0,2120.58,31/03/2026,31/03/2026,1,2026-03-31,2026-03-31,0,EXPENDITURE_EXCEEDS_ORIGINAL
378,Railways,Ministry of Railways,709819,3RD AND 4TH LINE - SARAGBUNDIA AND MADWARANI,168,0.0,20.13,31/12/2026,31/12/2026,0,2026-12-31,2026-12-31,0,NOT_YET_REVISED_COST
379,Railways,Ministry of Railways,617216,3rd Line between Gudur Renigunta 83.17 Km,877,0.0,205.35,31/03/2027,,0,2027-03-31,,1,NOT_YET_REVISED_COST;MISSING_REVISED_DATE
380,Railways,Ministry of Railways,705498,3rd Line Kalyan - Kasara [67.35 Kilometres],793,1395.79,1077.37,31/12/2026,31/12/2026,1,2026-12-31,2026-12-31,0,EXPENDITURE_EXCEEDS_ORIGINAL
381,Railways,Ministry of Railways,705506,3rd Line Manmad - Jalgaon [160 Kilometres],1035,1870.0,1865.44,31/12/2024,31/08/2025,1,2024-12-31,2025-08-31,0,EXPENDITURE_EXCEEDS_ORIGINAL
382,Railways,Ministry of Railways,705502,3rd Line Wardha - Ballarshah [132 Kilometres],1385,2033.59,1813.52,31/12/2025,28/02/2026,1,2025-12-31,2026-02-28,0,EXPENDITURE_EXCEEDS_ORIGINAL
383,Railways,Ministry of Railways,705500,3rd Line Wardha - Sewagram - Nagpur,540,916.53,835.39,31/12/2025,31/10/2026,1,2025-12-31,2026-10-31,0,EXPENDITURE_EXCEEDS_ORIGINAL
384,Railways,Ministry of Railways,709815,4TH LINE - BHATAPARA-HATHBAND [8.8 KM] [PB-72/NR/2022-23],177,177.03,4.8,31/01/2027,31/12/2027,1,2027-01-31,2027-12-31,0,CLEAN
385,Railways,Ministry of Railways,709816,4TH LINE - BHILAI-BHILAI NAGAR [8.8 KM] [PB-72/NR/2022-23],177,177.34,1.91,28/02/2027,28/02/2027,1,2027-02-28,2027-02-28,0,CLEAN
386,Railways,Ministry of Railways,709817,4TH LINE - DADHAPARA-BELHA [9.2 KM] [PB-72/NR/2022-23],169,169.06,22.52,30/11/2026,26/11/2026,1,2026-11-30,2026-11-26,0,CLEAN
387,Railways,Ministry of Railways,612072,4th LINE BETWEEN BAREJADI NANDEJ-SANAND-AHMEDABAD BYPASS,962,961.67,507.6,31/03/2027,31/07/2028,1,2027-03-31,2028-07-31,0,CLEAN
388,Railways,Ministry of Railways,612815,4th line between Nipania Bhatapara 14.4 Km,170,0.0,9.56,31/03/2027,,0,2027-03-31,,1,NOT_YET_REVISED_COST;MISSING_REVISED_DATE
389,Railways,Ministry of Railways,709818,4TH LINE RAJNANDGAON-DONGARHGARH [31.2 KM] [PB-72/NR/2022-23],328,328.34,78.66,31/01/2027,31/01/2027,1,2027-01-31,2027-01-31,0,CLEAN
390,Railways,Ministry of Railways,705505,4th Line Wardha - Nagpur [78.7 Kilometres],638,1214.69,1047.02,31/12/2025,31/10/2026,1,2025-12-31,2026-10-31,0,EXPENDITURE_EXCEEDS_ORIGINAL
391,Railways,Ministry of Railways,705919,Agra Fort-Bandikui Doubling Line Project,1390,1390.0,477.04,30/06/2027,27/06/2027,1,2027-06-30,2027-06-27,0,CLEAN
392,Railways,Ministry of Railways,705356,Ahmednagar - Beed - Parli - Vaijnath New Broad Gauge Line Railway Project [261.3 km],2539,4957.27,5180.78,31/03/2026,31/03/2026,1,2026-03-31,2026-03-31,0,EXPENDITURE_EXCEEDS_ORIGINAL
393,Railways,Ministry of Railways,616843,AJMER- CHANDERIYA DOUBLING,1635,0.0,377.37,30/06/2027,,0,2027-06-30,,1,NOT_YET_REVISED_COST;MISSING_REVISED_DATE
394,Railways,Ministry of Railways,705774,Aligarh -Daud Khan Flyover Construction & 3rd Railway Line Project,758,779.49,484.51,31/01/2025,31/03/2027,1,2025-01-31,2027-03-31,0,CLEAN
395,Railways,Ministry of Railways,705918,Allahabad division - Aligarh - Harduaganj Flyover,1457,0.0,400.19,30/10/2026,31/03/2027,0,2026-10-30,2027-03-31,0,NOT_YET_REVISED_COST
396,Railways,Ministry of Railways,705771,Allahabad-Bamhrauli Flyover Construction & 4th Railway Line Project,494,494.0,397.57,31/03/2026,26/03/2026,1,2026-03-31,2026-03-26,0,CLEAN
397,Railways,Ministry of Railways,705583,Anand Vihar-Tilak Bridge 3rd & 4th line,667,667.0,312.74,31/03/2023,31/12/2027,1,2023-03-31,2027-12-31,0,CLEAN
398,Railways,Ministry of Railways,617252,Anandnagar - Ghugli via Maharajganj New line 52.7 km,958,0.0,635.41,21/03/2028,,0,2028-03-21,,1,NOT_YET_REVISED_COST;MISSING_REVISED_DATE
399,Railways,Ministry of Railways,705368,Araria Supaul New BG Line,1605,2514.0,1711.89,31/03/2024,31/01/2027,1,2024-03-31,2027-01-31,0,EXPENDITURE_EXCEEDS_ORIGINAL
400,Railways,Ministry of Railways,611751,AURANGABAD-ANKAI - DOUBLING PROJECT 98.25 Km,961,0.0,1304.54,31/03/2027,,0,2027-03-31,,1,NOT_YET_REVISED_COST;MISSING_REVISED_DATE;EXPENDITURE_EXCEEDS_ORIGINAL
401,Railways,Ministry of Railways,617361,Babupeth - Sasti New Rail Line [13.114 KMs],363,362.81,0.48,31/03/2028,,1,2028-03-31,,1,MISSING_REVISED_DATE
402,Railways,Ministry of Railways,616587,Badampahar-Kendujhargarh new line [82.06 km],1876,0.0,2.15,31/12/2029,,0,2029-12-31,,1,NOT_YET_REVISED_COST;MISSING_REVISED_DATE
403,Railways,Ministry of Railways,705495,Bagalkot-Kudachi New Railway Line [142 km],1378,1649.0,797.87,31/03/2027,31/01/2027,1,2027-03-31,2027-01-31,0,CLEAN
404,Railways,Ministry of Railways,400204,Bahraich-Shravasti-Balrampur-Siddharthnagar -Santkabir nagar,4940,4939.78,1055.82,30/10/2030,31/10/2030,1,2030-10-30,2030-10-31,0,CLEAN
405,Railways,Ministry of Railways,703586,Baiyyappanahalli - Hosur Doubling Project [48 km],499,748.7,698.51,31/03/2024,31/01/2026,1,2024-03-31,2026-01-31,0,EXPENDITURE_EXCEEDS_ORIGINAL
406,Railways,Ministry of Railways,705941,Bangalore Suburban Railway Project,15767,0.0,3224.09,31/12/2026,31/03/2030,0,2026-12-31,2030-03-31,0,NOT_YET_REVISED_COST
407,Railways,Ministry of Railways,705464,Bangalore-Satyamanglam New Line Project [260 Km] - Part Hejjala - Chamarajanagar [142 Km],1383,0.0,0.0,31/12/2031,,0,2031-12-31,,1,NOT_YET_REVISED_COST;MISSING_REVISED_DATE
408,Railways,Ministry of Railways,705663,Bangalore-Whitefield-Bangalore City-Krishnarajapuram [23.08 km] - Quadrupling,493,493.0,318.39,28/02/2026,28/02/2026,1,2026-02-28,2026-02-28,0,CLEAN
409,Railways,Ministry of Railways,616586,Bangriposi-Gorumahisani new line [ 85.60 km ],2269,0.0,7.14,31/12/2029,,0,2029-12-31,,1,NOT_YET_REVISED_COST;MISSING_REVISED_DATE
410,Railways,Ministry of Railways,705782,Barabanki-Malhaur 3rd & 4th Railway Line Project,407,407.0,409.54,31/03/2025,31/08/2026,1,2025-03-31,2026-08-31,0,EXPENDITURE_EXCEEDS_ORIGINAL
411,Railways,Ministry of Railways,705357,Baramati Lonand New Line Project,138,1843.9,1007.49,31/03/2027,31/03/2027,1,2027-03-31,2027-03-31,0,EXPENDITURE_EXCEEDS_ORIGINAL;EXTREME_COST_OVERRUN_OUTLIER
412,Railways,Ministry of Railways,706777,Baranagar-Barrackpore and Dakshineshwar- Construction of Metro Railway,2298,2734.0,393.02,31/12/2026,31/12/2030,1,2026-12-31,2030-12-31,0,CLEAN
413,Railways,Ministry of Railways,706860,Barauni-Bachwara [16 km] - 3rd & 4th line incl. Barauni yard remodelling [32 km],645,0.0,47.53,01/08/2025,31/10/2026,0,2025-08-01,2026-10-31,0,NOT_YET_REVISED_COST
414,Railways,Ministry of Railways,706835,Belgaum-Dharwad via Kittur [73.10Km],1591,0.0,0.38,31/12/2027,31/03/2029,0,2027-12-31,2029-03-31,0,NOT_YET_REVISED_COST
415,Railways,Ministry of Railways,705510,Bhadrak-Nergundi Third Line,1284,1284.0,1352.81,30/11/2024,31/01/2026,1,2024-11-30,2026-01-31,0,EXPENDITURE_EXCEEDS_ORIGINAL
416,Railways,Ministry of Railways,705777,Bhandai - Flyover for Etawah bound down train- 10 Km,250,250.18,139.49,28/02/2026,28/02/2027,1,2026-02-28,2027-02-28,0,CLEAN
417,Railways,Ministry of Railways,705428,Bhanupalli-Bilaspur-Beri New Railway Line Project,13447,13447.0,7558.16,31/12/2026,30/12/2027,1,2026-12-31,2027-12-30,0,CLEAN
418,Railways,Ministry of Railways,705780,Bhatni-Aurnihar with electrification excluding Indara-Mau,2529,2529.46,2164.72,31/12/2024,30/06/2026,1,2024-12-31,2026-06-30,0,CLEAN
419,Railways,Ministry of Railways,611884,Bhiwani - Dobh Bahali Doubling Project [42.30 Km],471,471.0,263.12,29/02/2028,28/02/2028,1,2028-02-29,2028-02-28,0,CLEAN
420,Railways,Ministry of Railways,706854,Boridand - Ambikapur Doubling Line Project,1376,1576.72,258.97,30/06/2030,30/06/2030,1,2030-06-30,2030-06-30,0,CLEAN
421,Railways,Ministry of Railways,400232,Brundamal-Jharsuguda- flyover connection for joining downline,297,297.0,232.73,26/12/2026,26/12/2026,1,2026-12-26,2026-12-26,0,CLEAN
422,Railways,Ministry of Railways,616588,Buramara-Chakulia new line [59.96 km],1459,0.0,7.58,31/12/2029,,0,2029-12-31,,1,NOT_YET_REVISED_COST;MISSING_REVISED_DATE
423,Railways,Ministry of Railways,705567,Burhwal Gonda 3rd line,1016,1118.0,1050.11,25/03/2025,30/05/2026,1,2025-03-25,2026-05-30,0,EXPENDITURE_EXCEEDS_ORIGINAL
424,Railways,Ministry of Railways,705396,Byrnihat-Shillong New Rail Line- 108 km,8324,8342.28,266.12,31/03/2021,31/03/2027,1,2021-03-31,2027-03-31,0,CLEAN
425,Railways,Ministry of Railways,706865,Chandargaon - Cansaulium Rail Flyover Project [16 Km],1892,0.0,0.0,31/03/2031,,0,2031-03-31,,1,NOT_YET_REVISED_COST;MISSING_REVISED_DATE
426,Railways,Ministry of Railways,705424,Chandigarh-Baddi New Rail Line- 36 km,1540,1540.13,590.11,31/12/2026,31/12/2026,1,2026-12-31,2026-12-31,0,CLEAN
427,Railways,Ministry of Railways,616227,Chandil - Anara - Damodar - 3rd line [121.26 km],1932,0.0,4.51,30/09/2029,,0,2029-09-30,,1,NOT_YET_REVISED_COST;MISSING_REVISED_DATE
428,Railways,Ministry of Railways,705562,Chhapra-Ballia Patch Doubling,963,1046.0,917.1,25/02/2025,30/05/2026,1,2025-02-25,2026-05-30,0,CLEAN
429,Railways,Ministry of Railways,705454,Chhota Udaipur - Dhar New Line Project [157 km],1794,1794.0,1819.63,27/12/2025,27/12/2025,1,2025-12-27,2025-12-27,0,EXPENDITURE_EXCEEDS_ORIGINAL
430,Railways,Ministry of Railways,617284,Chunar-Chopan doubling project,1424,0.0,123.09,31/03/2028,,0,2028-03-31,,1,NOT_YET_REVISED_COST;MISSING_REVISED_DATE
431,Railways,Ministry of Railways,705244,Coach Production Factory Upgradation Project,520,0.0,192.25,31/12/2021,,0,2021-12-31,,1,NOT_YET_REVISED_COST;MISSING_REVISED_DATE
432,Railways,Ministry of Railways,612096,Construction of Balurghat-Hilli new BG Line,1209,1181.57,491.05,31/03/2027,31/03/2027,1,2027-03-31,2027-03-31,0,CLEAN
433,Railways,Ministry of Railways,617231,Construction of Bulb line at Nabinagar Ankorah of East Central Railway,612,0.0,0.0,30/06/2028,,0,2028-06-30,,1,NOT_YET_REVISED_COST;MISSING_REVISED_DATE
434,Railways,Ministry of Railways,705762,Construction of New BG line between Hassan [Alur] to Belur [ Km 27.34],749,0.0,1.15,30/04/2027,31/12/2027,0,2027-04-30,2027-12-31,0,NOT_YET_REVISED_COST
435,Railways,Ministry of Railways,400023,Construction of New BG line between Hassan to Belur [27 Km],749,0.0,0.94,30/04/2028,30/04/2027,0,2028-04-30,2027-04-30,0,NOT_YET_REVISED_COST;EXTREME_SCHEDULE_OUTLIER
436,Railways,Ministry of Railways,611977,Dahod Creation of Infrastructure facilities for 9000 HP Electric locomotives Manufacturing at,487,0.0,222.88,28/02/2025,,0,2025-02-28,,1,NOT_YET_REVISED_COST;MISSING_REVISED_DATE
437,Railways,Ministry of Railways,611978,Dahod Rolling Stock Workshop Provision of Infrastructure for CBS at,158,0.0,51.87,31/03/2025,,0,2025-03-31,,1,NOT_YET_REVISED_COST;MISSING_REVISED_DATE
438,Railways,Ministry of Railways,617374,"Dallirajhara - Rowghat New Rail Line Project, Phase-I",1516,1881.26,2124.32,31/03/2025,28/02/2026,1,2025-03-31,2026-02-28,0,EXPENDITURE_EXCEEDS_ORIGINAL
439,Railways,Ministry of Railways,705433,Dallirajhra- Rowghat New Railway Line - Phase I [95 km],1628,1628.0,1440.85,30/09/2025,31/12/2025,1,2025-09-30,2025-12-31,0,CLEAN
440,Railways,Ministry of Railways,706836,Dedicated Test Track for RDSO /Phase-II Project,466,0.0,533.9,31/03/2026,,0,2026-03-31,,1,NOT_YET_REVISED_COST;MISSING_REVISED_DATE;EXPENDITURE_EXCEEDS_ORIGINAL
441,Railways,Ministry of Railways,617880,Desalpar-Hajipir-Luna and Vayor-Lakhpat New Line,2526,0.0,0.0,02/09/2028,,0,2028-09-02,,1,NOT_YET_REVISED_COST;MISSING_REVISED_DATE
442,Railways,Ministry of Railways,618972,Devbhumi Dwarka [Okha] - Kanalus Doubling,1457,0.0,0.0,04/12/2028,,0,2028-12-04,,1,NOT_YET_REVISED_COST;MISSING_REVISED_DATE
443,Railways,Ministry of Railways,617379,Development of New Bijwasan Railway Terminal,446,0.0,553.14,31/03/2020,31/12/2026,0,2020-03-31,2026-12-31,0,NOT_YET_REVISED_COST;EXPENDITURE_EXCEEDS_ORIGINAL
444,Railways,Ministry of Railways,611855,Devgarh Madariya - Nathdwara Gauge Conversion [82.54 Km] part of Marwar - Mavli Gauge Conversion [152 Km],969,0.0,708.25,31/01/2027,,0,2027-01-31,,1,NOT_YET_REVISED_COST;MISSING_REVISED_DATE
445,Railways,Ministry of Railways,705482,Dholpur - Sirmuttra Gauge Conversion,747,747.0,491.95,28/02/2019,28/02/2027,1,2019-02-28,2027-02-28,0,CLEAN
446,Railways,Ministry of Railways,400019,DHULE [BORVIHIR] - NARDANA NEW LINE [50.60 KMS],493,1170.83,519.29,31/12/2026,30/09/2027,1,2026-12-31,2027-09-30,0,EXPENDITURE_EXCEEDS_ORIGINAL
447,Railways,Ministry of Railways,705392,Dimapur [Dhansiri]-Sukhobi Kohima [Zubza] NL [82.5 Km],6663,6663.0,6282.3,26/03/2025,31/12/2029,1,2025-03-26,2029-12-31,0,CLEAN
448,Railways,Ministry of Railways,617364,Double Chord line Between Nilaje-Kopar,338,205.0,24.04,26/07/2028,,1,2028-07-26,,1,MISSING_REVISED_DATE
449,Railways,Ministry of Railways,616856,Doubling between Bhadrachalam Road and Dornakal,770,0.0,87.93,13/04/2029,,0,2029-04-13,,1,NOT_YET_REVISED_COST;MISSING_REVISED_DATE
450,Railways,Ministry of Railways,617370,Doubling between Jaunpur Jn - Zaffarabad 6.28 km,181,0.0,43.65,30/01/2027,,0,2027-01-30,,1,NOT_YET_REVISED_COST;MISSING_REVISED_DATE
451,Railways,Ministry of Railways,616857,Doubling between Motumari Vishnupuram - 88.81 Km and Rail over Rail - RoR at Motumari - 10.877 Km,1596,0.0,212.11,31/03/2029,,0,2029-03-31,,1,NOT_YET_REVISED_COST;MISSING_REVISED_DATE
452,Railways,Ministry of Railways,617212,Doubling between Mudkhed Medchal & Mahbubnagar Dhone section 417.88 Km,4686,0.0,1938.02,31/03/2029,,0,2029-03-31,,1,NOT_YET_REVISED_COST;MISSING_REVISED_DATE
453,Railways,Ministry of Railways,617215,Doubling between Parbhani Parli Vaijanath stations 64.71 Km,770,0.0,197.06,31/03/2028,,0,2028-03-31,,1,NOT_YET_REVISED_COST;MISSING_REVISED_DATE
454,Railways,Ministry of Railways,617372,Doubling between Pradhankunta-Patherih-Bhojudih of East Central Railway,349,0.0,125.71,31/12/2025,31/03/2026,0,2025-12-31,2026-03-31,0,NOT_YET_REVISED_COST
455,Railways,Ministry of Railways,705504,Doubling of Daund Manmad Line [247.6 km],2081,3267.06,3077.28,01/12/2025,31/03/2026,1,2025-12-01,2026-03-31,0,EXPENDITURE_EXCEEDS_ORIGINAL
456,Railways,Ministry of Railways,617211,Doubling of Guntur Bibinagar 239 Km,2853,0.0,348.95,31/03/2029,,0,2029-03-31,,1,NOT_YET_REVISED_COST;MISSING_REVISED_DATE
457,Railways,Ministry of Railways,705628,Doubling of Hatia [Ranchi]-Bondamunda Rail Line - 159 km,3029,3029.04,2629.17,30/06/2025,30/06/2026,1,2025-06-30,2026-06-30,0,CLEAN
458,Railways,Ministry of Railways,705660,Doubling of Katni - Singrauli Railway Line [261 km],2445,4377.0,3306.78,26/12/2025,27/12/2025,1,2025-12-26,2025-12-27,0,EXPENDITURE_EXCEEDS_ORIGINAL
459,Railways,Ministry of Railways,400291,Doubling of Kirandul-Jagdalpur Line [150 km],1589,1798.0,1656.54,31/03/2020,30/04/2027,1,2020-03-31,2027-04-30,0,EXPENDITURE_EXCEEDS_ORIGINAL
460,Railways,Ministry of Railways,705512,Doubling of Kottavalasa-Koraput Rail Line [189 KM],2500,2500.0,2163.97,31/03/2022,31/03/2028,1,2022-03-31,2028-03-31,0,CLEAN
461,Railways,Ministry of Railways,400048,Doubling of lines connecting the loading spurs in Talcher Yard.,186,0.0,100.97,31/12/2024,30/06/2027,0,2024-12-31,2027-06-30,0,NOT_YET_REVISED_COST
462,Railways,Ministry of Railways,400047,Doubling of Lingaraj SILO connectivity of NTPC line and augmentation of NTPC exchange yard and NTPC Block Cabin.,210,0.0,39.31,31/12/2024,31/12/2026,0,2024-12-31,2026-12-31,0,NOT_YET_REVISED_COST
463,Railways,Ministry of Railways,617239,Doubling of Narkatiaganj Raxaul Sitamarhi Darbhanga & Sitamarhi Muzaffarpur 256 KM,4080,0.0,2.67,05/11/2029,,0,2029-11-05,,1,NOT_YET_REVISED_COST;MISSING_REVISED_DATE
464,Railways,Ministry of Railways,705572,Doubling of New Bonggigaon to Kamakhya via Goalpara - 176 km,4060,4961.0,3797.35,31/03/2026,31/03/2026,1,2026-03-31,2026-03-31,0,CLEAN
465,Railways,Ministry of Railways,400277,Dum Dum Airport-New Garia via Rajarhat-Construction of Metro Railway,8964,8964.0,8621.5,31/12/2025,31/12/2027,1,2025-12-31,2027-12-31,0,CLEAN
466,Railways,Ministry of Railways,705639,Ernakulam-Kumbalam doubling project [7.71 Km],601,595.39,308.42,31/03/2028,28/02/2027,1,2028-03-31,2027-02-28,0,EXTREME_SCHEDULE_OUTLIER
467,Railways,Ministry of Railways,705373,"Fatuha-Islampur incl. MM for extn.of NL from Neora to Daniawan , Daniawan to Biharsharif, Biharsharif to Barbigha , Barbigha to Shekhpura",1473,2882.0,2641.14,31/03/2023,31/08/2025,1,2023-03-31,2025-08-31,0,EXPENDITURE_EXCEEDS_ORIGINAL
468,Railways,Ministry of Railways,612827,Flyover between Pendurthi and Simhachalam North to avoid surface crossing at Simhachalam 7.135 km PB 73 of 2023 24 NR,184,0.0,14.79,30/04/2027,,0,2027-04-30,,1,NOT_YET_REVISED_COST;MISSING_REVISED_DATE
469,Railways,Ministry of Railways,616694,Flyover between Siju and Paradeep coaching Yard to avoid Surface crossing of trains,201,0.0,34.06,31/07/2028,,0,2028-07-31,,1,NOT_YET_REVISED_COST;MISSING_REVISED_DATE
470,Railways,Ministry of Railways,618986,Furkating-New Tinsukia[194 Km],3634,0.0,0.0,30/06/2029,,0,2029-06-30,,1,NOT_YET_REVISED_COST;MISSING_REVISED_DATE
471,Railways,Ministry of Railways,705490,Gadag-Wadi New Railway Line [257 km],2842,6700.0,1539.51,31/03/2027,31/12/2027,1,2027-03-31,2027-12-31,0,CLEAN
472,Railways,Ministry of Railways,709811,GANDHAMARDAN IRON ORE MINES TO GOALDIH STATION/12.76kms,190,189.93,3.4,30/09/2027,27/09/2027,1,2027-09-30,2027-09-27,0,CLEAN
473,Railways,Ministry of Railways,602792,Gauge Conversion of Kendri-Dhamtari including Abhanpur - Rajim Branch line 67.20 Kms - 2nd Material Modification to Raipur Titlagarh doubling.,1171,1171.0,404.58,28/02/2025,30/06/2026,1,2025-02-28,2026-06-30,0,CLEAN
474,Railways,Ministry of Railways,612845,Gauge Conversion of Pachora-Jamner with Extension upto Malkapur [Bodwad] [84.34 Kms],955,0.0,13.97,22/07/2028,,0,2028-07-22,,1,NOT_YET_REVISED_COST;MISSING_REVISED_DATE
475,Railways,Ministry of Railways,705444,Gevra Road-Pendra Road New Railway Line [135 km],4970,7448.52,5152.72,31/03/2022,31/12/2026,1,2022-03-31,2026-12-31,0,EXPENDITURE_EXCEEDS_ORIGINAL
476,Railways,Ministry of Railways,705765,Gomoh - Flyover for DN trains,686,686.0,631.52,26/03/2026,26/03/2026,1,2026-03-26,2026-03-26,0,CLEAN
477,Railways,Ministry of Railways,618978,Gondia - Dongargarh 4th line [84 Km],2223,0.0,0.0,13/10/2030,,0,2030-10-13,,1,NOT_YET_REVISED_COST;MISSING_REVISED_DATE
478,Railways,Ministry of Railways,617201,Gondia-Balharshah [Chanda Fort] Doubling [240 Km],4373,0.0,1.0,31/03/2031,,0,2031-03-31,,1,NOT_YET_REVISED_COST;MISSING_REVISED_DATE
479,Railways,Ministry of Railways,611752,GOOTY-PENDEKALLU DOUBLING 29.225 Km,352,351.83,330.25,31/03/2027,27/03/2027,1,2027-03-31,2027-03-27,0,CLEAN
480,Railways,Ministry of Railways,617224,Gorakhpur-Valmikinagar Doubling project,1120,0.0,401.82,30/12/2027,,0,2027-12-30,,1,NOT_YET_REVISED_COST;MISSING_REVISED_DATE
481,Railways,Ministry of Railways,705752,Gudha-Thatha Mithri Construction of Railway Track Project,819,967.06,400.92,30/11/2026,30/11/2026,1,2026-11-30,2026-11-30,0,CLEAN
482,Railways,Ministry of Railways,611754,GUNTAKAL WEST-MALLAPPA GATE RAIL OVER RAIL - ROR TRACK,293,0.0,267.51,31/07/2026,,0,2026-07-31,,1,NOT_YET_REVISED_COST;MISSING_REVISED_DATE
483,Railways,Ministry of Railways,705633,Guntur-Guntakal Doubling Project,3733,4295.0,5523.6,31/12/2025,31/12/2026,1,2025-12-31,2026-12-31,0,EXPENDITURE_EXCEEDS_ORIGINAL
484,Railways,Ministry of Railways,706922,Guwahati-Dibrugarh via Tinsukia & Simaluguri-Dibrugarh,890,889.36,391.73,03/09/2020,30/06/2024,1,2020-09-03,2024-06-30,0,CLEAN
485,Railways,Ministry of Railways,705419,Gwalior - Seopurkala with extension to Kota [Gauge Conversion],2913,2913.0,2213.55,31/03/2025,28/02/2026,1,2025-03-31,2026-02-28,0,CLEAN
486,Railways,Ministry of Railways,705366,Hajipur-Sagauli New line,2067,2087.0,2084.14,31/03/2020,30/06/2027,1,2020-03-31,2027-06-30,0,EXPENDITURE_EXCEEDS_ORIGINAL
487,Railways,Ministry of Railways,706942,Harmuty-Murkongselek Branch Line Electrification Project,238,0.0,0.0,31/05/2024,,0,2024-05-31,,1,NOT_YET_REVISED_COST;MISSING_REVISED_DATE
488,Railways,Ministry of Railways,705650,Hospet - Tinaighat - Vasco Rail Doubling Project,5060,5060.0,5304.19,31/03/2027,30/12/2027,1,2027-03-31,2027-12-30,0,EXPENDITURE_EXCEEDS_ORIGINAL
489,Railways,Ministry of Railways,706950,Hospet-Hubli-Vasco da Gama Line Electrification Project,744,1122.62,1163.14,31/03/2023,30/06/2026,1,2023-03-31,2026-06-30,0,EXPENDITURE_EXCEEDS_ORIGINAL
490,Railways,Ministry of Railways,705493,Hubli-Ankola New Line Project [164.44 km],5174,0.0,178.42,31/03/2005,31/03/2030,0,2005-03-31,2030-03-31,0,NOT_YET_REVISED_COST;EXTREME_SCHEDULE_OUTLIER
491,Railways,Ministry of Railways,705763,Indore - Budni New Railway Line [198 kms],7474,7474.0,2529.21,30/09/2030,30/09/2030,1,2030-09-30,2030-09-30,0,CLEAN
492,Railways,Ministry of Railways,705507,Itarsi - Nagpur Third Railway Line [280 km],2450,2506.68,2155.76,31/03/2027,31/12/2027,1,2027-03-31,2027-12-31,0,CLEAN
493,Railways,Ministry of Railways,705511,Jagdalpur-Koraput,1547,1547.0,1379.69,31/03/2024,31/12/2026,1,2024-03-31,2026-12-31,0,CLEAN
494,Railways,Ministry of Railways,705588,Janghai-Pratapgarh- Amethi,722,1194.0,1691.52,31/03/2025,31/03/2026,1,2025-03-31,2026-03-31,0,EXPENDITURE_EXCEEDS_ORIGINAL
495,Railways,Ministry of Railways,705514,Jarapada- Budhapank with flyover at Talcher road 3rd and 4th Line,1000,810.02,455.8,13/11/2018,31/03/2028,1,2018-11-13,2028-03-31,0,CLEAN
496,Railways,Ministry of Railways,705362,"Jaynagar-Bijalpura, incl. extn. Bet, Bijalpura-Bardibas [Nepal]",819,819.0,580.51,31/03/2022,31/03/2026,1,2022-03-31,2026-03-31,0,CLEAN
497,Railways,Ministry of Railways,705742,Jeypore-Malkanagiri New Railway Line Project,2344,0.0,549.72,31/07/2033,31/07/2033,0,2033-07-31,2033-07-31,0,NOT_YET_REVISED_COST
498,Railways,Ministry of Railways,705741,Jeypore-Navarangpur New Rail Line Project,748,748.0,15.91,31/07/2028,31/12/2029,1,2028-07-31,2029-12-31,0,CLEAN
499,Railways,Ministry of Railways,900874,JHAJHA - BATIA,588,0.0,2.38,31/03/2028,30/01/2030,0,2028-03-31,2030-01-30,0,NOT_YET_REVISED_COST
500,Railways,Ministry of Railways,705598,Jhansi - Bina Third Railway Line [153 Km],2002,2002.0,1939.11,31/03/2022,31/03/2026,1,2022-03-31,2026-03-31,0,CLEAN
501,Railways,Ministry of Railways,705608,Jhansi-Khairar-Manikpur & Khirar-Bhimsen,4330,4330.0,2895.52,31/03/2026,31/03/2026,1,2026-03-31,2026-03-31,0,CLEAN
502,Railways,Ministry of Railways,400006,Jharsuguda-Barpali-Sardega Ph II Works- Rail Connectivity for Coal Loading Bulb at Barpali.,809,0.0,701.15,31/10/2025,31/12/2026,0,2025-10-31,2026-12-31,0,NOT_YET_REVISED_COST
503,Railways,Ministry of Railways,705616,Jharsuguda-Bilaspur Fourth Railway Line [206 km],2140,2979.0,2260.48,31/10/2024,31/03/2026,1,2024-10-31,2026-03-31,0,EXPENDITURE_EXCEEDS_ORIGINAL
504,Railways,Ministry of Railways,705391,Jiribam-Imphal new line project,14323,21885.9,16020.8,31/12/2026,30/06/2029,1,2026-12-31,2029-06-30,0,EXPENDITURE_EXCEEDS_ORIGINAL
505,Railways,Ministry of Railways,705450,Jogbani-Biratnagar New Rail Line project,402,486.0,369.28,31/03/2022,31/12/2026,1,2022-03-31,2026-12-31,0,CLEAN
506,Railways,Ministry of Railways,705730,Joka-BBD Bag new metro project,4835,10362.0,4932.47,31/12/2026,31/12/2029,1,2026-12-31,2029-12-31,0,EXPENDITURE_EXCEEDS_ORIGINAL
507,Railways,Ministry of Railways,705492,Kadur - Chickamagalur - Sakleshpur [93km],825,825.0,774.11,30/06/2025,31/12/2025,1,2025-06-30,2025-12-31,0,CLEAN
508,Railways,Ministry of Railways,400247,Kalinarayanpur-Krishnanagar Doubling Alongwith Krishnanagar - Chapra New Line And Naihati-Ranaghat 3rd Line.,1000,1000.0,1065.08,28/02/2027,31/03/2028,1,2027-02-28,2028-03-31,0,EXPENDITURE_EXCEEDS_ORIGINAL
509,Railways,Ministry of Railways,617245,Katihar Kumedpur & Katihar Mukuria BG Doubling Project,943,0.0,611.19,31/08/2026,28/02/2027,0,2026-08-31,2027-02-28,0,NOT_YET_REVISED_COST
510,Railways,Ministry of Railways,705661,Katni Grade Separator/Bye Pass,1248,1248.0,1817.51,30/09/2024,30/09/2026,1,2024-09-30,2026-09-30,0,EXPENDITURE_EXCEEDS_ORIGINAL
511,Railways,Ministry of Railways,705252,Kazipet Wagon Overhauling Project,385,0.0,0.0,01/12/2023,,0,2023-12-01,,1,NOT_YET_REVISED_COST;MISSING_REVISED_DATE
512,Railways,Ministry of Railways,705612,Kazipet-Vijayawada 3rd line with electrification [220 km],1953,3363.0,5178.65,28/02/2025,31/12/2025,1,2025-02-28,2025-12-31,0,EXPENDITURE_EXCEEDS_ORIGINAL
513,Railways,Ministry of Railways,705364,Khagaria-Kusheshwar Asthan [42Km] new line project,614,1384.16,491.2,31/12/2024,31/03/2027,1,2024-12-31,2027-03-31,0,CLEAN
514,Railways,Ministry of Railways,705668,KHARAGPUR-ADITYAPUR THIRD RAIL LINE- 132 KM,3250,3250.0,3287.18,31/03/2025,30/06/2026,1,2025-03-31,2026-06-30,0,EXPENDITURE_EXCEEDS_ORIGINAL
515,Railways,Ministry of Railways,617200,KHARSIA- NAYA RAIPUR-PARMALKASA 5th and 6th Line [278KM],7854,0.0,0.64,31/03/2031,,0,2031-03-31,,1,NOT_YET_REVISED_COST;MISSING_REVISED_DATE
516,Railways,Ministry of Railways,400220,Kharsia-Dharamjaygarh with Spur line [East Corridor-Phase 1],3055,3798.06,2695.19,30/09/2018,31/12/2026,1,2018-09-30,2026-12-31,0,CLEAN
517,Railways,Ministry of Railways,706898,Khurda Road - Balangir Electrification of Railway Track Project,268,0.0,0.0,31/03/2021,,0,2021-03-31,,1,NOT_YET_REVISED_COST;MISSING_REVISED_DATE
518,Railways,Ministry of Railways,705358,Khurda-Bolangir New Broad Gauge Rail Link [301km],3792,5089.0,5671.96,31/12/2026,31/12/2026,1,2026-12-31,2026-12-31,0,EXPENDITURE_EXCEEDS_ORIGINAL
519,Railways,Ministry of Railways,617832,Koderma-Arigada Doubling 133.38 Km of East Central Railway,2887,0.0,0.0,31/12/2029,,0,2029-12-31,,1,NOT_YET_REVISED_COST;MISSING_REVISED_DATE
520,Railways,Ministry of Railways,705375,Koderma-Tilaiya New Line,1626,2486.62,2215.44,28/02/2025,28/02/2026,1,2025-02-28,2026-02-28,0,EXPENDITURE_EXCEEDS_ORIGINAL
521,Railways,Ministry of Railways,705513,Koraput - Singapur Railway Doubling,2362,2362.0,1962.43,01/12/2027,30/03/2028,1,2027-12-01,2028-03-30,0,CLEAN
522,Railways,Ministry of Railways,611918,Kosamba Umarpada 70 Km,468,0.0,44.62,30/03/2027,,0,2027-03-30,,1,NOT_YET_REVISED_COST;MISSING_REVISED_DATE
523,Railways,Ministry of Railways,616983,Kosamba Umarpada GC PROJECT,468,0.0,70.54,30/06/2027,,0,2027-06-30,,1,NOT_YET_REVISED_COST;MISSING_REVISED_DATE
524,Railways,Ministry of Railways,705436,Kotapalli - Narasapur New Line,2501,2501.0,1417.65,31/03/2028,31/03/2028,1,2028-03-31,2028-03-31,0,CLEAN
525,Railways,Ministry of Railways,705638,Kumbalam-Turavur doubling project [15.59 Km],813,802.8,126.48,31/03/2027,31/03/2027,1,2027-03-31,2027-03-31,0,CLEAN
526,Railways,Ministry of Railways,611927,Kurnool - Setting up facilities for coach midlife rehabilitation workshop,561,0.0,276.66,31/12/2023,,0,2023-12-31,,1,NOT_YET_REVISED_COST;MISSING_REVISED_DATE
527,Railways,Ministry of Railways,705253,Kurnool Coach Midlife Rehabilitation Project,563,560.72,949.34,01/12/2020,31/12/2026,1,2020-12-01,2026-12-31,0,EXPENDITURE_EXCEEDS_ORIGINAL
528,Railways,Ministry of Railways,705766,Lalitpur-Birari with flyover at Lalitpur- 16 Km,304,356.0,255.32,31/12/2024,31/01/2026,1,2024-12-31,2026-01-31,0,CLEAN
529,Railways,Ministry of Railways,705480,"Lalitpur-Satna, Rewa-Singrauli & Mahoba-Khajuraho",8914,8914.0,6806.95,31/03/2027,31/12/2027,1,2027-03-31,2027-12-31,0,CLEAN
530,Railways,Ministry of Railways,705785,Lodhma - Piska - Link Line bypassing Hatia/Ranchi with Y connection,473,473.0,306.22,30/06/2026,31/05/2027,1,2026-06-30,2027-05-31,0,CLEAN
531,Railways,Ministry of Railways,607653,Ludhiana Mullanpur 21Km Doubling Railway project,235,0.0,10.0,30/06/2024,,0,2024-06-30,,1,NOT_YET_REVISED_COST;MISSING_REVISED_DATE
532,Railways,Ministry of Railways,705783,Ludhiana- Killa Raipur Railway Doubling Project,238,238.0,137.05,31/03/2025,28/02/2027,1,2025-03-31,2027-02-28,0,CLEAN
533,Railways,Ministry of Railways,616701,Lumding Furkating Doubling Project 140 km,2124,0.0,121.34,29/02/2028,,0,2028-02-29,,1,NOT_YET_REVISED_COST;MISSING_REVISED_DATE
534,Railways,Ministry of Railways,616842,LUNI- SAMDARI- BHILDI DOUBLING,3086,0.0,778.73,31/07/2027,,0,2027-07-31,,1,NOT_YET_REVISED_COST;MISSING_REVISED_DATE
535,Railways,Ministry of Railways,705489,Madurai- Tuticorin New Line,601,2084.48,641.26,31/07/2021,31/12/2027,1,2021-07-31,2027-12-31,0,EXPENDITURE_EXCEEDS_ORIGINAL
536,Railways,Ministry of Railways,611929,Maintenance cum workshop depot for Vande Bharat Sleeper Trains as per conditions under WTA 527,167,0.0,0.0,29/12/2024,,0,2024-12-29,,1,NOT_YET_REVISED_COST;MISSING_REVISED_DATE
537,Railways,Ministry of Railways,705437,Manoharabad-Kothapalli New Rail Line [151 km],1160,2781.0,3040.86,31/03/2027,31/12/2027,1,2027-03-31,2027-12-31,0,EXPENDITURE_EXCEEDS_ORIGINAL
538,Railways,Ministry of Railways,706940,"Mariani-Jorhat, Tinsukia-Dangri and Makum -TirapTrack Electrification Project",184,0.0,0.0,31/05/2024,,0,2024-05-31,,1,NOT_YET_REVISED_COST;MISSING_REVISED_DATE
539,Railways,Ministry of Railways,705491,Marikuppam - Kuppam New Line Project [23.70 Km],297,297.0,145.78,30/06/2026,30/06/2026,1,2026-06-30,2026-06-30,0,CLEAN
540,Railways,Ministry of Railways,705667,Mathura-Jhansi Third Railway Line [274 Km],5961,5961.0,5121.42,31/12/2024,31/12/2026,1,2024-12-31,2026-12-31,0,CLEAN
541,Railways,Ministry of Railways,705458,Miyagam-Karjan-Dabhoi-Samlaya [GC],484,1039.13,716.47,31/03/2021,31/12/2026,1,2021-03-31,2026-12-31,0,EXPENDITURE_EXCEEDS_ORIGINAL
542,Railways,Ministry of Railways,706757,Modasa-Shamlaji Road Railway Line Project,262,262.0,383.67,31/03/2025,31/03/2026,1,2025-03-31,2026-03-31,0,EXPENDITURE_EXCEEDS_ORIGINAL
543,Railways,Ministry of Railways,705772,"Mughalsarai-Allahabad, 3rd line",2649,2649.44,1930.12,31/12/2026,31/03/2027,1,2026-12-31,2027-03-31,0,CLEAN
544,Railways,Ministry of Railways,616699,Multi tracking of Son Nagar-Andal 374.53 rkm & 814.38 tkm,12334,0.0,816.82,31/03/2028,,0,2028-03-31,,1,NOT_YET_REVISED_COST;MISSING_REVISED_DATE
545,Railways,Ministry of Railways,611452,MUMBAI CENTRAL VIRAR VADODARA AHMEDABAAD TRAIN PROTECTION SYSTEM 500 RKM,311,311.0,263.42,31/12/2025,31/12/2026,1,2025-12-31,2026-12-31,0,CLEAN
546,Railways,Ministry of Railways,706780,Mumbai Urban Transport Project [MUTP] Phase-IIIA,33690,33690.0,3577.36,31/12/2027,31/12/2027,1,2027-12-31,2027-12-31,0,CLEAN
547,Railways,Ministry of Railways,706779,Mumbai Urban Transport Project [MUTP] - PHASE II,8087,8087.0,7504.75,31/03/2014,31/12/2027,1,2014-03-31,2027-12-31,0,EXTREME_SCHEDULE_OUTLIER
548,Railways,Ministry of Railways,706781,Mumbai Urban Transport Project Phase-III,10947,10947.0,6609.95,31/03/2022,31/12/2026,1,2022-03-31,2026-12-31,0,CLEAN
549,Railways,Ministry of Railways,705728,Mumbai-Ahmedabad High Speed Rail Project- 508 km,108000,108000.0,90501.9,31/08/2027,31/12/2029,1,2027-08-31,2029-12-31,0,CLEAN
550,Railways,Ministry of Railways,705401,Murkongselek-Pasighat,435,1250.0,853.0,31/03/2025,31/12/2026,1,2025-03-31,2026-12-31,0,EXPENDITURE_EXCEEDS_ORIGINAL
551,Railways,Ministry of Railways,705528,Muzaffarpur-Sugauli,1586,1586.0,1494.93,30/06/2024,30/06/2026,1,2024-06-30,2026-06-30,0,CLEAN
552,Railways,Ministry of Railways,709812,NADIAD-PETLAD [37.26 KM],462,0.0,186.78,30/06/2030,30/06/2030,0,2030-06-30,2030-06-30,0,NOT_YET_REVISED_COST
553,Railways,Ministry of Railways,400298,Nadikudi - Srikalahasti New Line,2312,5932.0,3069.35,31/05/2027,31/03/2028,1,2027-05-31,2028-03-31,0,EXPENDITURE_EXCEEDS_ORIGINAL
554,Railways,Ministry of Railways,400223,Nagapattinam-Tiruturaipundi and Karaikal-Peralam New Line,713,981.0,635.3,26/03/2027,31/03/2028,1,2027-03-26,2028-03-31,0,CLEAN
555,Railways,Ministry of Railways,705799,Nagpur- Nagbhir Railway Line Gauge Conversion Project,1400,1400.0,1472.0,31/12/2025,25/12/2025,1,2025-12-31,2025-12-25,0,EXPENDITURE_EXCEEDS_ORIGINAL
556,Railways,Ministry of Railways,705410,Nangal Dam-Talwara New Broad Gauge Line [84 KM] and Taking Over Siding Mukerian-Talwara [29 KM],2018,2018.0,2384.29,31/12/2025,31/12/2027,1,2025-12-31,2027-12-31,0,EXPENDITURE_EXCEEDS_ORIGINAL
557,Railways,Ministry of Railways,705629,Narayangarh-Bhadrak 3rd line,2400,3425.32,2655.21,31/12/2025,31/01/2027,1,2025-12-31,2027-01-31,0,EXPENDITURE_EXCEEDS_ORIGINAL
558,Railways,Ministry of Railways,617408,NATHDWARA- NATHDWARA TOWN NL,166,0.0,109.96,31/03/2027,,0,2027-03-31,,1,NOT_YET_REVISED_COST;MISSING_REVISED_DATE
559,Railways,Ministry of Railways,616839,Naupada-Gunupur - New line upto Theruvali [73.62 km],1166,0.0,0.0,31/12/2029,,0,2029-12-31,,1,NOT_YET_REVISED_COST;MISSING_REVISED_DATE
560,Railways,Ministry of Railways,611669,NER Provision of Automatic Block Signalling on Gorakhpur Cantt[Excl] Chhapra Gramin & Burhwal Jn [Excl] Sitapur Jn section of high density routes,380,0.0,256.53,31/03/2027,31/03/2028,0,2027-03-31,2028-03-31,0,NOT_YET_REVISED_COST
561,Railways,Ministry of Railways,709813,NEW BG LINE INTERSECTION [5 NOS] BETWEEN GERATPUR-SANAND & BOTAD-AHMEDABAD [16.51 KM],437,0.0,117.87,30/06/2028,27/10/2027,0,2028-06-30,2027-10-27,0,NOT_YET_REVISED_COST
562,Railways,Ministry of Railways,611943,New Broad Gauge line between Naliya to Jakhau Port,410,410.26,11.23,31/01/2028,28/02/2028,1,2028-01-31,2028-02-28,0,CLEAN
563,Railways,Ministry of Railways,705794,New Delhi- Howrah Speed Booster[160Kmph] Project,6685,0.0,127.03,31/03/2024,,0,2024-03-31,,1,NOT_YET_REVISED_COST;MISSING_REVISED_DATE
564,Railways,Ministry of Railways,618995,New Line between Junagarh - Nabarangpur [116.21 Km],2865,0.0,0.0,18/08/2030,,0,2030-08-18,,1,NOT_YET_REVISED_COST;MISSING_REVISED_DATE
565,Railways,Ministry of Railways,705453,"New line Dahod-Indore via Sardarpur, Jabuwa and Dhar",456,3516.77,4157.76,28/02/2027,28/02/2027,1,2027-02-28,2027-02-28,0,EXPENDITURE_EXCEEDS_ORIGINAL;EXTREME_COST_OVERRUN_OUTLIER
566,Railways,Ministry of Railways,705434,New Railway Line between Ginigera and Raichur [165.57 km],2565,3034.98,2293.26,31/03/2019,31/03/2027,1,2019-03-31,2027-03-31,0,CLEAN
567,Railways,Ministry of Railways,705764,Nimach-Badi Sadri New Rail Line Project,495,825.0,261.69,31/03/2026,30/06/2026,1,2026-03-31,2026-06-30,0,CLEAN
568,Railways,Ministry of Railways,705933,Nimach-Ratlam Doubling [133 Km],1096,1095.88,1284.91,31/10/2027,31/10/2027,1,2027-10-31,2027-10-31,0,EXPENDITURE_EXCEEDS_ORIGINAL
569,Railways,Ministry of Railways,706776,Noapara-Barasat via Bimanbandar - Construction of Metro railway [18 km],4830,4830.0,3258.95,31/08/2026,31/03/2029,1,2026-08-31,2029-03-31,0,CLEAN
570,Railways,Ministry of Railways,705298,North Region Video Surveillance Project,274,0.0,0.0,31/03/2024,,0,2024-03-31,,1,NOT_YET_REVISED_COST;MISSING_REVISED_DATE
571,Railways,Ministry of Railways,616695,Paradeep - Badabandha 3rd & 4th Line / 18.51kms,300,0.0,0.89,30/11/2028,,0,2028-11-30,,1,NOT_YET_REVISED_COST;MISSING_REVISED_DATE
572,Railways,Ministry of Railways,705747,Parasnath-Madhuban-Giridih new line,903,0.0,0.0,31/03/2024,31/03/2026,0,2024-03-31,2026-03-31,0,NOT_YET_REVISED_COST
573,Railways,Ministry of Railways,611945,Petlad Bhadran 23 Kms,307,307.11,18.9,31/05/2030,30/05/2030,1,2030-05-31,2030-05-30,0,CLEAN
574,Railways,Ministry of Railways,400280,Phase II extension of MRTS from Velachery to St Thomas Mount,734,734.01,486.53,24/07/2025,30/09/2025,1,2025-07-24,2025-09-30,0,CLEAN
575,Railways,Ministry of Railways,705385,Pirpainti - Jasidih [100.52 Km] New BG line,2555,2555.0,1113.67,31/03/2028,31/03/2028,1,2028-03-31,2028-03-31,0,CLEAN
576,Railways,Ministry of Railways,617404,POKHRAN - RAMDEVRA New Line,189,0.0,0.0,31/03/2028,,0,2028-03-31,,1,NOT_YET_REVISED_COST;MISSING_REVISED_DATE
577,Railways,Ministry of Railways,706837,Pradhan Kuntha Jn Line Doubling Project,349,349.22,125.71,30/11/2027,27/11/2027,1,2027-11-30,2027-11-27,0,CLEAN
578,Railways,Ministry of Railways,400045,Proposed 6 nos Road Over Bridge [ROB] at different locations under MCL Talcher Under Deposit Scheme.,168,0.0,69.85,31/03/2025,31/01/2025,0,2025-03-31,2025-01-31,0,NOT_YET_REVISED_COST
579,Railways,Ministry of Railways,616841,PUSHKAR- MERTA CITY NEW LINE,800,0.0,131.75,31/12/2026,,0,2026-12-31,,1,NOT_YET_REVISED_COST;MISSING_REVISED_DATE
580,Railways,Ministry of Railways,617214,Rail Connectivity to Errupalem Amravati Namburu 57 Km,2047,0.0,208.59,31/03/2027,,0,2027-03-31,,1,NOT_YET_REVISED_COST;MISSING_REVISED_DATE
581,Railways,Ministry of Railways,617409,Railway Manufacturing Unit,521,0.0,491.87,31/12/2026,31/03/2026,0,2026-12-31,2026-03-31,0,NOT_YET_REVISED_COST
582,Railways,Ministry of Railways,705793,Raising of speed to 160 kmph/200 kmph on existing New Delhi-Mumbai route incl. Vadodara-Ahmedabad,6806,8095.12,9480.86,31/03/2024,31/03/2026,1,2024-03-31,2026-03-31,0,EXPENDITURE_EXCEEDS_ORIGINAL
583,Railways,Ministry of Railways,706763,Rajkot - Kanalus Doubling Project [111.2 Kms],1081,1080.58,952.06,31/10/2026,30/06/2026,1,2026-10-31,2026-06-30,0,CLEAN
584,Railways,Ministry of Railways,705617,Rajnandgaon - Nagpur [Kalumna] Third Railway Line [228.30 km],3545,3545.0,3639.58,31/12/2024,30/06/2026,1,2024-12-31,2026-06-30,0,EXPENDITURE_EXCEEDS_ORIGINAL
585,Railways,Ministry of Railways,705481,Ramganjmandi-Bhopal New Line Project [276.50 km],3032,5073.0,4139.87,25/12/2025,31/12/2027,1,2025-12-25,2027-12-31,0,EXPENDITURE_EXCEEDS_ORIGINAL
586,Railways,Ministry of Railways,706759,Rampur Dumra-Tal-Rajendrapul Additional Bridge and Railway Line Doubling,2374,1700.24,1610.45,01/12/2024,31/12/2025,1,2024-12-01,2025-12-31,0,CLEAN
587,Railways,Ministry of Railways,617406,RATLAM- DUNGARPUR VIA BANSWARA NEW LINE PROJECT,2417,0.0,7.19,31/03/2028,,0,2028-03-31,,1,NOT_YET_REVISED_COST;MISSING_REVISED_DATE
588,Railways,Ministry of Railways,705457,Ratlam-Mhow-Khandwa-Akola Gauge Conversion,1656,6499.86,4606.71,31/03/2027,30/09/2028,1,2027-03-31,2028-09-30,0,EXPENDITURE_EXCEEDS_ORIGINAL
589,Railways,Ministry of Railways,705494,Rayadurg-Tumkur via Kalyandurg New Line [207 km],2496,2496.0,1898.7,30/09/2015,29/02/2028,1,2015-09-30,2028-02-29,0,EXTREME_SCHEDULE_OUTLIER
590,Railways,Ministry of Railways,613786,"Redevelopment of Ahmedabad railway station and associated infrastructure on engineering, procurement and construction mode",2379,0.0,977.35,31/03/2028,,0,2028-03-31,,1,NOT_YET_REVISED_COST;MISSING_REVISED_DATE
591,Railways,Ministry of Railways,613002,Redevelopment of Chennai Egmore Station,842,0.0,340.0,31/03/2026,,0,2026-03-31,,1,NOT_YET_REVISED_COST;MISSING_REVISED_DATE
592,Railways,Ministry of Railways,613015,Redevelopment of Chhatrapati Shivaji Maharaj Terminus [CSMT] and construction of associated infrastructure,1813,0.0,833.84,31/03/2027,,0,2027-03-31,,1,NOT_YET_REVISED_COST;MISSING_REVISED_DATE
593,Railways,Ministry of Railways,613785,Redevelopment of New Delhi Railway Station and construction of associated infrastructure,4744,0.0,257.53,31/12/2028,,0,2028-12-31,,1,NOT_YET_REVISED_COST;MISSING_REVISED_DATE
594,Railways,Ministry of Railways,705610,"Renigunta, Wadi & Gooty Bypass Railway Project",302,543.0,635.72,31/12/2025,31/03/2026,1,2025-12-31,2026-03-31,0,EXPENDITURE_EXCEEDS_ORIGINAL
595,Railways,Ministry of Railways,611861,Rewari - Kathuwas Doubling Project [27.72 Km],352,352.0,315.28,30/06/2027,27/06/2027,1,2027-06-30,2027-06-27,0,CLEAN
596,Railways,Ministry of Railways,705429,Rishikesh-Karnaprayag New Rail Line- 125 km,38953,38953.0,28286.2,31/12/2025,31/12/2028,1,2025-12-31,2028-12-31,0,CLEAN
597,Railways,Ministry of Railways,615915,Rourkela-Bondamunda A-Cabin 5th line [9.6 km],245,0.0,95.42,31/03/2026,,0,2026-03-31,,1,NOT_YET_REVISED_COST;MISSING_REVISED_DATE
598,Railways,Ministry of Railways,611979,Sabarmati Setting up of Maintenance Facilities for Train Sets Phase ii,250,0.0,181.53,30/06/2025,31/05/2026,0,2025-06-30,2026-05-31,0,NOT_YET_REVISED_COST
599,Railways,Ministry of Railways,617403,SADULPUR - CHURU DOUBLING PROJECT,469,0.0,188.7,30/06/2026,,0,2026-06-30,,1,NOT_YET_REVISED_COST;MISSING_REVISED_DATE
600,Railways,Ministry of Railways,705527,Sagauli-Valmiknagar,1216,2222.0,2097.52,24/12/2025,25/12/2025,1,2025-12-24,2025-12-25,0,EXPENDITURE_EXCEEDS_ORIGINAL
601,Railways,Ministry of Railways,400205,Sahjanwa-Dohrighat,1320,1319.75,492.3,31/03/2029,31/03/2029,1,2029-03-31,2029-03-31,0,CLEAN
602,Railways,Ministry of Railways,602797,"Sainthia, Sitarampur, Mughalsarai, Allahabad & Etawah - Bypass Line Project",462,461.64,291.24,31/03/2027,27/03/2027,1,2027-03-31,2027-03-27,0,CLEAN
603,Railways,Ministry of Railways,400254,Sakri -Hasanpur [via Harnagar - Kusheshwar Asthan] New Railway line,735,0.0,589.37,31/12/2024,31/03/2027,0,2024-12-31,2027-03-31,0,NOT_YET_REVISED_COST
604,Railways,Ministry of Railways,705526,Samastipur-Darbhanga Doubling Railway Project,519,519.0,401.84,31/03/2025,31/10/2025,1,2025-03-31,2025-10-31,0,CLEAN
605,Railways,Ministry of Railways,611970,Samlaya Timba Road 54 km,670,670.17,45.86,31/03/2030,30/03/2030,1,2030-03-31,2030-03-30,0,CLEAN
606,Railways,Ministry of Railways,611971,Samni Jambusar 24 km,350,349.93,71.06,31/03/2030,30/03/2030,1,2030-03-31,2030-03-30,0,CLEAN
607,Railways,Ministry of Railways,617390,Sardega -Bhalumuda New Double line [37.24 Km],1282,0.0,128.07,31/03/2028,,0,2028-03-31,,1,NOT_YET_REVISED_COST;MISSING_REVISED_DATE
608,Railways,Ministry of Railways,705659,Satna-Rewa Railway Line Doubling Project,500,584.0,566.56,31/03/2026,31/03/2026,1,2026-03-31,2026-03-31,0,EXPENDITURE_EXCEEDS_ORIGINAL
609,Railways,Ministry of Railways,705912,Sawai Madhopur-Jaipur Railway Line Project,1204,0.0,207.11,31/03/2027,,0,2027-03-31,,1,NOT_YET_REVISED_COST;MISSING_REVISED_DATE
610,Railways,Ministry of Railways,706866,Sawaimadhopur Bye Pass Line Project,304,304.0,83.03,31/03/2026,27/05/2027,1,2026-03-31,2027-05-27,0,CLEAN
611,Railways,Ministry of Railways,617345,SER Upgradation of maintenance infrastructure at Shalimar into Vande Bharat Chair Car maintenance cum workshop depot.,227,0.0,86.69,22/10/2026,,0,2026-10-22,,1,NOT_YET_REVISED_COST;MISSING_REVISED_DATE
612,Railways,Ministry of Railways,705761,SHIMOGA - SHIKARIPURA - RANEBENNUR [96 Km],1454,1454.0,97.75,01/12/2027,30/06/2028,1,2027-12-01,2028-06-30,0,CLEAN
613,Railways,Ministry of Railways,705432,Sivok-Rangpo New Rail Line,7877,11775.0,10770.4,31/05/2015,31/12/2027,1,2015-05-31,2027-12-31,0,EXPENDITURE_EXCEEDS_ORIGINAL;EXTREME_SCHEDULE_OUTLIER
614,Railways,Ministry of Railways,705735,Solapur-tuljapur-Osmanabad,905,3295.74,1216.56,31/03/2027,28/03/2028,1,2027-03-31,2028-03-28,0,EXPENDITURE_EXCEEDS_ORIGINAL
615,Railways,Ministry of Railways,617333,Surface triangle line bet. Bhadura stn and new crossing stn Karma,200,0.0,5.19,28/02/2027,,0,2027-02-28,,1,NOT_YET_REVISED_COST;MISSING_REVISED_DATE
616,Railways,Ministry of Railways,705359,Talcher-Bimlagarh New Railway Line,1928,1928.0,2120.08,31/03/2025,31/03/2029,1,2025-03-31,2029-03-31,0,EXPENDITURE_EXCEEDS_ORIGINAL
617,Railways,Ministry of Railways,400273,Tarakeshwar-Bishnupur New Line [82.47 km],1189,1542.0,1390.59,31/03/2019,28/02/2026,1,2019-03-31,2026-02-28,0,EXPENDITURE_EXCEEDS_ORIGINAL
618,Railways,Ministry of Railways,400022,Taranga Hill-Abu Road via Ambaji,2798,2798.0,2439.32,31/07/2030,31/07/2030,1,2030-07-31,2030-07-31,0,CLEAN
619,Railways,Ministry of Railways,705394,Tetlia-Byrnihat New Railway Line,1305,1304.62,1254.47,30/11/2011,30/06/2027,1,2011-11-30,2027-06-30,0,EXTREME_SCHEDULE_OUTLIER
620,Railways,Ministry of Railways,705613,Third Line [new] between Kazipet - Balharshah with electrification [201.04 Km],2595,3071.0,4141.26,31/01/2025,30/11/2025,1,2025-01-31,2025-11-30,0,EXPENDITURE_EXCEEDS_ORIGINAL
621,Railways,Ministry of Railways,400275,Tindivanam-Nagari New Line Project [184.5 km],3631,3631.0,1259.7,16/09/2025,31/03/2028,1,2025-09-16,2028-03-31,0,CLEAN
622,Railways,Ministry of Railways,617210,Tiupati Katpadi 104.39 kms,1216,0.0,0.16,31/03/2029,,0,2029-03-31,,1,NOT_YET_REVISED_COST;MISSING_REVISED_DATE
623,Railways,Ministry of Railways,705635,Trivandrum- Kanyakumari,1432,3785.45,2909.77,24/03/2025,30/06/2028,1,2025-03-24,2028-06-30,0,EXPENDITURE_EXCEEDS_ORIGINAL
624,Railways,Ministry of Railways,705496,Tumkur-Chitradurga-Davangere New Rail Line Project [191 km],1876,1876.0,563.37,31/03/2019,31/12/2027,1,2019-03-31,2027-12-31,0,CLEAN
625,Railways,Ministry of Railways,617213,Varanasi-Pt. Deen Dayal Upadhyaya multitracking 15km including construction of new Rail-cum-Road Bridge across Ganga River.,2464,0.0,59.82,30/10/2029,,0,2029-10-30,,1,NOT_YET_REVISED_COST;MISSING_REVISED_DATE
626,Railways,Ministry of Railways,705632,Vijayawada - Kazipet Byepass line,647,904.0,1242.64,12/01/2025,31/12/2025,1,2025-01-12,2025-12-31,0,EXPENDITURE_EXCEEDS_ORIGINAL
627,Railways,Ministry of Railways,705648,Vijaywada-Gudur 3rd Line,6654,6654.0,6170.32,30/11/2024,31/03/2026,1,2024-11-30,2026-03-31,0,CLEAN
628,Railways,Ministry of Railways,400253,Vizianagaram - Titlagarh 3rd line [272 Km including By - pass line of 7.68 KM],4803,6669.91,6211.43,26/12/2025,31/12/2026,1,2025-12-26,2026-12-31,0,EXPENDITURE_EXCEEDS_ORIGINAL
629,Railways,Ministry of Railways,705479,Wadsa-Gadchiroli,1886,1886.0,809.55,31/03/2027,31/03/2027,1,2027-03-31,2027-03-31,0,CLEAN
630,Railways,Ministry of Railways,705497,Wardha - Yavatmal Nanded Railway Line Project,3445,4030.69,3608.59,31/12/2026,,1,2026-12-31,,1,MISSING_REVISED_DATE;EXPENDITURE_EXCEEDS_ORIGINAL
631,Railways,Ministry of Railways,400271,Wardha-Nanded Via Yavatmal New BG Line,3445,3445.0,3002.93,28/03/2025,31/12/2026,1,2025-03-28,2026-12-31,0,CLEAN
632,Railways,Ministry of Railways,705237,Western Dedicated Freight Corridor,51101,124005.0,124623.0,31/03/2022,31/12/2025,1,2022-03-31,2025-12-31,0,EXPENDITURE_EXCEEDS_ORIGINAL
633,Railways,Ministry of Railways,611974,Western Railway Samakhiali Gandhidham Quadrupiling 53 Kms,1430,0.0,519.4,30/12/2026,31/12/2027,0,2026-12-30,2027-12-31,0,NOT_YET_REVISED_COST
634,Railways,Ministry of Railways,703585,Yeshvanthpur - Channasandra Doubling Project [21.70 Km],314,683.57,171.0,31/03/2024,31/03/2026,1,2024-03-31,2026-03-31,0,CLEAN
635,Real Estate,Department for Promotion of Industry & Internal Trade,701668,Development of Palakkad Node under extension of CBIC to Kochi,3805,0.0,0.0,22/04/2029,,0,2029-04-22,,1,NOT_YET_REVISED_COST;MISSING_REVISED_DATE
636,Real Estate,Department for Promotion of Industry & Internal Trade,601812,Development of Zaheerabad Node under Hyderabad Nagpur Industrial Corridor,2360,0.0,0.0,01/01/2029,,0,2029-01-01,,1,NOT_YET_REVISED_COST;MISSING_REVISED_DATE
637,Real Estate,Department for Promotion of Industry & Internal Trade,707419,IMC at Prayagraj,658,0.0,0.0,15/12/2028,,0,2028-12-15,,1,NOT_YET_REVISED_COST;MISSING_REVISED_DATE
638,Real Estate,Department for Promotion of Industry & Internal Trade,617729,Kopparthy Industrial Area,2136,0.0,39.75,30/10/2028,,0,2028-10-30,,1,NOT_YET_REVISED_COST;MISSING_REVISED_DATE
639,Real Estate,Department for Promotion of Industry & Internal Trade,701658,Krishnapatnam Node - Phase 1 - Roads and Services Development,2139,0.0,814.26,15/02/2028,,0,2028-02-15,,1,NOT_YET_REVISED_COST;MISSING_REVISED_DATE
640,Real Estate,Department for Promotion of Industry & Internal Trade,617727,Orvakal Industrial Area,2786,0.0,112.0,30/10/2028,,0,2028-10-30,,1,NOT_YET_REVISED_COST;MISSING_REVISED_DATE
641,Real Estate,Department for Promotion of Industry & Internal Trade,701657,Tumakuru Node - Phase 1 - Roads and Services Development,1702,0.0,278.35,21/09/2026,,0,2026-09-21,,1,NOT_YET_REVISED_COST;MISSING_REVISED_DATE
642,Real Estate,Ministry of Housing & Urban Affairs,701766,Green Building Development Project,151,206.0,54.01,23/11/2023,31/12/2026,1,2023-11-23,2026-12-31,0,CLEAN
643,Real Estate,Ministry of Housing & Urban Affairs,707229,"Integrated Command control Center [ICCC] - Construction and Development of Integrated Command Control Center with Security, Surveillance, ITMS, Connecting Port, Ship Service, Smart Solid Waste Management, Smart Public Transport System",210,0.0,0.0,31/05/2023,,0,2023-05-31,,1,NOT_YET_REVISED_COST;MISSING_REVISED_DATE
644,Real Estate,Ministry of Housing & Urban Affairs,400188,Redevelopment of Seven General Pool Residential Accommodation [GPRA] Colonies in Delhi,32850,32841.0,13885.7,31/12/2025,31/12/2025,1,2025-12-31,2025-12-31,0,CLEAN
645,Real Estate,Ministry of Housing & Urban Affairs,701719,Rehablitation in Junavadaj Area Smart City Project,539,0.0,599.76,07/07/2022,31/05/2026,0,2022-07-07,2026-05-31,0,NOT_YET_REVISED_COST;EXPENDITURE_EXCEEDS_ORIGINAL
646,Roads & Highways,Ministry of Road Transport & Highways,618788,4L Greenfield Jalbhera Shahbad section from km. 0.000 to km. 22.850 of NH-152G,927,1173.66,367.54,31/05/2025,31/05/2026,1,2025-05-31,2026-05-31,0,CLEAN
647,Roads & Highways,Ministry of Road Transport & Highways,619095,Balance works of 4L Panvel Indapur section of NH66 old NH17 from km 42.300 kasu to km 84.600 Indapur,546,472.1,420.38,17/05/2024,30/06/2026,1,2024-05-17,2026-06-30,0,CLEAN
648,Roads & Highways,Ministry of Road Transport & Highways,618452,"2-laning of Zorinpui - Longmasu section of NH-502A from km 0.000 to km 28.244 in the State of Mizoram on EPC mode under NHO-NE, stretch of IMBR",782,0.0,20.64,06/12/2026,03/07/2027,0,2026-12-06,2027-07-03,0,NOT_YET_REVISED_COST
649,Roads & Highways,Ministry of Road Transport & Highways,618547,2L NH-1 from km 8.660 to km 33.775 Sumbal to Wayul to 4L dual carriageway NH standard as part of Srinagar Ring Road PhaseII [Design Ch. 41.907 to Ch. 66.609],961,643.64,412.37,25/06/2026,06/04/2027,1,2026-06-25,2027-04-06,0,CLEAN
650,Roads & Highways,Ministry of Road Transport & Highways,618890,2L PS of Hamirpur Bypass from Km 121.175 to Km.138.295 of NH-103&3,739,754.82,233.43,28/10/2025,30/06/2026,1,2025-10-28,2026-06-30,0,CLEAN
651,Roads & Highways,Ministry of Road Transport & Highways,618751,2L PS of Hinotiya-Mehulwa section of NH-346 from Km. 27.000 to Km 75.700 Vidisha Mehulwa-Talbehat Pkg-II Section of NH- 346,582,592.71,243.28,12/09/2025,31/01/2027,1,2025-09-12,2027-01-31,0,CLEAN
652,Roads & Highways,Ministry of Road Transport & Highways,618909,2L PS of JH / WB Border km. 70.524 - Purulia km.84.400 & Purulia km. 94.30 - Chandil Junction with NH-33 km. 153.705 of Old NH-32,1652,1771.88,749.26,06/08/2022,31/10/2026,1,2022-08-06,2026-10-31,0,CLEAN
653,Roads & Highways,Ministry of Road Transport & Highways,618955,2L PS of Majhauli to Charout section from km. 0.00 to km. 63.655,638,1067.51,622.86,04/11/2021,31/05/2026,1,2021-11-04,2026-05-31,0,CLEAN
654,Roads & Highways,Ministry of Road Transport & Highways,618924,2L PS of Najibabad Kotdwar section from 112.575 to Km. 138.635 of NH 119,189,99.2,33.37,07/09/2025,30/06/2026,1,2025-09-07,2026-06-30,0,CLEAN
655,Roads & Highways,Ministry of Road Transport & Highways,618854,2L PS of Raebareli - Jagdishpur with 4L Jagdishpur Bypass Spur,706,752.52,515.53,06/01/2024,10/06/2025,1,2024-01-06,2025-06-10,0,CLEAN
656,Roads & Highways,Ministry of Road Transport & Highways,618655,2L PS of Roshni to Ashapur Section of NH-347B from Design KM Ch. 89.900 to 114.000 KM Package III of Betul Khandwa,201,120.75,109.85,21/08/2026,21/08/2026,1,2026-08-21,2026-08-21,0,CLEAN
657,Roads & Highways,Ministry of Road Transport & Highways,618958,2L with ES of Yagyi - Kalewa section from Milepost 40/0 to Milepost 115/5 in Myanmar,1200,1200.14,0.0,01/06/2023,31/07/2027,1,2023-06-01,2027-07-31,0,CLEAN
658,Roads & Highways,Ministry of Road Transport & Highways,618907,2L/4L of Hoshiarpur to Una section including Hoshiarpur Bypass of NH 503A,571,481.88,63.4,20/05/2027,20/05/2027,1,2027-05-20,2027-05-20,0,CLEAN
659,Roads & Highways,Ministry of Road Transport & Highways,618908,3L Major Bridge over River Brahmani at Km. 401.250 Duburi - Chandikhole Section of NH-200 New NH -53,154,103.68,73.59,31/01/2025,31/12/2026,1,2025-01-31,2026-12-31,0,CLEAN
660,Roads & Highways,Ministry of Road Transport & Highways,618669,4 -Laning of MP/UP Border to Kabarai section of NH-34&35 from km 197.000 to km 242.991 Length 45.991 Km Sagar-Kabrai Package-5 under Bharat Mala Pariyojana EC in MP & UP on HAM,1633,1425.43,322.5,14/02/2027,31/01/2027,1,2027-02-14,2027-01-31,0,CLEAN
661,Roads & Highways,Ministry of Road Transport & Highways,619102,4 L of China Orampadu-Renigunta section of NH-716 Package-II of Kadapa-Renigunta section,1500,0.0,0.17,15/03/2028,14/03/2028,0,2028-03-15,2028-03-14,0,NOT_YET_REVISED_COST
662,Roads & Highways,Ministry of Road Transport & Highways,618961,4 Lane Inner Ring Road around Allahabad City Pkg-1 Prayagraj Southern Bypass 34.400 43.200,776,498.97,15.11,18/12/2027,18/12/2027,1,2027-12-18,2027-12-18,0,CLEAN
663,Roads & Highways,Ministry of Road Transport & Highways,618960,4 Lane Inner Ring Road around Allahabad City Pkg-2 Prayagraj Southern Bypass 43.200 - 50.860,1378,1007.62,394.66,15/06/2026,14/06/2027,1,2026-06-15,2027-06-14,0,CLEAN
664,Roads & Highways,Ministry of Road Transport & Highways,618641,4 Lane of CG/JH Border-Gumla from km 0.000 to km 32.370 of NH-43 in the State of Jhrkhand,1326,0.0,13.83,17/02/2028,17/02/2028,0,2028-02-17,2028-02-17,0,NOT_YET_REVISED_COST
665,Roads & Highways,Ministry of Road Transport & Highways,618649,4 Lane with PS from Des. Ch 228.500 to Des. Ch. 273.400 of Belgaum-Hungund-Raichur Section of NH 748 A Package-6,1246,1012.78,241.66,20/11/2026,30/06/2027,1,2026-11-20,2027-06-30,0,CLEAN
666,Roads & Highways,Ministry of Road Transport & Highways,619108,4 Lane with PS from Des. Ch 0.000 to Des. Ch. 43.800 of Belgaum-Hungund-Raichur Section of NH-748A Package-1,1452,1256.55,206.99,17/06/2027,30/09/2027,1,2027-06-17,2027-09-30,0,CLEAN
667,Roads & Highways,Ministry of Road Transport & Highways,619107,4 Lane with PS from Des. Ch 136.100 to Des. Ch. 182.300 of Belgaum-Hungund-Raichur Section of NH-748A Package-4,1311,1123.35,46.41,28/09/2027,31/03/2028,1,2027-09-28,2028-03-31,0,CLEAN
668,Roads & Highways,Ministry of Road Transport & Highways,619106,4 Lane with PS from Des. Ch 182.300 to Des. Ch. 228.500 of Belgaum-Hungund-Raichur Section of NH 748 A Package-5,1142,868.65,214.81,20/11/2026,31/07/2027,1,2026-11-20,2027-07-31,0,CLEAN
669,Roads & Highways,Ministry of Road Transport & Highways,618651,4 Lane with PS from Des. Ch 43.800 to Des. Ch. 89.900 of Belgaum-Hungund-Raichur Section of NH-748A Package-2,1428,1293.94,444.62,28/02/2027,30/06/2027,1,2027-02-28,2027-06-30,0,CLEAN
670,Roads & Highways,Ministry of Road Transport & Highways,618650,4 Lane with PS from Des. Ch 89.900 to Des. Ch. 136.100 of Belgaum-Hungund-Raichur Section of NH-748A Package-3,1364,1219.62,115.76,03/04/2027,31/12/2027,1,2027-04-03,2027-12-31,0,CLEAN
671,Roads & Highways,Ministry of Road Transport & Highways,618691,4 laning of Aligarh-Palwal Section from Km. 46.390 Design Chainage to Km. 69.110 Terminating at junction EPE Package-II from Kurana- Eastern Peripheral Expressway of NH-334D,939,903.94,146.48,26/08/2027,27/08/2027,1,2027-08-26,2027-08-27,0,CLEAN
672,Roads & Highways,Ministry of Road Transport & Highways,618823,4 laning of Barasat - Barajaguli Section of NH-12 from Km. 31.000 to Km. 48.679 in the district of North 24 - Parganas,352,346.39,84.95,11/02/2026,31/03/2027,1,2026-02-11,2027-03-31,0,CLEAN
673,Roads & Highways,Ministry of Road Transport & Highways,618957,4 laning of Champa - Korba from km 0.00 to km 38.2,1002,1304.47,780.84,05/01/2024,31/05/2026,1,2024-01-05,2026-05-31,0,CLEAN
674,Roads & Highways,Ministry of Road Transport & Highways,619158,4 Laning of Duburi Chandikhole from km 388.376 to km 428.074 Pkg-III,789,907.61,572.09,09/08/2022,30/06/2026,1,2022-08-09,2026-06-30,0,CLEAN
675,Roads & Highways,Ministry of Road Transport & Highways,618826,4 Laning of NH-544D from Km 0.000 to km 37.000 of Anantapur- Muchukota section Pkg-1,908,905.98,448.53,21/07/2025,29/05/2026,1,2025-07-21,2026-05-29,0,CLEAN
676,Roads & Highways,Ministry of Road Transport & Highways,618827,4 Laning of NH-544D from Km 37.000 to km 69.000 of Muchukota- Bugga section Pkg-2,1098,1055.23,356.89,15/08/2025,24/07/2026,1,2025-08-15,2026-07-24,0,CLEAN
677,Roads & Highways,Ministry of Road Transport & Highways,618964,4 Laning of Sandalpur to Nasrullaganj Pkg-1 section of NH-146B Length 43.2 Km.,1426,0.0,66.78,09/01/2028,09/01/2028,0,2028-01-09,2028-01-09,0,NOT_YET_REVISED_COST
678,Roads & Highways,Ministry of Road Transport & Highways,619157,4 Laning of Talcher to end of Kamakhyanagar Bypass km 8.844 - km 15.725 of NH-149 and km 301.875 - km 335.946 of NH-53 Pkg-I,795,810.71,402.98,19/08/2021,31/10/2026,1,2021-08-19,2026-10-31,0,CLEAN
679,Roads & Highways,Ministry of Road Transport & Highways,619167,4 Laning with PS of Pathrapalli-Katghora km 53.3 to km 92.6 Pkg-II of Bilaspur Kathghora,865,1275.26,587.68,03/12/2022,30/06/2026,1,2022-12-03,2026-06-30,0,CLEAN
680,Roads & Highways,Ministry of Road Transport & Highways,618690,"4 lanning of Aligarh Palwal section from km 0.00 to km 46.39 package -1 from khereshwar junction-kurana of NH33D , including khair & jattari bypass in the state of UP on HAM mode",1663,1685.69,534.65,26/03/2027,26/03/2027,1,2027-03-26,2027-03-26,0,CLEAN
681,Roads & Highways,Ministry of Road Transport & Highways,618666,4- Laning of Mohari to Satai Ghat section NH-934 from Km 50300 to Km 89875 Total length 39.575 km Package-2 in the State of Madhya Pradesh on EPC Mode,711,539.08,431.99,27/08/2026,31/08/2026,1,2026-08-27,2026-08-31,0,CLEAN
682,Roads & Highways,Ministry of Road Transport & Highways,618282,4-L Bilasipara-Guwahati Package-10,1265,0.0,469.24,18/06/2026,31/03/2027,0,2026-06-18,2027-03-31,0,NOT_YET_REVISED_COST
683,Roads & Highways,Ministry of Road Transport & Highways,618283,4-L Bilasipara-Guwahati Package-9,1000,0.0,416.11,11/06/2026,31/03/2027,0,2026-06-11,2027-03-31,0,NOT_YET_REVISED_COST
684,Roads & Highways,Ministry of Road Transport & Highways,618913,4-L of Rajamunda to Barkote Section of NH-23 from km. 287.200 to km. 337.185,610,630.97,114.77,13/06/2021,31/12/2024,1,2021-06-13,2024-12-31,0,CLEAN
685,Roads & Highways,Ministry of Road Transport & Highways,618316,4-Laning of Vairengte - Chhimluang section Package-3 of NH-306 from Existing Chainage km 43000 to Km 59700 Design Chainage km 46000 to km 60850 on Silchar - Vairengte- Sairang road in the State of Mizoram under Bharatmala Pariyojna under NHO-NE. Package-1&2 in Assam state,491,0.0,32.46,07/01/2027,30/12/2026,0,2027-01-07,2026-12-30,0,NOT_YET_REVISED_COST
686,Roads & Highways,Ministry of Road Transport & Highways,617941,4-Laning from End of Zuari approaches to Start of Margao Bypass section of NH-66 from Km 536.800 to Km 543.450,398,0.0,0.0,15/02/2028,15/02/2028,0,2028-02-15,2028-02-15,0,NOT_YET_REVISED_COST
687,Roads & Highways,Ministry of Road Transport & Highways,618435,4-Laning from Rangagara to Kaliabor Tiniali from km 297.00 to km 315.315 of NH-37 on EPC basis under SARDP-NE in state of Assam,387,0.0,352.16,21/04/2020,15/06/2026,0,2020-04-21,2026-06-15,0,NOT_YET_REVISED_COST
688,Roads & Highways,Ministry of Road Transport & Highways,618013,4-laning of Puttaparthi-Koduru Section of NH-342,1319,909.19,341.52,06/11/2025,30/06/2026,1,2025-11-06,2026-06-30,0,CLEAN
689,Roads & Highways,Ministry of Road Transport & Highways,618328,4-Laning of Balance work of Dimapur-Kohima Road from design km 152.490 to km 166.700 Existing km 156.000 to km 172.900 Excluding Dimapur & Kohima Bypass under SARDP-NE Package-III,563,794.75,119.71,28/09/2025,,1,2025-09-28,,1,MISSING_REVISED_DATE
690,Roads & Highways,Ministry of Road Transport & Highways,618317,4-Laning of chhimluang-Kolasib from section pkg-4 of NH-306 & NH-6 existing chainage km 59700 to km 86000 design chainage km 61000 to km 77500 on Silchar-vairengte-sairang road in the state of Mizoram under Bharatmala Pariyojna on EPC mode Vairengte - Sairang Pkg-4,562,0.0,0.0,07/01/2027,30/12/2026,0,2027-01-07,2026-12-30,0,NOT_YET_REVISED_COST
691,Roads & Highways,Ministry of Road Transport & Highways,618314,4-Laning of Dhanehari Lailapur / Vairengte section from Existing Chainage km 12920 to km 43000 of NH 306 Design Chainage km 20000 to km 49360 on Silchar - Vairengte Sairang road in the State of Assam under Bharatmala Pariyojna on EPC mode. Project Length 29.360 km under NHO-NE Package-2,1716,0.0,918.32,14/08/2026,14/08/2026,0,2026-08-14,2026-08-14,0,NOT_YET_REVISED_COST
692,Roads & Highways,Ministry of Road Transport & Highways,618033,4-Laning of Itanagar to Bandardewa section of NH-415from km 40430 to km 51735 Package-Bon EPC Mode in the state of Arunachal Pradesh Job NO. 415/Ar. P/2020-21/031,496,0.0,165.43,07/12/2024,31/07/2026,0,2024-12-07,2026-07-31,0,NOT_YET_REVISED_COST
693,Roads & Highways,Ministry of Road Transport & Highways,618436,4-Laning of Jamugurihat to end of Biswanath Chariali By-Pass from Km 182.000 to Km 208.000 of NH-52 on EPC mode in state of Assam under SARDP-NE,599,0.0,405.02,19/06/2019,30/07/2025,0,2019-06-19,2025-07-30,0,NOT_YET_REVISED_COST
694,Roads & Highways,Ministry of Road Transport & Highways,618318,4-Laning of Kolasib - Sethawn section Package-5 of NH-6 from Existing Chainage km 86000 to km 107850 Design Chainage km 77500 to km 95500 on silchar - vairengte - sairang road under Bharatmala Pariyojna on EPC mode under NHO-NE Vairengte - Sairang Pkg-5,720,0.0,40.29,07/07/2027,28/06/2027,0,2027-07-07,2027-06-28,0,NOT_YET_REVISED_COST
695,Roads & Highways,Ministry of Road Transport & Highways,618438,"4-Laning of NH-37 Section between Demow to End of Moran Bypass From Km. 534.800 to Km. 561.700 including Emergency Landing Facility ELF under SARDP-NE, Phase 'A' in the State of Assam on EPC mode",386,0.0,145.89,20/07/2024,14/08/2025,0,2024-07-20,2025-08-14,0,NOT_YET_REVISED_COST
696,Roads & Highways,Ministry of Road Transport & Highways,618783,4-laning of Pilibhit - Sitarganj from Km. 32.500 to Km. 70.800 Pkg-2 of NH-30,1471,1471.19,416.11,13/03/2026,25/01/2027,1,2026-03-13,2027-01-25,0,CLEAN
697,Roads & Highways,Ministry of Road Transport & Highways,618319,"4-Laning of Sethawn - N. Kawnpui section Package-6 of NH-6 from Existing Chainage km 107850 to km 126315 Design Chainage km 95500 to km 111850 on Silchar-Vairengte- Sairang road, Vairengte - Sairang Pkg-6",596,0.0,21.02,07/01/2027,30/12/2026,0,2027-01-07,2026-12-30,0,NOT_YET_REVISED_COST
698,Roads & Highways,Ministry of Road Transport & Highways,618315,4-Laning of Silchar - Dhanehari section from Existing Chainage km 263800 of NH 37 to km 12920 of NH 306 Design Chainage km 0000 to km 20000 on Silchar - Vairengte - Sairang road in the State of Assam under Bharatmala Pariyojna on EPC mode Package-1,1257,0.0,550.91,23/07/2026,22/07/2026,0,2026-07-23,2026-07-22,0,NOT_YET_REVISED_COST
699,Roads & Highways,Ministry of Road Transport & Highways,618672,4-lanning of Gyaraspur to Rahatgarh section of NH-146 from Design Ch. 88361 to Ch 124470 in the state of MP on HAM mode,903,592.44,104.59,05/11/2027,05/11/2027,1,2027-11-05,2027-11-05,0,CLEAN
700,Roads & Highways,Ministry of Road Transport & Highways,618671,4-lanning of Rahatgarh to Berkhedi section of NH-146 from Design Ch 124470 to Ch. 134.549,618,342.69,5.01,20/12/2027,19/12/2027,1,2027-12-20,2027-12-19,0,CLEAN
701,Roads & Highways,Ministry of Road Transport & Highways,619103,4/6 Laning of Raipur-Simga Pkg-I from km. 0.00 to km. 48.58,1097,1172.36,107.31,20/04/2018,31/05/2026,1,2018-04-20,2026-05-31,0,CLEAN
702,Roads & Highways,Ministry of Road Transport & Highways,618495,4/6L Access Control Expressway from Design Chainage Km 515.000 to 528.300 Kunjwani to Sidhra Section of NH-44 and from Design Chainage Km 550.900 to Km 566.520 Domel to Katra Section Phase II-Package XVII,2895,2894.74,810.99,13/06/2025,31/03/2027,1,2025-06-13,2027-03-31,0,CLEAN
703,Roads & Highways,Ministry of Road Transport & Highways,619318,4/6L Greenfield Ludhiana Rupnagar highway from Jn. with NE-5 village near to ManewalLudhiana to Jn. with NH-205 near Bheora Village Rupnagar from Km. 0.00 to Km. 37.7 including spur to Kharar with Ludhiana bypass of NH-205K Pkg-1,1369,1382.48,487.99,10/12/2024,10/12/2027,1,2024-12-10,2027-12-10,0,CLEAN
704,Roads & Highways,Ministry of Road Transport & Highways,618785,4/6L Greenfield LudhianaRupnagar highway from Jn. with NE-5 village near to ManewalLudhiana to Jn. with NH-205 near Bheora Village Rupnagar from Km 66.0 to Km 91.0 i/c spur to Kharar from Km 0.0 to Km 19.5 with Ludhiana bypass of NH-205K Pkg-3,1501,1815.13,992.99,15/02/2025,31/05/2026,1,2025-02-15,2026-05-31,0,CLEAN
705,Roads & Highways,Ministry of Road Transport & Highways,618969,4/6L of Spur to Haridwar Greenfield from Km. 0.000 to Km. 50.70,2156,2612.3,1469.55,19/02/2025,30/06/2026,1,2025-02-19,2026-06-30,0,CLEAN
706,Roads & Highways,Ministry of Road Transport & Highways,618517,4/6L of Bangalore - Pune Section of bypass connecting Dharwad - Hubli from km. 403.80 to km. 433.20,1135,763.36,732.44,21/09/2025,30/11/2026,1,2025-09-21,2026-11-30,0,CLEAN
707,Roads & Highways,Ministry of Road Transport & Highways,619132,4/6L of Gurgaon - Pataudi - Rewari from km. 0.00 to km.43.87 of NH-352W,1810,1917.5,522.34,23/11/2023,31/08/2026,1,2023-11-23,2026-08-31,0,CLEAN
708,Roads & Highways,Ministry of Road Transport & Highways,618567,4/6L of Northern Ayodhya Bypass starting Km. 112.540 and ending Km. 139.928 north of existing NH-27 part-1 and part-2 south of NH-27 from km 0.000 to km 5.000.,2289,1834.25,198.35,06/01/2028,07/01/2028,1,2028-01-06,2028-01-07,0,CLEAN
709,Roads & Highways,Ministry of Road Transport & Highways,618568,4/6L Southern Ayodhya Bypass from Km 5.000 to Km 37.172 starting near Km. 112.540 and ending at Km. 153.281 of NH-27,2541,1983.05,265.58,27/09/2027,27/09/2027,1,2027-09-27,2027-09-27,0,CLEAN
710,Roads & Highways,Ministry of Road Transport & Highways,618935,4L Ambala - Kalaamb from Km. -0.800 to Km. 33.015 of old NH-72,1184,1190.34,452.48,08/06/2025,31/05/2026,1,2025-06-08,2026-05-31,0,CLEAN
711,Roads & Highways,Ministry of Road Transport & Highways,618741,4L Greenfield Alignment from Kalyanapur to Tal Dashraha of NH-119D Pkg-III,1858,1969.3,416.74,15/02/2025,23/06/2027,1,2025-02-15,2027-06-23,0,CLEAN
712,Roads & Highways,Ministry of Road Transport & Highways,618852,4L Sundar Nagar Bypass from Km.173.900 to Km.179.600 of NH-21,191,192.11,182.17,14/06/2024,31/05/2026,1,2024-06-14,2026-05-31,0,CLEAN
713,Roads & Highways,Ministry of Road Transport & Highways,618811,4L Access Controlled Greenfield Highway Section Mancherial Warangal from Pangidipalle village at Design Ch. 72.350 Km to Oorugonda village at Design Ch. 112.240 KmPackage-III,1184,1170.64,83.68,13/06/2027,30/06/2027,1,2027-06-13,2027-06-30,0,CLEAN
714,Roads & Highways,Ministry of Road Transport & Highways,619143,4L Access Controlled Greenfield Highway section on NH-163G Khammam Vijayawada from BrahmanapalliK village at Design Ch. 250.400 Km to Remidicherla village at Design Ch. 280.200 KmPackage-II,826,862.58,69.29,26/03/2027,30/06/2027,1,2027-03-26,2027-06-30,0,CLEAN
715,Roads & Highways,Ministry of Road Transport & Highways,618818,4L Access Controlled Greenfield Highway section on NH-163G Khammam Vijayawada from Remidicherla village at Design Ch. 280.200 Km to Jakkampudi village on NH-16 at Design Ch. 309.909 Km Package-III,1183,1225.14,1.28,07/05/2027,30/12/2027,1,2027-05-07,2027-12-30,0,CLEAN
716,Roads & Highways,Ministry of Road Transport & Highways,618817,4L Access Controlled Greenfield Highway section on NH-163G Khammam Vijayawada from V. Venkatayapalem village at Design Ch. 220.480 Km to BrahmanapalliK village at Design Ch. 250.400 Km Package-I.,973,1021.96,227.62,18/03/2027,30/06/2027,1,2027-03-18,2027-06-30,0,CLEAN
717,Roads & Highways,Ministry of Road Transport & Highways,618815,4L Access Controlled Greenfield Highway section on NH-163G Warangal-Khammam from Venkatpur village in Warangal District at Design Ch. 150.240 Km to Thallasenkesa village in Mahabubabed District at Design Ch. 189.650 kmPackage-II,1093,1083.11,304.89,18/04/2026,31/10/2026,1,2026-04-18,2026-10-31,0,CLEAN
718,Roads & Highways,Ministry of Road Transport & Highways,618814,4L Access Controlled Greenfield Highway section on NH163G Warangal-Khammam from Oorugonda village in Hanamkonda District at Design Ch. 112.240 Km to Venkatpur village in Warangal District at Design Ch. 150.240 KmPackage-I,1143,1140.82,65.67,12/06/2027,31/05/2028,1,2027-06-12,2028-05-31,0,CLEAN
719,Roads & Highways,Ministry of Road Transport & Highways,618813,4L Access Controlled Greenfield Section Mancherial Warangal from Narva village at Design Ch. 3.834 Km to Puttapaka village at Design Ch. 35.300 Km Package-I,1128,1104.27,110.86,22/12/2026,31/10/2027,1,2026-12-22,2027-10-31,0,CLEAN
720,Roads & Highways,Ministry of Road Transport & Highways,618812,4L Access Controlled Greenfield Section Mancherial Warangal from Puttapaka village at Design Ch. 35.300 Km to Pangidipalle village at Design Ch. 72.350 KmPackage-II,1129,1145.41,78.94,13/06/2027,31/12/2027,1,2027-06-13,2027-12-31,0,CLEAN
721,Roads & Highways,Ministry of Road Transport & Highways,618481,4L Bangalore-Chennai Expressway from Km. 230.000 to Km. 261.705 of Kanchepuram to Sriperumbudur Section Phase-III/Package-IV,3606,3605.73,903.19,09/07/2024,31/10/2026,1,2024-07-09,2026-10-31,0,CLEAN
722,Roads & Highways,Ministry of Road Transport & Highways,618923,4L Behsuma at Km 39.250 Ex. Km 39240 To Bijnor at Km 78.810 Ex. Km 86590 Design Length 39.560 Km of NH-119 Pkg-II,2158,2553.12,694.43,19/05/2026,19/05/2026,1,2026-05-19,2026-05-19,0,CLEAN
723,Roads & Highways,Ministry of Road Transport & Highways,618792,4L Bhiwani-Hansi road section of NH-148B,1330,1144.21,440.38,17/12/2025,31/05/2026,1,2025-12-17,2026-05-31,0,CLEAN
724,Roads & Highways,Ministry of Road Transport & Highways,618623,4L Boregaon Buzurg to Shahpur Pkg I of Boregaon Buzurg to Muktainagar of NH 753L,1504,1132.34,501.44,31/01/2026,30/07/2026,1,2026-01-31,2026-07-30,0,CLEAN
725,Roads & Highways,Ministry of Road Transport & Highways,618914,"4L Elevated Corridor and at-grade improvements from Design Ch0000 to Design Ch 19870 of Danapur Bihta Section, Design Ch0000 to Design Ch0231 connecting the existing RoB near Danapur station ,1.35 Km ramps and at-grade improvements to 4-lane section on Danapur side and Upgradation of existing Two lane carriageway to Four Lane carriageway from Design Ch19870 to Design Ch23500 of Bihta - Koilwar section",4433,2625.4,1371.21,08/09/2026,31/08/2027,1,2026-09-08,2027-08-31,0,CLEAN
726,Roads & Highways,Ministry of Road Transport & Highways,618736,4L Elevated corridor of Kalimandir-Dimna Chowk-Baliguma Jamshedpur Section of NH-33 New NH-18 from km 241940 to km 251961 Length 10.021 km,936,832.2,281.39,15/03/2027,15/03/2027,1,2027-03-15,2027-03-15,0,CLEAN
727,Roads & Highways,Ministry of Road Transport & Highways,618570,4L Elevated Highway and at grade improvements at Gopalganj Town from Km. 384.000 to Km. 386.750 on NH-27,326,248.92,225.44,31/08/2024,15/04/2026,1,2024-08-31,2026-04-15,0,CLEAN
728,Roads & Highways,Ministry of Road Transport & Highways,618841,4L Elevated Section and at-grade improvements at Begusarai town Simaria - Khagaria section from Km. 221.047 to Km. 225.302 of NH-31,491,348.38,342.96,23/12/2024,20/06/2026,1,2024-12-23,2026-06-20,0,CLEAN
729,Roads & Highways,Ministry of Road Transport & Highways,618868,4L from Devinagar Bypass End Existing Km. 208.000 of NH 530B/Design Km. 66.000 to Kasganj Bypass End Existing Km.150.100 of NH 530B/ Design Km. 123.100 of NH 530B,2290,2223.71,486.52,05/06/2026,05/06/2026,1,2026-06-05,2026-06-05,0,CLEAN
730,Roads & Highways,Ministry of Road Transport & Highways,618865,4L from Gaju Village at Km. 32.982 to Devinagar Bypass End at Km. 208.000 of NH-530B Pkg-1C.,1385,1496.44,823.04,01/01/2025,,1,2025-01-01,,1,MISSING_REVISED_DATE
731,Roads & Highways,Ministry of Road Transport & Highways,618661,4L from km 0.000 to 42.040 Bhopal Ratnaigiri Tiraha to Vidisha Morikodi,1032,1038.18,44.78,12/11/2027,12/11/2027,1,2027-11-12,2027-11-12,0,CLEAN
732,Roads & Highways,Ministry of Road Transport & Highways,618830,4L from Km 147.450 Bhogu to Km 196.870 Sankha on NH-75 Sec-III,1518,1652.09,991.9,08/11/2025,30/06/2026,1,2025-11-08,2026-06-30,0,CLEAN
733,Roads & Highways,Ministry of Road Transport & Highways,618829,4L from km 196.87 Sankha to km 219.6 Khajuri on NH-75 [Rehla / Garhwa Bypass],1129,1129.48,527.11,06/10/2023,,1,2023-10-06,,1,MISSING_REVISED_DATE
734,Roads & Highways,Ministry of Road Transport & Highways,618828,4L from Km 219.600 Khajuri to Km 260.483 Wyndhamganj on NH-75 Sec-V,1436,1465.55,830.18,14/09/2025,31/05/2026,1,2025-09-14,2026-05-31,0,CLEAN
735,Roads & Highways,Ministry of Road Transport & Highways,618832,4L from Km 55.00 Kuru to Km 95.400 Udaipura on NH-75 Sec-I,1275,0.0,41.83,10/01/2028,10/01/2028,0,2028-01-10,2028-01-10,0,NOT_YET_REVISED_COST
736,Roads & Highways,Ministry of Road Transport & Highways,618831,4L from Km 95.400 Udaipura to Km 147.450 Bhogu on NH-75 Sec-II,1437,1301.54,200.87,09/10/2026,31/03/2027,1,2026-10-09,2027-03-31,0,CLEAN
737,Roads & Highways,Ministry of Road Transport & Highways,618864,4L from Mathura Bypass Start at Existing Km. 154.20 of NH-44 to Gaju Village at Km 32.982 of NH-530B Pkg-IB,1722,1820.77,1049.87,19/03/2025,15/05/2026,1,2025-03-19,2026-05-15,0,CLEAN
738,Roads & Highways,Ministry of Road Transport & Highways,618705,"4L Godibandha to Ballhar Chhak, Ballhar Chhak to Banarpal & Banarpal to Start of Angul bypass at Km.314.130 to Km.321.035 of NH53, at Km.75.200 to Km.84.000 of NH149 & at Km.84.000 to Km.86.100 of NH55",973,0.0,153.23,23/02/2028,28/02/2028,0,2028-02-23,2028-02-28,0,NOT_YET_REVISED_COST
739,Roads & Highways,Ministry of Road Transport & Highways,618566,4L Green Field Northern East side Gorakhpur Bypass 26.616 Kms starting from NH-29E Chainage 83.308 and end at NH-28 Chainage 285.100,1974,1244.44,955.14,02/01/2026,31/01/2027,1,2026-01-02,2027-01-31,0,CLEAN
740,Roads & Highways,Ministry of Road Transport & Highways,618760,4L Greenfield a Malout bypass from ch. Km 44.500 to ch. Km 35.500 on NH-07 and Ch. Km 0.000 to Km 6.984 on NH-09 bMandi Dabwali Bypass from Ch. 38.450 Km to Km 27.910 Pkg-02,646,556.09,549.2,01/07/2024,30/04/2026,1,2024-07-01,2026-04-30,0,CLEAN
741,Roads & Highways,Ministry of Road Transport & Highways,618739,4L Greenfield Alignment of Amas to Shivrampur from 0.000 Km. to 55.002 Km. of NH 119 D Pkg-I,1391,1427.43,341.86,29/03/2025,30/09/2026,1,2025-03-29,2026-09-30,0,CLEAN
742,Roads & Highways,Ministry of Road Transport & Highways,618740,4L Greenfield Alignment of Shivrampur to Ramnagar from Km. 55.002 to Km. 109.300 of NH 119 D Pkg-II,1494,1546.07,264.72,03/07/2025,30/06/2027,1,2025-07-03,2027-06-30,0,CLEAN
743,Roads & Highways,Ministry of Road Transport & Highways,618807,"4L Greenfield Road connecting North and South industrial cluster of Khandaleru Creek near Krishnapatnam port at Thamminapatnam to Mollur from Km 0.0 to Km 16.046, Part I & 6L extension of dedicated port road of NH-67 Km 18.0 to Km 19.3, Part II",609,559.98,505.16,24/09/2025,30/06/2026,1,2025-09-24,2026-06-30,0,CLEAN
744,Roads & Highways,Ministry of Road Transport & Highways,618654,4L Greenfield Rudhi to Deshgaon Pkg V of Betul-Khandwa/Deshgaon,521,469.68,196.17,05/10/2025,30/09/2026,1,2025-10-05,2026-09-30,0,CLEAN
745,Roads & Highways,Ministry of Road Transport & Highways,619063,4L Greenfield spur from Delhi-Vadodara Greenfield expressway near Bandikui to Jaipur,1636,2170.39,1205.29,10/11/2024,31/05/2026,1,2024-11-10,2026-05-31,0,CLEAN
746,Roads & Highways,Ministry of Road Transport & Highways,618917,4L Greenfield starting from NH-30 near Saristabad Patna to Nathupur Project end point of Patna-Gaya-Dobhi Section of NH-83,488,419.66,82.7,27/08/2025,30/06/2026,1,2025-08-27,2026-06-30,0,CLEAN
747,Roads & Highways,Ministry of Road Transport & Highways,618911,4L Greenfield Western Side spur of Rampur-Rudrapur Section from Km 0.000 to Km 13.700 connecting NH-24 to NH-87 bypassing rampur town,646,637.83,166.33,02/11/2024,31/05/2026,1,2024-11-02,2026-05-31,0,CLEAN
748,Roads & Highways,Ministry of Road Transport & Highways,619093,4L Ismailabad to Ambala Section of NH-152 Lot-4/Package-1,609,454.34,169.1,06/12/2025,30/04/2027,1,2025-12-06,2027-04-30,0,CLEAN
749,Roads & Highways,Ministry of Road Transport & Highways,618867,4L Kasganj-Badaun Section from Km. 123.100 to Km. 179.500 Pkg-III of NH530B,2009,1936.61,191.05,29/05/2027,30/04/2027,1,2027-05-29,2027-04-30,0,CLEAN
750,Roads & Highways,Ministry of Road Transport & Highways,618834,4L Kodinar - Veraval Package VI from km. 222.400 to km. 230.00 Kodinar Bypass of NH-8E NH 51 new,163,192.01,174.82,20/09/2023,30/04/2025,1,2023-09-20,2025-04-30,0,EXPENDITURE_EXCEEDS_ORIGINAL
751,Roads & Highways,Ministry of Road Transport & Highways,619292,4L Medinipur to Ballupur from Km. 458.65 to Km. 487.65 of NH-07Pkg-2,1093,1072.5,715.36,17/02/2025,15/07/2026,1,2025-02-17,2026-07-15,0,CLEAN
752,Roads & Highways,Ministry of Road Transport & Highways,618588,4L Mitigation Measure structures on CH/MH Border to Wainganga Bridge Section of NH-6 New NH-53,540,468.92,464.26,07/11/2023,31/05/2026,1,2023-11-07,2026-05-31,0,CLEAN
753,Roads & Highways,Ministry of Road Transport & Highways,618735,4L of Chandesara to Khedakhajuriya from Km. 0.000 to - 750 & Km 0.000 to km 41.400 of NH-148NG Pkg-I,910,976.55,436.44,31/05/2024,15/05/2026,1,2024-05-31,2026-05-15,0,CLEAN
754,Roads & Highways,Ministry of Road Transport & Highways,619073,4L of 42.000 to km 80.00 of Dodaballapur Bypass to Hoskote section of NH-648 Old NH-207 [Bangalore Ring Road Pkg 2],1318,1846.52,1026.9,21/02/2023,30/06/2026,1,2023-02-21,2026-06-30,0,CLEAN
755,Roads & Highways,Ministry of Road Transport & Highways,618702,4L of Addahole Near Gundya to Bantwal Cross section Pkg-02 from Design Km 270.270 to Design km 318.55 including flyover at Kalladka Town including approaches from Km. 311.57 to Km. 313.67 of NH-75 Old NH-48,1660,1318.24,1358.81,22/11/2023,31/05/2026,1,2023-11-22,2026-05-31,0,CLEAN
756,Roads & Highways,Ministry of Road Transport & Highways,618906,4L of Amritsar-Ghoman - Tanda - Una Section from Km 8.270 to Km 54.000 of NH-503A Package-I,858,1443.47,517.34,19/06/2024,31/12/2026,1,2024-06-19,2026-12-31,0,CLEAN
757,Roads & Highways,Ministry of Road Transport & Highways,618779,4L of Aurangabad-Paithan,1505,349.96,305.59,23/07/2024,31/05/2026,1,2024-07-23,2026-05-31,0,EXTREME_COST_OVERRUN_OUTLIER
758,Roads & Highways,Ministry of Road Transport & Highways,618583,4L of Bahadurganj Araria section from Km 49.000 to Km 94.000 Package-II of NH-327E,1359,1358.77,713.95,09/01/2024,12/05/2024,1,2024-01-09,2024-05-12,0,CLEAN
759,Roads & Highways,Ministry of Road Transport & Highways,619147,4L of Bal Works of Mahuva to Kagvadar from 100.450 Km. to 140.470 Km. of NH-8E Pkg- III,603,628.49,624.41,23/09/2022,17/01/2026,1,2022-09-23,2026-01-17,0,EXPENDITURE_EXCEEDS_ORIGINAL
760,Roads & Highways,Ministry of Road Transport & Highways,618835,4L of Bal Works of Talaja - Mahuva from 54.990 km. to 100.450 km. of Old NH-8E Package-II,698,735.51,418.41,24/09/2022,,1,2022-09-24,,1,MISSING_REVISED_DATE
761,Roads & Highways,Ministry of Road Transport & Highways,618915,4L of Bal. works of Patna - Gaya -Dobhi Pkg-II from km. 39.00 to km. 83.00 of Old NH-83,1637,777.2,728.91,08/11/2022,30/05/2025,1,2022-11-08,2025-05-30,0,EXTREME_COST_OVERRUN_OUTLIER
762,Roads & Highways,Ministry of Road Transport & Highways,618916,4L of Bal. works of Patna - Gaya -Dobhi Pkg-III from km. 83.00 to km. 127.217 of Old NH-83,1077,799.7,774.78,23/11/2022,15/05/2025,1,2022-11-23,2025-05-15,0,CLEAN
763,Roads & Highways,Ministry of Road Transport & Highways,618941,4L of Bamni - Rajura - Warur - Devada upto M.S. Border of NH - 930D from km 19.000 to km 51.985,968,1187.19,599.67,27/03/2026,31/12/2026,1,2026-03-27,2026-12-31,0,CLEAN
764,Roads & Highways,Ministry of Road Transport & Highways,619163,4L of Baramati to Indapur Pkg-II from km. 41.400 to km. 84.550 of NH-965G Saint Tukaram Marg,1471,1297.48,927.1,08/09/2023,30/06/2026,1,2023-09-08,2026-06-30,0,CLEAN
765,Roads & Highways,Ministry of Road Transport & Highways,618782,4L of Bareilly-Pilibhit-Sitarganj from Km. 0.000 to Km. 32.500 of NH-30 Pkg-1,1394,1394.14,561.53,13/03/2026,30/11/2026,1,2026-03-13,2026-11-30,0,CLEAN
766,Roads & Highways,Ministry of Road Transport & Highways,618949,4L of Basukinath- Deoghar Section of NH-114A,1445,1553.76,648.92,11/12/2025,27/07/2026,1,2025-12-11,2026-07-27,0,CLEAN
767,Roads & Highways,Ministry of Road Transport & Highways,618809,4L of Beas-Mehta-Batala-Dera Baba Nanak from intersection with Jalandhar-Amritsar Highway NH-3 near Beas till start of Batala Bypass near Village Acchhal from Km. 0.000 to Km. 31.300 Pkg-1,810,966.99,499.54,21/06/2025,31/05/2027,1,2025-06-21,2027-05-31,0,CLEAN
768,Roads & Highways,Ministry of Road Transport & Highways,618887,4L of Bettadahalli- Shivamogga section from Km.170.415 to km. 226.750 of NH-206 Tumkur- Shivamogga Pkg-IV,2083,2545.11,865.7,19/10/2023,31/03/2027,1,2023-10-19,2027-03-31,0,CLEAN
769,Roads & Highways,Ministry of Road Transport & Highways,618889,"4L of Bhangbar Near Ranital to Kangra Bypass Section of Old NH-88 New NH-303,503 up to Intersection with NH-154 from Km 175.270 to Km 193.400 Pkg-VB",1323,1829.49,824.55,27/12/2024,30/06/2026,1,2024-12-27,2026-06-30,0,CLEAN
770,Roads & Highways,Ministry of Road Transport & Highways,619148,4L of Bhavnagar - Talaja Package-I from Km. 6.945 to Km. 54.990 of Old NH-8E,1186,1343.16,53.18,06/08/2019,,1,2019-08-06,,1,MISSING_REVISED_DATE
771,Roads & Highways,Ministry of Road Transport & Highways,618639,4L of Bilaspur to Urga km 0.00 to 70.2 of NH-130A,1856,2523.86,1290.88,24/03/2024,31/07/2026,1,2024-03-24,2026-07-31,0,CLEAN
772,Roads & Highways,Ministry of Road Transport & Highways,618962,4L of Budhni to Shahganj Bypass End Package-III of NH-146B from Km. 73.750 to Km. 102.000,1103,770.21,65.45,17/08/2027,08/05/2027,1,2027-08-17,2027-05-08,0,CLEAN
773,Roads & Highways,Ministry of Road Transport & Highways,619214,4L of Channarayapatna Bypass and Hassan Bypass with structures in Devihalli - Hassan section,688,684.54,586.06,18/01/2023,30/06/2026,1,2023-01-18,2026-06-30,0,CLEAN
774,Roads & Highways,Ministry of Road Transport & Highways,618668,4L of Chowka to Kaimaha near MP/UP Border section NH-34 from D. Ch. 145.000 to D. Ch. 197.266 excluding existing Chhatarpur bypass from D. Ch. 160.307 to D. Ch. 168.630 Package-4,996,846.68,162.84,21/09/2027,21/09/2027,1,2027-09-21,2027-09-21,0,CLEAN
775,Roads & Highways,Ministry of Road Transport & Highways,618616,4L of Dhrol bypass section of NH-151A Approx. length 5.7 Km & widening upto 4 laning of missing link of Amran section of NH-151A Approx. length 6.55 Km from existing Ch. 42000 to 48500 of ongoing Dhrol-Bhadra-Pipaliya section of NH-151A,626,455.54,113.54,02/02/2027,02/02/2027,1,2027-02-02,2027-02-02,0,CLEAN
776,Roads & Highways,Ministry of Road Transport & Highways,619137,4L of Dwarka-Khambaliya-Devariya section from km 203.500 to km 176.500 and from km 171.800 to km 125.000 of NH-151A,1025,1753.95,882.1,07/08/2022,31/05/2026,1,2022-08-07,2026-05-31,0,CLEAN
777,Roads & Highways,Ministry of Road Transport & Highways,619209,4L of existing 2/4L stretch from Lonand to Dive Ghat Km 166.400 to Km 220.900 of Mohol Alandi section of NH-965 Pkg - V,1710,2049.51,1125.89,02/05/2024,30/04/2026,1,2024-05-02,2026-04-30,0,CLEAN
778,Roads & Highways,Ministry of Road Transport & Highways,618810,4L of existing Beas Baba Bakala - Dera Baba Nanak Section from start of Batala Bypass till intersection with Ajnala Gurdaspur Highway NH 354 near Dera Baba Nanak from Km. 31.300 to Km. 69.100 with Additional batala Bypass Pkg-II,1003,993.6,590.84,21/06/2025,31/03/2027,1,2025-06-21,2027-03-31,0,CLEAN
779,Roads & Highways,Ministry of Road Transport & Highways,618793,4L of Fazilka to Abohar section of NH-07 including construction of Greenfield Abohar & Fazilka Bypasses,1410,1674.04,569.17,14/04/2026,31/07/2027,1,2026-04-14,2027-07-31,0,CLEAN
780,Roads & Highways,Ministry of Road Transport & Highways,618582,4L of Galgalia - Bahadurganj section from Km 0.000 to Km 49.000 Package-I of NH327E,1283,1282.97,599.36,09/01/2024,,1,2024-01-09,,1,MISSING_REVISED_DATE
781,Roads & Highways,Ministry of Road Transport & Highways,618645,4L of Gola-BokaroJaina More section from Km 53.600 to Km 21.110 of NH-320PKG-1,1008,1030.64,437.79,25/06/2025,10/05/2026,1,2025-06-25,2026-05-10,0,CLEAN
782,Roads & Highways,Ministry of Road Transport & Highways,619127,4L of Greenfield Alignment from Km. 47.000 to Km. 89.210 of Balbhadarpur to Bela Nawda Section of NH-119D,2186,2118.46,373.63,10/03/2026,27/08/2027,1,2026-03-10,2027-08-27,0,CLEAN
783,Roads & Highways,Ministry of Road Transport & Highways,618776,4L of Greenfield section from Sirhind to Mohali,1238,1301.15,979.97,07/05/2025,30/06/2026,1,2025-05-07,2026-06-30,0,CLEAN
784,Roads & Highways,Ministry of Road Transport & Highways,619317,4L of Hajipur-Muzaffarpur Section of the existing NH-77 from Km. 0000 Ramashish Chowk to Km. 46300 and new bypass starting at Km. 46300 and connecting NH-28 of E-W Corridor at Km. 515045,2723,2906.78,26.74,06/02/2013,31/05/2026,1,2013-02-06,2026-05-31,0,EXTREME_SCHEDULE_OUTLIER
785,Roads & Highways,Ministry of Road Transport & Highways,618875,4L of Haridwar Nagina section Design Ch. LME from km 13.829 to km 17.110 & km 26.077 to km 27.508 and Design Ch. RME from km 13.839 to km 17.120 & km 26.078 to km 27.509 of EUP mitigation measures on NH74,184,142.11,102.18,27/02/2024,30/06/2026,1,2024-02-27,2026-06-30,0,CLEAN
786,Roads & Highways,Ministry of Road Transport & Highways,619217,4L of Haridwar-Nagina section from km. 0.00 to km. 71.614 of NH-74,1659,1622.49,822.5,22/07/2020,30/05/2026,1,2020-07-22,2026-05-30,0,CLEAN
787,Roads & Highways,Ministry of Road Transport & Highways,619153,4L of HP/Punjab Border - Mo from km. 11.00 to km. 42.00 of Old NH-20 New NH-154 Package-IA,1002,1363.04,537.04,17/05/2024,30/09/2026,1,2024-05-17,2026-09-30,0,CLEAN
788,Roads & Highways,Ministry of Road Transport & Highways,619121,4L of Hubli - Hospet Section of NH-63 from Km 128.850 to Km 272.571,2532,3619.32,1360.9,13/03/2020,31/05/2026,1,2020-03-13,2026-05-31,0,CLEAN
789,Roads & Highways,Ministry of Road Transport & Highways,618557,4L of Indora Chowk to Pachpaoli and Agrasen Chowk - Ashoka Chowk,1039,918.53,658.44,30/06/2026,30/07/2026,1,2026-06-30,2026-07-30,0,CLEAN
790,Roads & Highways,Ministry of Road Transport & Highways,618622,4L of Indore - Boregaon Pkg-III [Balwara to Dhangaon] from km. 42.260 to km. 82.660 of NH347BG & 753L,1002,888.81,698.97,21/04/2024,30/07/2026,1,2024-04-21,2026-07-30,0,CLEAN
791,Roads & Highways,Ministry of Road Transport & Highways,619092,4L of Jind-Gohana road Package-1 from km. 0.00 to km. 40.601 of NH-352 A under NHO,994,1606.82,623.68,23/07/2022,31/05/2026,1,2022-07-23,2026-05-31,0,CLEAN
792,Roads & Highways,Ministry of Road Transport & Highways,618633,4L of Kadapa China Orampadu section of NH-716 Package I of Kadapa-Renigunta section,1733,0.0,0.03,15/03/2028,14/03/2028,0,2028-03-15,2028-03-14,0,NOT_YET_REVISED_COST
793,Roads & Highways,Ministry of Road Transport & Highways,618765,4L of Karimnagar-Warangal section from km 49.500 to km 117.820 of NH-563,2147,2486.51,961.92,16/07/2025,31/07/2026,1,2025-07-16,2026-07-31,0,CLEAN
794,Roads & Highways,Ministry of Road Transport & Highways,618838,4L of Karwar Km. 281.980 of NH-62 Nagaur road to Dangiyavas of Jodhpur Ring Road Pkg-II,737,512.77,400.17,28/08/2024,31/05/2026,1,2024-08-28,2026-05-31,0,CLEAN
795,Roads & Highways,Ministry of Road Transport & Highways,618921,4L of Kathlighat to Shakral Village from Km 128.835 to Km 146.300 of NH- 5 Shimla Bypass - Pkg I,1703,2648.8,980.87,21/04/2026,31/12/2027,1,2026-04-21,2027-12-31,0,CLEAN
796,Roads & Highways,Ministry of Road Transport & Highways,618584,4L of Kishanganj - Bahadurganj section from Km. 0.000 to Km. 23.649 & interchange at Start Point Length - 1.200 Km of NH-27,963,855.56,60.94,19/12/2027,19/12/2027,1,2027-12-19,2027-12-19,0,CLEAN
797,Roads & Highways,Ministry of Road Transport & Highways,618520,4L of km 0.00 to km 42.00 of Dobbaspet to Doddaballapura Bypass section of NH-648 old NH-207] [Bangalore Ring Road Pkg 1],1439,1786.57,1051.89,18/04/2023,30/06/2026,1,2023-04-18,2026-06-30,0,CLEAN
798,Roads & Highways,Ministry of Road Transport & Highways,618545,"4L of Km.165.092 to Km.171.855 North Bound and from Km.166.895 to Km.173.638 South Bound, excl. certain reaches of North Bound and South Bound of Ramban to Banihal Pkg-III of Old NH-1A New NH-44",614,444.76,257.32,03/08/2024,30/06/2027,1,2024-08-03,2027-06-30,0,CLEAN
799,Roads & Highways,Ministry of Road Transport & Highways,618945,4L of Kodad Design Km 0.00/Existing Km 185.00 of NH-65 to Khammam Design Km 31.800/Existing Km 29.400 of NH-365A,1149,1606.99,787.84,31/05/2024,30/05/2026,1,2024-05-31,2026-05-30,0,CLEAN
800,Roads & Highways,Ministry of Road Transport & Highways,618755,4L of left out existing road section from Lalgopalganj Km 161.450 to Nawabganj Km 180.200 in Prayagraj,160,100.74,72.27,31/03/2026,31/05/2026,1,2026-03-31,2026-05-31,0,CLEAN
801,Roads & Highways,Ministry of Road Transport & Highways,618608,4L of left-over works including additional structures from Kerala/Tamil Nadu border to Kanyakumari Section from Km 43.0 to Km 96.174 of NH66,1564,1263.42,907.2,01/08/2025,31/10/2026,1,2025-08-01,2026-10-31,0,CLEAN
802,Roads & Highways,Ministry of Road Transport & Highways,618709,4L of Left-Over Works of Hospet-Bellary -Karnataka/AP border from Km.280.080 Dec.Ch. to Km.375450Des.Ch. of NH-63 New-67,1340,992.6,897.67,14/05/2025,10/04/2028,1,2025-05-14,2028-04-10,0,CLEAN
803,Roads & Highways,Ministry of Road Transport & Highways,618778,4L of Madanapalle to Pileru Section from Km 0.000 to Km 55.900 of NH-71Package-I,1877,1994.1,1145.97,12/01/2025,30/06/2026,1,2025-01-12,2026-06-30,0,CLEAN
804,Roads & Highways,Ministry of Road Transport & Highways,618894,4L of Madathukulam - Pollachi from km. 74.38 to km. 116.95 of old NH-209 New NH-83,1772,1772.13,499.6,03/12/2022,30/06/2026,1,2022-12-03,2026-06-30,0,CLEAN
805,Roads & Highways,Ministry of Road Transport & Highways,618563,4L of Madurai Ring Road Phase 1 [Vadipatti-Thamrapatti] from km 0.00 - km 29.960,900,900.05,669.19,15/03/2022,30/06/2026,1,2022-03-15,2026-06-30,0,CLEAN
806,Roads & Highways,Ministry of Road Transport & Highways,618946,4L of Mehgama - Hansdiha from km. 41.900 to km. 93.000 of NH -133A Pkg-II,1480,1568.18,878.2,07/05/2025,15/05/2026,1,2025-05-07,2026-05-15,0,CLEAN
807,Roads & Highways,Ministry of Road Transport & Highways,618929,4L of Moradabad western side spur connecting NH-734 & NH-24 from Km. 0.000 to Km. 33.200 Pkg-I,1842,1843.54,982.74,17/09/2025,30/06/2026,1,2025-09-17,2026-06-30,0,CLEAN
808,Roads & Highways,Ministry of Road Transport & Highways,618927,4L of Moradabad-Thakurdwara-Kashipur Section from Km. 0.000 to Km. 38.77 of NH-734 Pkg-II,2007,1890.05,878.74,14/03/2026,07/12/2026,1,2026-03-14,2026-12-07,0,CLEAN
809,Roads & Highways,Ministry of Road Transport & Highways,619307,4L of Munger Mirzachauki section from Km 157350 to Km 193931 Pkg-4,1377,1481.58,493.65,15/08/2024,30/06/2026,1,2024-08-15,2026-06-30,0,CLEAN
810,Roads & Highways,Ministry of Road Transport & Highways,619306,4L of Munger Mirzachauki section from Km 95580 to Km 125000 Pkg-2,1021,1235.65,478.11,10/03/2024,30/06/2026,1,2024-03-10,2026-06-30,0,CLEAN
811,Roads & Highways,Ministry of Road Transport & Highways,619289,4L of Munger Mirzachauki section from Munger to Kharia village junction from Km 69520 to Km 95580 Pkg-1,1660,1696.66,506.33,30/03/2024,30/06/2026,1,2024-03-30,2026-06-30,0,CLEAN
812,Roads & Highways,Ministry of Road Transport & Highways,619305,4L of Munger Mirzachauki section from start of existing Bhagalpur bypass to Rasulpur from Km 125000 to Km 157350 Pkg-3,1770,2024.59,574.08,12/04/2024,30/06/2026,1,2024-04-12,2026-06-30,0,CLEAN
813,Roads & Highways,Ministry of Road Transport & Highways,618937,4L of Nagpur-Katol Section from Km. 13.00 to Km. 62.900 of NH-353J,1167,1432.82,971.38,28/10/2023,31/10/2026,1,2023-10-28,2026-10-31,0,CLEAN
814,Roads & Highways,Ministry of Road Transport & Highways,619162,4L of Najibabad Bypass from Km. 105.423 to Km. 118.373 excluding 2.45 Km. of NH-74 Bypass of NH-119,578,566.9,438.87,20/06/2024,30/05/2026,1,2024-06-20,2026-05-30,0,CLEAN
815,Roads & Highways,Ministry of Road Transport & Highways,618667,4L of near Satai Ghat to Chowka section of NH-34 from D. Ch. 89.875 to D. Ch. 145.000 Package-3,1006,882.21,111.76,27/10/2027,27/10/2026,1,2027-10-27,2026-10-27,0,CLEAN
816,Roads & Highways,Ministry of Road Transport & Highways,618947,4L of NH-80 from km 215.00 to km 260.00 Mirza Chauki to Farkka Pkg-I,1505,1508.21,804.61,04/07/2023,31/07/2026,1,2023-07-04,2026-07-31,0,CLEAN
817,Roads & Highways,Ministry of Road Transport & Highways,618948,4L of NH-80 section of Mirza Chauki to Farakka section from existing km 190.00 to design km 200.75 junction at km 3.100 of NH 133 B and from existing km 260.00 to existing km 283.00 design km 274.133 in the state of Jharkhand package - II,782,0.0,22.95,31/01/2028,31/01/2028,0,2028-01-31,2028-01-31,0,NOT_YET_REVISED_COST
818,Roads & Highways,Ministry of Road Transport & Highways,618644,4L of Ormanjhi-Gola section from Km 81.450 to Km 53.600 of NH- 320BPKG-II,1215,1462.19,837.8,20/06/2025,31/07/2026,1,2025-06-20,2026-07-31,0,CLEAN
819,Roads & Highways,Ministry of Road Transport & Highways,618642,4L of Palma to Gumla from km. 26.00 to km. 89.170 of NH-23,1883,1895.75,891.94,31/03/2024,15/05/2026,1,2024-03-31,2026-05-15,0,CLEAN
820,Roads & Highways,Ministry of Road Transport & Highways,618786,4L of Phagwara - Hoshiarpur,1196,1503.79,160.92,30/03/2027,31/07/2027,1,2027-03-30,2027-07-31,0,CLEAN
821,Roads & Highways,Ministry of Road Transport & Highways,618777,4L of Pileru to Kalur Section from Km 55.900 to Km 92.800 & Km 94.500 to Km 95.717 of NH-71Package-II,1877,592.85,246.22,18/11/2025,30/06/2026,1,2025-11-18,2026-06-30,0,EXTREME_COST_OVERRUN_OUTLIER
822,Roads & Highways,Ministry of Road Transport & Highways,618910,4L of Purulia Bypass section from Km 84.030 to Km 94.345 of NH-32,558,562.57,468.78,08/08/2023,08/05/2026,1,2023-08-08,2026-05-08,0,CLEAN
823,Roads & Highways,Ministry of Road Transport & Highways,618938,4L of Rajura-Korpana-Adilabad Road upto M.S. Border from km 32.910 to km 89.090 of NH-353B,1013,1274.63,630.06,15/10/2024,31/05/2026,1,2024-10-15,2026-05-31,0,CLEAN
824,Roads & Highways,Ministry of Road Transport & Highways,618837,4L of Ratnagiri - Kolhapur section from km 112.340 to km 145.300 of NH-166 PkgIII,1939,1910.41,458.94,24/05/2025,31/03/2027,1,2025-05-24,2027-03-31,0,CLEAN
825,Roads & Highways,Ministry of Road Transport & Highways,618836,4L of Ratnagiri - Kolhapur section from km 67.140 to km 112.340 of NH-166 Pkg II,1985,1798.0,389.68,24/05/2025,31/03/2027,1,2025-05-24,2027-03-31,0,CLEAN
826,Roads & Highways,Ministry of Road Transport & Highways,619149,4L of Ratnagiri - Kolhapur section of NH-166 from km 0.000 to km 19.769 and km 31.000 to km 67.140 Pkg I,1774,2108.41,749.83,21/11/2024,30/11/2026,1,2024-11-21,2026-11-30,0,CLEAN
827,Roads & Highways,Ministry of Road Transport & Highways,618665,4L of Sagar - Mohari from Km.8 to Km.50 Pkg-I,791,660.38,454.77,05/04/2024,31/05/2026,1,2024-04-05,2026-05-31,0,CLEAN
828,Roads & Highways,Ministry of Road Transport & Highways,618952,4L of Sahibganj - Manihari Ganga Bridge including Manihari Bypass,1955,1978.01,1820.63,31/10/2024,31/12/2026,1,2024-10-31,2026-12-31,0,CLEAN
829,Roads & Highways,Ministry of Road Transport & Highways,618896,4L of Sannur to Bikarnakatte section from Km 691.350 to Km 736.362 of NH-169 Karkala - Mangalore Package-III,1386,2038.71,973.31,08/10/2024,30/04/2027,1,2024-10-08,2027-04-30,0,CLEAN
830,Roads & Highways,Ministry of Road Transport & Highways,618897,4L of Sethiyathope -Cholapuram section from Km. 65.960 to Km. 116.440 section of NH45 C Pkg-II,2356,2356.9,1011.39,14/08/2020,30/04/2026,1,2020-08-14,2026-04-30,0,CLEAN
831,Roads & Highways,Ministry of Road Transport & Highways,618922,4L of Shakral Village to Dhalli Section from Km 146.300 to Km 156.560 Shimla Bypass - Pkg II and Shimla connectivity from Km 0.000 to Km 0.725 of NH-5,1956,2880.72,1236.15,03/03/2027,31/12/2027,1,2027-03-03,2027-12-31,0,CLEAN
832,Roads & Highways,Ministry of Road Transport & Highways,618926,4L of Siwan- Masrakh section of Ram Janki Marg from Km 230.385 to Km 281.391 of NH-227A,1431,1927.04,190.58,19/11/2026,19/11/2028,1,2026-11-19,2028-11-19,0,CLEAN
833,Roads & Highways,Ministry of Road Transport & Highways,618798,4L of Sonauli - Gorakhpur,2556,2275.43,1247.39,05/03/2025,30/06/2026,1,2025-03-05,2026-06-30,0,CLEAN
834,Roads & Highways,Ministry of Road Transport & Highways,618744,4L of Thirumangalam to Vadugapatti section from km 0.000 to km 36.000 of NH-744,1077,791.6,679.48,21/02/2025,30/06/2026,1,2025-02-21,2026-06-30,0,CLEAN
835,Roads & Highways,Ministry of Road Transport & Highways,619219,4L of Tumkur-Shimoga Pkg-II from Km 65.195 Karadi to Km 121.900 Banawara of NH-206,1506,1989.89,656.52,14/10/2021,31/12/2026,1,2021-10-14,2026-12-31,0,CLEAN
836,Roads & Highways,Ministry of Road Transport & Highways,618543,4L of twin tube tunnel configuration including approaches from Marog to Digdol from Km.154.210 to Km.158.650 North Bound and from Km.155.940 to Km.160.260 South Bound of Ramban to Banihal Pkg-I of Old NH-1A New NH-44,1912,1034.3,357.42,12/08/2025,31/12/2027,1,2025-08-12,2027-12-31,0,CLEAN
837,Roads & Highways,Ministry of Road Transport & Highways,618640,4L of Urga - Pathalgaon from Km. 70.200 to km. 157.745 of NH-130A,2261,2860.36,939.34,08/08/2026,08/08/2026,1,2026-08-08,2026-08-08,0,CLEAN
838,Roads & Highways,Ministry of Road Transport & Highways,618745,4L of Vadugapatti to Therkuvenganallur Rajapalyam section from km 36.000 to km 71.600 of NH-744,1318,1137.16,926.56,10/04/2025,15/05/2026,1,2025-04-10,2026-05-15,0,CLEAN
839,Roads & Highways,Ministry of Road Transport & Highways,619291,4L Poanta SahebMednipur from Km. 435.65 to km. 458.65 of NH-07Pkg-1,525,657.32,253.88,01/05/2025,15/07/2026,1,2025-05-01,2026-07-15,0,CLEAN
840,Roads & Highways,Ministry of Road Transport & Highways,618959,4L Prayagraj Greenfield By-pass from design Km 50860 near Nibi Kala Uperhar to design Km 64763 on NH-19 near Khodaypur Kasgaon including Interchange loop at NH-19,1018,427.54,406.6,26/03/2025,,1,2025-03-26,,1,MISSING_REVISED_DATE;EXTREME_COST_OVERRUN_OUTLIER
841,Roads & Highways,Ministry of Road Transport & Highways,618881,4L PS bijni to mandi section from Km 202.815 to Km 208.000 of NH-20 New NH-154 of Pathankot-Mandi Package-VB,1113,1112.39,335.79,13/09/2027,13/09/2027,1,2027-09-13,2027-09-13,0,CLEAN
842,Roads & Highways,Ministry of Road Transport & Highways,618901,4L PS Divided Carriageway from Patan Near Rajpur to Gojariya From Km 52.000 to Km 128.940 of NH-68,1181,1098.23,876.25,07/03/2025,31/08/2026,1,2025-03-07,2026-08-31,0,CLEAN
843,Roads & Highways,Ministry of Road Transport & Highways,618931,4L PS from Ch. 179.780 in Bitada/Movi Village to Ch. 208.900 in Nasarpore Village of NH-56 Pkg-V,764,566.96,25.82,26/11/2027,26/11/2027,1,2027-11-26,2027-11-26,0,CLEAN
844,Roads & Highways,Ministry of Road Transport & Highways,618930,4L PS from Ch. 94.030 in Jabugam Village to Ch. 132.320 in Dhamasiya Village of NH-56 Pkg-III,1188,898.0,79.04,25/11/2027,25/11/2027,1,2027-11-25,2027-11-25,0,CLEAN
845,Roads & Highways,Ministry of Road Transport & Highways,618891,4L PS from Kalar Bala Village to Nauni Chowk of NH 205 from Km 41.000 to Km 58.450,1244,786.91,80.72,12/05/2027,09/09/2027,1,2027-05-12,2027-09-09,0,CLEAN
846,Roads & Highways,Ministry of Road Transport & Highways,618919,4L PS from Mandlem Existing Km. 38.000/Design Km.30.600 to Atmakur Existing Km.73.000/Design Km 66.115 of NH340C Package2,887,913.03,374.39,22/11/2025,,1,2025-11-22,,1,MISSING_REVISED_DATE
847,Roads & Highways,Ministry of Road Transport & Highways,618871,4L PS from Near Guddehosur to Start of Kushalnagara Bypass to near Hemmige Village Periyapatna - Hassan Road Jn from Km. 122.200 to Km. 144.900 of NH-275 Pkg. II,910,896.42,32.64,07/12/2027,07/12/2027,1,2027-12-07,2027-12-07,0,CLEAN
848,Roads & Highways,Ministry of Road Transport & Highways,618870,4L PS from near Hemmige Village Periyapatna - Hassan Road Jn. to near Hunsur - KR Nagar Jn section from Km. 144.900 to Km. 169.000 of NH-275 Pkg. III,884,1726.65,61.05,02/04/2027,01/07/2027,1,2027-04-02,2027-07-01,0,CLEAN
849,Roads & Highways,Ministry of Road Transport & Highways,618872,4L PS from near Hunsur - KR Nagar Junction to near Yalachahalli village KR Nagara - Yelawala Road Junction fcrom Km 169.000 to Km 195.550 of NH-275 Pkg-IV,1063,952.03,93.08,29/04/2027,27/09/2027,1,2027-04-29,2027-09-27,0,CLEAN
850,Roads & Highways,Ministry of Road Transport & Highways,618873,4L PS from near Yalachahalli village KR Nagara - Yelawala Road junction to Srirangapatna Bypass Near Paschima Vahini from km 195.550 to Km 214.535 of NH-275 Pkg-V,1273,1203.2,97.43,06/04/2027,10/10/2027,1,2027-04-06,2027-10-10,0,CLEAN
851,Roads & Highways,Ministry of Road Transport & Highways,618759,4L PS Mydukur - Badvel from Km 585.820 to Km 630.960 of NH-67,1064,1103.87,502.6,19/09/2025,08/05/2026,1,2025-09-19,2026-05-08,0,CLEAN
852,Roads & Highways,Ministry of Road Transport & Highways,619080,4L PS of Ambala Ring Road of New NH-44,1093,1225.41,429.79,10/10/2025,13/09/2026,1,2025-10-10,2026-09-13,0,CLEAN
853,Roads & Highways,Ministry of Road Transport & Highways,618791,4L PS under NH configuration of Manikpur-Sahebganj of NH-139W,1539,0.0,95.18,31/12/2027,31/12/2027,0,2027-12-31,2027-12-31,0,NOT_YET_REVISED_COST
854,Roads & Highways,Ministry of Road Transport & Highways,618541,4L Ring road/bypass around Srinagar city from km 0.000 to km 42.100 Phase-I,2920,2604.76,1770.97,02/02/2024,07/07/2026,1,2024-02-02,2026-07-07,0,CLEAN
855,Roads & Highways,Ministry of Road Transport & Highways,619101,4L Shahpur to Muktainagar from Km. 186.000 to km 216.278 of NH 753L Pkg II of Boregaon Buzurg to Muktainagar,784,659.52,299.09,14/03/2026,30/10/2026,1,2026-03-14,2026-10-30,0,CLEAN
856,Roads & Highways,Ministry of Road Transport & Highways,618761,4L Spur of Meerut-Garh-Mukteshwar section connecting NH-119 and NH-58 bypassing Meerut Town of NH 709 A,992,977.73,815.91,16/02/2025,12/07/2026,1,2025-02-16,2026-07-12,0,CLEAN
857,Roads & Highways,Ministry of Road Transport & Highways,618770,4L Spur of Panipat - Shamli connecting NH-709AD Panipat Shamli Muzaffarnagar and NH-709A Karnal Meerut bypassing Shamli district UP,516,273.42,232.93,13/10/2024,17/03/2025,1,2024-10-13,2025-03-17,0,CLEAN
858,Roads & Highways,Ministry of Road Transport & Highways,619218,4L Tumkur-Shimoga Pkg-I from Mallasandra to Karadi village of NH-206 from Km. 12.300 to Km. 65.195,1364,1692.12,552.09,14/10/2021,30/06/2026,1,2021-10-14,2026-06-30,0,CLEAN
859,Roads & Highways,Ministry of Road Transport & Highways,618544,"4L twin tube tunnel including approaches from Digdol to Khuni Nallah North Bound connecting with existing major bridge on NB and South Bound connecting with Tunnel T4 ,Single tube tunnel of Ramban to Banihal Pkg-II of Old NH-1A New NH-44",1402,1020.99,989.45,07/06/2024,31/08/2026,1,2024-06-07,2026-08-31,0,CLEAN
860,Roads & Highways,Ministry of Road Transport & Highways,618662,4L Vidisha Gyaraspur section of NH-146 from Design Chainage km 59475 existing chainage km 81240 to Design Chainage km 88361 existing chainage km 110.315,980,0.0,0.81,13/03/2028,11/03/2028,0,2028-03-13,2028-03-11,0,NOT_YET_REVISED_COST
861,Roads & Highways,Ministry of Road Transport & Highways,619104,4L/2L PS of Govindpur Raiganj - Chas - WB border section of from km. 0.00 to km. 56.889 of Old NH-32,1140,1154.8,6.64,09/12/2019,,1,2019-12-09,,1,MISSING_REVISED_DATE
862,Roads & Highways,Ministry of Road Transport & Highways,618697,4LPS Access Controlled Highway of Bellary Bypass Balance work from Ch. 254750 to Ch. 266837 and construction of 4LPS from Ch. 277.690 to Ch. 278.690 at D. Hirehal Village Balance work of NH 150A of Bellary Byrapura Section,626,284.05,97.26,31/07/2026,31/07/2027,1,2026-07-31,2027-07-31,0,EXTREME_COST_OVERRUN_OUTLIER
863,Roads & Highways,Ministry of Road Transport & Highways,619077,6 laning of Balance Work of Chennai - Tada from km. 21.40 to km. 54.40,465,472.37,182.82,27/03/2020,15/06/2026,1,2020-03-27,2026-06-15,0,CLEAN
864,Roads & Highways,Ministry of Road Transport & Highways,617913,6-laning of km 9.900 to km 19/948 Aramgarh to Shamshabad Section of Hyderabad-Bangalore section of NH-44 Under NHO EPC basis in the state of Telangana,283,300.7,480.38,09/05/2020,30/06/2026,1,2020-05-09,2026-06-30,0,EXPENDITURE_EXCEEDS_ORIGINAL
865,Roads & Highways,Ministry of Road Transport & Highways,619074,6-laning of Krishnagiri Km.0.000 to Walajahpet Km.148.300 section on NH-46 under NHDP-V,1673,781.74,269.61,04/12/2013,30/06/2026,1,2013-12-04,2026-06-30,0,EXTREME_SCHEDULE_OUTLIER;EXTREME_COST_OVERRUN_OUTLIER
866,Roads & Highways,Ministry of Road Transport & Highways,617939,6-Laning of Pune-Hyderabad Section of NH-65 from Km 493/0 to Km 524/0 from Sangareddy X Roads to Madinaguda in the State of Telangana,1298,0.0,0.0,03/07/2026,03/07/2026,0,2026-07-03,2026-07-03,0,NOT_YET_REVISED_COST
867,Roads & Highways,Ministry of Road Transport & Highways,618720,6L Access Controlled Greenfield Highway from Audireddipalle Ch. 160000 to Mallapalle Ch. 176000Package-07,987,848.06,297.0,06/03/2026,28/02/2027,1,2026-03-06,2027-02-28,0,CLEAN
868,Roads & Highways,Ministry of Road Transport & Highways,618721,6L Access Controlled Greenfield Highway from Chandrasekharapuram Ch. 228000 to Polavaram Ch. 260000of [NH-544G] Package-11,1293,1110.33,319.82,10/02/2026,31/01/2027,1,2026-02-10,2027-01-31,0,CLEAN
869,Roads & Highways,Ministry of Road Transport & Highways,618718,6L Access Controlled Greenfield Highway from Kavulakuntla Ch. 196000 to Narayanmpet Ch. 203500Package-09,1092,956.4,178.93,07/02/2027,30/04/2027,1,2027-02-07,2027-04-30,0,CLEAN
870,Roads & Highways,Ministry of Road Transport & Highways,618719,6L Access Controlled Greenfield Highway from Mallapalle Ch. 176000 to Kavulakuntla Ch. 196000 Package-08,909,751.81,257.58,10/02/2026,31/01/2027,1,2026-02-10,2027-01-31,0,CLEAN
871,Roads & Highways,Ministry of Road Transport & Highways,619126,6L Access Controlled Greenfield Highway from Marripudi Ch. 285500 to Somavarappadu Ch. 314600 of [NH-544G] Package-13,976,798.71,293.33,09/02/2026,30/09/2026,1,2026-02-09,2026-09-30,0,CLEAN
872,Roads & Highways,Ministry of Road Transport & Highways,619123,6L Access Controlled Greenfield Highway from Narayanmpet Ch. 203500 to Chandrasekharpuram Ch. 228000Package-10,814,678.21,196.59,10/02/2026,31/12/2026,1,2026-02-10,2026-12-31,0,CLEAN
873,Roads & Highways,Ministry of Road Transport & Highways,619125,6L Access Controlled Greenfield Highway from Somavarappadu Ch.314.600 to Muppavaram Ch.343240 of [NH-544G] Package-14,1104,943.66,197.36,11/02/2026,31/03/2027,1,2026-02-11,2027-03-31,0,CLEAN
874,Roads & Highways,Ministry of Road Transport & Highways,618968,6L access control Greenfield highway of Vill-Khyawari to Vill-Latifpur at Saharanpur Bypass from Km. 82.000 to Km. 119.790 Pkg-4,1428,1439.35,1220.87,02/09/2024,31/05/2026,1,2024-09-02,2026-05-31,0,CLEAN
875,Roads & Highways,Ministry of Road Transport & Highways,618970,6L access control Greenfield highway of Vill-Lohadda to Vill-Karaunda Mahajan from Km. 27.000 to Km. 56.500 Pkg-2,1335,1335.38,1016.38,02/09/2024,31/05/2026,1,2024-09-02,2026-05-31,0,CLEAN
876,Roads & Highways,Ministry of Road Transport & Highways,619216,6L access Controlled Greenfield Highway from Adhoya Musalmana to Sadopur section of Shamli -Ambala Package-III Design Ch. Form km 84.400 to km 121.786,1492,1122.86,644.11,01/05/2025,31/12/2026,1,2025-05-01,2026-12-31,0,CLEAN
877,Roads & Highways,Ministry of Road Transport & Highways,618722,6L access Controlled Greenfield Highway from Gogwan Jalalpur Shamli to Ranipur Barsi Saharanpur of Shamli -Ambala section Package-I Design Ch. Form km 00.600 to km 45.500,1844,1247.55,685.93,15/05/2025,25/07/2026,1,2025-05-15,2026-07-25,0,CLEAN
878,Roads & Highways,Ministry of Road Transport & Highways,618712,6L Access Controlled Greenfield Highway from Kodur Ch. 0000 to Vanavolu Ch. 24300 of [NH-544G] Package-1,913,798.25,333.15,03/02/2026,31/12/2026,1,2026-02-03,2026-12-31,0,CLEAN
879,Roads & Highways,Ministry of Road Transport & Highways,618714,6L Access Controlled Greenfield Highway from Nallacheruvu palli Ch. 96300 to Yerragudipadu Ch. 129000 of [NH-544G] Package-5,1253,1095.78,339.28,10/02/2026,31/12/2026,1,2026-02-10,2026-12-31,0,CLEAN
880,Roads & Highways,Ministry of Road Transport & Highways,618715,6L Access Controlled Greenfield Highway from Odulapalle Ch. 72000 to Nallacheruvu-palli Ch. 96300 of [NH-544G]Package-4,1059,946.1,377.77,03/02/2026,28/02/2027,1,2026-02-03,2027-02-28,0,CLEAN
881,Roads & Highways,Ministry of Road Transport & Highways,619124,6L Access Controlled Greenfield Highway from Polavaram Ch. 260000 to Marripudi Ch. 285500 of [NH-544G]Package-12,747,626.83,227.96,10/02/2026,30/11/2026,1,2026-02-10,2026-11-30,0,CLEAN
882,Roads & Highways,Ministry of Road Transport & Highways,618723,6L access Controlled Greenfield Highway from Ranipur Barsi to Adhoya Musalmana section of Shamli -Ambala Package-II Design Ch. Form km 45.500 to km 84.400,1554,1241.89,721.32,16/05/2025,31/12/2026,1,2025-05-16,2026-12-31,0,CLEAN
883,Roads & Highways,Ministry of Road Transport & Highways,618717,6L Access Controlled Greenfield Highway from Vanavolu Ch. 24300 to Vankarakunta Ch. 45700 of [NH-544G] Package-2,751,626.91,226.46,01/03/2026,30/11/2026,1,2026-03-01,2026-11-30,0,CLEAN
884,Roads & Highways,Ministry of Road Transport & Highways,618716,6L Access Controlled Greenfield Highway from Vankarakunta Ch. 45700 to Odulapalle Ch. 72000 of [NH-544G]Package-3,993,888.07,319.82,01/03/2026,31/12/2026,1,2026-03-01,2026-12-31,0,CLEAN
885,Roads & Highways,Ministry of Road Transport & Highways,618713,6L Access Controlled Greenfield Highway from Yerragudipadu Ch. 129000 to Audireddipalle Ch. 160000 of [NH 544G] Package-6,1200,1019.69,218.52,10/02/2026,30/04/2027,1,2026-02-10,2027-04-30,0,CLEAN
886,Roads & Highways,Ministry of Road Transport & Highways,619212,6L Access Controlled Greenfield Highway of Julekal village to Dinnedevarapadu village from Km 242.200 to Km 280.400 Pkg-2,1228,1315.87,524.04,03/01/2025,31/12/2026,1,2025-01-03,2026-12-31,0,CLEAN
887,Roads & Highways,Ministry of Road Transport & Highways,619168,6L access controlled Greenfield highway of Junction of EPE Vill.-Mavikalan to Vill.-Lohadda from Km. 0.000 to Km. 27.000 Pkg-1,1602,1497.94,1215.04,02/09/2024,31/05/2026,1,2024-09-02,2026-05-31,0,CLEAN
888,Roads & Highways,Ministry of Road Transport & Highways,618632,6L Access Controlled Greenfield Highway of Nandinne village to Julekal village from Km 202.900 to Km 242.200 Pkg-1,972,1044.06,408.4,03/01/2025,31/08/2026,1,2025-01-03,2026-08-31,0,CLEAN
889,Roads & Highways,Ministry of Road Transport & Highways,618578,6L Access Controlled Highway from DND Maharani Bagh - Jn. with Jaitpur - Pushta Road of NH-148NA from km. 0.00 to km. 9.00 in NCR,1467,2510.34,1615.84,08/07/2024,05/05/2026,1,2024-07-08,2026-05-05,0,EXPENDITURE_EXCEEDS_ORIGINAL
890,Roads & Highways,Ministry of Road Transport & Highways,618757,6L access controlled Highway from Km 40080 to Km 86513 Mator to Barodameo Section,2010,1565.88,707.67,14/03/2026,17/05/2026,1,2026-03-14,2026-05-17,0,CLEAN
891,Roads & Highways,Ministry of Road Transport & Highways,618647,6L Access Controlled Ludhiana-Bathinda Greenfield highway from Jn. with Amritsar-Bathanda Greenfield Road NH-754A near Rampura Phul to Jn. with Moga-Barnala Road NH-703 near village Tallewal from Km 0.0 to Km 30.3 of NH-754AD Pkg-1,907,1020.52,490.17,13/09/2025,14/07/2026,1,2025-09-13,2026-07-14,0,CLEAN
892,Roads & Highways,Ministry of Road Transport & Highways,619105,6L Access Controlled Ludhiana-Bathinda Greenfield highway from Jn. with Moga-Barnala Road NH-703 near village Tallewal to Jn. with Delhi-Katra Expressway NE-5 near Ludhiana village Ballowal from Km 30.300 to Km 75.543 of NH-754AD Pkg-2,1555,1564.66,195.79,29/09/2027,29/09/2027,1,2027-09-29,2027-09-29,0,CLEAN
893,Roads & Highways,Ministry of Road Transport & Highways,619308,6L access-controlled highway from Ganeshpur tonear Mohand of Ganeshpur Dehradun section from Km.0 to Km.8.3 of NH-72A Package-1,836,835.74,808.7,07/10/2023,15/07/2026,1,2023-10-07,2026-07-15,0,CLEAN
894,Roads & Highways,Ministry of Road Transport & Highways,618758,6L accesscontrolled highway from km 0000 to km 40080 Paniyala to Mator Section of Paniyala-Barodameo ICR,1765,1239.24,310.12,15/09/2026,15/09/2026,1,2026-09-15,2026-09-15,0,CLEAN
895,Roads & Highways,Ministry of Road Transport & Highways,618681,6L Aluru - Jakkuva Section of NH-130CD Road from km 365.033 to km 396.800 Pkg. 1,1216,1241.66,683.05,29/03/2024,30/06/2026,1,2024-03-29,2026-06-30,0,CLEAN
896,Roads & Highways,Ministry of Road Transport & Highways,619099,6L Amritsar-Bathinda Greenfield section from Jn. with Moga Jalandhar road NH-703 near Dharamkot to Jn. with Bhagta Bhai Ka-Bhadaur Road near Dyalpura Bhai Ka from km 39.000 to km 93.000 of NH-754A Pkg-2,1801,2172.71,597.42,26/06/2026,30/06/2027,1,2026-06-26,2027-06-30,0,CLEAN
897,Roads & Highways,Ministry of Road Transport & Highways,618618,6L Amritsar-Bathinda Greenfield section from Jn. with Bhagta Bhai Ka-Bhadaur Road near Dyalpura Bhai Ka to Jn. with Mandi Dabwali Bathinda Road on NH-54 near Sangat Kalan from km 93.000 to km 154.866 of NH-754A Pkg-3,2029,2677.23,513.42,16/06/2026,15/06/2026,1,2026-06-16,2026-06-15,0,CLEAN
898,Roads & Highways,Ministry of Road Transport & Highways,618617,6L Amritsar-Bathinda Greenfield section from village Tiba on NE-5A to Jn. with Moga Jalandhar road NH-703 near Dharamkot from km 0.000 to km 39.000 of NH-754A Pkg-1,1229,1549.32,772.73,13/11/2024,30/06/2027,1,2024-11-13,2027-06-30,0,CLEAN
899,Roads & Highways,Ministry of Road Transport & Highways,618738,6L Bridge and its approaches across River Ganga as Part of Patna Ring Road NH-131G starting from Km 8.480 near Sherpur to Km 23.000 near Dighwara,6292,3351.62,581.87,05/09/2027,31/03/2029,1,2027-09-05,2029-03-31,0,CLEAN
900,Roads & Highways,Ministry of Road Transport & Highways,618805,6L Connectivity to Port Road from Sabbavaram Sheelanagar-NH516C,977,0.0,64.7,13/02/2028,12/02/2028,0,2028-02-13,2028-02-12,0,NOT_YET_REVISED_COST
901,Roads & Highways,Ministry of Road Transport & Highways,618499,6L Elevated Kanpur - Lucknow Exeressway Pkg-1 from Km. 10980 to Km. 28500,1973,1943.27,766.29,30/07/2025,31/05/2026,1,2025-07-30,2026-05-31,0,CLEAN
902,Roads & Highways,Ministry of Road Transport & Highways,618808,6L Elevated Kona Expressway from Km. 0.145 to Km. 7.337 of NH-117,1213,1203.11,302.61,03/12/2026,31/12/2027,1,2026-12-03,2027-12-31,0,CLEAN
903,Roads & Highways,Ministry of Road Transport & Highways,618704,6L Flyover including RE Wall approaches with Flexible Pavement in the Elephant Corridor of Angul Sambalpur Section of NH-42 New NH-55 Km.202.533,151,106.32,102.13,20/01/2027,20/06/2026,1,2027-01-20,2026-06-20,0,CLEAN
904,Roads & Highways,Ministry of Road Transport & Highways,618515,6L from Belgaum to Sankeshwar Bypass from Km. 515.000 to Km. 555.017 of NH-48 Pkg-I,1479,1237.04,1178.11,23/04/2025,10/05/2026,1,2025-04-23,2026-05-10,0,CLEAN
905,Roads & Highways,Ministry of Road Transport & Highways,618516,6L from Sankeshwar Bypass to MH-KNT Border from Km. 555.017 to Km. 592.853 of NH-48 Pkg-II,1389,1066.86,1130.54,23/04/2025,30/11/2026,1,2025-04-23,2026-11-30,0,CLEAN
906,Roads & Highways,Ministry of Road Transport & Highways,618680,6L Greenfield Kandili - Aluru Section of NH-130-CD Road from km 342500 to km 365033 Package-OD-8,1493,1912.84,1032.78,17/10/2024,31/05/2026,1,2024-10-17,2026-05-31,0,CLEAN
907,Roads & Highways,Ministry of Road Transport & Highways,618678,6L Greenfield Baunsaguar - Baraja Section of NH-130-CD Road from km 293000 to km 338500 Package OD-6,1266,1635.44,874.99,31/05/2024,30/06/2026,1,2024-05-31,2026-06-30,0,CLEAN
908,Roads & Highways,Ministry of Road Transport & Highways,618677,6L Greenfield Kaliagura Baunsaguar Section of NH-130-CD Road from km 249000 to km 293000 Package OD-5,1540,1918.49,981.3,29/05/2024,30/06/2026,1,2024-05-29,2026-06-30,0,CLEAN
909,Roads & Highways,Ministry of Road Transport & Highways,618498,6L Greenfield Kanpur - Lucknow Expressway Pkg II from km. 28.500 to km. 73.744,2472,2489.0,1178.84,08/05/2025,10/04/2026,1,2025-05-08,2026-04-10,0,CLEAN
910,Roads & Highways,Ministry of Road Transport & Highways,618734,6L Greenfield Varanasi- Ranchi- Kolkata Highway from junction with NH-320 in Lepo village to Kamlapur villageJH/WB border from km 358.500 to km 387.200 Pkg -13,1154,1319.18,90.87,29/09/2027,29/09/2027,1,2027-09-29,2027-09-29,0,CLEAN
911,Roads & Highways,Ministry of Road Transport & Highways,618724,6L Greenfield Varanasi-Ranchi-Kolkata Highway from Anarbansalea village to Sagrampur village From KM. 151200 to KM. 184700Package-7,1719,1723.42,64.54,30/06/2027,30/06/2027,1,2027-06-30,2027-06-30,0,CLEAN
912,Roads & Highways,Ministry of Road Transport & Highways,618727,6L Greenfield Varanasi-Ranchi-Kolkata Highway from junction with Bhabhua-Adhaura road in Bhairopur village to Konki village From KM. 54.000 to KM. 90.000Pkg-3,1577,1711.44,123.3,05/10/2027,05/10/2027,1,2027-10-05,2027-10-05,0,CLEAN
913,Roads & Highways,Ministry of Road Transport & Highways,618726,6L Greenfield Varanasi-Ranchi-Kolkata Highway from junction with Chandauli-Chainpur Road near Khainti village to junction with Bhabhua-Adhaura road near Palka village from Km. 27.000 to Km. 54.000 Pkg-2,1241,1341.52,103.25,05/10/2027,05/10/2027,1,2027-10-05,2027-10-05,0,CLEAN
914,Roads & Highways,Ministry of Road Transport & Highways,618728,6L Greenfield Varanasi-Ranchi-Kolkata Highway from junction with NH-19 & Varanasi Ring Road near Rewasa village to junction with Chandauli-Chainpur road near Khainti village from Km. 0.000 to Km. 27.000 - Pkg-1,1433,1564.15,373.57,24/11/2026,18/05/2027,1,2026-11-24,2027-05-18,0,CLEAN
915,Roads & Highways,Ministry of Road Transport & Highways,618725,6L Greenfield Varanasi-Ranchi-Kolkata Highway from Pachmon village to Anarbansalea village From KM. 116000 to KM. 151200 Package-6,1916,1920.21,64.59,03/09/2027,03/09/2027,1,2027-09-03,2027-09-03,0,CLEAN
916,Roads & Highways,Ministry of Road Transport & Highways,619111,6L Jakkuva Korlam Section of NH-130CD Road from km 396.800 to km 421.100 Pkg 2,841,840.51,549.56,29/03/2024,31/05/2026,1,2024-03-29,2026-05-31,0,CLEAN
917,Roads & Highways,Ministry of Road Transport & Highways,619112,6L Kantakapalle Sabbavaram Section of NH-130CD Road from Km 445.100 to Km 464.662 Pkg-4,1013,1012.57,568.13,04/10/2024,31/12/2026,1,2024-10-04,2026-12-31,0,CLEAN
918,Roads & Highways,Ministry of Road Transport & Highways,618682,6L Korlam-Kantakapalle Section of NH-130CD Road from Km 421.100 to Km 445.100 Pkg-3,1113,1127.63,822.68,18/02/2024,31/07/2026,1,2024-02-18,2026-07-31,0,CLEAN
919,Roads & Highways,Ministry of Road Transport & Highways,618598,6L Minor Bridge Paloli Palam at km. 203.160 & Major Bridge Morad at km. 204.895 and allied works,210,216.94,77.9,11/06/2022,06/05/2026,1,2022-06-11,2026-05-06,0,CLEAN
920,Roads & Highways,Ministry of Road Transport & Highways,618676,6L of Dhanara - Hatibena Section from Km 124.611 to km 146.50 of NH-130-CD Package OD-1,478,638.32,297.98,23/03/2024,30/04/2026,1,2024-03-23,2026-04-30,0,CLEAN
921,Roads & Highways,Ministry of Road Transport & Highways,618601,6L of Kappirikkad to Thalikulam section from km 335.85 to km 369.015 of NH - 66 old NH-17,4226,4225.59,708.02,26/01/2025,30/06/2026,1,2025-01-26,2026-06-30,0,CLEAN
922,Roads & Highways,Ministry of Road Transport & Highways,618553,6L of Agra Bypass Northern connecting Km. 174.500 of NH-2 new NH-19 to Km. 141.000 of Yamuna Expressways,958,1034.42,758.4,22/02/2025,26/05/2026,1,2025-02-22,2026-05-26,0,CLEAN
923,Roads & Highways,Ministry of Road Transport & Highways,619134,6L of Ambala-Chandigarh greenfield section from Km. 0.000 to Km. 25.000 with 4L spur to Lalru from Km. 0.000 to Km. 5.828 & spur to PR-7 road from Km. 0.000 to Km. 11.157,1642,1904.79,552.95,12/10/2025,30/06/2026,1,2025-10-12,2026-06-30,0,CLEAN
924,Roads & Highways,Ministry of Road Transport & Highways,618579,6L of Anandapuram Pendurthi Anakapalli Section from km. 681.000 to km. 731.780 of NH-16,2527,2957.25,994.53,01/07/2021,31/05/2026,1,2021-07-01,2026-05-31,0,CLEAN
925,Roads & Highways,Ministry of Road Transport & Highways,618532,6L of Aurangabad to Bihar-Jharkhand border Chordaha section from km. 209.827 to Km. 249.525 of NH-19 PKG-02,1822,738.11,605.5,27/03/2024,15/05/2026,1,2024-03-27,2026-05-15,0,EXTREME_COST_OVERRUN_OUTLIER
926,Roads & Highways,Ministry of Road Transport & Highways,618531,6L of Aurangabad to Bihar-Jharkhand border Chordaha section from km. 180.000 to km. 209.827 of NH-2 PKG-01,1054,786.81,110.8,17/12/2026,17/12/2026,1,2026-12-17,2026-12-17,0,CLEAN
927,Roads & Highways,Ministry of Road Transport & Highways,618597,6L of Azhiyur-Vengalam from km. 189.200 to km. 230.400 of NH-66,3206,3898.46,776.8,04/07/2024,31/05/2027,1,2024-07-04,2027-05-31,0,CLEAN
928,Roads & Highways,Ministry of Road Transport & Highways,619109,6L of Badakumari - Karki Section from Km 179.000 to km 226.500 of NH-130-CD Package OD-3,1102,1374.43,645.61,11/04/2024,31/05/2026,1,2024-04-11,2026-05-31,0,CLEAN
929,Roads & Highways,Ministry of Road Transport & Highways,619075,6L of Bhubaneswar - Jagatpur - Chandikhole Section of NH-16,639,632.89,52.23,10/06/2014,07/05/2026,1,2014-06-10,2026-05-07,0,EXTREME_SCHEDULE_OUTLIER
930,Roads & Highways,Ministry of Road Transport & Highways,618595,6L of Chengala - Neeleshwaram from km. 56.200 to km. 93.468,1746,2538.06,943.25,15/04/2024,31/03/2027,1,2024-04-15,2027-03-31,0,CLEAN
931,Roads & Highways,Ministry of Road Transport & Highways,619067,6L of Chiloda-Naroda section from Km. 540.595 to Km. 555.595 of NH-8Package-VII,357,463.03,103.23,10/05/2019,31/05/2026,1,2019-05-10,2026-05-31,0,CLEAN
932,Roads & Highways,Ministry of Road Transport & Highways,618559,6L of existing 4L from Gundlapochampally to Bowenpally from km 471.300 to km 481.331 of NH-44,522,528.21,256.53,30/07/2024,22/04/2026,1,2024-07-30,2026-04-22,0,CLEAN
933,Roads & Highways,Ministry of Road Transport & Highways,618585,6L of Gonde Km. 439.038 to Pimpri Sado Km. 459.905 section of NH-848 Old NH-3,857,718.84,123.7,11/04/2027,04/11/2027,1,2027-04-11,2027-11-04,0,CLEAN
934,Roads & Highways,Ministry of Road Transport & Highways,618526,6L of Gundugolanu Design km 1023.280 to Kalaparru Design km 1050.680 of NH-5 New NH-16,666,665.59,512.09,30/07/2021,31/05/2026,1,2021-07-30,2026-05-31,0,CLEAN
935,Roads & Highways,Ministry of Road Transport & Highways,619213,6L of Hatibena - Badakumari Section from Km 146.50 to km 179.00 of NH-130-CD Package OD-2,791,1070.63,727.37,02/03/2024,31/05/2026,1,2024-03-02,2026-05-31,0,CLEAN
936,Roads & Highways,Ministry of Road Transport & Highways,618610,6L of Jodhpur Romana Bathinda - Mandi Dabwali Punjab Haryana Border section of NH-54 from km. 0.000 to km. 27.400 of NH-54,789,1318.91,518.65,10/08/2025,31/05/2026,1,2025-08-10,2026-05-31,0,CLEAN
937,Roads & Highways,Ministry of Road Transport & Highways,618513,6L of Kagal-Satara section from Km 592.500 to Km 658.000 of NH-48 Pkg-I,2112,1435.46,631.63,11/01/2025,28/02/2027,1,2025-01-11,2027-02-28,0,CLEAN
938,Roads & Highways,Ministry of Road Transport & Highways,618514,6L of Kagal-Satara section from Km 658.000 to Km 725.000 of NH-48 Pkg-II,2331,317.4,196.85,15/12/2024,31/12/2026,1,2024-12-15,2026-12-31,0,EXTREME_COST_OVERRUN_OUTLIER
939,Roads & Highways,Ministry of Road Transport & Highways,618603,6L of Kodugallur to Edapppally section from km 397.750 to km 423.780 of NH - 66 old NH-17,3466,3606.2,768.14,21/04/2025,31/12/2026,1,2025-04-21,2026-12-31,0,CLEAN
940,Roads & Highways,Ministry of Road Transport & Highways,618772,6L of Kumarajapet to Veera Kaveri Raja Puram from km 43.800 to km 61.380 of NH-716B Pkg-II,703,799.36,370.57,29/10/2025,10/05/2026,1,2025-10-29,2026-05-10,0,CLEAN
941,Roads & Highways,Ministry of Road Transport & Highways,618631,6L of MH/KN Border Nimbal Village to KN/TS Border Singnodi Village from Km. 162.5 to Km. 203.100 in Raichur of NH-150C Pkg-IV,1500,1457.48,829.47,13/05/2025,30/06/2026,1,2025-05-13,2026-06-30,0,CLEAN
942,Roads & Highways,Ministry of Road Transport & Highways,618630,6L of MH/KN Border Nimbal Village to KN/TS Border Singnodi Village from Km. 26.000 to Km. 97.000 in Gulbarga of NH-150C Pkg-II,2356,1923.3,868.81,27/06/2025,30/11/2026,1,2025-06-27,2026-11-30,0,CLEAN
943,Roads & Highways,Ministry of Road Transport & Highways,619211,6L of MH/KN Border Nimbal Village to KN/TS Border Singnodi Village from Km. 97.000 to Km. 162.500 in Yadgir of NH-150C Pkg-III,2105,2065.83,779.81,22/10/2025,30/09/2026,1,2025-10-22,2026-09-30,0,CLEAN
944,Roads & Highways,Ministry of Road Transport & Highways,619140,6L of Naidupeta Junction - Turpukanupur Section from km 57.046 to km 91.927,1399,965.58,297.06,19/10/2025,28/02/2027,1,2025-10-19,2027-02-28,0,CLEAN
945,Roads & Highways,Ministry of Road Transport & Highways,619206,6L of Perole Nileshwar town to Taliparamba from Km 94.248 to Km 134.650 of NH-66,3042,3867.66,1007.02,11/01/2024,31/03/2027,1,2024-01-11,2027-03-31,0,CLEAN
946,Roads & Highways,Ministry of Road Transport & Highways,618635,6L of Pondavakkam to Kannigaipair from km 96.040 to km 116.100 of NH 716B Pkg-IV,1360,1359.81,335.27,23/01/2025,05/11/2026,1,2025-01-23,2026-11-05,0,CLEAN
947,Roads & Highways,Ministry of Road Transport & Highways,618599,6L of Ramanatukkara Junction to start of Valanchery bypass section of NH-66,4924,4919.46,1815.81,19/07/2024,31/05/2026,1,2024-07-19,2026-05-31,0,CLEAN
948,Roads & Highways,Ministry of Road Transport & Highways,618596,6L of Taliparamba to Muzhappilangad from Km 134.650 to Km 170.6 of NH-66,2715,3557.65,1040.02,26/05/2024,31/12/2027,1,2024-05-26,2027-12-31,0,CLEAN
949,Roads & Highways,Ministry of Road Transport & Highways,618602,6L of Thalikulam to Kodugallur section from km 369.015 to km 397.850 of NH - 66 old NH-17,4302,4302.06,772.89,14/02/2025,30/06/2026,1,2025-02-14,2026-06-30,0,CLEAN
950,Roads & Highways,Ministry of Road Transport & Highways,618600,6L of Valanchery bypass to Kappirikkad of NH 66 from km. 298500 to km 335850,4024,4023.94,1497.69,19/07/2024,31/05/2026,1,2024-07-19,2026-05-31,0,CLEAN
951,Roads & Highways,Ministry of Road Transport & Highways,618771,6L of Varadharajula to Kumarajapet from km 0.000 to km 43.800 of NH-716B Pkg-I,1925,1887.38,947.66,05/12/2024,10/04/2026,1,2024-12-05,2026-04-10,0,CLEAN
952,Roads & Highways,Ministry of Road Transport & Highways,618634,6L of Veera Kaveri Raja Puram to Pondavakkam from km 61.380 to km 96.040 of NH 716B Pkg-III,1440,1439.77,734.85,24/01/2025,10/05/2026,1,2025-01-24,2026-05-10,0,CLEAN
953,Roads & Highways,Ministry of Road Transport & Highways,618576,"6L Standalone Flyovers at Raha, Demow, Borghat, Kathiatali junctions and ROB at Jagiroad on stretches of NH 36 and NH 27",281,255.53,211.79,04/06/2024,,1,2024-06-04,,1,MISSING_REVISED_DATE
954,Roads & Highways,Ministry of Road Transport & Highways,618711,6L with access control provision Saharanpur bypass to Ganeshpur section from 13.89 Km to 41.820 Km of Delhi- Dehradun Economic Corridor package-2,797,560.03,499.88,03/11/2024,30/05/2026,1,2024-11-03,2026-05-30,0,CLEAN
955,Roads & Highways,Ministry of Road Transport & Highways,618564,6L with PS of Samakhiyali to Santalpur section from km. 339.700 to Km. 430.100 of NH-27,1554,34.34,28.18,27/12/2025,11/01/2027,1,2025-12-27,2027-01-11,0,EXTREME_COST_OVERRUN_OUTLIER
956,Roads & Highways,Ministry of Road Transport & Highways,619090,8L of Dwarka Expressway Pkg-II RuB near Dwarka Sector 21-DL/HR Border from 5.300 Km.to 9.500 Km. of NH-248BB,2068,2670.22,1909.28,16/10/2021,31/05/2026,1,2021-10-16,2026-05-31,0,CLEAN
957,Roads & Highways,Ministry of Road Transport & Highways,619161,Access Controlled Highway of 4 Lane with Paved Shoulders from Tiruvallur Design Chainage Km 1756 to TN/AP Broder Design Chainage Km 6151 of NH-716 Chennai-Tirupati Package-1,1376,1247.7,133.77,27/12/2026,28/02/2027,1,2026-12-27,2027-02-28,0,CLEAN
958,Roads & Highways,Ministry of Road Transport & Highways,618920,Access Controlled Highway of 4 Lane with Paved Shoulders from TN/AP Border Design Chainage Km 6151 to Puttur Design Chainage Km 81540 of NH-716 & 6 Lane with Paved Shoulders from Mallavaram to Renigunta,1347,1260.37,171.16,13/12/2026,28/02/2027,1,2026-12-13,2027-02-28,0,CLEAN
959,Roads & Highways,Ministry of Road Transport & Highways,618505,Additional Structures on 6LGurgaon-Jaipur Section of NH-48 between KM 42.700 to KM 273.00,410,290.64,195.8,25/06/2024,31/07/2026,1,2024-06-25,2026-07-31,0,CLEAN
960,Roads & Highways,Ministry of Road Transport & Highways,618620,"Additional works 2VUPs, MR-10 junction flyover and underpass in Six lane Indore-Dewas section of NH-52 in the state of Madhya Pradesh on EPC Mode",208,211.27,122.83,17/07/2024,31/12/2026,1,2024-07-17,2026-12-31,0,CLEAN
961,Roads & Highways,Ministry of Road Transport & Highways,618707,Additional works under BM1 to ensure road safety under 6L of Bengaluru Mysuru Access control with close toll from Km.17.300 to Km.136.300 of NH-275,738,0.0,14.27,19/01/2028,19/01/2028,0,2028-01-19,2028-01-19,0,NOT_YET_REVISED_COST
962,Roads & Highways,Ministry of Road Transport & Highways,618501,Ahmedabad - Dholera Pkg I from km. 0.00 to km. 22.00 [Sardar Patel Ring Road - Sindhrej Village],1298,1421.05,1012.45,10/01/2024,31/05/2026,1,2024-01-10,2026-05-31,0,CLEAN
963,Roads & Highways,Ministry of Road Transport & Highways,618502,Ahmedabad - Dholera Pkg II from km. 22.00 to km. 48.52 [Sindhrej Village - Vejallka Village],1415,1729.69,1354.93,21/01/2024,31/05/2026,1,2024-01-21,2026-05-31,0,CLEAN
964,Roads & Highways,Ministry of Road Transport & Highways,618503,Ahmedabad - Dholera Pkg III from km. 48.52 to km. 71.06 [Vejallka Village - Start of DSIR zone],1034,1155.41,955.74,19/07/2023,31/05/2026,1,2023-07-19,2026-05-31,0,CLEAN
965,Roads & Highways,Ministry of Road Transport & Highways,618504,Ahmedabad - Dholera Pkg IV from km. 71.06 to km. 109.019 [Start of DSIR zone - Adhelai Village],1182,1358.73,1204.33,13/12/2023,31/05/2026,1,2023-12-13,2026-05-31,0,EXPENDITURE_EXCEEDS_ORIGINAL
966,Roads & Highways,Ministry of Road Transport & Highways,618636,Akkalkot MH/KN border New Greenfield corridor from Km 512.000 to Km 548.400 of NH-150C part of Akkalkot KN/TS Border section Package XIV,1371,1403.49,275.76,02/10/2026,30/06/2027,1,2026-10-02,2027-06-30,0,CLEAN
967,Roads & Highways,Ministry of Road Transport & Highways,619122,Akshardham - DL/UP Border Pkg-01,1479,1476.75,1343.18,23/12/2024,30/05/2026,1,2024-12-23,2026-05-30,0,CLEAN
968,Roads & Highways,Ministry of Road Transport & Highways,618692,Aligarh-Kanpur Pkg I [Aligarh-Bhadwas],1227,2069.6,659.17,06/06/2022,31/08/2026,1,2022-06-06,2026-08-31,0,CLEAN
969,Roads & Highways,Ministry of Road Transport & Highways,618795,Amritsar Bypass Pkg III from km. 71.496 to km. 105.158,1475,1228.42,866.12,30/08/2024,31/12/2026,1,2024-08-30,2026-12-31,0,CLEAN
970,Roads & Highways,Ministry of Road Transport & Highways,618794,Amritsarairport Junction - Ramdas from km. 100.835 to km. 139.813 Pkg - IV,525,416.58,387.07,17/09/2023,31/05/2026,1,2023-09-17,2026-05-31,0,CLEAN
971,Roads & Highways,Ministry of Road Transport & Highways,618774,Ara - Mohania Pkg-II,985,827.51,798.12,16/07/2023,30/11/2025,1,2023-07-16,2025-11-30,0,CLEAN
972,Roads & Highways,Ministry of Road Transport & Highways,618775,Ara Bypass,226,0.0,1.94,05/04/2027,05/04/2027,0,2027-04-05,2027-04-05,0,NOT_YET_REVISED_COST
973,Roads & Highways,Ministry of Road Transport & Highways,617947,Arawali Kante section of NH-17New NH-66 4L PS from Km.241/300 to 281/300,1007,1443.09,0.0,13/11/2019,31/03/2026,1,2019-11-13,2026-03-31,0,CLEAN
974,Roads & Highways,Ministry of Road Transport & Highways,618604,Aroor-Thuravoor Thekku,2430,2382.83,1760.92,30/01/2026,07/12/2026,1,2026-01-30,2026-12-07,0,CLEAN
975,Roads & Highways,Ministry of Road Transport & Highways,618839,Aunta - Simaria including Ganga Bridge,1309,2107.68,812.81,07/02/2022,10/04/2026,1,2022-02-07,2026-04-10,0,CLEAN
976,Roads & Highways,Ministry of Road Transport & Highways,619152,Bakhtiyarpur Km 153.300 to Mokama Km 197.900,1183,1898.84,843.24,10/12/2019,31/05/2026,1,2019-12-10,2026-05-31,0,CLEAN
977,Roads & Highways,Ministry of Road Transport & Highways,618861,Bakhtiyarpur-Rajauli Pkg-II from km. 54.405 to km.101.630,897,1397.47,897.09,11/07/2023,31/05/2026,1,2023-07-11,2026-05-31,0,EXPENDITURE_EXCEEDS_ORIGINAL
978,Roads & Highways,Ministry of Road Transport & Highways,618862,Bakhtiyarpur-Rajauli Pkg-III from km. 101.630 to km.152.520,2156,3046.61,1668.28,27/06/2024,31/05/2026,1,2024-06-27,2026-05-31,0,CLEAN
979,Roads & Highways,Ministry of Road Transport & Highways,618637,Bal. Works of Fagne Km. 510.000 to Maharashtra/Gujarat Border Km. 650.794,1654,1672.89,1356.95,18/09/2022,31/12/2026,1,2022-09-18,2026-12-31,0,CLEAN
980,Roads & Highways,Ministry of Road Transport & Highways,618569,Balance work - WB-10 Gandak Bridge Km 402.00 to Km 440.00 Devanpur - Kotwa,210,358.3,116.29,30/01/2024,31/12/2026,1,2024-01-30,2026-12-31,0,CLEAN
981,Roads & Highways,Ministry of Road Transport & Highways,618942,Balance work of 2L PS from Km 30.800 to Km 70.800 and 2L with Rigid Carriageway from Km 70.800 to km 84.120 of Khanapur- KA/GOA Border section of NH-4A,227,149.44,109.78,21/05/2024,31/03/2027,1,2024-05-21,2027-03-31,0,CLEAN
982,Roads & Highways,Ministry of Road Transport & Highways,619089,Balance work of 4L of NarimbangloJatinga Junction- Harangajoroad section from Km 0.000 to Km 49.230 of NH-27,1910,2745.74,1307.33,15/01/2026,30/06/2026,1,2026-01-15,2026-06-30,0,CLEAN
983,Roads & Highways,Ministry of Road Transport & Highways,618701,Balance work of 4L of Nauradehi Sanctuary de-scoped stretch of Hiran River to Sindoor River from Km. 66.00 to 130.00 NH-12 New NH-45,178,153.15,142.2,18/07/2023,08/04/2024,1,2023-07-18,2024-04-08,0,CLEAN
984,Roads & Highways,Ministry of Road Transport & Highways,618594,Balance work of 4L Panvel to Indapur section of NH-66 Old NH- 17 from km 0.000 Panvel to km 42.300 Kasu,330,196.87,185.0,22/10/2024,31/05/2026,1,2024-10-22,2026-05-31,0,CLEAN
985,Roads & Highways,Ministry of Road Transport & Highways,618592,"Balance work of 8 nos. of Elephant Underpasses EUPs, 1 no. of Vehicular Underpass VUP, 1 nos. of Light Vehicular Underpass LVUP, 1 nos. of Pedestrian Underpass PUP, 1 nos. of Foot Over Bridge FOB and A2 side approach of Jharpokharia Flyover at Km.215.270 in Baharagora-Singhara section of NH-49",321,244.85,33.71,02/05/2026,31/03/2027,1,2026-05-02,2027-03-31,0,CLEAN
986,Roads & Highways,Ministry of Road Transport & Highways,618296,Balance work of Construction of 2-lane with hard shoulder of Kohima - Jessami road on NH-29 old NH-150 from existing km 98.380 near Chizami vill. to km120.367 Nagaland/Manipur Border [Design km 95.700 to design km 117.200] [Design Length 21.500 km] in the state of Nagaland Under Bharatmala Pariyojna on EPC Mode Package-V under NHO,331,0.0,0.0,21/11/2025,31/05/2026,0,2025-11-21,2026-05-31,0,NOT_YET_REVISED_COST
987,Roads & Highways,Ministry of Road Transport & Highways,618009,Balance work of Construction of Ring Road for Raebareli City on eastern side of NH-24B Phase-1 on EPC mode.,320,347.8,0.0,04/04/2022,30/06/2026,1,2022-04-04,2026-06-30,0,CLEAN
988,Roads & Highways,Ministry of Road Transport & Highways,618031,Balance work of Construction of Two/Four lane with paved shoulder from Km 422.000 to 523.600 Chitradurga to Shivamogga of NH-13 in the state of Kanataka on EPC mode.,517,0.0,105.08,30/12/2025,30/08/2026,0,2025-12-30,2026-08-30,0,NOT_YET_REVISED_COST
989,Roads & Highways,Ministry of Road Transport & Highways,617945,Balance work of NH-66 from design Km 84/00 to Km 87/100 Indapur Bypass and Km 91/600 to Km 99/100 Mangaon Bypass to four lane with paved shoulder in State of Maharashtra under NHO on EPC Mode.,354,0.0,0.0,08/04/2027,08/04/2027,0,2027-04-08,2027-04-08,0,NOT_YET_REVISED_COST
990,Roads & Highways,Ministry of Road Transport & Highways,618819,Balance work of Panikoili Rimoli Section of new NH-20 from Km 0.00 to Km. 163.000,183,200.79,89.36,11/03/2022,10/07/2022,1,2022-03-11,2022-07-10,0,CLEAN
991,Roads & Highways,Ministry of Road Transport & Highways,618198,Balance work of Rehabilitation and Up-gradation to 2-lane road with paved shoulders configuration for NH- 965DD from Pacharal-Mandangad-Mhapral-Rajewadi Upto Junction of NH-66 Ch-22700 to 75100 Km and Ambadave connector Birth place of Dr. Babasaheb Ambedkar Ch-0000 to 7325 Km length Km 59.725 in the state of Maharashtra on EPC mode. Balance Work,389,341.69,0.0,04/01/2024,30/06/2026,1,2024-01-04,2026-06-30,0,CLEAN
992,Roads & Highways,Ministry of Road Transport & Highways,618235,Balance work of Rehabilitation and Up-gradation to 4-Lane configuration of Ras-Beawar Section Km 00.000 to km 30.050 of NH-158 in the State of Rajasthan under Green National Highway Corridor Project GNHCP.,278,0.0,28.57,27/12/2026,27/12/2026,0,2026-12-27,2026-12-27,0,NOT_YET_REVISED_COST
993,Roads & Highways,Ministry of Road Transport & Highways,618593,Balance work of Rehabilitation and Upgradation to four laning of Baharagora Singhara section of NH-49 from Km.229.727 to Km.238.990 Length 9.263 Km. including construction of five nos. of Elephant Underpasses EUP and fourteen nos. of Animal Underpasses AUP inside the buffer zone of Similipal Tiger Reserve Area in Bangriposi Ghat section in the State of Odisha on EPC Mode,263,163.07,8.76,22/11/2027,22/11/2027,1,2027-11-22,2027-11-22,0,CLEAN
994,Roads & Highways,Ministry of Road Transport & Highways,617954,Balance work of Rehabilitation and upgrading to 2lane/2lane with paved shoulder configuration and strengthening from from Km 343.80 to 400.33 of Gowribidanur-Chik Ballapur section in the state of Karnataka Under Annual Plan 2021-22 under EPC Mode.-952,398,0.0,211.59,23/02/2025,30/04/2026,0,2025-02-23,2026-04-30,0,NOT_YET_REVISED_COST
995,Roads & Highways,Ministry of Road Transport & Highways,618507,"Balance work of Six Laning of Shamlaji-Motachiloda from Km. 401.200 to Km.494.410 section Design Chainage Km.447.385 to Km 540.595, Length- 93.210 Km of old NH-8 NH-48 in the state of Gujarat on single Percentage Item Rate Contract",467,501.48,553.93,06/06/2025,30/06/2026,1,2025-06-06,2026-06-30,0,EXPENDITURE_EXCEEDS_ORIGINAL
996,Roads & Highways,Ministry of Road Transport & Highways,618349,Balance work of Widening to 2 Two lane with hard shoulder of Churachandpur to Tuivai section of NH-102B from Design Chainage km 118850 to km 130000 Package-4A in the State of Manipur on EPC Mode,204,0.0,0.0,29/08/2026,29/08/2026,0,2026-08-29,2026-08-29,0,NOT_YET_REVISED_COST
997,Roads & Highways,Ministry of Road Transport & Highways,618348,Balance work of Widening to 2 Two lane with hard shoulder of Churachandpur to Tuivai section of NH-102B from km 130.000 to km 141.029 Package-4B in the State of Manipur on EPC Mode,178,0.0,1.41,07/11/2026,07/11/2026,0,2026-11-07,2026-11-07,0,NOT_YET_REVISED_COST
998,Roads & Highways,Ministry of Road Transport & Highways,618898,Balance Works for Four laning of Vikravandi to Sethiyathope section from Km 0.0 to Km 65.96 of NH-45C in Tamil Nadu under NHDP Phase-IV on EPC mode,1163,834.46,166.37,24/06/2027,24/06/2027,1,2027-06-24,2027-06-24,0,CLEAN
999,Roads & Highways,Ministry of Road Transport & Highways,618522,Balance Works for six laning of Sriperumbudur to karaipettai section of NH-4 New NH-48 from 37000 Existing Km 37000 to Km 71015 Existing Km 71000 in Tamilnadu on EPC mode underNHDP Phase-V,411,411.16,81.11,27/10/2026,28/02/2027,1,2026-10-27,2027-02-28,0,CLEAN
1000,Roads & Highways,Ministry of Road Transport & Highways,619160,Balance works in AP Portion and punch list items in TN & AP portion of NH-205,167,113.46,98.26,04/01/2025,05/01/2026,1,2025-01-04,2026-01-05,0,CLEAN
1001,Roads & Highways,Ministry of Road Transport & Highways,618784,Balance works of 4 lane divided carriageway of Missing Link section of NH-39 Rewa Bypass from junction with NH 30 near Bela to Junction with MPRDC ring road near Silpara on SH 9 design length 13.100 km on EPC Mode under Bharatmala Pariyojana in the State of Madhya Pradesh,355,355.36,208.94,23/04/2026,31/10/2026,1,2026-04-23,2026-10-31,0,CLEAN
1002,Roads & Highways,Ministry of Road Transport & Highways,618574,Balance Works of 4L of NH-31D from Km. 113.200 to Km. 154.854 Package-II A Ghoshpukur-Salsalabari Section,1818,962.31,426.06,01/06/2027,01/06/2027,1,2027-06-01,2027-06-01,0,CLEAN
1003,Roads & Highways,Ministry of Road Transport & Highways,619222,"Balance works of four lane from km 43.950 Thiruvallur Bypass to km 61.470 Veppampattu Bypass passing through Thannerkulam, Thozur and Sevapet Bypass 17.520 kms of Tirupathi- Tiruttani- Chennai section of NH 205",468,699.68,450.86,20/09/2024,31/05/2026,1,2024-09-20,2026-05-31,0,CLEAN
1004,Roads & Highways,Ministry of Road Transport & Highways,619199,Bangalore Chennai Expressway Phase-II Pkg-I from km.71.000 to Km 96.000 Bethamangala in the state of Karnataka to Byreddypalli,1410,1410.01,241.41,09/10/2024,10/10/2022,1,2024-10-09,2022-10-10,0,EXTREME_SCHEDULE_OUTLIER
1005,Roads & Highways,Ministry of Road Transport & Highways,618475,Bangalore Chennai Expressway Phase-II Pkg-II from km.96.000 to Km 127.000 Baireddypalle to Bangarupalem section,2548,2548.04,1226.85,07/06/2025,17/09/2026,1,2025-06-07,2026-09-17,0,CLEAN
1006,Roads & Highways,Ministry of Road Transport & Highways,618476,Bangalore Chennai Expressway Phase-II Pkg-III from km.127.000 to Km 156.000 Bangarupalem to Gudipala section,1407,1407.33,689.49,03/10/2024,08/05/2026,1,2024-10-03,2026-05-08,0,CLEAN
1007,Roads & Highways,Ministry of Road Transport & Highways,618477,Bangalore Chennai Expressway Phase-III Package I Gudipala to Walajajhpet from Km 156.000 to Km 180.000,1482,1481.87,711.04,28/05/2024,30/06/2026,1,2024-05-28,2026-06-30,0,CLEAN
1008,Roads & Highways,Ministry of Road Transport & Highways,618478,Bangalore Chennai Expressway Phase-III Package II Walajahpet to Arakkonam from Km 180.000 to Km 204.500,1107,1106.65,590.04,14/07/2024,15/07/2026,1,2024-07-14,2026-07-15,0,CLEAN
1009,Roads & Highways,Ministry of Road Transport & Highways,618479,Bangalore Chennai Expressway Phase-III Package III Arakkonam to Kancheepuram from Km 204.500 to Km 230.000,1525,1525.1,360.29,29/07/2024,30/09/2027,1,2024-07-29,2027-09-30,0,CLEAN
1010,Roads & Highways,Ministry of Road Transport & Highways,618519,Bangalore Ring Road STRR-NH-948A- Package-I of Phase-III from Belagondapalli TN to TN/KNT border from km 144.480 to 179.969,1261,1218.47,611.1,16/05/2025,30/09/2026,1,2025-05-16,2026-09-30,0,CLEAN
1011,Roads & Highways,Ministry of Road Transport & Highways,618706,Bangalore-Nidagatta Pkg. I,3496,4087.42,604.66,09/11/2021,30/06/2026,1,2021-11-09,2026-06-30,0,CLEAN
1012,Roads & Highways,Ministry of Road Transport & Highways,619072,Bangalore/TN border to Hoskote,1182,1297.76,799.84,14/02/2025,31/08/2026,1,2025-02-14,2026-08-31,0,CLEAN
1013,Roads & Highways,Ministry of Road Transport & Highways,618863,Barhi-Koderma Section of NH31 km 0.00 - km 27.5,662,826.59,478.57,03/08/2024,31/05/2026,1,2024-08-03,2026-05-31,0,CLEAN
1014,Roads & Highways,Ministry of Road Transport & Highways,618533,Barwa Adda Km. 398.240 to Panagarh Km. 521.120,1560,1568.22,91.41,26/09/2016,08/05/2026,1,2016-09-26,2026-05-08,0,CLEAN
1015,Roads & Highways,Ministry of Road Transport & Highways,617887,Beawer Gomti 4LPS from km 58.245 to km 108.600 Pkg-I,379,0.0,179.11,13/10/2023,31/12/2025,0,2023-10-13,2025-12-31,0,NOT_YET_REVISED_COST
1016,Roads & Highways,Ministry of Road Transport & Highways,618799,Belakeri Port to Kumta - Sirsi road from km 0.00 - km 4.265 of Belekeri Port Road Link Rd. and km 4.965 - km 60.00 of SH-69,457,456.79,436.72,07/12/2022,30/06/2026,1,2022-12-07,2026-06-30,0,CLEAN
1017,Roads & Highways,Ministry of Road Transport & Highways,619164,Belgaum-Khanapur Pkg I Km 0.000-Km 30.800 of NH-4A,1214,1195.74,497.43,02/09/2021,31/03/2027,1,2021-09-02,2027-03-31,0,CLEAN
1018,Roads & Highways,Ministry of Road Transport & Highways,617908,Bemetara Bypass NH 30,162,0.0,0.0,28/04/2027,28/04/2027,0,2027-04-28,2027-04-28,0,NOT_YET_REVISED_COST
1019,Roads & Highways,Ministry of Road Transport & Highways,618664,Berkhedi to Godpehra on NH-44 Sagar link road,525,471.31,368.56,03/11/2024,30/06/2026,1,2024-11-03,2026-06-30,0,CLEAN
1020,Roads & Highways,Ministry of Road Transport & Highways,618523,Bhadrak KM 136.500 to Baleshwar KM 199.141,845,1394.82,538.51,15/09/2021,30/11/2026,1,2021-09-15,2026-11-30,0,CLEAN
1021,Roads & Highways,Ministry of Road Transport & Highways,618925,Bijnor-Kotawali,301,334.48,264.54,02/05/2023,31/05/2026,1,2023-05-02,2026-05-31,0,CLEAN
1022,Roads & Highways,Ministry of Road Transport & Highways,618572,Binnaguri Bypass-Descoped portion of Ghoshpukur-Dhupguri Section of NH-31Dpkg-1,310,306.02,0.4,06/11/2027,06/11/2027,1,2027-11-06,2027-11-06,0,CLEAN
1023,Roads & Highways,Ministry of Road Transport & Highways,618693,Bodhre - Dhule,1345,1292.7,791.69,27/07/2024,31/07/2026,1,2024-07-27,2026-07-31,0,CLEAN
1024,Roads & Highways,Ministry of Road Transport & Highways,618825,Bridge over Ganga River at d/s of Farraka Barrage including Approaches connecting Farakka-Raiganj,622,646.1,340.02,18/12/2021,30/09/2026,1,2021-12-18,2026-09-30,0,CLEAN
1025,Roads & Highways,Ministry of Road Transport & Highways,619150,BRT Tiger Reserve Boundary Km.287.500 to Bangalore Section Km.458.420 of NH-209 in Karnataka,2083,2859.93,730.43,20/08/2019,31/05/2026,1,2019-08-20,2026-05-31,0,CLEAN
1026,Roads & Highways,Ministry of Road Transport & Highways,618619,Bypass on Western side of Gwalior City,999,0.0,20.06,12/01/2028,12/01/2028,0,2028-01-12,2028-01-12,0,NOT_YET_REVISED_COST
1027,Roads & Highways,Ministry of Road Transport & Highways,618652,Chakur Loha Section of NH-361 from km 114.600 to km 187.80,1241,3342.11,785.13,24/03/2021,21/02/2024,1,2021-03-24,2024-02-21,0,CLEAN
1028,Roads & Highways,Ministry of Road Transport & Highways,618698,Challakere to Hariyur section from km 358.500 to km 414.205 of NH-150 A,1168,1873.58,843.6,24/01/2023,30/06/2025,1,2023-01-24,2025-06-30,0,CLEAN
1029,Roads & Highways,Ministry of Road Transport & Highways,619086,Chengapalli km 102.035 to Neelambur Km144.680 and Madukkarai Km 170.880 to Walayar K183.010 Package No. NS-2/BOT/TN-08,852,285.55,5.09,07/03/2013,30/10/2026,1,2013-03-07,2026-10-30,0,EXTREME_SCHEDULE_OUTLIER;EXTREME_COST_OVERRUN_OUTLIER
1030,Roads & Highways,Ministry of Road Transport & Highways,618904,Chhapra - Hajipur from km. 143.200 to km. 209.200,2128,2171.6,98.07,24/07/2013,30/04/2026,1,2013-07-24,2026-04-30,0,EXTREME_SCHEDULE_OUTLIER
1031,Roads & Highways,Ministry of Road Transport & Highways,618209,Construction & up gradation of existing road to 2-Lane with paved shoulder from existing chainage km 468000 to km 489350 Design Chainage km 465150 to km 471500 of NH-07 Old NH-58 including Joshimath bypass on EPC mode in the state of Uttarakhand Length 6.35 km,259,0.0,0.0,13/09/2025,27/08/2027,0,2025-09-13,2027-08-27,0,NOT_YET_REVISED_COST
1032,Roads & Highways,Ministry of Road Transport & Highways,618449,Construction & Upgradation of existing road to 2-lane with paved shoulder from km27.200 End of Rongli bypass to km37.600New Rolep Bridge of Rhenok-Menla spur NH-717B on EPC Mode under SARDP-NE Phase-A in Sikkim Pkg-II B,230,244.91,0.0,15/04/2023,30/09/2026,1,2023-04-15,2026-09-30,0,CLEAN
1033,Roads & Highways,Ministry of Road Transport & Highways,618446,Construction & Upgradation of existing road to 2-lane with paved shoulder from New Rolep Bridge at km 37.600 to Chochenpheri at km 52.00 in the section of Rongli to Chochenpheri of NH 717B Pkg-II C,493,478.79,0.0,23/05/2024,30/06/2026,1,2024-05-23,2026-06-30,0,CLEAN
1034,Roads & Highways,Ministry of Road Transport & Highways,618427,Construction & upgradation of existing road to 2-lane with paved shoulder including geometric improvement of Kafer- Lava More section from km 40.00 to km 61.100 of NH717-A on EPC under SARDP-NE A in state of West Bengal Pkg-VA,311,273.78,6.11,05/04/2023,22/05/2026,1,2023-04-05,2026-05-22,0,CLEAN
1035,Roads & Highways,Ministry of Road Transport & Highways,618429,Construction & upgradation of existing road to 2-lane with paved shoulder including geometric improvement of sect. from Pedong bypass to Reshi Border km 79.700 to km 96.254 of NH-717A under SARDP-NE-A on EPC as part of Alternate connectivity to Gangtok Lava More-Reshi Border Pkg-VB,345,395.59,395.8,17/04/2022,15/05/2026,1,2022-04-17,2026-05-15,0,EXPENDITURE_EXCEEDS_ORIGINAL
1036,Roads & Highways,Ministry of Road Transport & Highways,618396,Construction & Upgradation to 2 lane with paved shoulder from Design Km. 31.449 Khellani Ex. Km 44.946 to Km 51.700 Prem Nagar Ex. Km 68617 of 20.251 Km length on Khellani - Kishtwar - Chattroo section of NH-244 in the UT of J&K on EPC Mode under NHO-Gen PKG- 1,486,0.0,0.0,28/08/2022,02/10/2024,0,2022-08-28,2024-10-02,0,NOT_YET_REVISED_COST
1037,Roads & Highways,Ministry of Road Transport & Highways,618395,"Construction & Upgradation to 2-lane with paved shoulder from Design Ch. Km 51700 at Premnagar km 66315 to Km 66535 New Thatri at Start of Km 83rd, Tunnel Km 82665 of 14.835 Km design length on Chenani-Sudhmahadev-Goha Khellani-Kishtwar-Vailoo Donipawa-Ashajipora section of NH-244 in the UT of J&K on EPC Mode under NHO-Gen Pkg - 2",512,0.0,155.69,24/02/2023,31/10/2026,0,2023-02-24,2026-10-31,0,NOT_YET_REVISED_COST
1038,Roads & Highways,Ministry of Road Transport & Highways,618400,Construction & Upgradation to 2-lane with paved shoulder from Design Km 67.805 at the end of Km 83rd Tunnel near Dhrabshalla Ex. Km 83905 to Km 80.675 start of Kishtwar Bypass - Dulhasti Ex. Km 970751 of 12.870 Km length on chenani-Sudhmahadev-Goha Khellani-Kishtwar-vailoo-Donipawa-Ashajipora seition of NH-244 in the UT of J&K on EPC Mode under NHO-Gen Pkg-3,399,0.0,99.35,31/12/2022,31/08/2025,0,2022-12-31,2025-08-31,0,NOT_YET_REVISED_COST
1039,Roads & Highways,Ministry of Road Transport & Highways,617968,Construction & Widening Including Augustmuni Bypass Ch-16.545 to Ch - 19.890 to 2L/PS from Km 16.545-Km 33.130 & 45.980 -57.975 Augustmuni to Kund & Guptkashi to Sitapur on NH 109 in UK,419,0.0,422.72,16/02/2020,15/03/2024,0,2020-02-16,2024-03-15,0,NOT_YET_REVISED_COST;EXPENDITURE_EXCEEDS_ORIGINAL
1040,Roads & Highways,Ministry of Road Transport & Highways,618289,Construction and up gradation to 4-Lane of existing two lane with paved shoulder from Hapachara to Tulungia road of NH-117 of existing Km 0.00 to km 14.050 and Design Km 0.000 to km 14.660 under BMP on EPC mode,225,0.0,204.31,26/12/2022,31/03/2026,0,2022-12-26,2026-03-31,0,NOT_YET_REVISED_COST
1041,Roads & Highways,Ministry of Road Transport & Highways,618208,Construction and upgradation of existing road to 2-lane with paved shoulder from existing chainage Km 509.725 to Km 528.000 design chainage Km 490.550 to Km 507.850 of NH-58 new NH-07 Benakuli bend to Mana Village in EPC mode under Chardham Programme in the State of Uttarakhand.,180,0.0,0.0,30/10/2021,,0,2021-10-30,,1,NOT_YET_REVISED_COST;MISSING_REVISED_DATE
1042,Roads & Highways,Ministry of Road Transport & Highways,618393,"Construction for Mitigation Measures of 10 Nos. Landslides, 01 No. Sinking Zones and 1 No. of Minor Bridge in between at Ch. Km 368.00 to Km 433.00 on NH-07 on EPC Mode in Uttarakhand Package-1",217,0.0,107.69,05/12/2025,,0,2025-12-05,,1,NOT_YET_REVISED_COST;MISSING_REVISED_DATE
1043,Roads & Highways,Ministry of Road Transport & Highways,618391,"Construction for Mitigation Measures of 5 Nos. Landslides, 05 No. Sinking Zones and 01 No. Bridge from Ch. 450.00 to Ch. 468.00 18 Km. Length on NH-07 Package-III",250,0.0,0.0,05/12/2025,31/12/2026,0,2025-12-05,2026-12-31,0,NOT_YET_REVISED_COST
1044,Roads & Highways,Ministry of Road Transport & Highways,618392,"Construction for Mitigation Measures of 5 Nos. Landslides, 5 Nos. Sinking Zones in between Ch. 433.00 to 450.00 BANERPANI VILLAGE on NH-07 on EPC mode in the state of Uttarakhand Package-2",260,0.0,0.0,08/06/2026,08/06/2026,0,2026-06-08,2026-06-08,0,NOT_YET_REVISED_COST
1045,Roads & Highways,Ministry of Road Transport & Highways,617923,Construction of Daspalla Bypass from km 195.250 To 200.635 of NH-57 including land acquisition in the state of Odisha on EPC mode under Annual Plan 2022-23.,156,0.0,36.6,16/05/2027,16/05/2027,0,2027-05-16,2027-05-16,0,NOT_YET_REVISED_COST
1046,Roads & Highways,Ministry of Road Transport & Highways,618356,Construction of 2 -Lane with paved shoulders road from Tamenglong to Mahur in the state of Manipur from km 31.430 at Old Tamenglong to km 43.480 ending near Phelong on EPC Mode Package-3,234,0.0,196.29,20/12/2022,15/04/2026,0,2022-12-20,2026-04-15,0,NOT_YET_REVISED_COST
1047,Roads & Highways,Ministry of Road Transport & Highways,618357,Construction of 2 -Lane with paved shoulders road from Tamenglong to Mahur NH-137 in Manipur starting from km 54.180 near Azuram to km 80.630 near Mandeu on EPC Mode Package 5,478,0.0,330.1,19/05/2023,31/01/2026,0,2023-05-19,2026-01-31,0,NOT_YET_REVISED_COST
1048,Roads & Highways,Ministry of Road Transport & Highways,618358,Construction of 2 -Lane with paved shoulders road from Tamenglong to Mahur NH-137 starting from km 80.630 near Mandeu to km 96.870 near Jiri River on EPC Mode Package-6,311,0.0,230.69,20/05/2023,31/12/2025,0,2023-05-20,2025-12-31,0,NOT_YET_REVISED_COST
1049,Roads & Highways,Ministry of Road Transport & Highways,618034,Construction of 2 lane Barpeta Bypass from Km 77900Baradi to Km 86150 Deurikuchi Length8.25Km on NH-427 in the state of Assam under EPC ModeJob No.427/AS/2022-23/245,174,0.0,8.07,14/08/2026,13/08/2026,0,2026-08-14,2026-08-13,0,NOT_YET_REVISED_COST
1050,Roads & Highways,Ministry of Road Transport & Highways,618160,"Construction of 2 lane Major Bridge including approaches over Brahmaputra between Majuli on North Bank and Jorhat on South Bank from km. 11.690 to km. 19.715 length of bridge 6,812.5m Package - II on NH-715K in the state of Assam Job no. 715/AS/2020-21/213",1019,0.0,0.0,10/12/2027,10/12/2027,0,2027-12-10,2027-12-10,0,NOT_YET_REVISED_COST
1051,Roads & Highways,Ministry of Road Transport & Highways,618200,Construction of 2 lane with Paved Shoulder for Northern Bypass Phase-II of Kota city in the State of Rajasthan.,318,0.0,6.07,14/04/2025,06/02/2027,0,2025-04-14,2027-02-06,0,NOT_YET_REVISED_COST
1052,Roads & Highways,Ministry of Road Transport & Highways,618011,Construction of 2 lane with paved shoulder for the work of Development of remaining sections of NH-325 Balotra to sanderao via Jalore to 2 lane with paved shoulder configuration by Construction of Byasses for town portions1 Asotra- Brahmdham bypass 2Siwana Bypass 3 Mokalsar Bypass 4 Major realignment at Kathadi 5 Major realignment at Bishangarh 6 Jalore Bypass 7 Ahore Town portion 8 Dujana Bypass in the state of Rajasthan on EPC Mode,411,0.0,66.63,11/05/2024,31/05/2026,0,2024-05-11,2026-05-31,0,NOT_YET_REVISED_COST
1053,Roads & Highways,Ministry of Road Transport & Highways,618184,Construction of 2 Lane with paved shoulder from km 55.6 to km 90.7 existing chainages of NH-766C complete Realignment of 13.76 km with 2 major Bridges across Sharavathi Backwaters on EPC mode under Annual Plan 2022-23 in the state of Karnataka NH-766C-KNT-2022-23 dated 14.10.2022,314,0.0,0.0,12/02/2026,21/12/2027,0,2026-02-12,2027-12-21,0,NOT_YET_REVISED_COST
1054,Roads & Highways,Ministry of Road Transport & Highways,617929,Construction of 2 lane with paved shoulder of Kund Bypass from Design Km 35.130 to Km 47.700 existing Km 33.130 to Km 41.260 of NH-109 in the State of Uttarakhand,247,0.0,110.98,06/05/2020,31/12/2026,0,2020-05-06,2026-12-31,0,NOT_YET_REVISED_COST
1055,Roads & Highways,Ministry of Road Transport & Highways,618420,"Construction of 2 lane with paved shoulder of Shillong Western Bypass starting from NH-06 near Ladumsaw existing km 60.900 of old NH-40 to NH-106 old NH-44E, Package-II km 12800 to km 24700 under SARDP-NE Phase A in the State of Meghalaya on EPC Mode",686,0.0,228.79,01/09/2026,02/09/2026,0,2026-09-01,2026-09-02,0,NOT_YET_REVISED_COST
1056,Roads & Highways,Ministry of Road Transport & Highways,618202,Construction of 2 lane with paved shoulders Baramulla Bypass Greenfield bypass from existing Ch. Km 47020 to Km 56720 and Design Ch. From 48500 to 62600 Total length 14.100 km on road Srinagar Baramulla Uri NH-01 in the UT of Jammu & Kashmir under Project.Package-III,992,0.0,34.01,01/09/2026,,0,2026-09-01,,1,NOT_YET_REVISED_COST;MISSING_REVISED_DATE
1057,Roads & Highways,Ministry of Road Transport & Highways,618413,Construction of 2 laning with Hard shoulder of Peren-Dimapur section on NH 129A from Design Km 146.208 to Km 163.592 Length- 17.384 km in the state of Nagaland on EPC mode under NHO-TSP Package-III,178,199.02,0.0,06/06/2025,06/06/2026,1,2025-06-06,2026-06-06,0,CLEAN
1058,Roads & Highways,Ministry of Road Transport & Highways,618127,Construction of 2- Lane with paved shoulder from km 56.45 Dharampur More to 93.050 Pakur of NH-333A in the State of Jharkhand on EPC mode,256,0.0,0.0,03/05/2027,03/05/2027,0,2027-05-03,2027-05-03,0,NOT_YET_REVISED_COST
1059,Roads & Highways,Ministry of Road Transport & Highways,618324,Construction of 2-lane Aizawl Bypass from km 15.200 to km 34.500 Package-3 on Sairang - Phaibawk section of NH-6 in the State of Mizoram under Bharatmala Pariyojna on EPC Mode under NHO-NE,721,0.0,0.0,10/11/2028,,0,2028-11-10,,1,NOT_YET_REVISED_COST;MISSING_REVISED_DATE
1060,Roads & Highways,Ministry of Road Transport & Highways,617892,Construction of 2-lane road of Potin to Pangin section of NH-13 from Km 163.59 to Km 206.66 Package-5 on EPC Mode in the State of Arunachal Pradesh under Arunachal Pradesh Package of Roads and Highways of SARDP-NE [Job No SARDP-NE/P-P/Pkg-A/NH-13/Ar.Pr./PWD/2018-19/116],451,0.0,308.61,18/11/2023,31/05/2026,0,2023-11-18,2026-05-31,0,NOT_YET_REVISED_COST
1061,Roads & Highways,Ministry of Road Transport & Highways,618297,Construction of 2-lane with hard shoulder of Kohima - Jessami road on NH-29 Old NH-150 from existing Km 30.474 Near Kidwema road Chakahabama to existing Km 53.220 Near Kikruma Village Design Km 29.60 to Km 51.50 Design length-21.90 Km in the state of Nagaland Under Bharatmala Pariyojna on EPC Mode under NHO Package-II -Balance work,356,0.0,0.0,04/01/2026,31/12/2026,0,2026-01-04,2026-12-31,0,NOT_YET_REVISED_COST
1062,Roads & Highways,Ministry of Road Transport & Highways,618423,Construction of 2-Lane with hard shoulders of Merangkong-Tamlu-Mon MTM Road from existing Km 20.456 to Km 41.065 Design Km. 20 to Km. 40.0 Design Length-20.000 Km in the State of Nagaland under SARDP-NE Phase-A Pkg-2 Balance work,216,0.0,28.64,21/08/2025,13/03/2026,0,2025-08-21,2026-03-13,0,NOT_YET_REVISED_COST
1063,Roads & Highways,Ministry of Road Transport & Highways,619059,Construction of 2-Lane with hard shoulders of Merangkong-Tamlu-Mon Road on EPC Basis from existing road Km. 76.640 to Km 98.065 Design chainage Km. 63.800 to Km. 86.835 Design Length-23.035 Km in the state of Nagaland under SARDP-NE PKG-IV Balance work,324,0.0,70.46,10/09/2025,31/12/2026,0,2025-09-10,2026-12-31,0,NOT_YET_REVISED_COST
1064,Roads & Highways,Ministry of Road Transport & Highways,618422,"Construction of 2-lane with hard shoulders of Merangkong-Tamlu-Mon road Wakching Twon portion on EPC basis from existing Chainage Km 59000 to Km 73640 [Design Km. 59000 to Km, 72450] Design length - 13.450 Km under SARDP-NE package-V Balance work",162,0.0,14.12,07/09/2025,23/04/2026,0,2025-09-07,2026-04-23,0,NOT_YET_REVISED_COST
1065,Roads & Highways,Ministry of Road Transport & Highways,618290,"Construction of 2-lane with Paved shoulder of Kohima- Bypass Road Connecting NH-39New NH-02, NH-150New NH-02, NH-61New NH-29, NH-39New NH-02 from Design Km 32.00 to Design Km 43.454Design Length-11.454 Km in the State of Nagaland under SARDP-NE on EPC Mode Package-IV",202,0.0,94.2,17/04/2022,31/12/2026,0,2022-04-17,2026-12-31,0,NOT_YET_REVISED_COST
1066,Roads & Highways,Ministry of Road Transport & Highways,618292,Construction of 2-Lane with paved shoulder of Kohima-Bypass Road connecting New NH-02 and New NH-29 from Design Km 10.500 to design Km 21.000 [Design Length- 10.500 km] including TUNNEL of 500m at Ch. 11.000 in the state of Nagaland Under SARDP-NE on EPC Mode Package-2,277,0.0,192.45,15/10/2022,30/06/2026,0,2022-10-15,2026-06-30,0,NOT_YET_REVISED_COST
1067,Roads & Highways,Ministry of Road Transport & Highways,618291,"Construction of 2-lane with Paved shoulder of Kohima-Bypass Road connecting NH- 39 New NH-02, NH150New NH-02, NH7-61 New NH-29 and NH-39 New NH-02 from Design km 21.000 to km 32.268 [Design length11.268 km] in the state of Nagaland Under SARDP-NE on EPC Mode Package- 3",160,342.29,84.22,15/06/2025,31/12/2026,1,2025-06-15,2026-12-31,0,CLEAN
1068,Roads & Highways,Ministry of Road Transport & Highways,618293,"Construction of 2-Lane with paved shoulder of Kohima-Bypass Road connecting NH-39New NH-02, NH-150New NH-02, NH-61New NH-29 and NH-39New NH-02 from design Km 0.00 to Km 10.500 in the State of Nagaland under SARDP-NE on EPC Mode Package-1 -Balance work",232,350.88,12.48,08/11/2026,08/11/2026,1,2026-11-08,2026-11-08,0,CLEAN
1069,Roads & Highways,Ministry of Road Transport & Highways,618421,"Construction of 2-Lane with paved shoulder of Shillong Western Bypass starting from NH-06 near Ladumsaw Existing km 60.900 of old NH-40 to NH106 old NH-44E, km 0000 to km 12800 Package-I under SARDP-NE PHASE A in the State of Meghalaya on EPC Mode Greenfield alignment",620,0.0,215.93,01/09/2026,02/09/2026,0,2026-09-01,2026-09-02,0,NOT_YET_REVISED_COST
1070,Roads & Highways,Ministry of Road Transport & Highways,618419,"Construction of 2-Lane with paved shoulders of Shillong Western Bypass starting from NH-06 near Ladumsaw existing Km 60.900 of old NH40 to NH106 old NH 44E Package-III, from km 24700 to km 38256 under SARDP-NE PHASE A in the state of Meghalaya on EPC Mode Greenfield alignment",562,0.0,85.88,01/09/2026,02/09/2026,0,2026-09-01,2026-09-02,0,NOT_YET_REVISED_COST
1071,Roads & Highways,Ministry of Road Transport & Highways,618363,Construction of 2-laning with hard shoulder configuration of Chhumkhum to Tlabung from Design Chainage Km 37.420 to Km 74.950 of NH-302 in Mizoram under Bharatmala Pariyojana on EPC mode [Pkg-B],741,0.0,430.45,09/01/2023,31/12/2026,0,2023-01-09,2026-12-31,0,NOT_YET_REVISED_COST
1072,Roads & Highways,Ministry of Road Transport & Highways,618362,Construction of 2-laning with hard shoulder of Lunglei to Chhumkhum from Design Chainage Km 0.000 to Km 37.420 of NH-302 [Lunglei-Tlabung] Package-A,698,0.0,556.91,30/12/2022,30/06/2026,0,2022-12-30,2026-06-30,0,NOT_YET_REVISED_COST
1073,Roads & Highways,Ministry of Road Transport & Highways,618387,Construction of 2-laning with Hard shoulder of Ukhrul Tolloi - Tadubi section of NH-102A from Design Chainage km 9450 to km 50850 in the State of Manipur on EPC mode under NHO-NE Package-2,579,0.0,249.29,01/03/2026,30/04/2026,0,2026-03-01,2026-04-30,0,NOT_YET_REVISED_COST
1074,Roads & Highways,Ministry of Road Transport & Highways,618388,Construction of 2-laning with Hard shoulder road of Ukhrul - Tolloi - Tadubi section of NH-102A from Design Chainage 50.850 km to 81.870 km in the State of Manipur on EPC mode under NHO-TSP Package -3,316,0.0,227.98,20/01/2025,31/07/2026,0,2025-01-20,2026-07-31,0,NOT_YET_REVISED_COST
1075,Roads & Highways,Ministry of Road Transport & Highways,618389,Construction of 2-laning with Hard shoulder road of Ukhrul - Tolloi - Tadubi section of NH-102A from Design Chainage 81.870 km to 105.825 km in the State of Manipur on EPC mode under NHO-TSP Package -4,311,0.0,247.28,28/02/2024,31/05/2026,0,2024-02-28,2026-05-31,0,NOT_YET_REVISED_COST
1076,Roads & Highways,Ministry of Road Transport & Highways,618445,Construction of 2-Laning with hard shoulders of Demwe-Brahmakund section of NH-13 from Ch.0.00 km to 18.464 km on EPC under SARDP-NE NHO-NE -Balance Work,354,0.0,0.0,18/12/2027,18/12/2027,0,2027-12-18,2027-12-18,0,NOT_YET_REVISED_COST
1077,Roads & Highways,Ministry of Road Transport & Highways,618448,Construction of 2-Laning with Paved Shoulder of New Greenfield Alignment From Chochenpheri at Km 52000 to Helipad near Menla at Km 82000 of Rhenock-Menla Spur NH-717B Package-IIIA on EPC Basis under SARDP-NE Phase 'A' in the State of Sikkim.,817,786.6,32.28,09/12/2023,31/10/2026,1,2023-12-09,2026-10-31,0,CLEAN
1078,Roads & Highways,Ministry of Road Transport & Highways,618447,Construction of 2-Laning with Paved Shoulder of New Greenfield Alignment From Helipad near Menla at Km 82000 to Menla at Km 94030 of Rhenock-Menla Spur NH-717B Package-IIIB on EPC Basis under SARDP-NE Phase 'A' in the State of Sikkim.,411,379.3,0.0,24/02/2024,31/05/2026,1,2024-02-24,2026-05-31,0,CLEAN
1079,Roads & Highways,Ministry of Road Transport & Highways,618556,"Construction of 26 VUPs, Major Bridge, Service Road etc. on Lalitpur-Sagar-Lakhnadon section of NH-44 NS",666,665.91,507.56,05/03/2026,15/06/2026,1,2026-03-05,2026-06-15,0,CLEAN
1080,Roads & Highways,Ministry of Road Transport & Highways,619293,Construction of 4 Lane Access Controlled Bypass for Dehradun on NH307 from Design Chainage km 0050 Jhajra on NH-07 to Design Chainage km 12220 Asharori on EPC Mode in the State of Uttarakhand under NHO,716,337.11,140.53,23/04/2027,23/04/2027,1,2027-04-23,2027-04-23,0,EXTREME_COST_OVERRUN_OUTLIER
1081,Roads & Highways,Ministry of Road Transport & Highways,619253,Construction of 4 lane Bypass to Nalgonda Town lrorn Km 000 Existing Ch. 181590 to Km 14.00 Existing Ch. 28/685 ol Nakrekal to Nagarjunsagar Section of NH -565 in the State of Telangara on EPC under Annual Plan 2024 -25,516,0.0,0.0,06/10/2027,,0,2027-10-06,,1,NOT_YET_REVISED_COST;MISSING_REVISED_DATE
1082,Roads & Highways,Ministry of Road Transport & Highways,617917,"Construction of 4 Lane Flyover at Nagpur RTO Chowk To Nagpur University Campus from Ch 2/250 to 5/100 and 4 lane flyover at wadi/midc junction from km 8/360 to km, 10/300 on NH 53 in state of Maharashtra.",479,490.52,0.0,01/03/2024,02/04/2025,1,2024-03-01,2025-04-02,0,CLEAN
1083,Roads & Highways,Ministry of Road Transport & Highways,617896,"Construction of 4 lane Gauripur Bypass Starting bfrom Km 852.56 of NH-31Dumardoha Pt-II and Terminating at Km 862.17 Baladmara via. Khudimari Pt.- II, Fulkumari, Charaldanga, Sajuakuti,Geramari Pt.-III and finally meeting at km 862.17 of NH-17New/ NH-31Old in the State of Assam under EPC Mode Job no. 31/AS/ 2023-24/265",421,0.0,0.0,24/10/2026,24/10/2026,0,2026-10-24,2026-10-24,0,NOT_YET_REVISED_COST
1084,Roads & Highways,Ministry of Road Transport & Highways,618247,Construction of 4 lane Mirzapur bypass including bridge over river Ganga from km 0.000 to km 15.000 of NH 135A in the State of Uttar Pradesh on HAM Mode.,1709,0.0,0.0,17/01/2029,17/01/2029,0,2029-01-17,2029-01-17,0,NOT_YET_REVISED_COST
1085,Roads & Highways,Ministry of Road Transport & Highways,617969,Construction of 4 Lane ROB and its approaches at the level crossing LC No 29 B of Km 29 Ekangarsarai at NH 110 New NH 33 & Railway Km 32.63 at Fatwa FUT Islampur IPR section in the state of Bihar on EPC mode.,201,0.0,0.01,19/07/2026,19/07/2026,0,2026-07-19,2026-07-19,0,NOT_YET_REVISED_COST
1086,Roads & Highways,Ministry of Road Transport & Highways,617905,Construction of 4 lane ROB with approaches in lieu of LC No. RV-172 at km 176.00 of NH-201 present NH-26 at Kesinga including land acquisition in the state of Odisha on EPC mode under Annual Plan 2021-22,324,0.0,84.57,08/05/2025,31/10/2026,0,2025-05-08,2026-10-31,0,NOT_YET_REVISED_COST
1087,Roads & Highways,Ministry of Road Transport & Highways,618205,"Construction of 4 lane with paved shoulder from Existing Ch. 14200 to 24320 Design Ch. 14200 to 24400, Ch. 33760 to 42780 Design Ch. 35300 to 44294 & Ch. 43440 to 47020 Design Ch. 44958 to 48500 Delina Flyover including construction of flyover length 1.704 km of total length 22.736 kms in AOR of 760 BRTF on road SRINAGAR BARAMULA URI NH-01 in the UT of Jammu & Kashmir under project BEACON, Border Roads Organization BRO Package-IJob No NH-1-J&K-2022-23-110",823,0.0,262.57,24/08/2025,31/08/2026,0,2025-08-24,2026-08-31,0,NOT_YET_REVISED_COST
1088,Roads & Highways,Ministry of Road Transport & Highways,618203,"Construction of 4 lane with paved shoulder Pattan bypass Greenfield bypass from existing Ch. Km 24320 to Km 33760 and Design Ch. from Km 24400 to Km 35300, total length 10.900 km on road SrinagarBaramulla Uri NH-01 in the UT of Jammu & Kashmir under Project BEACON, Border Roads Organization BRO on EPC mode. Package-II",980,0.0,0.27,31/07/2026,,0,2026-07-31,,1,NOT_YET_REVISED_COST;MISSING_REVISED_DATE
1089,Roads & Highways,Ministry of Road Transport & Highways,617919,Construction of 4 Nos Grade separtor between km. 281.000 to km. 307.600 km. 286.400 kumhari km. 299.000 Transport Nagar km. 302.000 Power House km. 304.000 Chandra Moura Chowk to km. 305.000 supeia of NH-53 old NH-06 Raipur -Durg 4 Lane on EPC mode in the state of chhattisgarh job NO. NH-53old NH-06 CG-2017-18-56,349,0.0,0.0,27/01/2021,31/08/2025,0,2021-01-27,2025-08-31,0,NOT_YET_REVISED_COST
1090,Roads & Highways,Ministry of Road Transport & Highways,619057,Construction of 4-Lane Badarpur Bypass from Design Chainage km 27300 at crossing with NH-6 Old NH-44 Near Siddeswar Pt.-I Village to Design Chainage km 38600 on NH-37 Old NH-44 at Kandigram Chaita Village on Silchar - Churaibari stretch in the State of Assam on EPC Mode under Bharatmala Pariyojana in Economic Corridors Silchar- Churaibari Pkg-3,574,0.0,316.32,09/08/2026,10/08/2026,0,2026-08-09,2026-08-10,0,NOT_YET_REVISED_COST
1091,Roads & Highways,Ministry of Road Transport & Highways,618373,"Construction of 4-Lane Bridge including approaches over River Brahmaputra between Dhubri on North Bank,Assam and Phulbari on south Bank,Meghalaya on NH-127B under JICA ODA Loan assistance Phase-III",4997,0.0,2808.4,12/09/2028,12/09/2028,0,2028-09-12,2028-09-12,0,NOT_YET_REVISED_COST
1092,Roads & Highways,Ministry of Road Transport & Highways,619142,Construction of 4-lane connectivity to Banbasa ICP at India Nepal border from NH-09 old NH-125 Sitarganj-Tanakpur at Km 40.00 near Jagbuda bridge under Bharatmala Priyojana of NH-109D on EPC mode in the State of Uttarakhand,217,237.01,161.97,01/09/2024,11/04/2027,1,2024-09-01,2027-04-11,0,CLEAN
1093,Roads & Highways,Ministry of Road Transport & Highways,618001,"Construction of 4-lane flyover at Amberpet-X road, Hyderabad on NH-202 in the State of Telangana",217,265.88,154.05,28/06/2023,30/06/2026,1,2023-06-28,2026-06-30,0,CLEAN
1094,Roads & Highways,Ministry of Road Transport & Highways,618166,Construction of 4-lane green field highway from Km. 35.000 to Km. 49.155 of NH-731A with paved shoulders on Hybrid Annuity Mode in the state of Uttar Pradesh,698,0.0,0.04,29/10/2025,30/06/2026,0,2025-10-29,2026-06-30,0,NOT_YET_REVISED_COST
1095,Roads & Highways,Ministry of Road Transport & Highways,618165,Construction of 4-lane highway with paved shoulders from Km 49.155 to Km 74.700 of NH-731A on Hybrid Annuity Mode in the state of Uttar Pradesh,1157,0.0,0.0,31/01/2026,30/06/2026,0,2026-01-31,2026-06-30,0,NOT_YET_REVISED_COST
1096,Roads & Highways,Ministry of Road Transport & Highways,618308,Construction of 4-Lane Panchgram Bypass from Design Chainage km 15500 on NH-37 Old NH-53 at Kalinagar Pt.-I Village to Design Chainage km 27300 at crossing with NH-6 Old NH-44 Near Siddeswar Pt.-I Village on Silchar - Churaibari stretch in the State of Assam on EPC Mode under Bharatmala Pariyojana in Economic Corridors Silchar- Churaibari Package-2,676,728.97,0.0,09/02/2027,09/02/2027,1,2027-02-09,2027-02-09,0,CLEAN
1097,Roads & Highways,Ministry of Road Transport & Highways,618417,"Construction of 4-Lane with paved shoulder Agartala bypass Western side, length 25.402 km connecting NH-8 near Amtali to NH-108B near Lembuchhera in the state of Tripura on EPC basis under NHO-NE",2026,0.0,292.55,09/03/2027,09/03/2027,0,2027-03-09,2027-03-09,0,NOT_YET_REVISED_COST
1098,Roads & Highways,Ministry of Road Transport & Highways,618320,Construction of 4-Laning of N. Kawnpui N. Mualvum Mualkhang via Khamrang Village section Package-7 of NH-6 from Existing Chainage km 127200 to km 142000 Design Chainage km 111850 to km 123400 on Silchar - Vairengte - Sairang road in the State of Mizoram on EPC mode,866,0.0,0.0,28/10/2028,,0,2028-10-28,,1,NOT_YET_REVISED_COST;MISSING_REVISED_DATE
1099,Roads & Highways,Ministry of Road Transport & Highways,618321,Construction of 4-Laning of West Serawlg-Sairang section of NH-6 from Existing Chainage km 142000 to km 158900 Design Chainage km 123400 to km 136260 on Silchar - Vairengte - Sairang road in the State of Mizoram under Bharatmala Pariyojna on EPC mode under NHO-NE Package-8,876,0.0,0.0,01/11/2028,,0,2028-11-01,,1,NOT_YET_REVISED_COST;MISSING_REVISED_DATE
1100,Roads & Highways,Ministry of Road Transport & Highways,618869,"Construction of 4/6 lane Highway of Southern Bareilly Bypass, starting at Ch. 237000 of NH 530 near Jhumka chauraha, Dhantiya village and ending at Ch. 267000 of NH 30 near Invertis University including Trumpet Interchange",1122,1869.59,129.68,23/06/2028,23/06/2028,1,2028-06-23,2028-06-23,0,CLEAN
1101,Roads & Highways,Ministry of Road Transport & Highways,618330,Construction of 4/6 Laning from existing Km 159.400 of NH-36 to existing Km 102.500 of NH-39 and upto end point of Assam portion [Design Km 118.050 to design Km 132.375] Total New Alignment length of 14.325 Km of Daboka -Dimapur Section Dimapur Bypass in the state of Assam under SARDP-NE 'Phase-A' on EPC mode Assam Portion,511,0.0,647.21,25/11/2022,30/09/2025,0,2022-11-25,2025-09-30,0,NOT_YET_REVISED_COST;EXPENDITURE_EXCEEDS_ORIGINAL
1102,Roads & Highways,Ministry of Road Transport & Highways,618329,Construction of 4/6 Laning from Km 132.375 to Km 153.058 Total New Alignment length of 20.683 Km of Daboka-Dimapur Section Dimapur Bypass Nagaland Portion of NH-36 & 39 in the State of Nagaland on EPC basis under PhaseA of SARDP-NE,819,0.0,0.0,04/09/2020,28/02/2023,0,2020-09-04,2023-02-28,0,NOT_YET_REVISED_COST
1103,Roads & Highways,Ministry of Road Transport & Highways,618500,Construction of 4L Connector from Delhi Meerut Expressway Km 50.000 of Pkg IV to Km 8.520 of NH-235 Pkg-5,1081,1116.19,419.14,29/03/2024,31/05/2026,1,2024-03-29,2026-05-31,0,CLEAN
1104,Roads & Highways,Ministry of Road Transport & Highways,618609,Construction of 4L Flyover from MES College Junction to Bogmalo Junction on NH-566 from Km. 7.106 to Km. 10.460 and 4L VUP at Queeny Nagar Junction from Km. 3.330 to Km. 4.550,463,316.28,127.09,31/07/2026,31/05/2027,1,2026-07-31,2027-05-31,0,CLEAN
1105,Roads & Highways,Ministry of Road Transport & Highways,618524,Construction of 6 lane elevated corridor including its approaches from Km. 629880 to Km. 634470 Design Chainage of NH-16 in Ranasthalam Town portion in the state of Andhra Pradesh on EPC Mode under NHO.,258,192.85,46.41,20/03/2027,20/03/2027,1,2027-03-20,2027-03-20,0,CLEAN
1106,Roads & Highways,Ministry of Road Transport & Highways,617912,Construction of 6 lane flyover from Khapari ROB to Mihan Interchange design chainage km 8760 to 11450 L- 2.69 km and upgradation of existing 4L PS road to 6LPS with service road by flexible pavement design chainage km 11450 to 14500 L-3.05 [total project length 5.74 km] in section of Nagpur - Hyderabad NH-44 Old NH-7 in Nagpur district in the state of Maharashtra on HAM mode.,620,0.0,0.0,03/10/2027,02/10/2027,0,2027-10-03,2027-10-02,0,NOT_YET_REVISED_COST
1107,Roads & Highways,Ministry of Road Transport & Highways,618932,Construction of 6 lane Indore western bypass from km 0000 to Km 34000 Pkg -l in the State of Madhya Pradesh on Hybrid Annuity Mode under NHO,1535,1472.68,307.46,31/12/2027,31/12/2027,1,2027-12-31,2027-12-31,0,CLEAN
1108,Roads & Highways,Ministry of Road Transport & Highways,618933,Construction of 6 lane Indore western bypass from km 34000 to Km 64000 Pkg-II in the state of Madhya Pradesh on Hybrid Annuity Mode under NHO,1431,0.0,8.62,06/03/2028,,0,2028-03-06,,1,NOT_YET_REVISED_COST;MISSING_REVISED_DATE
1109,Roads & Highways,Ministry of Road Transport & Highways,618233,Construction of 6-lane bridge on Ganga on NH-96 and its approaches in Phaphamau Allahabad on EPC mode,1948,1465.41,0.0,15/02/2024,30/09/2026,1,2024-02-15,2026-09-30,0,CLEAN
1110,Roads & Highways,Ministry of Road Transport & Highways,618250,Construction of 6-Lane Elevated / Extra Dose Cable Bridge on River Ganga parallel to & Western side of Digha-Sonepur Rail cum-Road Bridge of NH 139W in the State of Bihar,3064,0.0,0.0,02/11/2027,31/12/2028,0,2027-11-02,2028-12-31,0,NOT_YET_REVISED_COST
1111,Roads & Highways,Ministry of Road Transport & Highways,618591,"Construction of 6-lane flyover at Ainthapali junction and a 2-lane ROB LHS on NH-53 Earlier NH-6 in Sambalpur, on EPC mode in Odisha under NHO",374,211.74,97.05,18/12/2026,18/12/2026,1,2026-12-18,2026-12-18,0,CLEAN
1112,Roads & Highways,Ministry of Road Transport & Highways,618742,"Construction of 6-lane Greenfield corridor from Ramnagar to Kacchi Dargah NH-119D from Km 109700 to Km 122300, including widening of the existing NH-31 from Km 196700 to Km 198600, as part of the Amas-Darbhanga.",1113,0.0,1.31,23/04/2028,23/04/2028,0,2028-04-23,2028-04-23,0,NOT_YET_REVISED_COST
1113,Roads & Highways,Ministry of Road Transport & Highways,618627,Construction of 7 Nos of Standalone safety structures/works at different locations on various NHs,169,112.03,10.11,27/01/2027,20/01/2027,1,2027-01-27,2027-01-20,0,CLEAN
1114,Roads & Highways,Ministry of Road Transport & Highways,618228,construction of a new 4 lane Parallel to existing MG Setu with its approaces from km 0.00 to km 14.500 across river Ganga on NH-19 at Patna in the state of Bihar.,2926,0.0,0.0,22/09/2024,30/06/2027,0,2024-09-22,2027-06-30,0,NOT_YET_REVISED_COST
1115,Roads & Highways,Ministry of Road Transport & Highways,618234,Construction of a new 4-lane major bridge across river Kosi at Phulaut including Rehabilitation and upgradation of existing Birpur and Bihpur section of NH-106 from km 106.000 to km 136.000 to 2-lane with paved shoulders in the State of Bihar on EPC mode,1478,0.0,823.93,06/06/2024,28/02/2027,0,2024-06-06,2027-02-28,0,NOT_YET_REVISED_COST
1116,Roads & Highways,Ministry of Road Transport & Highways,618882,Construction of additional 3-Lane Bridge over River Ganga for connection between Buxar and Bharauli on NH-922 in the State of Uttar Pradesh and Bihar on Hybrid Annuity Mode,532,444.92,18.86,19/02/2028,19/02/2028,1,2028-02-19,2028-02-19,0,CLEAN
1117,Roads & Highways,Ministry of Road Transport & Highways,617893,Construction of additional major Bridge with 4- lane configuration of length 1.48 km on NH-60 NH-14 over River Kangshabati from Km. 117.770 to Km 119.250 and additional major Bridge with 4- lane configuration of length 0.900 km on NH-60 NH-14 over River Shilabati from Km. 173.220 to Km 174.120 in the district of Paschim Medinipur of West Bengal under Annual Plan for FY 2023-24 on EPC mode. Job No 014-W8-2023-24/527 .,305,0.0,0.0,15/05/2028,15/05/2028,0,2028-05-15,2028-05-15,0,NOT_YET_REVISED_COST
1118,Roads & Highways,Ministry of Road Transport & Highways,618508,Construction of Additional Structures including Approaches in Vadodara Surat Section of NH48 between existing Km. 108.000 to Km. 250.000,907,907.39,345.87,28/01/2027,28/01/2027,1,2027-01-28,2027-01-28,0,CLEAN
1119,Roads & Highways,Ministry of Road Transport & Highways,618506,"Construction of Additional Structures, Improvement of Service Road & Maintenance of Six Lane Gurgaon-Jaipur Section of NH-48 old NH-8 between km 42700 to km 107100 in the State of Haryana",402,240.02,93.89,05/05/2027,05/05/2027,1,2027-05-05,2027-05-05,0,CLEAN
1120,Roads & Highways,Ministry of Road Transport & Highways,618430,Construction of alternative highway to Gangtok in Sikkim via Bagrakot -Chuikhim-Nimbong -Kafer-Bakhim-Algarah-Rhenock in the State of West Bengal and from Rhenok-Rorathang-Pakyong along with spur from Aritar-Rolep-Menla in the State of Sikkim from Km 0.00 to Km 13.00 of Bagrakot -Kafer section of NH 717A on EPC Mode under Phase-A of SARDP-NE in the State of West Bengal PKG- IVA,403,0.0,0.0,03/04/2022,15/05/2026,0,2022-04-03,2026-05-15,0,NOT_YET_REVISED_COST
1121,Roads & Highways,Ministry of Road Transport & Highways,618431,Construction of alternative highway to Gangtok in Sikkim via Bagrakot -Chuikhim-Nimbong -Kafer-Bakhim-Algarah-Rhenock in the State of West Bengal and from Rhenok-Rorathang-Pakyong along with spur from Aritar-Rolep-Menla in the State of Sikkim from Km 13.00 to Km 25.60 of Bagrakot -Kafer section of NH 717A on EPC Mode under Phase-A of SARDP-NE in the State of West Bengal PKG- IVB,296,0.0,0.39,05/04/2023,30/05/2026,0,2023-04-05,2026-05-30,0,NOT_YET_REVISED_COST
1122,Roads & Highways,Ministry of Road Transport & Highways,618066,Construction of Amethi bypass Part-II at km.30.050 of NH-931 under EPC mode in the state of Uttar Pradesh,284,0.0,24.5,11/02/2027,11/02/2027,0,2027-02-11,2027-02-11,0,NOT_YET_REVISED_COST
1123,Roads & Highways,Ministry of Road Transport & Highways,619301,Construction of Approach Road to Rail-cum- Road Bridge across river Ganga at Munger Ghat NH-333 B,538,633.91,200.58,28/05/2021,30/06/2026,1,2021-05-28,2026-06-30,0,CLEAN
1124,Roads & Highways,Ministry of Road Transport & Highways,618157,Construction of Ater realignment & Bhind bypass Total length. 21.50 km Section of NH-552Extn. to Two lane with paved shoulder configuration in the State of Madhya Pradesh on EPC mode.,348,0.0,0.0,09/06/2026,31/12/2026,0,2026-06-09,2026-12-31,0,NOT_YET_REVISED_COST
1125,Roads & Highways,Ministry of Road Transport & Highways,618414,Construction of Balance work for 2-lane with hard shoulder of Peren- Dimapur section on NH-129A from Design Km 126.775 to Km 146.208 Length 19.433 Km in the state of Nagaland on EPC mode under NHO-TSP Package-II,259,0.0,60.72,09/09/2025,09/09/2025,0,2025-09-09,2025-09-09,0,NOT_YET_REVISED_COST
1126,Roads & Highways,Ministry of Road Transport & Highways,618433,Construction of Balance work of 2-Lane with PS of Joram Koloriang Road from existing Km122.600 to km138.00 [Design Km108.724 to Km123.714] in Arunachal Pradesh on EPC Mode under SARDP-NE Pkg-7,185,0.0,0.0,02/04/2022,30/04/2026,0,2022-04-02,2026-04-30,0,NOT_YET_REVISED_COST
1127,Roads & Highways,Ministry of Road Transport & Highways,618432,Construction of Balance work of 2-Lane with PS of Joram-Koloriang Road NH-713 on EPC basis from Design Km 44.989 to Km 61.547 Existing Km 50.050 to Km 70.000 in the state of Arunachal Pradesh under SARDP-NE Pkg-3,229,0.0,0.0,02/04/2022,03/07/2023,0,2022-04-02,2023-07-03,0,NOT_YET_REVISED_COST
1128,Roads & Highways,Ministry of Road Transport & Highways,618437,"Construction of Balance Work of 4-Laning of NH-37 Section between End of Moran Bypass to Bogibeel junction near Lapetketa Km. 561.700-Km. 580.875 under SARDP-NE, Phase 'A' in the State of Assam on EPC mode Pkg-I Road works & Toll Plaza",274,0.0,90.6,14/03/2025,11/08/2025,0,2025-03-14,2025-08-11,0,NOT_YET_REVISED_COST
1129,Roads & Highways,Ministry of Road Transport & Highways,618441,"Construction of Balance Work of 4-Laning of the Section from Jhanji to Demow of NH-37 Old from Km 490.800 to Km 501.800 11.000 Km, under SARDP- NE under EPC Mode in the state of Assam Pkg-I Road Works",468,476.5,72.13,28/09/2025,,1,2025-09-28,,1,MISSING_REVISED_DATE
1130,Roads & Highways,Ministry of Road Transport & Highways,618440,"Construction of Balance Work of 4-Laning of the Section from Jhanji to Demow of NH-37 Old from Km 490.800 to Km 534.800, under SARDP- NE on EPC Mode in the state of Assam Pkg- IV Structures & Toll Plaza",187,100.22,0.0,13/10/2025,,1,2025-10-13,,1,MISSING_REVISED_DATE
1131,Roads & Highways,Ministry of Road Transport & Highways,619013,"Construction of Balance Work of 4-Laning of the Section from Jhanji to Demow of NH-37 Old from Km 501.800 to Km 514.800 13.000 Km, under SARDP- NE under EPC Mode in the state of Assam Pkg-II Road Works",509,542.87,58.12,22/01/2026,,1,2026-01-22,,1,MISSING_REVISED_DATE
1132,Roads & Highways,Ministry of Road Transport & Highways,619060,"Construction of Balance Work of 4-Laning of the Section from Jhanji to Demow of NH-37 Old from Km 514.800 to Km 534.800 20.000 Km, under SARDP- NE under EPC Mode in the state of Assam Pkg-III Road Works",345,619.7,46.37,28/09/2025,,1,2025-09-28,,1,MISSING_REVISED_DATE
1133,Roads & Highways,Ministry of Road Transport & Highways,618439,"Construction of Balance Work of 4-Laning of the Section from Jorhat to Jhanji of NH-37 Old from Km 453000 to Km 463000 10.000 Km, under SARDP- NE under EPC Mode in the state of Assam Pkg-I Road Works",478,0.0,0.0,11/08/2024,,0,2024-08-11,,1,NOT_YET_REVISED_COST;MISSING_REVISED_DATE
1134,Roads & Highways,Ministry of Road Transport & Highways,618444,"Construction of Balance Work of the 4-Laning of the Section from Jorhat to Jhanji of NH-37 Old from Km 453.000 to Km 490.800, under SARDP- NE , under EPC Mode in the state of Assam Pkg-IV Structures & Toll Plaza",279,0.0,0.0,11/08/2024,,0,2024-08-11,,1,NOT_YET_REVISED_COST;MISSING_REVISED_DATE
1135,Roads & Highways,Ministry of Road Transport & Highways,618443,"Construction of Balance Work of the 4-Laning of the Section from Jorhat to Jhanji of NH-37 Old from Km 463.00 to Km 477.000 14.000 Km, under SARDP- NE under EPC Mode in the state of Assam Pkg-II Road Works",438,0.0,0.0,11/08/2024,,0,2024-08-11,,1,NOT_YET_REVISED_COST;MISSING_REVISED_DATE
1136,Roads & Highways,Ministry of Road Transport & Highways,618442,"Construction of Balance Work of the 4-Laning of the Section from Jorhat to Jhanji of NH-37 Old from Km 477.000 to Km 490800 13.800 Km, under SARDP- NE under EPC Mode in the state of Assam Pkg-III Road Works",359,0.0,0.07,11/08/2024,,0,2024-08-11,,1,NOT_YET_REVISED_COST;MISSING_REVISED_DATE
1137,Roads & Highways,Ministry of Road Transport & Highways,619186,Construction of Balance works of Major Bridge over Middle Strait Creek between Km.106.590 to km108.553 of NH-04 connecting South Andaman & Baratang Island in the Union Territory of Andaman & Nicobar Islands on EPC basis,263,371.88,0.0,25/02/2026,31/12/2026,1,2026-02-25,2026-12-31,0,CLEAN
1138,Roads & Highways,Ministry of Road Transport & Highways,618054,Construction of Balrampur bypass with 2L flexible pavement configuration from km.223.000 of NH-330 to km.328.300 of NH-730 under EPC mode,516,0.0,104.56,02/02/2026,16/08/2026,0,2026-02-02,2026-08-16,0,NOT_YET_REVISED_COST
1139,Roads & Highways,Ministry of Road Transport & Highways,618243,Construction of Basti Ring Road Phase-I with 4L configuration for Basti City in the state of Uttar Pradesh on HAM mode,1139,0.0,0.0,12/06/2027,12/06/2027,0,2027-06-12,2027-06-12,0,NOT_YET_REVISED_COST
1140,Roads & Highways,Ministry of Road Transport & Highways,618004,Construction of Bhabhua Bypass from Ch. 10800Design Ch. 10800 to Ch. 19860 Design Ch. 18150 and Chand Bypass from Ch. 38060 Design Ch. 36250 to Ch. 40460 Design Ch. 38650 and widening of existing road to 2 - lane with Paved shoulder from Ch. 40460 Design Ch. 38650 to Ch. 46860 Design Ch. 45050 of NH-219 Total length-16.150 Kmunder EPC mode in the state of Bihar,180,0.0,0.0,03/07/2026,30/04/2027,0,2026-07-03,2027-04-30,0,NOT_YET_REVISED_COST
1141,Roads & Highways,Ministry of Road Transport & Highways,618083,Construction of byepass around Lohardaga town of NH-143A in the Sate of Jharkhand under EPC mode.,459,0.0,0.0,05/01/2026,30/09/2026,0,2026-01-05,2026-09-30,0,NOT_YET_REVISED_COST
1142,Roads & Highways,Ministry of Road Transport & Highways,619005,Construction of bypass around Chatra Town on NH-22 old NH-99 in the state of Jharkhand under EPC Mode,235,199.2,0.0,01/01/2028,05/01/2026,1,2028-01-01,2026-01-05,0,EXTREME_SCHEDULE_OUTLIER
1143,Roads & Highways,Ministry of Road Transport & Highways,618028,"Construction of Bypass at Kuknoor, Yelburga, Gajendragada of Bhanapur Gaddanakeri section of NH-367 in the State of Karnataka under NHO on EPC mode under Annual Plan 2022-23. NH-367-KNT-2022-23-973 dated 08.02.2023",334,0.0,40.61,26/06/2027,25/06/2027,0,2027-06-26,2027-06-25,0,NOT_YET_REVISED_COST
1144,Roads & Highways,Ministry of Road Transport & Highways,617930,Construction of Bypass on NH-59 from Km 336/350 to 349/910 13.56 km near Berhampur town including 4-lane RoB in the state of Odisha.,197,0.0,51.16,11/12/2025,30/06/2026,0,2025-12-11,2026-06-30,0,NOT_YET_REVISED_COST
1145,Roads & Highways,Ministry of Road Transport & Highways,617990,Construction of bypass road to Adoni town connecting NH-167 Hagari - Jadcharla road from km.62/700 to 71/400 in Kurnool District in the State of Andhra Pradesh.,242,0.0,78.49,04/11/2025,,0,2025-11-04,,1,NOT_YET_REVISED_COST;MISSING_REVISED_DATE
1146,Roads & Highways,Ministry of Road Transport & Highways,617904,Construction of Bypass road to Balangir town from km 72/400 Desing km 0/0 to km 79/800 Design km 11/670 of NH-26 in the State of Odisha.,239,0.0,6.09,25/10/2025,31/07/2026,0,2025-10-25,2026-07-31,0,NOT_YET_REVISED_COST
1147,Roads & Highways,Ministry of Road Transport & Highways,617925,Construction of Bypass to Khordha town from Km 294/000 to 300/300 on NH-57 including LA in the State of Odisha on EPC mode.,157,0.0,33.61,02/11/2024,30/06/2026,0,2024-11-02,2026-06-30,0,NOT_YET_REVISED_COST
1148,Roads & Highways,Ministry of Road Transport & Highways,617962,"Construction of Bypass to Madurai Achambathu Viratipathu in between km 6/850 10/382 of NH 49 Extn New NH 85 including Land Acquisition on Engineering, Procurement & Construction EPC basis Contract under NH O Annual Plan 2021-22 in the state of Tamil Nadu job No.NH-49 Extn New NH 85 - TN-2021-22-997",239,260.07,119.33,23/08/2026,23/08/2026,1,2026-08-23,2026-08-23,0,CLEAN
1149,Roads & Highways,Ministry of Road Transport & Highways,617924,Construction of bypass to Nayagarh town from km 235.469 to 252.482 of NH-57 including land acquisition in the state of Odisha.,300,0.0,82.33,30/04/2025,31/03/2026,0,2025-04-30,2026-03-31,0,NOT_YET_REVISED_COST
1150,Roads & Highways,Ministry of Road Transport & Highways,618950,Construction of Bypass to NH-114A Connecting NH-333 and NH-133 Deoghar Bypass from design km 0.000 to design Km 49.000,1565,0.0,48.97,27/01/2028,27/01/2028,0,2028-01-27,2028-01-27,0,NOT_YET_REVISED_COST
1151,Roads & Highways,Ministry of Road Transport & Highways,617890,Construction of Champawat Bypass with two lane with paved shoulder configuration starting from existing chainage 121.700 to existing chainage 129.450 Design Length 9.847 of NH-125 in District-Champawat in the state of Uttrakhand on EPC mode.,221,0.0,0.0,31/12/2027,,0,2027-12-31,,1,NOT_YET_REVISED_COST;MISSING_REVISED_DATE
1152,Roads & Highways,Ministry of Road Transport & Highways,617951,Construction of Chintamani Bypass from Design Ch.0000 Existing Ch.428880 to Design Ch.15400 Existing Ch.444010 on NH-69 in the State of Karnataka in EPC Mode under NHO Annual Plan 2022-23. NH-69-KNT-2022-23-989 dated 24.03.2023,315,0.0,0.0,18/07/2027,18/07/2027,0,2027-07-18,2027-07-18,0,NOT_YET_REVISED_COST
1153,Roads & Highways,Ministry of Road Transport & Highways,618262,Construction of Deoria Bypass from existing Km. 27.140 to existing Km. 46.780 Design Km. 49.109 on NH727A Design length 21.969 Km. to four lane with paved shoulder configuration under Hybrid Annuity Mode HAM in the State of Uttar Pradesh,1735,0.0,0.0,31/07/2027,31/07/2027,0,2027-07-31,2027-07-31,0,NOT_YET_REVISED_COST
1154,Roads & Highways,Ministry of Road Transport & Highways,618079,Construction of Dharmagarh Bypass on NH-130C including land acquisition in the state of Odisha on EPC Mode under Annual plan 2022-23.,173,0.0,0.0,21/10/2026,21/10/2026,0,2026-10-21,2026-10-21,0,NOT_YET_REVISED_COST
1155,Roads & Highways,Ministry of Road Transport & Highways,619004,"Construction of Dubrajpur Bypass with 4-lane configuration of length 5.676 km on NH-60 new NH-14 from design chainage 0.00 existing km 316.135 on NH-60 to design chainage 5.676 existing km 320.980 on NH-60 in the district of Birbhum, West Bengal under Annual Plan 2022-23 in EPC Mode- reg. Job. No. 014-WB-2022-23/518 .",561,0.0,0.0,18/12/2027,18/12/2027,0,2027-12-18,2027-12-18,0,NOT_YET_REVISED_COST
1156,Roads & Highways,Ministry of Road Transport & Highways,617935,"Construction of Elevated corridor from Km. 135.650 to 136.300 on 63, from Km. 249 to Km. 250.050 on old NH-4 and from Km. 192.910 to Km. 193.350 on NH-218 from decongestion of traffic in Ranichennamma circle in Hubli city in the state of Karnataka on EPC basis",298,349.49,167.23,04/06/2024,30/11/2026,1,2024-06-04,2026-11-30,0,CLEAN
1157,Roads & Highways,Ministry of Road Transport & Highways,618525,Construction of flyover at Gammon Junction at Km.903.265 on NH16 including vent at Diwancheruvu junction at Km.902.308 Blackspot ID No.AP03299 in Andhra Pradesh on EPC mode under NHO,327,223.29,13.18,20/10/2027,20/10/2027,1,2027-10-20,2027-10-20,0,CLEAN
1158,Roads & Highways,Ministry of Road Transport & Highways,619141,Construction of four lane access controlled highway from Chillakuru cross road to Turpu KanupurPart 1 of Package - II km 0.000 131.500 of NH - 16 to km 23.770 on New NH-516W including sixlane flyover and approaches on NH-16 length km 1.050 and six lane access controlled from TurpuKanupur to Port South Gate Part 2 of Package - II km 23.770 to km 35.015 on New NH-516W inthe state of Andhra Pradesh on HAM Mode under Bharatmala Pariyojana Phase I,864,844.39,305.43,06/12/2025,22/11/2026,1,2025-12-06,2026-11-22,0,CLEAN
1159,Roads & Highways,Ministry of Road Transport & Highways,618853,Construction of Four lane Elevated Structure at Raniwada Circle in Sanchore City on NH-68,353,241.34,174.42,11/07/2026,11/07/2026,1,2026-07-11,2026-07-11,0,CLEAN
1160,Roads & Highways,Ministry of Road Transport & Highways,618883,Construction of Four Lane Highway form Ghazipur- Ballia-UP/Bihar State Border Greenfield section of NH-31 Package I [from Hridaipur km 0.000 to Shahapur km 42.500] on EPC Mode in the state of Uttar Pradesh.,1706,1579.59,844.84,02/07/2025,30/06/2026,1,2025-07-02,2026-06-30,0,CLEAN
1161,Roads & Highways,Ministry of Road Transport & Highways,618884,Construction of Four Lane Highway from Ghazipur- Ballia-UP/Bihar State Border Greenfield section of NH-31 Package II [from Shahapur km 42.500 to Pindari km 78.150] on EPC Mode in the state of Uttar Pradesh.,1494,1311.44,705.07,26/10/2025,31/08/2026,1,2025-10-26,2026-08-31,0,CLEAN
1162,Roads & Highways,Ministry of Road Transport & Highways,619154,Construction of Four Lane Highway from Ghazipur- Ballia-UP/Bihar State Border Greenfield section of NH-31 Package III [from Pindari km 78.150 to Rawalganj Bypass Km 117.120] on EPC Mode in the state of Uttar Pradesh.,1494,1493.59,540.0,28/08/2025,30/11/2026,1,2025-08-28,2026-11-30,0,CLEAN
1163,Roads & Highways,Ministry of Road Transport & Highways,618885,Construction of Four Lane Highway from Ghazipur- Ballia-UP/Bihar State Border Greenfield section of NH-31 Package IV [from Buxur Spur of length km 17.270 on EPC Mode in the state of Uttar Pradesh.,618,549.02,235.64,14/06/2025,31/08/2026,1,2025-06-14,2026-08-31,0,CLEAN
1164,Roads & Highways,Ministry of Road Transport & Highways,618164,Construction of four lane highway with paved shoulder from Km.74.700 to Km.112.950 of NH-731A i/c Yamuna Bridge on HAM in the state of Uttar Pradesh.,1142,1157.31,0.0,23/06/2026,23/06/2026,1,2026-06-23,2026-06-23,0,CLEAN
1165,Roads & Highways,Ministry of Road Transport & Highways,618003,Construction of four lane ROB and its approaches in lieu of existing Level Crossing No. RV-71 at km 435 on NH-217 New NH-353 at Khariar including land acquisition under NHO in Annual Plan 2021-22 for the state of Odisha for F.Y. 2021-22 to F.Y 2033-34,154,0.0,22.32,26/12/2024,30/06/2026,0,2024-12-26,2026-06-30,0,NOT_YET_REVISED_COST
1166,Roads & Highways,Ministry of Road Transport & Highways,618790,Construction of four laning of Bakarpur- Manikpur road section starting from village Chitarsenpur km 0000 and terminating at SH-74 near Manikpur 38814 at NH-139W under Bharatmalapariyona,1422,1537.99,273.52,05/04/2027,30/09/2027,1,2027-04-05,2027-09-30,0,CLEAN
1167,Roads & Highways,Ministry of Road Transport & Highways,618059,Construction of four-lane Concrete Road from Police Headquarter Gondia City to Rawanwadi Village Birsi Airport Junction from design km 0.000 to km 15.781 existing km 39/720 of NH-753 to existing Km 8/400 of NH 543 on sections from Kohmara- Goregaon- Police HeadquarterKaranja - Collector Office Square - Balaghat T Point- Rawanwadi- Rajegaon of NH-753 and NH-543 in Gondia District in the state of Maharashtra. Total Length of the project 15.781 Km.,328,0.0,0.0,14/08/2025,17/07/2026,0,2025-08-14,2026-07-17,0,NOT_YET_REVISED_COST
1168,Roads & Highways,Ministry of Road Transport & Highways,618008,"Construction of four-lane elevated viaduct from km.4634 to km.6345 on NH-24A including Retaining wall, service lane, at grade road and improvement of junctions, on EPC mode",185,269.81,175.09,27/09/2023,31/12/2024,1,2023-09-27,2024-12-31,0,CLEAN
1169,Roads & Highways,Ministry of Road Transport & Highways,618120,construction of Four-Lane of chausa-Buxar Bypass from Km 45.000 to Km 65.915 Package - 2 in the State of Bihar on EPC Mode.,1060,0.0,0.0,13/01/2028,13/01/2028,0,2028-01-13,2028-01-13,0,NOT_YET_REVISED_COST
1170,Roads & Highways,Ministry of Road Transport & Highways,619068,Construction of Greenfield Connectivity to Jewar International Airport from DND-Faridabad-Ballabhgarh Bypass KMP Link - Spur to Delhi Mumbai Expressway,2921,3485.77,1024.9,21/06/2025,16/04/2027,1,2025-06-21,2027-04-16,0,CLEAN
1171,Roads & Highways,Ministry of Road Transport & Highways,618412,Construction of i Connecting Road from Z-Morh Tunnel to Zojila Tunnel Road Length 18.475km and ii 14.150 Km long 2-L Bi-directional single tube Zoji-la Tunnel across Zojila Pass on Sonamarg - Kargil section from Km 82 to Km 118 of NH-01 under PMDP,6809,0.0,3214.27,30/09/2026,28/02/2028,0,2026-09-30,2028-02-28,0,NOT_YET_REVISED_COST
1172,Roads & Highways,Ministry of Road Transport & Highways,618405,"Construction of Intermediate Lane of Pango to Jorging Road from 0000 to Design Km Design Km 40000 Design Length 40.00 Km, Pkg-l, Greenfield Alignment in the State of Arunachal Pradesh on EPC mode Pkg-1",898,0.0,0.0,16/07/2027,16/07/2027,0,2027-07-16,2027-07-16,0,NOT_YET_REVISED_COST
1173,Roads & Highways,Ministry of Road Transport & Highways,618403,Construction of Intermediate Lane Road with hard shoulder from design Km 0.000 to Km 17.387 Total length 17.387 km of Hunli to Ithun Bridge section on NH-913 Frontier Highway in State of Arunachal Pradesh on EPC mode under NHO-NE,276,0.0,0.0,30/01/2027,30/01/2027,0,2027-01-30,2027-01-30,0,NOT_YET_REVISED_COST
1174,Roads & Highways,Ministry of Road Transport & Highways,618402,"Construction of Intermediate Lane with Hard Shoulder of Hunli to Hayuliang from Design Km 0.000 to Km 53.000 Design Length 53.000 km, Greenfield Section of Frontier Highway NH-913 in the State of Arunachal Pradesh on EPC Mode Package-I",1262,0.0,233.81,29/02/2028,01/03/2028,0,2028-02-29,2028-03-01,0,NOT_YET_REVISED_COST
1175,Roads & Highways,Ministry of Road Transport & Highways,618401,"Construction of Intermediate Lane with Hard Shoulder of Hunli to Hayuliang Package-III from design Km 60.000 to Km 121.500 Design Length 61.500 km, Greenfield Section of Frontier Highway NH-913 in the State of Arunachal Pradesh on EPC Mode Pkg-3",1419,0.0,0.0,17/07/2028,17/07/2028,0,2028-07-17,2028-07-17,0,NOT_YET_REVISED_COST
1176,Roads & Highways,Ministry of Road Transport & Highways,617957,Construction of Jasra Bypass with four lane paved shoulder configurationfrom Km 379.670 on NH-76New NH-35 to Km 18.00 on NH-27New NH-30 on EPC in the State of Uttar Pradesh.,274,0.0,0.0,15/09/2025,,0,2025-09-15,,1,NOT_YET_REVISED_COST;MISSING_REVISED_DATE
1177,Roads & Highways,Ministry of Road Transport & Highways,617922,Construction of Jharsuguda Bypass including Land acqusition on NH-49 from km 258.636 to km 283.300 design chainage 258.636 to km 289.876 under NHO in Annual Plan 2022-23 for the state of Odisha Job No.NH-49-OD-2022-23-655,587,0.0,52.43,07/07/2027,07/07/2027,0,2027-07-07,2027-07-07,0,NOT_YET_REVISED_COST
1178,Roads & Highways,Ministry of Road Transport & Highways,618068,"Construction of Kaithi-Padaria Kala bypass, Patna-Tamoli bypass, Jaso bypass and Nagod bypass total length 15.44 Km to 2-lane with paved shoulders flexible pavement on NH-943 in the State of Madhya Pradesh on EPC Mode.",158,0.0,0.0,06/10/2025,31/12/2026,0,2025-10-06,2026-12-31,0,NOT_YET_REVISED_COST
1179,Roads & Highways,Ministry of Road Transport & Highways,618129,"Construction of Kasrawad bypass, Selani bypass, Khargone bypass & Bistan bypass Total length. 31.950 km Section of NH-347 C to Two lane with paved shoulder configuration in the State of Madhya Pradesh on EPC mode.",468,0.0,0.0,31/12/2026,31/12/2026,0,2026-12-31,2026-12-31,0,NOT_YET_REVISED_COST
1180,Roads & Highways,Ministry of Road Transport & Highways,618399,Construction of Kishtwar bypass with 2 lane with paved shoulder from Design Km. 80.675 Dulhasti to km 95.550 Bandarkoot of 14.88 km & a link road to Kishtwar town from 0000 to 1.871 of length1.871 Km on Khellani - Kishtwar - Chattroo section in UT of Jammu and Kashmir on EPC Mode Pkg-4,860,0.0,308.95,23/08/2023,30/06/2027,0,2023-08-23,2027-06-30,0,NOT_YET_REVISED_COST
1181,Roads & Highways,Ministry of Road Transport & Highways,618554,Construction of left out portion of Agra Inner Ring Road connecting village Deori to NH-44 village Bad from Km. 0.000 to Km. 7.772,879,787.58,623.64,19/09/2024,30/06/2026,1,2024-09-19,2026-06-30,0,CLEAN
1182,Roads & Highways,Ministry of Road Transport & Highways,618404,Construction of lntermediate Lane Road with hard shoulder from design chainage Km 0.000 to Km 53.040 Existing Length68.500 Km & Total Design length 53.04 km of Tato to Monigong section of NH-913 Frontier Highway on Nafra Bomdila to Vijaynagar along China border in state of Arunachal pradesh on EPC mode,626,0.0,0.0,14/11/2027,14/11/2027,0,2027-11-14,2027-11-14,0,NOT_YET_REVISED_COST
1183,Roads & Highways,Ministry of Road Transport & Highways,618144,Construction of Major Bridge Across Sharavathi Backwaters and approches between Ambargodu and Kalasavalli Near Sigandhur in Sagar Taluk on NH 369E in the State of Karnataka on EPC mode.Job No. NH-369E-KNT-2018-19-895 dated 06.03.2019.,423,0.0,0.0,10/12/2022,,0,2022-12-10,,1,NOT_YET_REVISED_COST;MISSING_REVISED_DATE
1184,Roads & Highways,Ministry of Road Transport & Highways,617989,Construction of Major Bridge at Km.180.865 across river Krishna on NH 167 Hagari Jadcherla section,157,187.61,103.33,06/11/2021,31/03/2026,1,2021-11-06,2026-03-31,0,CLEAN
1185,Roads & Highways,Ministry of Road Transport & Highways,618956,Construction of Major Bridge over Baghmati and Lakhandei River along with Approaches from Design km.16.500 to km.21.500,499,380.3,43.95,30/04/2027,30/04/2027,1,2027-04-30,2027-04-30,0,CLEAN
1186,Roads & Highways,Ministry of Road Transport & Highways,617895,Construction of Mangaldoi Bypass NH-15 starting at Ch 26400 and terminating at Ch 41505 under Rangia NH Division L 15.105 Km in the State of Assam. Job No. 15/AS/2021-22/234,535,0.0,161.56,28/04/2025,09/12/2026,0,2025-04-28,2026-12-09,0,NOT_YET_REVISED_COST
1187,Roads & Highways,Ministry of Road Transport & Highways,618081,Construction of Mariahu Bypass with four lane paved shoulder configuration Km. 53.540 to Km.59.200 of NH-135A on EPC mode in the state of Uttar Pradesh,438,362.39,0.0,28/02/2026,30/06/2026,1,2026-02-28,2026-06-30,0,CLEAN
1188,Roads & Highways,Ministry of Road Transport & Highways,618045,"Construction of Mihona bypass, Lahar bypass, Daboh bypass & Bhander Bypass total length 20.60 km to 2-lane with paved shoulder from on Mihona-Bhander-MP/UP border section of NH 552E in the State of Madhya Pradesh on EPC mode",179,0.0,71.77,19/12/2024,,0,2024-12-19,,1,NOT_YET_REVISED_COST;MISSING_REVISED_DATE
1189,Roads & Highways,Ministry of Road Transport & Highways,618253,Construction of missing link from Birhu to Lathiani from Km 35/550 Design chainage Km 0.000 to Km 42/800 Design Chainage Km 8.153on NH-503A including Lathiani Bridge on back water of Govindsagar and its approaches in Himachal Pradesh.,871,896.86,0.0,29/03/2029,29/03/2029,1,2029-03-29,2029-03-29,0,CLEAN
1190,Roads & Highways,Ministry of Road Transport & Highways,618156,"Construction of Morena bypass, Ambah bypass & Porsa bypass Totat length 27.16 km Section of NH-552 Ext. to TWo lane with paved shoulder configuration in the state of Madhya Pradesh on EPC mode",493,0.0,0.0,02/10/2026,02/10/2026,0,2026-10-02,2026-10-02,0,NOT_YET_REVISED_COST
1191,Roads & Highways,Ministry of Road Transport & Highways,618159,"Construction of new 2 Lane with paved shoulders of NH Standards from km 0.080 to km 11.690 L11.610 km in Majuli and from km 19.715 to km 27.484 L 7.769 km in Jorhat on the newly declared NH 715K and construction of 1.10 km flyover on NH-715 with its approaches and service roads L1.10 km, Total Length 20.479 km in the State of Assam Job No. 715K/AS/2023-24/256",382,0.0,25.58,28/03/2027,28/03/2027,0,2027-03-28,2027-03-28,0,NOT_YET_REVISED_COST
1192,Roads & Highways,Ministry of Road Transport & Highways,618286,Construction of New 2-Lane Bridge with its approaches from km 0000 to Km 4385 across River Brahmaputra on NH-17 at Jogighopa in Assam on EPC mode,747,0.0,410.28,10/11/2024,18/12/2026,0,2024-11-10,2026-12-18,0,NOT_YET_REVISED_COST
1193,Roads & Highways,Ministry of Road Transport & Highways,617926,Construction of new 4 lane major bridge with approaches on Sabarmati River near Dharoi at Km. 82/00 to 86/00 Design length 3.300 km on NH-58 in the State of Gujarat on Hybrid Annuity Mode HAM,398,0.0,0.0,19/08/2027,19/08/2027,0,2027-08-19,2027-08-19,0,NOT_YET_REVISED_COST
1194,Roads & Highways,Ministry of Road Transport & Highways,618246,Construction of New 4-Lane Bridge Parallel to existing Vikramashila Setufrom km 8920 to Km 13375including approach road 35m Naugachhia side &53 m Bhagalpur sideacross River Ganga on newly declared NH-131B at Bhagalpur in the State of Bihar,1110,0.0,0.0,08/05/2027,08/05/2027,0,2027-05-08,2027-05-08,0,NOT_YET_REVISED_COST
1195,Roads & Highways,Ministry of Road Transport & Highways,618801,Construction of New Double Tier 4-lane Elevated Corridor from Chennai Port to Maduravoyal in Chennai District from Km -0342 to Km 20223 Package 1 from Km -0342 to Km 4604,1389,1388.59,200.25,20/05/2026,16/11/2027,1,2026-05-20,2027-11-16,0,CLEAN
1196,Roads & Highways,Ministry of Road Transport & Highways,618800,Construction of New Double Tier 4L Elevated Corridor from Chennai Port to Maduravoyal in Chennai District from km -0.342 to Km 20.593 and Package II from Km 4.604 to Km 9.700,1617,1616.97,185.63,20/05/2026,16/11/2027,1,2026-05-20,2027-11-16,0,CLEAN
1197,Roads & Highways,Ministry of Road Transport & Highways,619139,Construction of New Double Tier 4L Elevated Corridor from Chennai Port to Maduravoyal in Chennai District from km -0.342 to Km 20.593 and Package III from Km 9.700 to Km 14.185,1299,1299.36,146.74,20/05/2026,16/11/2027,1,2026-05-20,2027-11-16,0,CLEAN
1198,Roads & Highways,Ministry of Road Transport & Highways,619045,Construction of New Double Tier 4L Elevated Corridor from Chennai Port to Maduravoyal in Chennai District from km -0.342 to Km 20.593 and Package IV from Km 14.185 to Km 20.593,1205,1210.21,62.01,20/05/2026,16/11/2027,1,2026-05-20,2027-11-16,0,CLEAN
1199,Roads & Highways,Ministry of Road Transport & Highways,617932,Construction of New Four Lane Bypass to Parbhani City Parwa to Asola Km 463/265 to Km 481/180 Design Ch. 19220 to Ch. 34434 Length-15.214 Km section of NH-61 on EPC mode in the State of Maharashtra.,497,0.0,0.0,15/10/2024,09/06/2026,0,2024-10-15,2026-06-09,0,NOT_YET_REVISED_COST
1200,Roads & Highways,Ministry of Road Transport & Highways,617960,Construction of new road at the missing link portion of NH-81 along approved alignment between Harishchandrapur and Eastern approach of Kalindri Bridge from Km 46.550 to Km 59.697 in the district of Malda. Job No-081-WB-2015-16/400,271,291.2,209.23,01/11/2018,30/06/2026,1,2018-11-01,2026-06-30,0,CLEAN
1201,Roads & Highways,Ministry of Road Transport & Highways,618355,"Construction of of 2 -Lane with paved shoulders road from Tamenglong-Tousem-Lisang-Mahur Road NH-137 starting near Dialong Village from km 10.000 at Dialong to km 31.430 near Old Tamenglong , near Barak River on EPC Mode Package-2",484,0.0,361.96,16/03/2023,31/03/2026,0,2023-03-16,2026-03-31,0,NOT_YET_REVISED_COST
1202,Roads & Highways,Ministry of Road Transport & Highways,618254,Construction of Paderu bypass Km 0000 to Km 13000 of 2- lane with paved shoulder on NH-516E,244,0.0,11.67,08/07/2026,31/12/2026,0,2026-07-08,2026-12-31,0,NOT_YET_REVISED_COST
1203,Roads & Highways,Ministry of Road Transport & Highways,618055,Construction of Pratapgarh Bypass Extension connecting NH-31 to NH-330 on EPC mode in the State of Uttar Pradesh.,225,0.0,0.0,30/06/2025,30/06/2026,0,2025-06-30,2026-06-30,0,NOT_YET_REVISED_COST
1204,Roads & Highways,Ministry of Road Transport & Highways,617897,Construction of proposed 4Lane Revelgunj bypass NH-19 in the State of Bihar on EPC mode connecting NH 19 to 85 origin,295,0.0,33.07,09/07/2025,30/06/2026,0,2025-07-09,2026-06-30,0,NOT_YET_REVISED_COST
1205,Roads & Highways,Ministry of Road Transport & Highways,618244,Construction of Raebareli Ring Road Phase-2 with four Lane configuration for Raebareli City in the state of Uttar Pradesh on Hybrid Annuity Model HAM basis,1274,0.0,0.0,01/05/2027,01/05/2027,0,2027-05-01,2027-05-01,0,NOT_YET_REVISED_COST
1206,Roads & Highways,Ministry of Road Transport & Highways,618204,Construction of realignment between Pandrass- Pashkyun Total length 27.10 km on road Zozila-Kargil -Leh NH-1 to 2 lane specifications i.e. Drass alignment 9.30 km Kharboo realignment 6.30 km & Kargil alignment 11.50 km under project Vijayak BRO in the UT of Ladakh on EPC Mode,426,0.0,97.91,18/06/2025,31/07/2026,0,2025-06-18,2026-07-31,0,NOT_YET_REVISED_COST
1207,Roads & Highways,Ministry of Road Transport & Highways,617909,Construction of Rewa Bypass to 4-lane with paved shoulder along with service road from Ratahara Chowk to Chorhata Chowk Road section of NH-30 from km 00.000 to 19.200 in the State of Madhya Pradesh on Hybrid Annuity Mode HAM.,648,0.0,0.0,26/02/2027,26/02/2027,0,2027-02-26,2027-02-26,0,NOT_YET_REVISED_COST
1208,Roads & Highways,Ministry of Road Transport & Highways,618540,Construction of Ring Road around Kanpur from Ch.23.325 to Ch.32.090 Chaudhariya to Transganga Package-IIA,1089,977.45,190.16,31/10/2027,29/04/2028,1,2027-10-31,2028-04-29,0,CLEAN
1209,Roads & Highways,Ministry of Road Transport & Highways,618538,Construction of Ring Road around kanpur from Ch.51.200 to Ch. 68.650 Badarka to Harbanch-Uchti Pkg-III,1793,1126.75,193.85,27/07/2027,27/07/2027,1,2027-07-27,2027-07-27,0,CLEAN
1210,Roads & Highways,Ministry of Road Transport & Highways,618536,Construction of Ring Road around Kanpur from Ch.68.650 to Ch.93.209 Jarkala to Pakari Package-IV in State of Uttar Pradesh.,1604,1192.16,196.64,29/06/2027,29/06/2027,1,2027-06-29,2027-06-29,0,CLEAN
1211,Roads & Highways,Ministry of Road Transport & Highways,618537,Construction of Ring Road around Kanpur from Km.000 to Km. 23.325 Chachendi Sachendi I to Maharajpur Package-I,1754,1311.7,392.07,06/06/2026,06/06/2026,1,2026-06-06,2026-06-06,0,CLEAN
1212,Roads & Highways,Ministry of Road Transport & Highways,618539,Construction of Ring Road Kanpur from Ch. 32.090 to Ch.51.200 Transganaga to Sathara Package-II B,1089,1106.92,38.74,21/09/2027,21/09/2027,1,2027-09-21,2027-09-21,0,CLEAN
1213,Roads & Highways,Ministry of Road Transport & Highways,617931,Construction of ROB and its approaches in lieu of LC No. 10/B/T at Km 307.050 of NH-60.,156,138.57,0.0,06/08/2025,31/03/2027,1,2025-08-06,2027-03-31,0,CLEAN
1214,Roads & Highways,Ministry of Road Transport & Highways,617967,Construction of Rudraprayag tunnel of length 900.30 MTR including approaches and one major bridge on river Alaknanda connecting NH-107/old-109 to NH-07old-58 on EPC mode in the state of Uttarakhand.,252,0.0,0.0,25/07/2025,15/05/2026,0,2025-07-25,2026-05-15,0,NOT_YET_REVISED_COST
1215,Roads & Highways,Ministry of Road Transport & Highways,618912,Construction of Rudrapur Bypass Section from Km. 0.000 to 20.640 in the state of Uttar Pradesh & Uttarakhand,1052,1117.17,665.1,11/01/2026,31/05/2026,1,2026-01-11,2026-05-31,0,CLEAN
1216,Roads & Highways,Ministry of Road Transport & Highways,618260,"Construction of Salempur bypass to 4LPS from km 64.000 of NH-727A Km 171.00 of Sonauli Balia Marg, old SH-01, near Mahadahan Chauraha to km 61.500 of NH-727B Km 178.500 of Sonauli Balia Marg, old SH-01, near near Ahirauli Village under Hybrid Annuity Mode HAM in the State of Uttar Pradesh",1348,0.0,0.0,10/11/2027,11/11/2027,0,2027-11-10,2027-11-11,0,NOT_YET_REVISED_COST
1217,Roads & Highways,Ministry of Road Transport & Highways,618057,Construction of Shohratgarh Bypass on NH-730 under EPC mode in the State of Uttar Pradesh,189,0.0,0.0,23/05/2025,31/12/2026,0,2025-05-23,2026-12-31,0,NOT_YET_REVISED_COST
1218,Roads & Highways,Ministry of Road Transport & Highways,618038,Construction of Shopian Bypass on NH-444 taking off from existing chainage Km 36500 and re-joining at km 47588 of existing Chainage New Design Ch. From km 28000 to km 36925 as 2- lane with paved shoulder in the UT of Jammu & Kashmir on EPC mode.,224,0.0,0.0,11/01/2028,,0,2028-01-11,,1,NOT_YET_REVISED_COST;MISSING_REVISED_DATE
1219,Roads & Highways,Ministry of Road Transport & Highways,617980,Construction of six lane elevated corridor from km 7.950 Uppal to km 14.200 of NH-163 to De-Congest the urban limits of Hyderabad-Bhoopalapatnam section on EPC mode in the state of Telangana,627,0.0,16.13,01/07/2020,30/10/2026,0,2020-07-01,2026-10-30,0,NOT_YET_REVISED_COST
1220,Roads & Highways,Ministry of Road Transport & Highways,617942,Construction of Six lane Elevated Corridor from Km. 508.000 to Km. 513.150 including approaches on NH-66,641,0.0,0.0,15/04/2026,14/10/2026,0,2026-04-15,2026-10-14,0,NOT_YET_REVISED_COST
1221,Roads & Highways,Ministry of Road Transport & Highways,618535,Construction of Six lane elevated flyover including reconstruction/rehabilitation of existing pavement from Km 406100 to Km 411150 Length 5.05 Km at Gobindpur area in the Barwa Adda Panagarh section of NH-19 from Km.398.240 to Km.521.120 including Panagarh Bypass in the State of Jharkhand on EPC Mode.,688,442.52,33.97,21/03/2028,21/03/2028,1,2028-03-21,2028-03-21,0,CLEAN
1222,Roads & Highways,Ministry of Road Transport & Highways,619042,"Construction of six lane Flyover at Katraj junction at Km, 3/880 of NH 548-DD Vadgaon - Katraj - Kondhwa - Mantarwadi Chowk - Loni Kalbhor - Theur Phata - Lonikand Road in Pune Dist of the State of Maharashtra. On Engineering Procurement and construction EPC Basis mode L.1.326 Km,",164,0.0,0.0,18/02/2026,25/02/2023,0,2026-02-18,2023-02-25,0,NOT_YET_REVISED_COST;EXTREME_SCHEDULE_OUTLIER
1223,Roads & Highways,Ministry of Road Transport & Highways,617950,Construction of Srinivasapura Bypass from existing Km 453.890 Design Ch. 0000 to existing Km 461.450 Design Ch 10080 on NH-69 in the State of Karnataka Under NH O in EPC mode under Annual Plan 2022-23 NH-69-KNT-2022-23-966 dated 22.11.2022,204,0.0,0.0,11/01/2027,11/01/2027,0,2027-01-11,2027-01-11,0,NOT_YET_REVISED_COST
1224,Roads & Highways,Ministry of Road Transport & Highways,618939,Construction of Standalone Flyover cum ROB from Design Ch.66.600 to Design Ch.68.800 in Gadchandur Town on NH-353B,191,107.76,25.19,25/07/2027,25/07/2027,1,2027-07-25,2027-07-25,0,CLEAN
1225,Roads & Highways,Ministry of Road Transport & Highways,618480,Construction of Trumpet Interchange Connecting Bangalore Chennai Expressway km.261705 to km. 262800 with Maduravoyal to Walajapet Section of NH 48 near Sriperumbudur Toll Plaza at km. 35700,163,162.56,43.1,23/08/2025,31/10/2026,1,2025-08-23,2026-10-31,0,CLEAN
1226,Roads & Highways,Ministry of Road Transport & Highways,618549,Construction of twin tube tunnels on Jammu Kashmir Ring Road NH-244A Between Design Ch. 50600 to 51700 and design Ch. 53535 to 55700 on EPC mode under residual NHDP component of Bharatmala Pariyojna,243,731.59,655.27,07/06/2025,31/12/2026,1,2025-06-07,2026-12-31,0,EXPENDITURE_EXCEEDS_ORIGINAL
1227,Roads & Highways,Ministry of Road Transport & Highways,618323,Construction of Twin Tube Uni-directional Aizawl Bypass Tunnel of 2.5 km and its approaches of 2.1 km from km 10.600 to km 15.200 on Sarrang - Phaibawk section of NH-6 in the State of Mizoram on EPC Mode under NHO-NE Package-2,1313,0.0,0.0,02/12/2028,,0,2028-12-02,,1,NOT_YET_REVISED_COST;MISSING_REVISED_DATE
1228,Roads & Highways,Ministry of Road Transport & Highways,618170,Construction of Two lane with paved shoulder configuration of Shujalpur Bypass section of NH-752C from km 33100 Design to km. 42570 Design total design length 10.470 km in the State of Madhya Pradesh on EPC mode.,214,0.0,0.0,14/09/2025,31/12/2026,0,2025-09-14,2026-12-31,0,NOT_YET_REVISED_COST
1229,Roads & Highways,Ministry of Road Transport & Highways,617891,"Construction of Two lane with Paved Shoulder for Fatehpur Bypass Design Km 0.000 to Km 7.400 , Mandawa Bypass Design Km 20.925 to Km 27.300 & Jhunjhunu Bypass Design Km 41.625 to Km 54.689 of NH-11 on EPC Mode in the state of Rajasthan .",186,0.0,66.7,13/08/2024,31/08/2025,0,2024-08-13,2025-08-31,0,NOT_YET_REVISED_COST
1230,Roads & Highways,Ministry of Road Transport & Highways,618075,Construction of two lane with paved shoulder from existing Km.0.000 to Km.55.610 design km. 0.000 to km. 54.048 of NH-124D,841,773.58,167.6,08/02/2026,30/06/2026,1,2026-02-08,2026-06-30,0,CLEAN
1231,Roads & Highways,Ministry of Road Transport & Highways,618071,Construction of two lane with paved shoulder Gangtok Bypass Road from Ranipool to Burtuk Ch 0.00 Km to 23.316 L23.316 Km in the State of Sikkim,385,342.89,0.0,22/05/2024,30/06/2026,1,2024-05-22,2026-06-30,0,CLEAN
1232,Roads & Highways,Ministry of Road Transport & Highways,618169,Construction of Two Lane with paved shoulder highway from Design Ch.0.000 to Ch.49.2OO of NH-731B on EPC Mode,640,602.76,239.2,29/11/2025,31/07/2026,1,2025-11-29,2026-07-31,0,CLEAN
1233,Roads & Highways,Ministry of Road Transport & Highways,619251,Construction of two lane with paved shoulder of Ghatol Bypass from km 133.250 to km 140.950 of NH-56 old NH No. 113 on EPC mode in the State of Rajasthan.,170,0.0,0.0,23/09/2027,,0,2027-09-23,,1,NOT_YET_REVISED_COST;MISSING_REVISED_DATE
1234,Roads & Highways,Ministry of Road Transport & Highways,618843,Construction of two lane with paved shoulders bypass to Mungrabadshapur town starting from near Kodahu at Km 47/225 of NH-319D and ending near Nauwadandi at Km 219/720 of NH-31 under NHO in the state of Uttar Pradesh on EPC mode,198,165.28,36.16,21/03/2027,20/09/2027,1,2027-03-21,2027-09-20,0,CLEAN
1235,Roads & Highways,Ministry of Road Transport & Highways,618848,Construction of Underpass beneath airport runway on NH-31 old NH-56 for proposed expansion of runway of Babatpur Airport Varanasi,649,0.0,0.09,29/09/2027,29/09/2027,0,2027-09-29,2027-09-29,0,NOT_YET_REVISED_COST
1236,Roads & Highways,Ministry of Road Transport & Highways,617894,"Construction or 4 lane Raniganj Bypass of length 5.261 km on NH-60 new NH-14 from km 273.00 of NH to km 478.18 of NH-2 New NH 16 in paschim Bardhaman, West Bengal in EPC Mode- reg. Job No. 014-WB-2022-23/514",411,0.0,157.03,08/03/2026,31/12/2026,0,2026-03-08,2026-12-31,0,NOT_YET_REVISED_COST
1237,Roads & Highways,Ministry of Road Transport & Highways,617902,construction or By-pass road on NH-26 for Nabrangpur Town,169,0.0,7.84,01/12/2026,31/12/2026,0,2026-12-01,2026-12-31,0,NOT_YET_REVISED_COST
1238,Roads & Highways,Ministry of Road Transport & Highways,618963,Construction work of 4-laning of Shahganj bypass end to Badi Package-IV of NH-146B from design km 102.000 to design km 142.357 Design length 40.357 km,784,836.64,317.58,24/03/2027,24/03/2027,1,2027-03-24,2027-03-24,0,CLEAN
1239,Roads & Highways,Ministry of Road Transport & Highways,618390,"Construction, Operation & Maintenance of 2-L Bi-directional Silkyara Bend- Barkot Tunnel with escape passage including approaches Tunnel-4.531 & Approach road- 0.328 on Dharasu-Yamunotri section b/w Chainage 25.400km and 51.00km falling along NH-134 Old NH-94 on EPC mode",1384,0.0,688.93,08/07/2022,31/03/2027,0,2022-07-08,2027-03-31,0,NOT_YET_REVISED_COST
1240,Roads & Highways,Ministry of Road Transport & Highways,618426,Construction/Up gradation of Existing road to 2 Lane with Paved Shoulder including Geometric Improvement from Ranipool to Pakyong Balance work from Km 2.000 to 16.167 of NH-717-A on EPC basis under SARDP-NE Phase A in the State of Sikkim,265,380.94,0.0,06/07/2024,31/12/2026,1,2024-07-06,2026-12-31,0,CLEAN
1241,Roads & Highways,Ministry of Road Transport & Highways,619038,Construction/upgradation to 2-lane with paved shoulder from Design Km 95.55 Bandarkoot to Km. 111.06 Chattroo of 15.52 Km length on Khellani-Kishtwar-Chattroo section on NH-244 in UT of Jammu and Kashmir on EPC Mode Pkg-5,497,0.0,240.1,19/02/2023,31/03/2026,0,2023-02-19,2026-03-31,0,NOT_YET_REVISED_COST
1242,Roads & Highways,Ministry of Road Transport & Highways,618849,Conversion of Partially Excavated Escape Tunnel to Uni-Directional 2L Tunnelincluding construction of cross passages and approach roads on either side of the tunnel from Km 12.732 to Km 14.568 of Kiratpur to Nerchowk Section of NH-21,444,412.88,394.65,15/03/2024,15/05/2026,1,2024-03-15,2026-05-15,0,CLEAN
1243,Roads & Highways,Ministry of Road Transport & Highways,618550,Corridor Efficiency Improvement including removal of black spots in Lakhanpur - Samba section of NH-44 from Chainage Km. 16.300 to Km. 74.100,856,215.68,197.46,11/06/2024,30/09/2026,1,2024-06-11,2026-09-30,0,EXTREME_COST_OVERRUN_OUTLIER
1244,Roads & Highways,Ministry of Road Transport & Highways,619119,Cuttack-Angul Section of NH-42 New NH-55 from km 0.400 to km 60.200 Pkg-I in the State of Odisha,999,1178.31,512.79,16/07/2020,30/06/2026,1,2020-07-16,2026-06-30,0,CLEAN
1245,Roads & Highways,Ministry of Road Transport & Highways,619215,Cuttack-Angul Section of NH-42 New NH-55 from Km.60.200 to Km. 112.000 Pkg-II in the State of Odisha,991,1168.82,499.5,06/09/2020,30/06/2026,1,2020-09-06,2026-06-30,0,CLEAN
1246,Roads & Highways,Ministry of Road Transport & Highways,618518,Davanagere - Haveri of NH-48 Old NH-4 from km. 260.00 to km. 338.923,1455,1805.84,690.56,24/07/2020,30/09/2026,1,2020-07-24,2026-09-30,0,CLEAN
1247,Roads & Highways,Ministry of Road Transport & Highways,618804,Dedicated Port road to Krishnapatnam Port Package-I from Km. 0.000 to Km. 18.000,349,341.36,184.68,19/12/2020,31/08/2026,1,2020-12-19,2026-08-31,0,CLEAN
1248,Roads & Highways,Ministry of Road Transport & Highways,618497,Delhi Amritsar Katra Expressway Phase-II Pkg XVIII Development and Upgradation of Four lane Access Control Expressway from Design Chainage KM 530.00 to KM 545.300 Sidhra to Domel Section of NH-44,975,975.38,564.21,19/11/2025,31/03/2027,1,2025-11-19,2027-03-31,0,CLEAN
1249,Roads & Highways,Ministry of Road Transport & Highways,618482,Delhi-Amritsar-Katra Expressway Phase-I Pkg-I from Jussur Kheri on NH-KMP Expressway to Junction with Rohtak-Panipat road NH-709 near Rukhi Paani village Km 0000 to Km 34000,1866,2429.9,1081.52,26/12/2023,31/05/2026,1,2023-12-26,2026-05-31,0,CLEAN
1250,Roads & Highways,Ministry of Road Transport & Highways,618483,Delhi-Amritsar-Katra Expressway Phase-I Pkg-II from Junction with Rohtak-Panipat road NH-709 near Rukhi Paani village to Junction with Jind-Panipat road NH-352A near Gangana village Km 34000 to Km 60800,1534,1792.53,971.07,13/01/2024,31/05/2026,1,2024-01-13,2026-05-31,0,CLEAN
1251,Roads & Highways,Ministry of Road Transport & Highways,618484,Delhi-Amritsar-Katra Expressway Phase-I Pkg-III from Junction with Jind-Panipat road NH-352A near Gangana village to Junction with Jind-Karnal road NH-709A near Alewa village Km 60800 to Km 91400,1606,1813.91,631.62,23/12/2023,21/05/2024,1,2023-12-23,2024-05-21,0,CLEAN
1252,Roads & Highways,Ministry of Road Transport & Highways,618485,Delhi-Amritsar-Katra Expressway Phase-I Pkg-IV from Junction with Jind-Karnal road NH-709A near Alewa village to Junction with Ambala-Kaithal-Hissar road NH-152 near Kharak Pandwa village Km 91400 to Km 120250,1307,1578.66,563.2,13/12/2023,28/03/2024,1,2023-12-13,2024-03-28,0,CLEAN
1253,Roads & Highways,Ministry of Road Transport & Highways,618489,Delhi-Amritsar-Katra Expressway Phase-I Pkg-IX from Junction with Ludhiana-Moga road NH-5 near Mullanpur Dakha to Junction with Jalandhar - Moga road NH-703 near Kang Sahibu village Km 260860 to km 303900,1851,2407.14,1348.9,16/07/2024,31/03/2027,1,2024-07-16,2027-03-31,0,CLEAN
1254,Roads & Highways,Ministry of Road Transport & Highways,618486,Delhi-Amritsar-Katra Expressway Phase-I Pkg-V from Junction with Ambala-Kaithal-Hissar road NH-152 near Kharak Pandwa village to Junction with Patiala-Samana-Patran road SH-10 near Ghagga village Km 120250 to Km 157920,1742,2281.02,924.51,22/05/2024,31/05/2026,1,2024-05-22,2026-05-31,0,CLEAN
1255,Roads & Highways,Ministry of Road Transport & Highways,618487,Delhi-Amritsar-Katra Expressway Phase-I Pkg-VII from Junction with Patiala-Bathinda road NH-7 near Bhawanigarh to Junction with Ludhiana-Malerhkotla SH-11 near Bhogiwal village Km 188830 to km 225770,1760,1774.32,1250.45,09/07/2024,30/06/2026,1,2024-07-09,2026-06-30,0,CLEAN
1256,Roads & Highways,Ministry of Road Transport & Highways,618488,Delhi-Amritsar-Katra Expressway Phase-I Pkg-VIII from Junction with Ludhiana-Malerkotla SH-11 near Bhogiwal village to Junction with Ludhiana-Moga road NH-5 near Mullanpur Dakha Km 225770 to km 260860,1896,2034.94,751.95,13/03/2025,,1,2025-03-13,,1,MISSING_REVISED_DATE
1257,Roads & Highways,Ministry of Road Transport & Highways,618490,Delhi-Amritsar-Katra Expressway Phase-I Pkg-X from Jn. with Jalandhar - Moga road NH-703 to Jn. with Jalandhar-Kapurthala road NH-703A and to Jn. with Kapurthala - Sultanpur Lodhi road NH-703A km 000 to km 24000 to Amritsar connectivity,2178,2062.74,1004.28,09/07/2024,30/09/2025,1,2024-07-09,2025-09-30,0,CLEAN
1258,Roads & Highways,Ministry of Road Transport & Highways,618491,Delhi-Amritsar-Katra Expressway Phase-I Pkg-XI from Junction with Jalandhar - Kapurthala road NH-703A near khojewal village to Junction with Amritsar-Mehta-SriHargobindpur-Tanda road NH-503A near SriHargobindpur Km 319400 to km 362420,2175,2206.71,941.19,14/11/2024,,1,2024-11-14,,1,MISSING_REVISED_DATE
1259,Roads & Highways,Ministry of Road Transport & Highways,618492,Delhi-Amritsar-Katra Expressway Phase-I Pkg-XII from Junction with Amritsar-Mehta-SriHargobindpur-Tanda road NH-503A near SriHargobindpur to Junction with Pathankot-Gurdaspur road NH-54 near Gurdaspur Km 362420 to km 397700,1734,1538.47,470.92,30/12/2025,20/02/2027,1,2025-12-30,2027-02-20,0,CLEAN
1260,Roads & Highways,Ministry of Road Transport & Highways,618493,Delhi-Amritsar-Katra Expressway Phase-I Spur-I from Jn. with Kapurthala - Sultanpur Lodhi Road NH-703A near Isharwal village to Jn. with Kapurthala - Tarn Taran road NH-703AA near Goinwal Sahib [Km 24000 to Km 41000 of Amritsar connectivity],2165,1519.6,396.24,16/04/2026,10/03/2028,1,2026-04-16,2028-03-10,0,CLEAN
1261,Roads & Highways,Ministry of Road Transport & Highways,619200,Delhi-Amritsar-Katra Expressway Phase-I Spur-III from Junction with Amritsar-Jalandhar road NH-3 near Bhishambarpura to Junction with Amritsar-Anjala road NH-354 near Amritsar Airport [Km 71000 to Km 99000 of Amritsar connectivity],1642,1951.7,1007.55,26/10/2024,21/06/2027,1,2024-10-26,2027-06-21,0,CLEAN
1262,Roads & Highways,Ministry of Road Transport & Highways,619066,Delhi-Amritsar-Katra Expressway Phase-II Pkg-XIV from Junction with Pathankot-Gurdaspur road NH-54 near Balsua to Junction with Hiranagar Road near village Gurha Baildaran km 423500 to km 468100,3044,3707.91,1551.33,25/09/2024,30/09/2026,1,2024-09-25,2026-09-30,0,CLEAN
1263,Roads & Highways,Ministry of Road Transport & Highways,618494,Delhi-Amritsar-Katra Expressway Phase-II Pkg-XV [Junction with Hiranagar Road near village Gurha Baildaran to Junction with Jammu Ring Road NH-244A near Jakh village from Km 468100 to Km 503250],2715,3716.56,1653.54,25/09/2024,31/12/2026,1,2024-09-25,2026-12-31,0,CLEAN
1264,Roads & Highways,Ministry of Road Transport & Highways,618496,Delhi-Amritsar-Katra Expressway Phase-II Pkg-XVI Existing Jakh Vijaypur-Kunjwani section of NH-44 including spur Connectivity to Jammu Airport NH-144A [Km 503500 to km 514500],1822,2522.56,1174.58,26/09/2024,30/09/2026,1,2024-09-26,2026-09-30,0,CLEAN
1265,Roads & Highways,Ministry of Road Transport & Highways,618457,Delhi-Vadodara Greenfield Alignment NH-148N Pkg-10 Ch. 292.950 to Ch. 319.400 [End of Interchange on NH-166 near village Mui to Hardeoganj village near Indergarh],1273,1265.16,1091.66,21/05/2023,31/07/2026,1,2023-05-21,2026-07-31,0,CLEAN
1266,Roads & Highways,Ministry of Road Transport & Highways,618456,Delhi-Vadodara Greenfield Alignment NH-148N Pkg-14 Ch. 388.420 to Ch. 419.000 [Junction with NH- 76 to Junction with NH-12 near village Ummedpura],1119,1194.17,975.7,23/05/2023,05/03/2025,1,2023-05-23,2025-03-05,0,CLEAN
1267,Roads & Highways,Ministry of Road Transport & Highways,618458,Delhi-Vadodara Greenfield Alignment NH-148N Pkg-15 Ch. 419.000 to Ch.427.300 [Junction with NH-12 near village Ummedpura to Major bridge over Takli river near Nayagaon Jageer village],1855,1854.68,1386.51,04/01/2024,31/07/2026,1,2024-01-04,2026-07-31,0,CLEAN
1268,Roads & Highways,Ministry of Road Transport & Highways,618459,Delhi-Vadodara Greenfield Alignment NH-148N Pkg-26 Ch.696890 to Ch.726390,1555,1556.4,1084.2,31/08/2024,31/05/2026,1,2024-08-31,2026-05-31,0,CLEAN
1269,Roads & Highways,Ministry of Road Transport & Highways,619197,Delhi-Vadodara Greenfield Alignment NH-148N Pkg-27 Ch.729.700 to Ch.756.052,1186,1259.27,991.08,14/02/2024,31/05/2026,1,2024-02-14,2026-05-31,0,CLEAN
1270,Roads & Highways,Ministry of Road Transport & Highways,618460,Delhi-Vadodara Greenfield Alignment NH-148N Pkg-28 Ch.756052 to Ch.781282,1263,1266.98,865.87,15/11/2023,31/05/2026,1,2023-11-15,2026-05-31,0,CLEAN
1271,Roads & Highways,Ministry of Road Transport & Highways,618462,Delhi-Vadodara Greenfield Alignment NH-148N Pkg-31 Ch.824920 to Ch.844382 [Junction near Pratap nagar Village - Junction near Dodka Village],1645,1651.14,963.66,18/05/2023,31/05/2026,1,2023-05-18,2026-05-31,0,CLEAN
1272,Roads & Highways,Ministry of Road Transport & Highways,618612,Deogarh near Dhandhaniya-Rajasthan/Gujarat Border Phase-I AJ/DRGB-Package-6,847,740.62,676.17,11/08/2023,31/05/2026,1,2023-08-11,2026-05-31,0,CLEAN
1273,Roads & Highways,Ministry of Road Transport & Highways,618613,Deogarh near Dhandhaniya-Rajasthan/Gujarat Border Phase-I AJ/DRGB-Package-7,662,597.77,508.83,15/07/2023,31/05/2026,1,2023-07-15,2026-05-31,0,CLEAN
1274,Roads & Highways,Ministry of Road Transport & Highways,618803,Development of 4L Road from Samarlakota to Achampeta Junction as part of Kakinada Port Connectivity to NH-16 Rajanagaram Junction in East Godavari District,646,750.2,595.09,15/08/2025,12/05/2026,1,2025-08-15,2026-05-12,0,CLEAN
1275,Roads & Highways,Ministry of Road Transport & Highways,618552,Development of 6L Greenfield Jalandhar Bypass starting from Kahlwan NH-03 ending at Kang Sahbu NH-703 via Sarmastpur NH-44 - Madara NH-03 - Khajurla NH-44,1755,2167.39,800.1,14/01/2025,30/06/2027,1,2025-01-14,2027-06-30,0,CLEAN
1276,Roads & Highways,Ministry of Road Transport & Highways,618675,Development of 6L of Basanwahi Marangpuri Section from km 99.500 to km 124.661 of NH-130-CD,1307,1303.63,456.22,15/10/2025,31/03/2027,1,2025-10-15,2027-03-31,0,CLEAN
1277,Roads & Highways,Ministry of Road Transport & Highways,618673,Development of 6L of Jhanki Sargi Section Road from km 0.000 to km 42.800 of NH-130CD Pkg-CG-1,1368,1129.14,654.33,28/09/2024,31/01/2027,1,2024-09-28,2027-01-31,0,CLEAN
1278,Roads & Highways,Ministry of Road Transport & Highways,618674,Development of 6L Sargi Basanwahi Section from km 42.800 to km 99.500 of NH-130CD Pkg-CG-2,1471,1461.81,756.05,08/01/2025,06/05/2026,1,2025-01-08,2026-05-06,0,CLEAN
1279,Roads & Highways,Ministry of Road Transport & Highways,618509,Development of 6L UER II [Package - I] NH-1 Near Bakoli till Karala Kanjhawala Road from km. 0.70 to km.15.00,2090,2203.45,1803.73,27/10/2023,31/05/2026,1,2023-10-27,2026-05-31,0,CLEAN
1280,Roads & Highways,Ministry of Road Transport & Highways,617977,Development of Chiloda - Gandhinagar- Sarkhej ofNH-147 Package -II,211,234.44,0.0,21/11/2020,14/07/2022,1,2020-11-21,2022-07-14,0,CLEAN
1281,Roads & Highways,Ministry of Road Transport & Highways,618455,Development of External Trunk Connectivity and Internal Infrastructure Works at Multi Model Logistics ParkMMLP at Jogighopa in the State of Assam on EPC Mode Package-I Road and Utility Works,694,0.0,296.96,01/04/2022,30/09/2024,0,2022-04-01,2024-09-30,0,NOT_YET_REVISED_COST
1282,Roads & Highways,Ministry of Road Transport & Highways,618010,Development to 4-lane with paved shoulder for the road section Talwandi Sabo-Raman road to refinery Road junction with Bathinda Dabwali Road of NH-254 from existing Km 131.600 to Km 155.650 Design Km 131600 to km 155600 in the State of Punjab. Job No NH-254-PB-2022-23-565,547,0.0,0.0,05/11/2026,05/11/2026,0,2026-11-05,2026-11-05,0,NOT_YET_REVISED_COST
1283,Roads & Highways,Ministry of Road Transport & Highways,618824,"Development to 4-laning of the de-scoped stretches from Km 115.342 to Km 191.700 of NH-34 in Nadia District 3.962 & Murshidabad District 5.538 pertaining to Krishnagar to Berhampore section of NH-34 New NH-12 , in the state of West Bengal under NHO.",201,197.74,56.95,16/01/2026,31/01/2027,1,2026-01-16,2027-01-31,0,CLEAN
1284,Roads & Highways,Ministry of Road Transport & Highways,618227,Development to 4/6-lanning of NH-31 New NH-10 with both side service roads from km 569.258 to km 581.030 end of AH-02 project on NH- 31 near Shivmandir to Sevoke Army Cantonment in districts of Darjeeling and Jalpaiguri in the state of West Bengal on EPC Mode Job No. 010/WB/2021-22/490,995,1059.2,456.48,19/09/2025,31/03/2027,1,2025-09-19,2027-03-31,0,CLEAN
1285,Roads & Highways,Ministry of Road Transport & Highways,618155,Development/Widening of Talegaon Chakan Shikrapur Nhavara Section of NH-548D from existing chainage km. 54/000 to 82/300 and Design chainage Km. 54/000 to 82/120 Shikrapur to Nhavara Section to 2LPS/4L Configuration on EPC Mode in the State of Maharashtra.,396,0.0,85.57,09/07/2026,04/07/2026,0,2026-07-09,2026-07-04,0,NOT_YET_REVISED_COST
1286,Roads & Highways,Ministry of Road Transport & Highways,619100,Dhangaon - Borgaon section km 81.000 to km 139.000 [Indore - Edlabad Pkg IV],866,1185.04,638.17,03/08/2023,30/06/2026,1,2023-08-03,2026-06-30,0,CLEAN
1287,Roads & Highways,Ministry of Road Transport & Highways,619210,Dharampuri-Lonand from km. 117.00 to 166.40 Pkg-IV on Mohol-Alandi Section,1412,1358.68,1047.19,14/09/2023,31/05/2026,1,2023-09-14,2026-05-31,0,CLEAN
1288,Roads & Highways,Ministry of Road Transport & Highways,618325,Dillai to Lahorijan Package-7,204,0.0,0.0,20/07/2024,04/12/2025,0,2024-07-20,2025-12-04,0,NOT_YET_REVISED_COST
1289,Roads & Highways,Ministry of Road Transport & Highways,618562,Dindigul Bypass - Samyanallore from km. 373.275 to km. 426.00,579,295.5,1.4,29/01/2009,,1,2009-01-29,,1,MISSING_REVISED_DATE
1290,Roads & Highways,Ministry of Road Transport & Highways,618710,DL/UP Border - EPE Crossing Pkg-02,2003,1889.78,1732.92,07/11/2023,30/05/2026,1,2023-11-07,2026-05-30,0,CLEAN
1291,Roads & Highways,Ministry of Road Transport & Highways,618062,Dornala to Kunta Junction from Design Chainage Km 244000 to 267990 section of NH-765 Package-2,245,0.0,0.0,13/09/2025,31/01/2026,0,2025-09-13,2026-01-31,0,NOT_YET_REVISED_COST
1292,Roads & Highways,Ministry of Road Transport & Highways,618589,Durg-Raipur Bypass Section Package - 1 from km. 0.00 to km. 44.50 near Tendesara to near Khatti Village,1828,1656.73,690.27,20/07/2025,02/05/2026,1,2025-07-20,2026-05-02,0,CLEAN
1293,Roads & Highways,Ministry of Road Transport & Highways,618590,Durg-Raipur-Arang Package - 2 from km. 44.50 to km. 92.23 near Khatti Village to near Aurang,1959,1561.97,583.62,28/05/2025,31/12/2026,1,2025-05-28,2026-12-31,0,CLEAN
1294,Roads & Highways,Ministry of Road Transport & Highways,618192,Duttalur at NH-565 Junction to Kavali Joining on NH-16 Chainage Km. 36/400 to Km. 107/224 excluding the stretch from Km 101.880 to 105.300 67.404 Km of NH-167BG from in the State of Andhra Pradesh on EPC mode,424,0.0,0.0,03/07/2024,30/04/2026,0,2024-07-03,2026-04-30,0,NOT_YET_REVISED_COST
1295,Roads & Highways,Ministry of Road Transport & Highways,619202,Dwarka Expressway from Km -0.600 to Km 5.300 - Pkg-I Shivmurti Chowk-RuB near Dwarka Sector 21,2145,3929.5,3097.34,24/09/2022,31/05/2026,1,2022-09-24,2026-05-31,0,EXPENDITURE_EXCEEDS_ORIGINAL
1296,Roads & Highways,Ministry of Road Transport & Highways,618577,Dwarka Expressway Pkg-III Delhi/HR Border to Start of RoB Gurugram,2228,2298.37,991.43,27/11/2020,31/05/2026,1,2020-11-27,2026-05-31,0,CLEAN
1297,Roads & Highways,Ministry of Road Transport & Highways,618454,"Earthwork in Formation, Road Work, Construction of Bridges, Blanketing, P. Way Linking works including Supply of P. Way Fittings and Track Ballast in connection with Construction of Railway Siding from Jogighopa Railway Station to MMLP at Jogighopa from Ch. 00 to 3760 on Item Rate basis Package -3, Railway Siding from Jogighopa Railway Station to MMLP",694,0.0,37.6,01/06/2022,20/09/2024,0,2022-06-01,2024-09-20,0,NOT_YET_REVISED_COST
1298,Roads & Highways,Ministry of Road Transport & Highways,618146,Estimate for Improvement to two lane with paved shoulder from Ramnagar to Roseda from km 3.500 to 43.000 of NH 527 E on EPC mode in State of Bihar,495,0.0,0.0,11/04/2026,30/04/2027,0,2026-04-11,2027-04-30,0,NOT_YET_REVISED_COST
1299,Roads & Highways,Ministry of Road Transport & Highways,618866,"Four Lane Highway from Chandan Nagar Existing Km. 59.025 of NH 530B/Design Km. 179.5000 to Bareilly BypassStartExisting Km. 59.025 of NH 530B/Design Km. 218.000 Section of NH 530B, in the State of Uttar Pradesh on HAM Mode under NH0",2077,1112.44,223.68,18/11/2027,18/11/2027,1,2027-11-18,2027-11-18,0,CLEAN
1300,Roads & Highways,Ministry of Road Transport & Highways,618626,Four laning from Dive Ghat Km. 220.900 to Hadapsar Km. 234.150 of Mohol Alandi section Pkg VI of NH-965,820,400.0,121.02,14/10/2026,12/04/2027,1,2026-10-14,2027-04-12,0,EXTREME_COST_OVERRUN_OUTLIER
1301,Roads & Highways,Ministry of Road Transport & Highways,618768,Four laning of Agra-Aligarh Section from Km. 0.000 Junction of NH-34 Aligarh Km 144.60 to Km. 28.000 near Asroi village in Hathras of NH-509 Package-I,1309,0.0,0.0,29/03/2028,29/11/2028,0,2028-03-29,2028-11-29,0,NOT_YET_REVISED_COST
1302,Roads & Highways,Ministry of Road Transport & Highways,619118,Four Laning of Angul to Sambalpur from Km.112.000 to Km.265.000,2510,2632.91,1194.15,31/08/2019,30/05/2026,1,2019-08-31,2026-05-30,0,CLEAN
1303,Roads & Highways,Ministry of Road Transport & Highways,619131,Four Laning of Chettikulam to Natham section of NH-785,838,823.93,169.31,03/11/2020,30/06/2026,1,2020-11-03,2026-06-30,0,CLEAN
1304,Roads & Highways,Ministry of Road Transport & Highways,618874,Four Laning of Trichy - Dindigul from km. 333.00 to km. 421.273 of NH-45,1003,435.81,9.43,14/07/2010,31/05/2026,1,2010-07-14,2026-05-31,0,EXTREME_SCHEDULE_OUTLIER;EXTREME_COST_OVERRUN_OUTLIER
1305,Roads & Highways,Ministry of Road Transport & Highways,619145,Four Laning of Una to Kodinar from km. 180.478 to km. 221.610 Package-V,878,1126.66,630.51,08/08/2019,31/03/2025,1,2019-08-08,2025-03-31,0,CLEAN
1306,Roads & Highways,Ministry of Road Transport & Highways,619295,Four/Six laning of Bhaniyawala-Jollygrant-Rishikesh spur section of NH-07 from Km. 0.000 to Km 19.780,742,664.92,0.45,30/11/2027,30/11/2027,1,2027-11-30,2027-11-30,0,CLEAN
1307,Roads & Highways,Ministry of Road Transport & Highways,617961,Gaya-Hisua-Rajgir-Nalanda-Biharsharif section km0.00 to 92.935 NH-82,1409,2138.16,0.0,06/11/2019,31/07/2026,1,2019-11-06,2026-07-31,0,CLEAN
1308,Roads & Highways,Ministry of Road Transport & Highways,619096,Goa / Karnataka Km.93.700 to Kundapur Km.283.30,1645,1990.99,329.44,28/08/2016,31/07/2026,1,2016-08-28,2026-07-31,0,CLEAN
1309,Roads & Highways,Ministry of Road Transport & Highways,618580,Gohana - Sonipat PKG-2,1275,1957.44,734.08,24/07/2022,31/05/2026,1,2022-07-24,2026-05-31,0,CLEAN
1310,Roads & Highways,Ministry of Road Transport & Highways,618052,Gorantla - Hindupur section from Km 120/300 to 165/000 of NH716G in the State of Andhra Pradesh,809,0.0,0.0,17/08/2027,17/08/2027,0,2027-08-17,2027-08-17,0,NOT_YET_REVISED_COST
1311,Roads & Highways,Ministry of Road Transport & Highways,618737,Grade separated Interchanges at Km. 113.730 junction with Ranchi Hazaribagh Road & Km. 139.225 junction with Ranchi Jamshedpur road on 4L Ranchi Bypass of NH-33,304,5.58,3.16,25/12/2027,25/12/2027,1,2027-12-25,2027-12-25,0,EXTREME_COST_OVERRUN_OUTLIER
1312,Roads & Highways,Ministry of Road Transport & Highways,618551,Greenfield connectivity from Govindsar village on Delhi Amritsar Katra Expressway to Talwara village on NH-44 Pathankot by-pass,667,690.47,48.07,15/07/2027,15/07/2027,1,2027-07-15,2027-07-15,0,CLEAN
1313,Roads & Highways,Ministry of Road Transport & Highways,617984,"Gudivada Town 2 RoB, and Road improvement NH-165",317,0.0,0.0,21/05/2025,30/11/2026,0,2025-05-21,2026-11-30,0,NOT_YET_REVISED_COST
1314,Roads & Highways,Ministry of Road Transport & Highways,618097,Guhagar - Rampur - 2L-PS - km 0/00 Guhagar to 26/230 Rampur and 40/00 Mirjoli to 53/600 Sati on NH-166E,407,0.0,0.0,13/06/2019,31/08/2025,0,2019-06-13,2025-08-31,0,NOT_YET_REVISED_COST
1315,Roads & Highways,Ministry of Road Transport & Highways,618934,Guwahati Ring Road in the State of Assam,5729,0.0,3.15,22/01/2030,22/01/2030,0,2030-01-22,2030-01-22,0,NOT_YET_REVISED_COST
1316,Roads & Highways,Ministry of Road Transport & Highways,618951,Hariharganj to Parwa Mode section from km 23.284 to km 57.049 of NH-98,1126,1186.56,609.94,29/02/2024,30/06/2026,1,2024-02-29,2026-06-30,0,CLEAN
1317,Roads & Highways,Ministry of Road Transport & Highways,619117,Hassan km 184.912 to Maranahally km 230.060 of NH - 75 in Karnataka,1022,1091.4,697.83,07/03/2019,31/05/2026,1,2019-03-07,2026-05-31,0,CLEAN
1318,Roads & Highways,Ministry of Road Transport & Highways,619144,Hospet - Chitradurga from km. 299.00 to km. 418.750,1520,387.48,36.36,15/08/2018,30/06/2026,1,2018-08-15,2026-06-30,0,EXTREME_COST_OVERRUN_OUTLIER
1319,Roads & Highways,Ministry of Road Transport & Highways,618581,Hosur to Dhamrapuri Pkg-1 [Neraluru - Thorapalli Agraharam],1757,1828.66,927.75,24/10/2024,31/07/2026,1,2024-10-24,2026-07-31,0,CLEAN
1320,Roads & Highways,Ministry of Road Transport & Highways,618944,Hyderabad - Maneguda,959,1218.49,193.26,26/11/2026,26/05/2027,1,2026-11-26,2027-05-26,0,CLEAN
1321,Roads & Highways,Ministry of Road Transport & Highways,618663,i 4L Vidisha to Hinotiya from km 0.000 to Km 27.000 Vidisha Mehulwa-Talbehat Pkg-I Section of NH- 346 and ii 4L Vidisha to Morikori from Km 39.000 to 59.476 section of NH-146,1004,941.12,384.59,20/12/2025,30/05/2026,1,2025-12-20,2026-05-30,0,CLEAN
1322,Roads & Highways,Ministry of Road Transport & Highways,618928,"Improvement & Up-gradation of NH-734 Section of Moradabad-Thakurdwara Kashipur including Moradabad & Kashipur Bypasse Package-III Kashipur Bypass Length 14.490 Km., Starts from Ch. 38770 and ends at Ch. 53260 existing Ch. 05560",936,717.5,332.92,14/09/2025,31/12/2026,1,2025-09-14,2026-12-31,0,CLEAN
1323,Roads & Highways,Ministry of Road Transport & Highways,618350,Improvement & widening of existing NH-08 to 4-lane with Paved Shoulder from Champak Nagar to Khayerpur section design Km 242500 to Km 261610 in the state of Tripura on EPC basis under NHO-NE,921,0.0,0.0,28/09/2026,31/03/2027,0,2026-09-28,2027-03-31,0,NOT_YET_REVISED_COST
1324,Roads & Highways,Ministry of Road Transport & Highways,618586,Improvement and strengthening of existing 2 lane stretch to 2-Lane with PS 1.5m on both sides on Ghoti-Sinnar section of NH-160A using Thin White Topping 200mm thick in the State Of Maharashtra on EPC Mode,255,147.64,99.89,16/06/2026,15/06/2026,1,2026-06-16,2026-06-15,0,CLEAN
1325,Roads & Highways,Ministry of Road Transport & Highways,618251,"Improvement and Up gradation to four lane with Paved shoulder configuration from Existing Km 0000 to Km 39500 design km 0500 to Km 40342, Design length km of NH 227A near Mehrauna GhatUP Bihar Border to Siwan on the state of Bihar on Hybrid Annuity Model HAM basis",1661,0.0,0.0,05/03/2028,05/03/2028,0,2028-03-05,2028-03-05,0,NOT_YET_REVISED_COST
1326,Roads & Highways,Ministry of Road Transport & Highways,618855,"Improvement and Up-Gradation of Existing Road to 2/4L PS from Km 40.000 to 88.750, start of Khutar bypass to start of Shahjahanpur bypass of NH 731Pkg-I",839,838.68,560.48,02/02/2025,15/04/2026,1,2025-02-02,2026-04-15,0,CLEAN
1327,Roads & Highways,Ministry of Road Transport & Highways,618856,"Improvement and Up-Gradation of Existing Road to 4L PS from Km 123.650 to 175.080, from Start of Shahabad Bypass to End of Hardoi bypass of NH 731 Pkg-2B",1102,1212.26,346.55,19/11/2025,30/11/2026,1,2025-11-19,2026-11-30,0,CLEAN
1328,Roads & Highways,Ministry of Road Transport & Highways,618859,"Improvement and Up-Gradation of Existing Road to 4L PS from Km 229.070 to 260.800, End of Hardoi District to Lucknow Ring road of NH 731 Pkg-4",576,553.61,371.82,23/10/2024,31/05/2026,1,2024-10-23,2026-05-31,0,CLEAN
1329,Roads & Highways,Ministry of Road Transport & Highways,618858,"Improvement and Up-Gradation of Existing Road to 4L PS from Km 88.750 to 123.650, from Start of Shahjahanpur Bypass to start of Shahabad bypass of NH 731Pkg.-2A",955,955.34,269.0,18/01/2026,30/11/2026,1,2026-01-18,2026-11-30,0,CLEAN
1330,Roads & Highways,Ministry of Road Transport & Highways,618112,"Improvement and up-gradation of NH-227B 84 Kosi Parikrama Marg Package I, from km 228.920 Jagarnathpur to Km 235.960/0.000 MakhaudaDham to Km 29.000 Sarpur in the State of Uttar Pradesh on EPC basis",912,0.0,0.0,27/11/2026,27/11/2026,0,2026-11-27,2026-11-27,0,NOT_YET_REVISED_COST
1331,Roads & Highways,Ministry of Road Transport & Highways,618113,"Improvement and up-gradation of NH-227B 84 Kosi Parikrama Marg Package III, from Km.47.800 Gosaiganj to Km.73.300 Bikapur in the State of Uttar Pradesh on EPC basis.",588,0.0,37.42,18/11/2026,18/11/2026,0,2026-11-18,2026-11-18,0,NOT_YET_REVISED_COST
1332,Roads & Highways,Ministry of Road Transport & Highways,618114,"Improvement and up-gradation of NH-227B 84 Kosi Parikrama Marg PackageV, from Design Km.140.960 Patranga to Km.160.200 Bahuvan Madar Majha on EPC mode in the State of Uttar Pradesh",1192,0.0,0.0,10/08/2028,10/08/2028,0,2028-08-10,2028-08-10,0,NOT_YET_REVISED_COST
1333,Roads & Highways,Ministry of Road Transport & Highways,618162,"Improvement and up-gradation to 2LPS of NH-227B 84-Kosi Parikrama Marg PackageVI, Design Km 160200 Bahuvan Madar Majha to Km 224040 Jagarnathpur under HAM",2009,0.0,0.0,15/01/2028,15/01/2028,0,2028-01-15,2028-01-15,0,NOT_YET_REVISED_COST
1334,Roads & Highways,Ministry of Road Transport & Highways,618056,Improvement and Up-gradation to two Lane with Paved Shoulder Configuration from existing km. 420.00 Shohrathgarh to km. 454.00 Uska Bazar of NH-730 in the state of Uttar Pradesh EPC basis,510,484.42,98.47,14/09/2025,31/12/2026,1,2025-09-14,2026-12-31,0,CLEAN
1335,Roads & Highways,Ministry of Road Transport & Highways,618252,"Improvement and Up-gradation to two Lane with Paved Shoulder/Four Lane configuration from existing Km 130.000 to Km 191.000 design km 131.500 to Km 188.735, Design length 57.235 Km of NH-227A near Barhalganj to Mehrauna Ghat in the state of Uttar Pradesh on Hybrid Annuity Model HAM basis",974,1344.61,0.82,04/05/2027,03/05/2027,1,2027-05-04,2027-05-03,0,CLEAN
1336,Roads & Highways,Ministry of Road Transport & Highways,618110,Improvement and upgradation to two lane with Paved Shoulder configuration from existing km 55.00 to km 90.00 Design length 34.76 of NH-227A near Chhapia Village to near Sikriganj in the State of UP on EPC Mode.,307,0.0,125.88,02/05/2024,05/07/2025,0,2024-05-02,2025-07-05,0,NOT_YET_REVISED_COST
1337,Roads & Highways,Ministry of Road Transport & Highways,618111,Improvement and upgradation to two lane with paved shoulder configuration from existing km 90.00 to 130.00 Design length 39.15 of NH-227A near Sikriganj to Barhalganj in the State of UP on EPC Mode.,403,345.34,0.0,10/06/2025,31/05/2026,1,2025-06-10,2026-05-31,0,CLEAN
1338,Roads & Highways,Ministry of Road Transport & Highways,618294,Improvement and Widening of National Highway No. 127B Darugiri - Songsak - Williamnagar Junction Section to two lane with paved shoulder from design Km 0000 to Km 36635 Design length 36.635 Km existing Km 112000 to Km 151060 of NH-1278 under Bharatmala Pariyojana Lot-1 Pkg-1B Meghalaya portion,801,0.0,64.53,26/09/2027,26/09/2027,0,2027-09-26,2027-09-26,0,NOT_YET_REVISED_COST
1339,Roads & Highways,Ministry of Road Transport & Highways,618368,Improvement and Widening to 2-lane with paved shoulder of road from design Km 36.000 Rangamati to design Km 72.000 Pati Chhari Total length 36.000 Km on Teliamura to Harina section of NH 208 in the state of Tripura on EPC mode under JICA ODA Loan Phase VI Package-3,671,0.0,0.0,02/09/2026,02/09/2026,0,2026-09-02,2026-09-02,0,NOT_YET_REVISED_COST
1340,Roads & Highways,Ministry of Road Transport & Highways,618367,Improvement and Widening to 2-lane with paved shoulder of road from design Km 72.000 Pati Chhari to design Km 107.654 Harina Total length 35.654 Km on Teliamura to Harina section of NH 208 in the state of Tripura on EPC mode under JICA ODA Loan Phase VI Package-4,727,0.0,194.74,20/12/2026,20/12/2026,0,2026-12-20,2026-12-20,0,NOT_YET_REVISED_COST
1341,Roads & Highways,Ministry of Road Transport & Highways,618369,Improvement and Widening to 2-lane with paved shoulder of road from existing Km 438.170 Khowai Chowmuhani to existing Km 439.410 South Pulinpur of NH-08 and from design Km 0.000 South Pulinpur to design Km 36.00 near Rangamati of NH 208 on Khowai Teliamura- Harina section Total length 37.24 in the state of Tripura on EPC mode under JICA ODA Loan Phase VI Package-2,657,0.0,0.0,02/09/2026,02/09/2026,0,2026-09-02,2026-09-02,0,NOT_YET_REVISED_COST
1342,Roads & Highways,Ministry of Road Transport & Highways,618370,Improvement and Widening to 2-lane with paved shoulder of road from Km 101.300 to km 127.319 Total Length 26.019 Km i.e. the Khowai Teliamura-Amarpur-Harina-Sabroom section of NH 208 in the state of Tripura on EPC under JICA ODA Loan Phase VI Package-1,432,0.0,0.0,17/07/2026,18/12/2026,0,2026-07-17,2026-12-18,0,NOT_YET_REVISED_COST
1343,Roads & Highways,Ministry of Road Transport & Highways,618076,Improvement and Widening two lannig with paved Shoulder of NH 127B from km 31.500 Goeragre to km 63.224 Package-II in state of Meghalaya,504,350.67,0.0,15/05/2027,,1,2027-05-15,,1,MISSING_REVISED_DATE
1344,Roads & Highways,Ministry of Road Transport & Highways,618806,Improvement of 4L road to 6L road and 4L dedicated Port Roads for the Port connectivity road from Convent junction to Sheelanagar Junction,686,680.21,460.16,13/02/2026,30/06/2026,1,2026-02-13,2026-06-30,0,CLEAN
1345,Roads & Highways,Ministry of Road Transport & Highways,618416,"Improvement of existing road to 2 laning with Hard Shoulders of Maram -Peren section Package-1A, length- 22.340Km from Design Chainage 0.000 km to 22.340 km on NH-129A in the State of Manipur on EPC mode",226,0.0,179.09,22/12/2022,31/07/2026,0,2022-12-22,2026-07-31,0,NOT_YET_REVISED_COST
1346,Roads & Highways,Ministry of Road Transport & Highways,618415,"Improvement of existing road to 2 laning with Hard Shoulders of Maram-Peren section Package-1B, length- 17.660 km from Design Chainage 22.340 km to 40.000 km on NH-129A in the State of Manipur on EPC mode",188,0.0,0.0,22/12/2022,06/03/2026,0,2022-12-22,2026-03-06,0,NOT_YET_REVISED_COST
1347,Roads & Highways,Ministry of Road Transport & Highways,618558,Improvement of Geometrics of Kalkallu to Gundla Pochanpalli from Km 454.00 to Km 471.00 of NH-44,955,903.17,427.43,22/01/2025,30/07/2026,1,2025-01-22,2026-07-30,0,CLEAN
1348,Roads & Highways,Ministry of Road Transport & Highways,618560,Improvement of Geometrics of Thondupally to Kothur from Km 22.300 to Km 34.14 of NH-44,542,527.43,72.23,16/09/2024,,1,2024-09-16,,1,MISSING_REVISED_DATE
1349,Roads & Highways,Ministry of Road Transport & Highways,618073,Improvement to Two lane with Paved Shoulder from Junction of NH22 near Hajipur to Junction of NH -122 at Bachhwara via Mahnar and Mohiuddin Nagar from Km 0.00 to Km 29.730 of NH 122 B in the State of Bihar.,226,0.0,0.0,28/02/2026,31/12/2026,0,2026-02-28,2026-12-31,0,NOT_YET_REVISED_COST
1350,Roads & Highways,Ministry of Road Transport & Highways,618080,Improvement to two lane with paved shoulders of BH WB Border Amdabad Manihari section from design Km 0.000 to Km 23.945 of NH 131 A Total length 23.945 Km under EPC mode in the state of Bihar,353,0.0,0.0,26/03/2026,,0,2026-03-26,,1,NOT_YET_REVISED_COST;MISSING_REVISED_DATE
1351,Roads & Highways,Ministry of Road Transport & Highways,618121,Improvement to two lane with paved shoulders of NH-319A from km 0 to km 45 in state of Bihar under EPC mode,427,0.0,178.43,19/12/2024,26/07/2026,0,2024-12-19,2026-07-26,0,NOT_YET_REVISED_COST
1352,Roads & Highways,Ministry of Road Transport & Highways,618211,Improvement/construction of 2-lane with paved shoulder of Askote Llipulekh road from Tawaghat village to Budhi village design km. 56935 to km 95748 and from end of Tunnel portal to Kali Mandir design km 113828 to km. 133078 [total design length 58.063 km] under project Hirak of BRO in the state of Uttarakhand under Bharatmala Pariyojna on EPC Mode,650,0.0,0.0,24/11/2026,24/11/2026,0,2026-11-24,2026-11-24,0,NOT_YET_REVISED_COST
1353,Roads & Highways,Ministry of Road Transport & Highways,618216,"Improvement/construction of existing CL-5 Road to NH Intermediate lane specification with hard shoulder from Km 133.000 to 166.000 net Length 33.000 kms of NH-505 Sumdo-Kaza-Gramphoo road in the state of Himachal Pradesh on EPC mode under project Deepak, BRO",231,203.15,15.16,30/06/2026,30/09/2027,1,2026-06-30,2027-09-30,0,CLEAN
1354,Roads & Highways,Ministry of Road Transport & Highways,618215,"Improvement/construction of existing CL-5 Road to NH Intermediate lane specification with hard shoulder from Km 166.000 to 203.77 net Length 37.770 kms of NH-505 Sumdo-Kaza-Gramphoo road in the state of Himachal Pradesh on EPC mode under project Deepak, BRO",274,194.0,0.0,09/06/2027,09/06/2027,1,2027-06-09,2027-06-09,0,CLEAN
1355,Roads & Highways,Ministry of Road Transport & Highways,618217,Improvement/construction of existing Class-5 Road to NH Intermediate lane specification with hard shoulder from existing Km 76/340 to 134/940 Design chainage from Km 76/300 to 133/000 net Length 56.700 kms of NH-505 Sumdo-Kaza-Gramphoo road in the state of Himachal Pradesh Package I,315,244.15,76.97,11/05/2026,31/08/2027,1,2026-05-11,2027-08-31,0,CLEAN
1356,Roads & Highways,Ministry of Road Transport & Highways,618299,Improvement/Up-gradation of existing 2-Lane Road to 4-Lane Divided Highway from Daili to Kuraopokpi section of Imphal-Kohima road NH-02 Design Chainage from Km 274610 to Km 287000 in the state of Manipur on EPC mode Pkg-4B,269,0.0,0.0,05/06/2026,05/06/2026,0,2026-06-05,2026-06-05,0,NOT_YET_REVISED_COST
1357,Roads & Highways,Ministry of Road Transport & Highways,618300,Improvement/Up-gradation of existing 2-Lane Road to 4-Lane Divided Highway from Taphukuki to Daili section of Imphal-Kohima road NH-02 Design Chainage from Km 262175 to Km 274610 in the state of Manipur on EPC mode Pkg-4A,379,0.0,301.89,18/04/2022,31/08/2026,0,2022-04-18,2026-08-31,0,NOT_YET_REVISED_COST
1358,Roads & Highways,Ministry of Road Transport & Highways,618295,Improvement/Widening of New NH-217 Dainadubi-Darugiri section to Two lane with paved shoulder in Meghalaya from design Km 0000 to Km 40840 existing Km 8600 to Km 53000 of Old NH-62 under BMP Lot-1 Pkg-1B Meghalaya portion,706,0.0,0.0,20/03/2027,19/03/2027,0,2027-03-20,2027-03-19,0,NOT_YET_REVISED_COST
1359,Roads & Highways,Ministry of Road Transport & Highways,618374,Improvement/Widening to 2-L with Paved Shoulder/ 4-Laning of NH-40 section from Km 151330 to Km 163400 design Km 63.530 to Km 71.520 including Dawki Bridge of length 368 m between Shillong-Dawki under JICA ODA Loan assistance Phase-II Pkg-5 -Balance work,284,0.0,0.0,13/11/2026,13/11/2026,0,2026-11-13,2026-11-13,0,NOT_YET_REVISED_COST
1360,Roads & Highways,Ministry of Road Transport & Highways,618377,Improvement/Widening to 2-L with Paved Shoulder/4-L from Km 81740 to Km 93490 design Km 0000 to Km 10670 of NH-40 New NH-106 & 206 section & 4-L from design Km 0.00 to Km 0.930 of NH-44 section between Shillong-Dawki under JICA ODA Loan assistance Phase-II -Balance Work Pkg-1,351,0.0,0.0,22/10/2025,15/05/2026,0,2025-10-22,2026-05-15,0,NOT_YET_REVISED_COST
1361,Roads & Highways,Ministry of Road Transport & Highways,618376,Improvement/Widening to 2-Lane with Paved Shoulder between Shillong-Dawki road up to Bangladesh Border from design Km 10.670 to Km 37.550 under JICA ODA Loan assistance Phase-II -Balance Work-Pkg-2,526,0.0,0.0,07/08/2026,31/12/2026,0,2026-08-07,2026-12-31,0,NOT_YET_REVISED_COST
1362,Roads & Highways,Ministry of Road Transport & Highways,618375,Improvement/Widening to 2-Lane with Paved Shoulder from design Km 45.760 to Km 63.530 between Shillong-Dawki under JICA ODA Loan assistance Phase-II -Balance work Pkg-4,446,0.0,42.32,19/04/2026,31/10/2026,0,2026-04-19,2026-10-31,0,NOT_YET_REVISED_COST
1363,Roads & Highways,Ministry of Road Transport & Highways,618561,Improving the Alignment of Thoppur Ghat Section from Km 158.500 to Km 165.100 in Dharmapuri - Salem Section of NH-44,905,731.09,165.29,20/03/2028,20/03/2028,1,2028-03-20,2028-03-20,0,CLEAN
1364,Roads & Highways,Ministry of Road Transport & Highways,618621,Indore - Edlabad Pkg-II [Tejajinagar to Balwara],1163,1530.82,527.99,15/01/2025,31/10/2026,1,2025-01-15,2026-10-31,0,CLEAN
1365,Roads & Highways,Ministry of Road Transport & Highways,618625,Indore - Gujarat / MP Border from km. Km 9.500 to Km 171.000 of NH-59 in MP,1175,217.22,14.04,14/02/2013,31/05/2026,1,2013-02-14,2026-05-31,0,EXTREME_SCHEDULE_OUTLIER;EXTREME_COST_OVERRUN_OUTLIER
1366,Roads & Highways,Ministry of Road Transport & Highways,618694,Indore - Harda Pkg-I [Indore to Raghav Garh from km. 0.25 to km. 26.903],1011,813.03,416.8,31/10/2024,30/06/2026,1,2024-10-31,2026-06-30,0,CLEAN
1367,Roads & Highways,Ministry of Road Transport & Highways,619114,Indore - Harda Pkg-II [Raghavgarh to Nanasa from km. 29.30 to km. 92.30],1082,1146.63,356.17,14/03/2026,31/12/2026,1,2026-03-14,2026-12-31,0,CLEAN
1368,Roads & Highways,Ministry of Road Transport & Highways,618695,Indore - Harda Pkg-III [Nanasa to Pidgaon Section from km 95.000 to km 142.445],1146,1240.64,626.01,06/10/2023,31/05/2026,1,2023-10-06,2026-05-31,0,CLEAN
1369,Roads & Highways,Ministry of Road Transport & Highways,618762,Itarsi Km. 63.000 to Betul Km. 137.000 of NH-69 in Madhya Pradesh,950,788.33,397.17,21/02/2020,31/05/2026,1,2020-02-21,2026-05-31,0,CLEAN
1370,Roads & Highways,Ministry of Road Transport & Highways,618936,Jagadhari - Tajewala from Km -0.175 to 32.337 km of NH-344,1270,919.43,679.31,06/02/2025,31/05/2027,1,2025-02-06,2027-05-31,0,CLEAN
1371,Roads & Highways,Ministry of Road Transport & Highways,618407,Jammu-Akhnoor Road Pkg-I,245,0.0,82.06,09/01/2025,30/06/2026,0,2025-01-09,2026-06-30,0,NOT_YET_REVISED_COST
1372,Roads & Highways,Ministry of Road Transport & Highways,618007,Jaynagar-Narahia Section km 156.500 to km 219.945 Lot-III,553,706.39,0.0,11/11/2018,30/06/2026,1,2018-11-11,2026-06-30,0,CLEAN
1373,Roads & Highways,Ministry of Road Transport & Highways,619208,Kadambattukonam-Kazhakuttom,3636,3526.33,573.31,18/01/2025,31/12/2026,1,2025-01-18,2026-12-31,0,CLEAN
1374,Roads & Highways,Ministry of Road Transport & Highways,619146,Kagvadar - Una Package-IV,751,955.78,363.41,16/09/2019,10/05/2026,1,2019-09-16,2026-05-10,0,CLEAN
1375,Roads & Highways,Ministry of Road Transport & Highways,618899,Kallagam km.38.700 to Meensurutti Km.98.433 of NH-227 in Tamil Nadu,1499,1499.12,682.68,22/04/2021,31/05/2026,1,2021-04-22,2026-05-31,0,CLEAN
1376,Roads & Highways,Ministry of Road Transport & Highways,618895,Kamalapuram to Oddanchatram from km. 0.00 to km. 35.822,1319,1319.42,417.69,20/01/2023,31/07/2026,1,2023-01-20,2026-07-31,0,CLEAN
1377,Roads & Highways,Ministry of Road Transport & Highways,617948,Kante - Wakad section of NH-66 4L PS from Km.281/300 to 332/200,1118,2020.56,287.96,12/11/2019,30/11/2025,1,2019-11-12,2025-11-30,0,CLEAN
1378,Roads & Highways,Ministry of Road Transport & Highways,618521,Karaipettai to Walajapet from Km 71.015 to 107.091,767,766.51,439.37,09/02/2021,31/05/2026,1,2021-02-09,2026-05-31,0,CLEAN
1379,Roads & Highways,Ministry of Road Transport & Highways,618408,Kargil Zanskar Road,398,0.0,282.19,02/01/2023,15/07/2026,0,2023-01-02,2026-07-15,0,NOT_YET_REVISED_COST
1380,Roads & Highways,Ministry of Road Transport & Highways,619201,Karnal ring road Lot-4/Pkg-1,1741,2041.54,461.25,30/08/2025,31/10/2026,1,2025-08-30,2026-10-31,0,CLEAN
1381,Roads & Highways,Ministry of Road Transport & Highways,617944,Kashedi ghat tunnel NH-66 [Bhogaon Khurd - Kashedi section] 4 lanes under NHDP on EPC mode,680,701.46,0.0,14/04/2021,14/04/2021,1,2021-04-14,2021-04-14,0,CLEAN
1382,Roads & Highways,Ministry of Road Transport & Highways,617946,Kashedi to Parshuram Ghat section of NH-66 from Km 161/600 - Km 205/400 - 4L PS,1143,0.0,0.0,02/02/2020,31/12/2025,0,2020-02-02,2025-12-31,0,NOT_YET_REVISED_COST
1383,Roads & Highways,Ministry of Road Transport & Highways,618746,Khammam-Devarapalle Pkg I [4L Access Controlled Greenfield from Thallampadu village to Somavaram village Design Chainage 0000 to 33604],797,1337.18,635.3,30/10/2024,07/10/2026,1,2024-10-30,2026-10-07,0,CLEAN
1384,Roads & Highways,Ministry of Road Transport & Highways,619128,Khammam-Devarapalle Pkg II [4L Access Controlled Greenfield from Somavaram village to Chintagudem village Design Chainage 33604 to 63117],616,981.64,431.67,12/09/2024,30/05/2026,1,2024-09-12,2026-05-30,0,CLEAN
1385,Roads & Highways,Ministry of Road Transport & Highways,618747,Khammam-Devarapalle Pkg III [4L Access Controlled Greenfield from Chintagudem village to Recherla village Design Chainage 63117 to 105236],830,1227.07,518.85,26/09/2024,30/05/2026,1,2024-09-26,2026-05-30,0,CLEAN
1386,Roads & Highways,Ministry of Road Transport & Highways,618748,Khammam-Devarapalle Pkg IV [4L Access Controlled Greenfield from Recherla village to Gurvaygudem village Design Chainage 105236 to 132664],569,752.02,355.88,25/09/2024,31/05/2025,1,2024-09-25,2025-05-31,0,CLEAN
1387,Roads & Highways,Ministry of Road Transport & Highways,618749,Khammam-Devarapalle Pkg V [4L Access Controlled Greenfield from Gurvaygudem village to Devarapalle village Design Chainage 132664 to 162126,712,926.48,422.97,25/09/2024,30/06/2026,1,2024-09-25,2026-06-30,0,CLEAN
1388,Roads & Highways,Ministry of Road Transport & Highways,618833,Kodinar - Veraval Package VI from km. 221.610 to km. 263.00 of NH-8E & km. 120.900 to km. 121.150 of NH-8D,894,1127.42,457.05,30/07/2020,10/05/2026,1,2020-07-30,2026-05-10,0,CLEAN
1389,Roads & Highways,Ministry of Road Transport & Highways,618101,Kondamodu to Perecherla Section Design Ch. Km 000 to Km 49917 of NH-167AG to to 4LPS,882,0.0,0.0,19/04/2027,19/04/2027,0,2027-04-19,2027-04-19,0,NOT_YET_REVISED_COST
1390,Roads & Highways,Ministry of Road Transport & Highways,617965,Kopargaon to Savali Vihir section,195,0.0,0.0,13/07/2024,30/06/2026,0,2024-07-13,2026-06-30,0,NOT_YET_REVISED_COST
1391,Roads & Highways,Ministry of Road Transport & Highways,618607,Kottankulangara- Start of Kollam Bypass,2842,3680.49,895.86,07/10/2024,31/03/2027,1,2024-10-07,2027-03-31,0,CLEAN
1392,Roads & Highways,Ministry of Road Transport & Highways,619098,Kozhikode Bypass Calicut Bypass Vengalam Jn. to Ramanattukara Jn.,1425,2139.18,1048.92,21/02/2023,12/05/2026,1,2023-02-21,2026-05-12,0,CLEAN
1393,Roads & Highways,Ministry of Road Transport & Highways,617986,Kurnool/Kadapa Border-Jammalamadugu section of NH-167K i.e. Design Ch. Km 248010 to km 269900 to 2,293,0.0,0.0,17/12/2026,17/12/2026,0,2026-12-17,2026-12-17,0,NOT_YET_REVISED_COST
1394,Roads & Highways,Ministry of Road Transport & Highways,617888,Landslide treatment work on NH 58 from Kodiyala Km. 266.130 to Devprayag Km. 296.925 10 location under EPC mode in the State of Uttarakhand on EPC Mode,193,0.0,0.0,11/02/2025,23/06/2026,0,2025-02-11,2026-06-23,0,NOT_YET_REVISED_COST
1395,Roads & Highways,Ministry of Road Transport & Highways,618116,lmprovement and Up-gradation from Km. 73.300 Bikapur to Km.140.960 Patranga of NH-227B 84 Kosi Parikrama Marg to 2LPS along with Parikrama Path,1680,0.0,66.99,27/01/2028,27/01/2028,0,2028-01-27,2028-01-27,0,NOT_YET_REVISED_COST
1396,Roads & Highways,Ministry of Road Transport & Highways,619014,"lmprovement and Widening to 2 lane with paved Shoulder of NH-15 old NH-52 from Existing Km 770.600 Design Km 24.819 to Existing km 805.750 Design Km 59.885 Kamlang T-Junction to Chowkham, Existing Length 35.150 Km, Design Length-35.066 Km in the state of Arunachal Pradesh on EPC mode Pkg-2",317,0.0,0.0,27/02/2028,,0,2028-02-27,,1,NOT_YET_REVISED_COST;MISSING_REVISED_DATE
1397,Roads & Highways,Ministry of Road Transport & Highways,618331,lmprovement to 4-Lane with Paved Shoulder from existing km 260000 Design Ch.4560 km to existing km Ch.233000 D. Ch.24560 of Silchar near Nutan Dayapur village - Budha Nagar Section Length-20.00 Km of NH-37 under Package Silchar-Jiribam Pkg-1 in the state of Assam on HAM Mode,958,0.0,149.51,15/01/2028,15/01/2028,0,2028-01-15,2028-01-15,0,NOT_YET_REVISED_COST
1398,Roads & Highways,Ministry of Road Transport & Highways,618653,Loha-Waranga Section of NH-361 from km 187.800 to km 244.369,1236,3466.58,899.6,24/03/2021,31/03/2027,1,2021-03-24,2027-03-31,0,CLEAN
1399,Roads & Highways,Ministry of Road Transport & Highways,619129,Mahabalipuram - Pondicherry Pkg-I [Mamallapuram to Mugaiyur],1361,1477.94,575.41,10/05/2024,31/12/2026,1,2024-05-10,2026-12-31,0,CLEAN
1400,Roads & Highways,Ministry of Road Transport & Highways,619130,Mahabalipuram - Pondicherry Pkg-II [Mugaiyur to Marakkanam],1116,1463.75,531.32,05/12/2025,28/02/2027,1,2025-12-05,2027-02-28,0,CLEAN
1401,Roads & Highways,Ministry of Road Transport & Highways,618903,Maheshkunt -Saharsa-Purnea Pkg II,1028,1244.09,831.69,11/12/2020,30/09/2026,1,2020-12-11,2026-09-30,0,CLEAN
1402,Roads & Highways,Ministry of Road Transport & Highways,618902,Maheshkunt-Saharsa-Purnea Pkg I km 0.00 to km. 90.00 of NH-107,662,1311.22,933.08,19/12/2021,30/09/2026,1,2021-12-19,2026-09-30,0,EXPENDITURE_EXCEEDS_ORIGINAL
1403,Roads & Highways,Ministry of Road Transport & Highways,618624,Mangloor to Telangana Maharashtra Border,1083,1323.12,180.13,10/04/2021,12/03/2021,1,2021-04-10,2021-03-12,0,CLEAN
1404,Roads & Highways,Ministry of Road Transport & Highways,618797,Mayjilar Jaisalmer with Jaisalmer Bypass Link Road Section of NH-11 Part of BM-7 & Sundra Myajilar Ambsingh ki Dhani Road part of Munabao Tanot project NH-70,1238,927.02,0.54,18/12/2027,18/12/2027,1,2027-12-18,2027-12-18,0,CLEAN
1405,Roads & Highways,Ministry of Road Transport & Highways,618411,Melaghar-Srimantapur section on NH-08 Spur from Km 23 to Km 34.500 11.5 Km and overlay from Km 20.30 to Km 22.00 1.7 Km Total Length 13.2 Km,196,0.0,86.26,27/11/2024,30/06/2026,0,2024-11-27,2026-06-30,0,NOT_YET_REVISED_COST
1406,Roads & Highways,Ministry of Road Transport & Highways,618756,Melur - Pilayarpatti - Karaikudi from km 99.920 of NH 38 to km 12.9 of NH 383 Ext.,1104,1085.41,774.36,15/03/2022,15/07/2026,1,2022-03-15,2026-07-15,0,CLEAN
1407,Roads & Highways,Ministry of Road Transport & Highways,618152,Mhaswad to Tembhurni section of NH-548C - 2L PS,489,0.0,0.0,31/07/2019,31/12/2025,0,2019-07-31,2025-12-31,0,NOT_YET_REVISED_COST
1408,Roads & Highways,Ministry of Road Transport & Highways,618764,Moga - Bagha Purana - Bajakhana from km. 0.00 to km. 43.32,1033,1264.17,663.72,30/12/2024,31/05/2026,1,2024-12-30,2026-05-31,0,CLEAN
1409,Roads & Highways,Ministry of Road Transport & Highways,618053,Muddanur to B. Kothapalli section of NH-716G from Km. 0/000 to Km. 56/500 56.500 Km in the State of Andhra Pradesh on EPC mode Job no. 741,1020,0.0,0.0,10/08/2027,10/08/2027,0,2027-08-10,2027-08-10,0,NOT_YET_REVISED_COST
1410,Roads & Highways,Ministry of Road Transport & Highways,619320,Muzaffarpur - Sonbarsa Section of NH-77 from km 2.800 to km 89.000,2291,2311.1,468.71,25/11/2013,30/06/2026,1,2013-11-25,2026-06-30,0,EXTREME_SCHEDULE_OUTLIER
1411,Roads & Highways,Ministry of Road Transport & Highways,618629,Nandigama Bypass and Kanchikacherla bypass,416,444.58,110.65,04/06/2019,31/05/2026,1,2019-06-04,2026-05-31,0,CLEAN
1412,Roads & Highways,Ministry of Road Transport & Highways,618088,Nandurshingote to Kolhar,326,0.0,9.87,19/12/2026,19/12/2026,0,2026-12-19,2026-12-19,0,NOT_YET_REVISED_COST
1413,Roads & Highways,Ministry of Road Transport & Highways,617987,Nandyala-Kurnool/Kadapa Border section of NH-167K i.e. Km 186/000 to Km 250/000Design Ch.186000 to 248010 to 2LPS,692,0.0,0.0,04/09/2027,04/09/2027,0,2027-09-04,2027-09-04,0,NOT_YET_REVISED_COST
1414,Roads & Highways,Ministry of Road Transport & Highways,617934,Nasratpur to Barasgaon section of NH-61 2L / 4L PS from Km.514/00 to 558/200,407,0.0,0.0,07/09/2019,30/06/2026,0,2019-09-07,2026-06-30,0,NOT_YET_REVISED_COST
1415,Roads & Highways,Ministry of Road Transport & Highways,618850,Nerchowk km 190.000 to Pandoh including Pandoh bypass km221.305,1464,1651.67,848.66,11/07/2020,31/05/2026,1,2020-07-11,2026-05-31,0,CLEAN
1416,Roads & Highways,Ministry of Road Transport & Highways,617898,New construction of Major Bridge with Approaches from Km 0.000 to 1.200 Madhopur -Badabanta section of NH-20 under NHO in Annual Plan 2022-23 in the State of Odisha,200,0.0,0.1,09/10/2027,09/10/2027,0,2027-10-09,2027-10-09,0,NOT_YET_REVISED_COST
1417,Roads & Highways,Ministry of Road Transport & Highways,619120,Nidagatta-Mysore Pkg II,2920,4113.89,2279.05,07/06/2022,30/06/2026,1,2022-06-07,2026-06-30,0,CLEAN
1418,Roads & Highways,Ministry of Road Transport & Highways,618688,Outer Ring Road of Jabalpur Town from Amjhar Road including Airport Connectivity to barela Pkg-V,795,539.9,69.33,11/10/2027,11/10/2027,1,2027-10-11,2027-10-11,0,CLEAN
1419,Roads & Highways,Ministry of Road Transport & Highways,618687,Outer Ring Road of Jabalpur Town from Barela to Manegaon Pkg-1,652,651.88,468.6,05/03/2025,15/05/2026,1,2025-03-05,2026-05-15,0,CLEAN
1420,Roads & Highways,Ministry of Road Transport & Highways,618686,Outer Ring Road of Jabalpur Town from Kushner to Amjhar Road including Airport Connectivity Pkg-IV,613,509.82,327.15,05/03/2026,15/06/2026,1,2026-03-05,2026-06-15,0,CLEAN
1421,Roads & Highways,Ministry of Road Transport & Highways,618684,Outer Ring Road of Jabalpur Town from Manegaon to NH-45 Pkg-2,917,786.47,492.01,07/03/2026,31/10/2026,1,2026-03-07,2026-10-31,0,CLEAN
1422,Roads & Highways,Ministry of Road Transport & Highways,618685,Outer Ring Road of Jabalpur Town from NH45 to Kushner Pkg-3,911,773.23,495.48,04/03/2026,15/05/2026,1,2026-03-04,2026-05-15,0,CLEAN
1423,Roads & Highways,Ministry of Road Transport & Highways,618172,Paithan - Shirur section 2LPS Km 0.0 to 55.00,342,0.0,0.0,02/06/2019,31/05/2026,0,2019-06-02,2026-05-31,0,NOT_YET_REVISED_COST
1424,Roads & Highways,Ministry of Road Transport & Highways,618177,Pal Phata Phulambri - Khultabad 2LPS,227,0.0,0.0,29/12/2019,31/12/2025,0,2019-12-29,2025-12-31,0,NOT_YET_REVISED_COST
1425,Roads & Highways,Ministry of Road Transport & Highways,618851,Pandoh bypass 221.305 to Takoli 242.000 of NH-21 in the state of Himachal Pradesh,3420,4465.94,1923.0,23/09/2021,16/06/2026,1,2021-09-23,2026-06-16,0,CLEAN
1426,Roads & Highways,Ministry of Road Transport & Highways,618606,Paravoor-Kottankulangara,3274,3200.24,1226.55,23/02/2025,31/03/2027,1,2025-02-23,2027-03-31,0,CLEAN
1427,Roads & Highways,Ministry of Road Transport & Highways,618094,Pen to Khopoli 2LPS,369,0.0,323.75,21/12/2019,31/12/2025,0,2019-12-21,2025-12-31,0,NOT_YET_REVISED_COST
1428,Roads & Highways,Ministry of Road Transport & Highways,618571,Permanent rectification of 3 nos. of black spots in project Highway NH-27 of U.P border - Dewapur - Kotwa section from Km.360.915 to km.440.000 Total Length of 79.085 Km of NH-27& Permanent rectification of 5 nos. of black spots of project Highway NH-27 of Kotwa - Mehsi - Muzaffarpur Section from km.440.000 to km.520.000 Total length 80.00Km,227,321.23,224.1,11/12/2025,27/07/2026,1,2025-12-11,2026-07-27,0,CLEAN
1429,Roads & Highways,Ministry of Road Transport & Highways,618699,Pipli Bhavnagar-Package 1 from km 136.025 to km 169.328,819,1297.38,188.7,03/09/2021,,1,2021-09-03,,1,MISSING_REVISED_DATE
1430,Roads & Highways,Ministry of Road Transport & Highways,618846,Poondiyankuppam Km.67.000 to Sattanathapuram Km.123.800,2566,2319.35,1084.43,19/01/2024,30/06/2026,1,2024-01-19,2026-06-30,0,CLEAN
1431,Roads & Highways,Ministry of Road Transport & Highways,618074,Pre construction activity of NH 122B from km 0 to 72.348 and Improvement to two lane with paved shoulders of NH 122B from km 29.730 to km 72.348 in state of Bihar under EPC mode,624,0.0,153.21,11/11/2024,30/06/2026,0,2024-11-11,2026-06-30,0,NOT_YET_REVISED_COST
1432,Roads & Highways,Ministry of Road Transport & Highways,618126,"Pre-Construction activities from Km 134.000 to Km 190.233 of NH-333A and Construction of 4 no. of Bypasses at Katoria, Lakhpura, Banka & Panjwara total length-14.359 Km to two lane with paved shoulders standard in State of Bihar.",479,0.0,0.0,08/12/2026,08/12/2026,0,2026-12-08,2026-12-08,0,NOT_YET_REVISED_COST
1433,Roads & Highways,Ministry of Road Transport & Highways,618845,Puducherry Km.29.000 to Poondiyankuppam Km.67.000,1588,1415.9,405.48,14/11/2023,30/06/2026,1,2023-11-14,2026-06-30,0,CLEAN
1434,Roads & Highways,Ministry of Road Transport & Highways,618180,Pune raigarh District Border To Mangaon Ch 69000 to 103775 NH-753F,223,0.0,0.0,30/12/2019,30/06/2024,0,2019-12-30,2024-06-30,0,NOT_YET_REVISED_COST
1435,Roads & Highways,Ministry of Road Transport & Highways,618428,Realignment of NH-717A from Design Ch.0.00 Km 77.800 of NH-10 to Design Ch.2.00 Km 3.100 of NH-717A with two lane paved shoulder including Major Bridge of 680 m in the State of Sikkim on EPC Mode-COS work,265,380.94,61.11,10/04/2023,15/05/2026,1,2023-04-10,2026-05-15,0,CLEAN
1436,Roads & Highways,Ministry of Road Transport & Highways,618220,Reconstruction and widening to 2 lane with paved shoulder from existing chainage km 102000 to km 134950 Design chainage km 90150 to km 116980 including construction of Naushera Tunnel Total length of tunnel 0.700 km under 31 TF on Akhnoor-Poonch road NH-144A in the UT of Jammu & Kashmir under Project Sampark BRO on EPC mode Package-V Job no NH-144A-J&K-2020-21-104,642,572.51,0.0,18/07/2024,31/03/2026,1,2024-07-18,2026-03-31,0,CLEAN
1437,Roads & Highways,Ministry of Road Transport & Highways,617970,Reconstruction of existing 2 L/IL to 2L with paved shoulder from existing km 52.200 to 92.880 of NH-,282,0.0,166.13,18/06/2019,20/10/2023,0,2019-06-18,2023-10-20,0,NOT_YET_REVISED_COST
1438,Roads & Highways,Ministry of Road Transport & Highways,618025,Rehabiitation and upgradation from km 121/000 to 154/000 Nakrekal to Mallampally section of NH-365 to 2 lane with paved shoulders in the state of Telangana in the EPC mode,193,0.0,141.81,08/12/2019,31/05/2026,0,2019-12-08,2026-05-31,0,NOT_YET_REVISED_COST
1439,Roads & Highways,Ministry of Road Transport & Highways,618099,"Rehabilitation & up-gradation for Talere Gaganbawada - kolhapur Road NH 166G stretch start from km. 0/00 to Km. 06/00 and km. 13/00 to km 19/440 of NH-166G, length 12.440 km in the State of Maharashtra.",164,0.0,98.68,11/04/2026,11/04/2026,0,2026-04-11,2026-04-11,0,NOT_YET_REVISED_COST
1440,Roads & Highways,Ministry of Road Transport & Highways,618067,"Rehabilitation & Up-gradation from design Km. 0.000 to Km. 69.280 of NH-931 Pratapgarh - Amethi - Gauriganj -Musafirkhana to two lane with paved shoulder on Engineering, Procurement & Construction EpC mode in the State of Uttar Pradesh",1086,0.0,0.0,09/11/2027,09/11/2027,0,2027-11-09,2027-11-09,0,NOT_YET_REVISED_COST
1441,Roads & Highways,Ministry of Road Transport & Highways,618089,Rehabilitation & Up-gradation of Mudkhed to Nanded section from Km. 372000 to Km 388400 of NH 161A i.e. Nanded-Bhokar-Himayatnagar-Kinwat-Mahur-Arani Road Design chainage from Km 372000 Mudkhed to Km 387650 Nanded of NH 161A Length 15.65 Km to 2/4Lane with paved shoulders configuration in the State of Maharashtra on EPC mode.,207,0.0,0.0,02/04/2025,30/06/2026,0,2025-04-02,2026-06-30,0,NOT_YET_REVISED_COST
1442,Roads & Highways,Ministry of Road Transport & Highways,618046,Rehabilitation & Up-gradation of Sabalkhed to Ashti Section from Km 37900 to Km 55100 & Chinchpur to Jamkhed Section from km 70000 to km 72922 of NH-561 to Two lane with Paved shoulder/ Four lane configuration in the State of Maharashtra on EPC Mode Length20.122km.,213,0.0,0.0,24/09/2024,,0,2024-09-24,,1,NOT_YET_REVISED_COST;MISSING_REVISED_DATE
1443,Roads & Highways,Ministry of Road Transport & Highways,618035,Rehabilitation & Upgradation of existing intermediate lane to two Lane with paved shoulder from km. 0.600 Gulganj bypass on NH-34 to km. 43.00 Barna River length 42.400 km. on Gulganj-Amanganj-Pawai-Katni NH43 Extn. in the state of Madhya Pradesh on EPCmode.,275,0.0,0.0,19/05/2026,31/12/2026,0,2026-05-19,2026-12-31,0,NOT_YET_REVISED_COST
1444,Roads & Highways,Ministry of Road Transport & Highways,618218,Rehabilitation & upgradation of existing road to 2-lane with hard shoulder from Joshimath km 0.00 to Saraithota km 29.725 road on NH-107B under Bharatmala Pariyojna on EPC mode in the state of Uttarakhand,338,0.0,0.0,21/05/2025,31/03/2027,0,2025-05-21,2027-03-31,0,NOT_YET_REVISED_COST
1445,Roads & Highways,Ministry of Road Transport & Highways,618450,Rehabilitation & Upgradation of existing road to 2-lane with paved shoulder including geometric improvement of section from start of Rabangla km33.600 to km58.840 under SARDP-NE Phase A Pkg- IV,293,0.0,1.91,01/05/2022,30/06/2026,0,2022-05-01,2026-06-30,0,NOT_YET_REVISED_COST
1446,Roads & Highways,Ministry of Road Transport & Highways,618154,"Rehabilitation & upgradation of Jamkhed to Sautada Section of NH548 D from km 195.375 to km 208.774, Length 13.399 Km to 2L PS /4L configuration with rigid pavement in the state of Maharashtra on EPC mode.",158,0.0,0.0,14/07/2024,30/06/2026,0,2024-07-14,2026-06-30,0,NOT_YET_REVISED_COST
1447,Roads & Highways,Ministry of Road Transport & Highways,618020,"Rehabilitation & Upgradation of KurwaiMungaoliChanderi Road section of NH-346, from Design Chainge 0.000 to 81.300 Km Total length 83.1 km to Two lane with paved shoulder configuration along with One time improvement in 07 nos of bypassed built-up areas in a total length of 22.615 km in the state of Madhya Pradesh on EPC mode.",386,0.0,164.43,03/02/2025,30/06/2026,0,2025-02-03,2026-06-30,0,NOT_YET_REVISED_COST
1448,Roads & Highways,Ministry of Road Transport & Highways,617992,Rehabilitation & upgradation of NH - 167 from design km 187.723 to 234.434 Miryalaguda to Kodad section to two lane with paved shoulder on EPC mode in the state of Telangana,323,322.81,148.48,03/09/2020,30/06/2026,1,2020-09-03,2026-06-30,0,CLEAN
1449,Roads & Highways,Ministry of Road Transport & Highways,618167,Rehabilitation & Upgradation of NH-731A from Km.0.00 to Km.35.00 to 2-lane with paved shoulder under EPC mode,265,0.0,0.0,30/08/2023,30/05/2026,0,2023-08-30,2026-05-30,0,NOT_YET_REVISED_COST
1450,Roads & Highways,Ministry of Road Transport & Highways,618239,"Rehabilitation & Upgradation of NH214New NH-216 from Km 34/230 to Km 84/550 Losari to Machavaram Section to two lane with paved shoulder in the state of Andhrapradesh under NHDP-IV through Engineering, Procurement& Construction EPC mode.",445,459.37,0.0,07/09/2018,31/07/2025,1,2018-09-07,2025-07-31,0,CLEAN
1451,Roads & Highways,Ministry of Road Transport & Highways,618386,Rehabilitation & Upgradation of Road from Km 0.00 to Km 18.600 Total length-18.600 km of Kumarghat-Kailashahar section on NH-208 to 2-lane with Paved shoulder on EPC bais under NHO,278,302.03,0.0,13/01/2022,15/10/2024,1,2022-01-13,2024-10-15,0,CLEAN
1452,Roads & Highways,Ministry of Road Transport & Highways,617959,Rehabilitation & Widening work for 2 Lane with Paved Shoulder of Existing NH-80 from km 70.15 to Km 121.025 of Munger-Suttanganj -BhagatpurMirzachowki section on EPC Mode in the State of Bihar.,478,0.0,311.39,31/01/2025,,0,2025-01-31,,1,NOT_YET_REVISED_COST;MISSING_REVISED_DATE
1453,Roads & Highways,Ministry of Road Transport & Highways,618181,Rehabilitation / Upgradation to 4 Lane with Paved shoulder of Existing Section in Sillod Town with Design Ch. Km54500 to Km 60679 [Length6.179 km] section of NH 753F Aurangabad-Jalgaon road on EPC Mode in the State of Maharashtra,154,0.0,0.0,30/07/2025,30/03/2025,0,2025-07-30,2025-03-30,0,NOT_YET_REVISED_COST
1454,Roads & Highways,Ministry of Road Transport & Highways,618134,Rehabilitation /Upgradation from Lagam to Alapalli section Desing Km. 199/400 to km 227/400 Length 28.0 Km to 2 lane with Paved Shoulders/ 4 lane configuration section of NH-353 C Sakoli-Wadsa-Armori-Gadchiroli-Ashti-Alapalli Sironcha in Gadchiroli District on EPC mode in the state of Maharashtra.,459,0.0,0.0,08/09/2026,08/09/2026,0,2026-09-08,2026-09-08,0,NOT_YET_REVISED_COST
1455,Roads & Highways,Ministry of Road Transport & Highways,618821,Rehabilitation and Up gradation from 4 to 8 laning of Chandikhole Paradip Section of NH-53 Old NH 5A from Km 18.00 to Km 39.00 in the State of Odisha on HAM mode Package-2,920,950.4,412.89,14/12/2025,31/08/2026,1,2025-12-14,2026-08-31,0,CLEAN
1456,Roads & Highways,Ministry of Road Transport & Highways,618822,Rehabilitation and Up gradation from 4 to 8 laning of Chandikhole Paradip Section of NH-53 Old NH 5A from Km.0.00 to Km.18.00Package-1,930,869.45,365.01,14/12/2025,31/08/2026,1,2025-12-14,2026-08-31,0,CLEAN
1457,Roads & Highways,Ministry of Road Transport & Highways,618820,Rehabilitation and Up gradation from 4 to 8 laning of Chandikhole Paradip Section of NH-53 Old NH 5A from Km.39.000 to Km.60.00 Package-3,862,938.55,383.65,14/12/2025,22/09/2026,1,2025-12-14,2026-09-22,0,CLEAN
1458,Roads & Highways,Ministry of Road Transport & Highways,619181,Rehabilitation and Up gradation from 4 to 8 laning of Chandikhole Paradip Section of NH-53 Old NH 5A from Km.60.000 to Km.76.646 Package-4,882,1009.92,163.87,31/10/2026,31/10/2027,1,2026-10-31,2027-10-31,0,CLEAN
1459,Roads & Highways,Ministry of Road Transport & Highways,619008,Rehabilitation and Up gradation of Charthana Jintur Section of NH 752 I Km 25100 to 47100 to 2 Lane with Paved Shoulder configuration Flexible Pavement in the state of Maharashtra on EPC mode. Reg- Resubmission of Annual Plan Estimate.,158,0.0,0.0,26/07/2027,27/07/2026,0,2027-07-26,2026-07-27,0,NOT_YET_REVISED_COST
1460,Roads & Highways,Ministry of Road Transport & Highways,618418,Rehabilitation and up gradation of Nongstoin-Rambrai-Kyrshai road up to Meghalaya-Assam border from Km 0.335 to km 34.039 to 2-Lane under NHO - NE in the State of Meghalaya Package-1,360,0.0,214.12,25/05/2024,31/05/2026,0,2024-05-25,2026-05-31,0,NOT_YET_REVISED_COST
1461,Roads & Highways,Ministry of Road Transport & Highways,618343,"Rehabilitation and Up gradation to 2-lane with paved shoulder of Keifang Section Economic Corridor of NH-06 from Existing Chainage Km 30050 Keifang to Km 50360 Keifang, Design Chainage Km 27400 to Km 45040 PkgIII in the State of Mizoram under Bharatmala Pariyojna on EPC Mode Seling-Dulte - III",292,0.0,0.0,30/06/2022,02/12/2024,0,2022-06-30,2024-12-02,0,NOT_YET_REVISED_COST
1462,Roads & Highways,Ministry of Road Transport & Highways,619185,Rehabilitation and up-gradation and completion of balance work of section from Km 155.00 to Km 181.00 End of Jarwa to Rangat of NH -4 Total length 26 Km to Intermediate Lane/2-lane with hard shoulders in the UT of A&N Islands on EPC basis - Package-III.B Balance work,184,333.12,0.0,05/10/2025,31/05/2026,1,2025-10-05,2026-05-31,0,CLEAN
1463,Roads & Highways,Ministry of Road Transport & Highways,617907,Rehabilitation and Up-gradation from Km 170700 Bhadrachalam to Km 234567 Konta on NH-30 to Two lane with Paved Shoulder in the State of Andra Pradesh on EPC mode.,436,0.0,221.22,24/09/2024,30/04/2026,0,2024-09-24,2026-04-30,0,NOT_YET_REVISED_COST
1464,Roads & Highways,Ministry of Road Transport & Highways,618163,"Rehabilitation and Up-gradation from km. 0000 to km.40390 of NH-730S MaharajganjNichloulThuthibari to two lane with paved shoulders in the State of U.P. on Engineering, Procurement & Construction EPC Basis.",809,603.19,0.0,06/12/2025,31/12/2026,1,2025-12-06,2026-12-31,0,CLEAN
1465,Roads & Highways,Ministry of Road Transport & Highways,618236,Rehabilitation and Up-gradation of Dhindi - Digamarru section from Km 126/510 to Km 135/740 of NH -214New NH -216 and digamarru -Losari section from Km 0/000 tp Km 34/230 of NH-214 ANew Nh-216 to two lane with paved shoulder in the state of AP-NH,316,288.76,220.75,11/05/2018,06/11/2023,1,2018-05-11,2023-11-06,0,CLEAN
1466,Roads & Highways,Ministry of Road Transport & Highways,618037,Rehabilitation and Up-gradation of existin of road from 2-lane to 2-lane with paved shoulders from km. 0.00 to km 53.590 total length-53.590 km of Raychoti to Vempalli section of NH-440 in the State of Andhra Pradesh on EPC mode.,440,359.52,178.83,02/05/2024,30/06/2026,1,2024-05-02,2026-06-30,0,CLEAN
1467,Roads & Highways,Ministry of Road Transport & Highways,618888,Rehabilitation and Up-gradation of existing road to 2L PS from End of Hamirpur Bypass near Chilbahal to Bhangbar section from Km. 138.295 to Km.175.270 of NH-88 Pkg-IV,1146,1358.62,293.43,27/04/2025,30/06/2026,1,2025-04-27,2026-06-30,0,CLEAN
1468,Roads & Highways,Ministry of Road Transport & Highways,618139,Rehabilitation and Up-gradation of Gangakhed Loha section of NH-361F from Km 169/00 to 210/00 to two lane with paved shoulder/ four lane configuration in the state of Maharashtra on EPC mode Length - 41.00 Km.,355,0.0,0.0,30/09/2026,30/09/2026,0,2026-09-30,2026-09-30,0,NOT_YET_REVISED_COST
1469,Roads & Highways,Ministry of Road Transport & Highways,618150,Rehabilitation and Up-gradation of i. Deogaon phata to Digras phata Ch. 0/000 to 15/000 & Selu to Borgavhan Ch 20/900 to 35/800 [Length 29.9km] ii. Injegaon Dhamoni to Pohner Phata Ch.58/200 to Ch. 83/700 [Length25.5 km] and iii. Pohner phata to Pathri Design Ch. 42/700 to 58/200 [Length 15.5 km] sections of NH-548B to Two lane with paved shoulder configuartion in the state of Maharashtra on EPC mode Total project length 70.9 Km.,762,0.0,0.0,08/05/2027,08/05/2027,0,2027-05-08,2027-05-08,0,NOT_YET_REVISED_COST
1470,Roads & Highways,Ministry of Road Transport & Highways,618137,Rehabilitation and Up-gradation of Jarud - Sirsala section of NH-361F km 59500 to km11500 to Two lane with paved shoulder/ Four Lane in the state of Maharashtra on EPC mode Length 55.5 Km.,540,0.0,95.57,08/05/2027,08/05/2027,0,2027-05-08,2027-05-08,0,NOT_YET_REVISED_COST
1471,Roads & Highways,Ministry of Road Transport & Highways,617991,"Rehabilitation and up-gradation of NH-167 from Km 14/900 to Km70/000 Design Ch. 14/900 to 69/700 Chintakunta to Adoni section to two lane with paved shoulders in the State of Andhra Pradesh under Corridor Approach through Engineering, Procurement",290,0.0,140.23,30/05/2019,31/10/2026,0,2019-05-30,2026-10-31,0,NOT_YET_REVISED_COST
1472,Roads & Highways,Ministry of Road Transport & Highways,617885,Rehabilitation and Up-gradation of Nongstoin Wahkaji section of Project Road Km 0000 to Km 43060 to Intermediate Lane with earthern shoulder under SARDP-NE Phase-A in the State of Meghalaya on EPC mode. Job No- SARDP-NE ong-Don-Maw/MG/2020-21/294,303,0.0,182.58,10/08/2023,31/05/2026,0,2023-08-10,2026-05-31,0,NOT_YET_REVISED_COST
1473,Roads & Highways,Ministry of Road Transport & Highways,618237,Rehabilitation and Up-gradation of Pasarlapudi to Dhindi section from Km 105/170 to Km 126/510 of NH -214 New NH -216 to two lane with paved shoulder in the state of Andhra Pradesh under NHDP-IV,263,0.0,151.56,26/09/2019,30/09/2025,0,2019-09-26,2025-09-30,0,NOT_YET_REVISED_COST
1474,Roads & Highways,Ministry of Road Transport & Highways,618385,Rehabilitation and up-gradation of road from design km 25.250 to km 36.460 Total lengh 11.210 km of Kailashahar-Kurti Bridge section on NH-208A to 2-lane with paved shoulder on EPC basis under NHO Package-III- Balance Work,174,0.0,0.0,02/03/2026,02/03/2026,0,2026-03-02,2026-03-02,0,NOT_YET_REVISED_COST
1475,Roads & Highways,Ministry of Road Transport & Highways,619184,"Rehabilitation and up-gradation of section to Intermediate/2-Lane with hard shoulder from Km 107.760 to Km 129.445 After Middle strait to Humphrey, Km 130.600 to Km 138.00 After Humphrey to Kadamtala & Km 155.00 to Km 181.0 End of Jarwa to Rangat of NH-04 in UT of A&N on EPC Package-IIIA",207,376.48,0.0,13/09/2025,31/05/2026,1,2025-09-13,2026-05-31,0,CLEAN
1476,Roads & Highways,Ministry of Road Transport & Highways,618238,Rehabilitation and Up-gradation of Thimmapuram to Gurajanapalli section from Km 26/150 to Km 41/161 of NH - 214 New NH - 216 to two lane with paved shoulder in the state of Andhra Pradesh under NHDP-IV,351,432.91,233.92,08/07/2018,31/07/2026,1,2018-07-08,2026-07-31,0,CLEAN
1477,Roads & Highways,Ministry of Road Transport & Highways,618186,"Rehabilitation and Up-gradation of Valigonda to Thorrur Section to Two Lane with Paved Shoulders from Km 39.180 to Km 108.300 of NH-930P in the State of Telangana on Engineering, Procurement and Construction EPC Basis",549,0.0,296.89,28/12/2024,31/05/2026,0,2024-12-28,2026-05-31,0,NOT_YET_REVISED_COST
1478,Roads & Highways,Ministry of Road Transport & Highways,618096,Rehabilitation and Up-gradation to 2 lane road with paved shoulders configuration for the balance work of 13 km length on Helwak-Patan-Karad section Km. 85000 to 133 417 of NH-166E in the state of Maharashtra on EPC mode.,181,0.0,0.0,14/04/2026,31/07/2026,0,2026-04-14,2026-07-31,0,NOT_YET_REVISED_COST
1479,Roads & Highways,Ministry of Road Transport & Highways,618188,Rehabilitation and Up-gradation to 2 lane with paved shoulder configuration of Mahud Sangola road NH 965 G 159400 to 161900and 162400 to 183960 Design Chainage from km. 32/300 to km. 34/800 and km. 35/800 to km. 56/860 Rigid Pavement on EPC mode in the State of Maharashtra.,254,0.0,0.0,22/05/2025,30/06/2026,0,2025-05-22,2026-06-30,0,NOT_YET_REVISED_COST
1480,Roads & Highways,Ministry of Road Transport & Highways,618225,Rehabilitation and up-gradation to 2 lane with paved shoulder from existing chainage km 134950 to km 166100 Design chainage km 116980 to km 146700 under 31 TF on Akhnoor-Poonch road NH-144A in the UT of Jammu & Kashmir under Project Sampark BRO on EPC mode Package-VI Job no NH-144A-J&K-2021-22-106,395,0.0,144.04,27/07/2024,30/06/2026,0,2024-07-27,2026-06-30,0,NOT_YET_REVISED_COST
1481,Roads & Highways,Ministry of Road Transport & Highways,618224,Rehabilitation and up-gradation to 2 lane with paved shoulder from existing chainage km 49150 to km 64535 Design chainage km 46.450 to km 55.800 including construction of Sungal Tunnel Total length of Tunnel 2.79 km under 13 TF on Akhnoor-Poonch road NH-144A under Project Sampark BRO in the UT of Jammu & Kashmir on EPC mode Package-II Job no NH-144A-J&K-2019-20-78,797,0.0,432.45,20/08/2024,31/05/2026,0,2024-08-20,2026-05-31,0,NOT_YET_REVISED_COST
1482,Roads & Highways,Ministry of Road Transport & Highways,618223,Rehabilitation and up-gradation to 2 lane with paved shoulder from existing chainage km 64535 to km 85385 Design chainage km 55800 to km 74350 under 13 TF on Akhnoor-Poonch road NH-144A under Project Sampark BRO in the UT of Jammu & Kashmir on EPC mode Package-III Job no NH-144A-J&K-2019-20-79,153,0.0,75.64,28/09/2023,31/05/2026,0,2023-09-28,2026-05-31,0,NOT_YET_REVISED_COST
1483,Roads & Highways,Ministry of Road Transport & Highways,618119,Rehabilitation and up-gradation to 2-lane configuration of Bageshwar to Kangarchina road from km 129.600 to Km 161.600 Existing Chainage 136.00 to Km 169.00 of NH-309Ain the State of Uttarakhand Package-IV under NHO Annual Plan 2021-22,472,0.0,0.0,26/02/2027,,0,2027-02-26,,1,NOT_YET_REVISED_COST;MISSING_REVISED_DATE
1484,Roads & Highways,Ministry of Road Transport & Highways,618263,"Rehabilitation and Up-gradation to 2LPS from Km. 0.000 to Km. 7.800 and Km. 35.400 to Km. 52.345 Design length 24.745 Km., except Bihar portion of NH-727B Tamkuhiraj to Bihar Border and Bihar Border to Majhauli on EPC mode in the State of Uttar Pradesh",701,0.0,0.0,31/07/2026,31/07/2026,0,2026-07-31,2026-07-31,0,NOT_YET_REVISED_COST
1485,Roads & Highways,Ministry of Road Transport & Highways,618880,Rehabilitation and Up-gradation to 4L configuration & Strengthening of Thanpuri to Paror section from Km 85.135 to Km 100.840 of NH-154 Pkg-IIC,816,666.79,200.36,04/12/2025,30/04/2027,1,2025-12-04,2027-04-30,0,CLEAN
1486,Roads & Highways,Ministry of Road Transport & Highways,618176,Rehabilitation and upgradation from ch km 50/200 to 56/800 and km 62/600 to 100/403 of Kolde to Visarwadi Near Junction with NH-6 section of NH 752G total length 44.40 to two-lane with paved shoulder / four lanes in the State of Maharashtra on EPC mode.,349,0.0,0.0,02/01/2028,,0,2028-01-02,,1,NOT_YET_REVISED_COST;MISSING_REVISED_DATE
1487,Roads & Highways,Ministry of Road Transport & Highways,618103,Rehabilitation and upgradation from Km 22300 to 58635 of MudireddyPalle to Kadapa/Nellore Border via porumamilla Section of NH 167 Two Lane with paved Shoulder in,279,0.0,155.02,12/04/2026,30/06/2026,0,2026-04-12,2026-06-30,0,NOT_YET_REVISED_COST
1488,Roads & Highways,Ministry of Road Transport & Highways,618124,Rehabilitation and upgradation from km 51.600 to km 75.700 of NH-321G Nuhkhas to Etah section to two lane with paved shoulder configuration under EPC mode in the State of Uttar Pradesh,344,0.0,75.71,28/08/2025,06/06/2026,0,2025-08-28,2026-06-06,0,NOT_YET_REVISED_COST
1489,Roads & Highways,Ministry of Road Transport & Highways,619136,Rehabilitation and Upgradation of Chorma - Bairgania Section of National Highway No 227F to 2 lane with paved shoulders from Design Ch.0.000 to Ch. 34.566,611,628.65,328.56,31/01/2026,15/05/2026,1,2026-01-31,2026-05-15,0,CLEAN
1490,Roads & Highways,Ministry of Road Transport & Highways,617974,Rehabilitation and upgradation of 2 lane with paved shoulder from existing km. 195.175 to km. 220.000 Design Chainage km71.300 to Km. 95.947 Excluding existing chainage Km 200.300 to Km 202.400 Design chainage Km 76.400 to Km 78.400 on Dharasu to Yamunotri Road of NH- 134 Old NH-94,345,0.0,0.0,02/04/2028,,0,2028-04-02,,1,NOT_YET_REVISED_COST;MISSING_REVISED_DATE
1491,Roads & Highways,Ministry of Road Transport & Highways,618210,Rehabilitation and upgradation of Askot-Lipulekh on EPC Basis for Phase-I Existing Km 72.00 to 107.620 Design Chainage Km 21330 to Km 56935 under Project Hirak of BRO in the state of Uttarakhand under Bharatmala Pariyojna Phase-I on EPC Mode Length-35.605 Km CA No EPC/MORT&H/HRK/01/2021-22,604,0.0,0.0,02/12/2023,30/06/2026,0,2023-12-02,2026-06-30,0,NOT_YET_REVISED_COST
1492,Roads & Highways,Ministry of Road Transport & Highways,617940,"Rehabilitation and Upgradation of LB-Nagar to Malkapur section to 6-Lane main carriageway with service roads, drains cum footpath, including VUPs and widening of Minor bridge & road safety provisions from Km. 15/00 to Km 40/00 of NH-65 Old NH-9 under NH O for the year 2020-21 in the state of Telangana on EPC Mode.",545,0.0,273.9,22/07/2024,30/06/2026,0,2024-07-22,2026-06-30,0,NOT_YET_REVISED_COST
1493,Roads & Highways,Ministry of Road Transport & Highways,618194,Rehabilitation and upgradation of New NH 544DD from design Chainage Km. 56/000 to 102/20 of Kalyandrg - Molakalmuru Section,294,285.29,312.39,07/02/2020,15/09/2025,1,2020-02-07,2025-09-15,0,EXPENDITURE_EXCEEDS_ORIGINAL
1494,Roads & Highways,Ministry of Road Transport & Highways,618125,Rehabilitation and upgradation of NH 326A from km 0/0 to 41/979 excluding km 2/255 to 3/372 and km 36/820 to 38/275 Odisha border to Narasamapeta to two lane with paved Shoulders in the State of Andhra Pradesh under NHO on EPC Mode,228,0.0,44.45,27/03/2020,07/10/2025,0,2020-03-27,2025-10-07,0,NOT_YET_REVISED_COST
1495,Roads & Highways,Ministry of Road Transport & Highways,617994,Rehabilitation and upgradation of NH-167 from design km 113.900 to 154.479 Mallepally Haliya section to two lane with paved shoulders on EPC mode in the stte of Telangana,294,257.61,239.25,28/11/2019,06/12/2025,1,2019-11-28,2025-12-06,0,CLEAN
1496,Roads & Highways,Ministry of Road Transport & Highways,617993,Rehabilitation and upgradation of NH-167 from design km 157.707 to 187.723 design length 30.016 km to two lane with paved shoulders of Alinagar-Miryalaguda Sec on EPC mode in the state of Telangana,220,0.0,0.0,12/11/2019,01/06/2026,0,2019-11-12,2026-06-01,0,NOT_YET_REVISED_COST
1497,Roads & Highways,Ministry of Road Transport & Highways,618191,"Rehabilitation and upgradation of NH-167AD from Macherla to Dachepalli via Paluvai Junction, Rentachinthala, Gurazala from Km.0.000 to 43.659 to two lane with paved shoulders in the state of Andhra Pradesh job-729",403,0.0,227.13,26/01/2025,31/03/2026,0,2025-01-26,2026-03-31,0,NOT_YET_REVISED_COST
1498,Roads & Highways,Ministry of Road Transport & Highways,619193,Rehabilitation and upgradation of NH-221 from km 121/0 to 165/0 Rudrampur to Bhadrachalam section to two lane with paved shoulder under NHDPIV in the state of Telangana through EPC mode,295,334.82,375.14,24/02/2017,31/05/2026,1,2017-02-24,2026-05-31,0,EXPENDITURE_EXCEEDS_ORIGINAL
1499,Roads & Highways,Ministry of Road Transport & Highways,618213,Rehabilitation and Upgradation of road Rishikesh Dharasu Old NH-94 with 2-lane with paved shoulder from km 76.000 to km 110.000 Design Chainage from km 74.733 to km 107.347 32.614 km including construction of Kamand re-alignment from existing Chainage Km 105.200 to Km 108.600 design chainage Km 103.436 to Km 105.949 - total length 2513 mtrs and land slide treatment work between design chainage Km 73.800 to Km 74.00 200m on EPC mode under improvement to NH connectivity to Chardham in,274,0.0,0.0,05/01/2021,31/01/2026,0,2021-01-05,2026-01-31,0,NOT_YET_REVISED_COST
1500,Roads & Highways,Ministry of Road Transport & Highways,618187,"Rehabilitation and upgradation of Salon - Jais - Jagdishpur Road section of NH-931A, from design Chainage km 0.000 to km 5.740 to four lane divided carriageway and from design Chainage km 5.740 to km 53.500 to two lane with paved Total length km 53.500 along with One time improvement in 04 no's of realigned/bypassed built-up areas in a total length of 9.732 km in the state of Uttar Pradesh on EPC mode",947,0.0,0.0,26/10/2027,26/10/2027,0,2027-10-26,2027-10-26,0,NOT_YET_REVISED_COST
1501,Roads & Highways,Ministry of Road Transport & Highways,618175,Rehabilitation and Upgradation of Satana to Mangrul Chandwad Section of NH752 G Design Ch Km 64.000 to Ch Km 101.140 two lane with paved shoulder/four lane configuration in the state of Maharashtra on EPC mode.,429,0.0,0.0,14/05/2025,30/06/2026,0,2025-05-14,2026-06-30,0,NOT_YET_REVISED_COST
1502,Roads & Highways,Ministry of Road Transport & Highways,618179,Rehabilitation and Upgradation of Shewali phata to Kalambhir section i.e. Km 0443 to Km 4500 & Nizampur to Chadwel section i.e. Km 13485 to Km 26265 Length16.317 Km excluding 2 Major Bridges with approaches Km 13735 to Km 14095 & Km 19660 to Km 20030 of NH 753B to 2LPS Configuration in the State of Maharashtra on EPC Mode.,182,0.0,0.0,27/02/2026,27/02/2026,0,2026-02-27,2026-02-27,0,NOT_YET_REVISED_COST
1503,Roads & Highways,Ministry of Road Transport & Highways,618214,Rehabilitation and upgradation to 2 lane / 2 lane with paved shoulder configuration for design chainage km 107.347 to km 129.208 & km 133.878 to km 138.570 existing chainage km 110.000 to km 133.020 & km 137.330 to km 142.028 and land slide treatment at existing km 138.500 Design chainage km 134.970 of NH -94 on EPC mode under improvement to NH connectivity to Chardham in the state of Uttarakhand.,346,0.0,0.0,09/07/2021,01/06/2024,0,2021-07-09,2024-06-01,0,NOT_YET_REVISED_COST
1504,Roads & Highways,Ministry of Road Transport & Highways,617975,Rehabilitation and upgradation to 2 lane with paved shoulder configuration from km 122.00 Dharasu Bend to km 147.230 Silkyara Bend of NH-94 in the state of Uttarakhand,238,0.0,79.56,28/11/2019,31/07/2024,0,2019-11-28,2024-07-31,0,NOT_YET_REVISED_COST
1505,Roads & Highways,Ministry of Road Transport & Highways,618221,Rehabilitation and upgradation to 2 lane with paved shoulder from existing chainage Km 166.100 to Km 192.98 design chainage Km 146.700 to Km 162.800 including construction of Bhimber Gali Tunnel Total Length of Tunnel 1.100 Km under 31 BRTF on Akhnoor-Poonch Roads on EPC mode NH-144A Package-VII,735,0.0,0.0,30/07/2026,,0,2026-07-30,,1,NOT_YET_REVISED_COST;MISSING_REVISED_DATE
1506,Roads & Highways,Ministry of Road Transport & Highways,618226,Rehabilitation and upgradation to 2 lane with paved shoulder from existing chainage Km 30.053 to Km 49.150 design chainage Km 30.000 to Km 46.450 including Kandi Tunnel under 31 BRTF on Akhnoor-Poonch Road NH-144A Under Project Sampark in the UT of Jammu & Kashmir EPC modePackage-I Job no NH-144A-J&K-2020-21-83.,272,0.0,157.74,28/11/2024,30/06/2026,0,2024-11-28,2026-06-30,0,NOT_YET_REVISED_COST
1507,Roads & Highways,Ministry of Road Transport & Highways,618342,Rehabilitation and upgradation to 2 Lane with Paved shoulder of Economic corridor of NH-6 from Design chaiange Km 0.000 to Km 13.510 Package-1 in the state of Mizoram under Bharatmala Pariyojana on EPC mode,207,0.0,0.0,30/06/2022,30/06/2024,0,2022-06-30,2024-06-30,0,NOT_YET_REVISED_COST
1508,Roads & Highways,Ministry of Road Transport & Highways,618231,Rehabilitation and Upgradation to 2-lane configuration of Hamirpur-Karnohal Section km 141.00 to 181.00 of NH-70 in the State of Himachal Pradesh under Green National Highways Corridor Project GNHCP with the loan assistance of World Bank on EPC mode.Package-1,372,0.0,198.34,20/12/2024,31/05/2026,0,2024-12-20,2026-05-31,0,NOT_YET_REVISED_COST
1509,Roads & Highways,Ministry of Road Transport & Highways,618230,Rehabilitation and Upgradation to 2-lane configuration of Kalwahn-Mandi Section km 208.950 to 250.592 of NH-70 in the State of Himachal Pradesh under Green National Highways Corridor Project GNHCP with the loan assistance of World Bank on EPC mode.Package-3,314,0.0,0.0,12/04/2025,31/12/2026,0,2025-04-12,2026-12-31,0,NOT_YET_REVISED_COST
1510,Roads & Highways,Ministry of Road Transport & Highways,618232,Rehabilitation and Upgradation to 2-lane configuration of Karnohal- Kalwahn Section km 181.00 to 208.950 of NH-70 in the State of Himachal Pradesh under Green National Highways Corridor Project GNHCP with the loan assistance of World Bank on EPC mode.Package-2,252,190.02,74.12,14/05/2026,31/12/2026,1,2026-05-14,2026-12-31,0,CLEAN
1511,Roads & Highways,Ministry of Road Transport & Highways,618266,Rehabilitation and upgradation to 2-lane with paved sholuders configuration of Bewar- Allahaganj- section of NH-730C Km.0.000 to Km 52.770 pakage-I in state of Uttar Pradesh undergreen national Highway Corridor Project GNHCP with the loan assistance of world Bank on EPC mode.,325,340.16,0.0,23/11/2024,30/06/2026,1,2024-11-23,2026-06-30,0,CLEAN
1512,Roads & Highways,Ministry of Road Transport & Highways,618240,Rehabilitation and upgradation to 2-lane with paved sholuders configuration of Bewar-naer Karri village section Km0.00 to Km30.00 Pakage-I of NH-92 in state of Uttar Pradesh undergreen national Highway Corridor Project GNHCP with the loan assistance of world Bank on EPC mode.,236,0.0,0.0,15/03/2024,30/06/2026,0,2024-03-15,2026-06-30,0,NOT_YET_REVISED_COST
1513,Roads & Highways,Ministry of Road Transport & Highways,618265,Rehabilitation and upgradation to 2-lane with paved sholuders configuration of Miranpur Katra to radhaita section of NH-730CKm.114.000 to Km 137.250pakage-III in state of Uttar Pradesh undergreen national Highway Corridor ProjectGNHCP with the loan assistance of world Bank on EPC mode.,172,169.56,0.0,27/07/2024,30/06/2026,1,2024-07-27,2026-06-30,0,CLEAN
1514,Roads & Highways,Ministry of Road Transport & Highways,618229,Rehabilitation and upgradation to 2-lane with paved sholuders configuration of Near Karri village-Etawah section Km30.000 to Km 57.346 Pakage-II of NH-92 in state of Uttar Pradesh undergreen national Highway Corridor ProjectGNHCP with the loan assistance of world Bank on EPC mode.,211,206.56,0.0,17/02/2024,09/02/2025,1,2024-02-17,2025-02-09,0,CLEAN
1515,Roads & Highways,Ministry of Road Transport & Highways,618256,"Rehabilitation and Upgradation to 2-lane with paved should ders Sir, configuration of Chaprathipalem to Lambasingi section Km 165500 to Km 205000 of NH-516E in the State of Andhra Pradesh under Green National Highways Corridor Project GNHCP with the loan assistance of World Bank on EPC mode",311,0.0,195.13,10/10/2024,31/05/2026,0,2024-10-10,2026-05-31,0,NOT_YET_REVISED_COST
1516,Roads & Highways,Ministry of Road Transport & Highways,618257,Rehabilitation and Upgradation to 2-lane with paved shoulders configuration of Koyyuru to Chaprathipalem section Km 120000 to Km 165500 of NH-516E in the State of Andhra Pradesh under Green National Highways Corridor Project GNHCP with the loan assistance of World Bank on EPC mode,349,0.0,242.02,07/07/2024,31/03/2026,0,2024-07-07,2026-03-31,0,NOT_YET_REVISED_COST
1517,Roads & Highways,Ministry of Road Transport & Highways,618050,Rehabilitation and Upgradation to 2-lane/Intermediate lane configuration of Ashyari-Shri Kyari Section km 50.000 to km 75.000 of NH-707 in the state of Himachal Pradesh under Green National Highways Corridor Project GNHCP with the loan assistance of World Bank on EPC mode.,346,359.56,146.64,23/09/2023,02/11/2024,1,2023-09-23,2024-11-02,0,CLEAN
1518,Roads & Highways,Ministry of Road Transport & Highways,618879,Rehabilitation and Upgradation to 2L PS configuration & Strengthening of Padhar to Bijni section from Km 180.000 to Km 202.815 of NH-154 Pkg-VA,931,930.86,339.37,03/11/2026,03/11/2026,1,2026-11-03,2026-11-03,0,CLEAN
1519,Roads & Highways,Ministry of Road Transport & Highways,618878,Rehabilitation and Upgradation to 4L configuration & Strengthening of Sihuni to Rajol from Km 51.000 to Km 72.000 of NH-154 Package-IIA,697,776.59,318.08,26/09/2025,30/06/2026,1,2025-09-26,2026-06-30,0,CLEAN
1520,Roads & Highways,Ministry of Road Transport & Highways,617963,Rehabilitation and upgradation to four lane road from km 70.500 to km 78.600 of NH-92 under EPC mode in the State of Uttar Pradesh,296,351.78,0.0,07/01/2027,01/07/2027,1,2027-01-07,2027-07-01,0,CLEAN
1521,Roads & Highways,Ministry of Road Transport & Highways,617938,Rehabilitation And Upgradation to four lane with paved shoulder configuration from km 24350 to km 61875 Jawale - Borgaon Kale of NH-63 in the State of Maharashtra on EPC mode under Annual Plan 2024-25 Total length - 37.525 Km.,574,0.0,0.06,19/03/2027,21/03/2027,0,2027-03-19,2027-03-21,0,NOT_YET_REVISED_COST
1522,Roads & Highways,Ministry of Road Transport & Highways,618174,Rehabilitation and Upgradation to two lane with paved shoulder configuration of NH-752G from Sakri to Pimpalner Section Design Ch km 0000 to Ch km 21411 in the state of Maharashtra on EPC Mode. Length 21.411 km.,227,0.0,0.0,20/10/2026,21/10/2026,0,2026-10-20,2026-10-21,0,NOT_YET_REVISED_COST
1523,Roads & Highways,Ministry of Road Transport & Highways,618026,Rehabilitation and upgradation to two lane with paved shoulders from Km 0/000 to 72/6 of NH-365 Nakrekal to Tanamcherla section under NHDP IV in the state of Telangana under EPC mode,605,0.0,585.2,31/10/2019,31/05/2026,0,2019-10-31,2026-05-31,0,NOT_YET_REVISED_COST
1524,Roads & Highways,Ministry of Road Transport & Highways,618040,Rehabilitation and Upgradation to Two lanes with Paved Shoulders configuration and Strengthening from Km 175.00 to Km 196.00 Gumkhal to Satpuli of NH-119 New NH-534 in the State of Uttarakhand under NHO Annual Plan 2021-22 under EPC mode,453,0.0,0.0,07/01/2027,,0,2027-01-07,,1,NOT_YET_REVISED_COST;MISSING_REVISED_DATE
1525,Roads & Highways,Ministry of Road Transport & Highways,617911,Rehabilitation and upgradation Umaria to Shahdol section of NH-78 from Existing Km. 68/4 to Km. 142/2 to 2LPS including construction of Birshinghpur and Shahdol Bypass on EPC mode under NHDP-IVA,512,613.16,0.0,31/07/2017,30/06/2026,1,2017-07-31,2026-06-30,0,CLEAN
1526,Roads & Highways,Ministry of Road Transport & Highways,617966,Rehabilitation and Upgrading to 2 lanes/2-lane with paved shoulders configuration and strengthening of of Birpur and Bihpur Section from km 0.0 to Km 106 of NH 106 under phase I of National Highways Interconnectivity Improvement Projects NHIIP ICB No. NHIIP-BR-106-7 [NHIIP-BR-106-7],781,961.33,0.04,02/10/2019,31/05/2026,1,2019-10-02,2026-05-31,0,CLEAN
1527,Roads & Highways,Ministry of Road Transport & Highways,618041,Rehabilitation and upgrading to two lanes with paved shoulders and Strengthening of Kotdwar-Pauri-Srinagar road section from Km 232.00 to 274.470 on NH-119 New 534 Paidul to Srinagar in the State of Uttarakhand on EPC Mode under NHO Annual Plan 2021-22.,299,0.0,0.0,29/12/2027,,0,2027-12-29,,1,NOT_YET_REVISED_COST;MISSING_REVISED_DATE
1528,Roads & Highways,Ministry of Road Transport & Highways,617979,"Rehabilitation, upgradation & widening of existing highway to 2L/4LPS Rigid Pavement of NH 160 section- Phaltan to Mhaisal near Karnataka Border including Tasgaon Bypass, from existing chainage Km 301/430 to Km 458/415 in the State of Maharashtra. Package-I starting from existing chainage Km 301/430 at Phaltan Village Junction of Phaltan Baramati Road Design Chainage -301/430km & ending at existing chainage Km 341/300 Dahiwadi Village Bus Stop Design chainage Km 340466km in the S",534,0.0,0.0,29/05/2027,21/11/2026,0,2027-05-29,2026-11-21,0,NOT_YET_REVISED_COST
1529,Roads & Highways,Ministry of Road Transport & Highways,617978,"Rehabilitation, upgradation & widening of existing highway to 2L/4LPS Rigid Pavement of NH 160 section- Phaltan to Mhaishal near Karnataka Border including Tasgaon Bypass, from existing chainage Km 301/430 to Km 458/415 in the State of Maharashtra- Package-II & Package III combined- starting from existing chainage Km 341/300 to Km 394/130 and design chainage Km 340/250 at Dahiwadi Village to Km 392/950 ending at Vita Village in the State of Maharashtra on EPC Mode.",632,0.0,187.58,27/05/2027,28/05/2027,0,2027-05-27,2027-05-28,0,NOT_YET_REVISED_COST
1530,Roads & Highways,Ministry of Road Transport & Highways,618199,"Rehabilitation, Upgradation & Widening of existing Highway to Rigid Pavement 2 Lane with Paved Shoulder of NH 965DD from Lonand Shirval-Bhor Mandangad-Pchral Section ShindewadiPhata to Varandah Ghat Dist Border from Km 33/550 to 92/550 in the state of Maharashtra on EPC mode.",723,0.0,0.0,31/07/2026,31/07/2026,0,2026-07-31,2026-07-31,0,NOT_YET_REVISED_COST
1531,Roads & Highways,Ministry of Road Transport & Highways,618042,"Rehabilitation/ Upgradation of existing Highway to four lane standards in Kurkheda town from km.413257 to km 410775, Two lane in Shankarpur Gurnuli km 42400 to km 43100 section and Reconstruction of Major Bridge at Ch. 448558 Bhuti Nallah and Ch. 411695 Sati River bridge, Minor Bridge at Ch. 411477 and Ch. 405800 Lendhari Bridge of NH 543 Bhamhapuri-wadsa-kurkheda-korchi-Deori-Amgaon road on EPC mode in the State of Maharashtra",164,0.0,0.0,01/05/2025,29/03/2026,0,2025-05-01,2026-03-29,0,NOT_YET_REVISED_COST
1532,Roads & Highways,Ministry of Road Transport & Highways,618065,"Rehabilitation/Upgradation of existing Highway to 2LPS/4 lane of Dhawali to Rajoli from Design Km.149476 to 163476 existing Km.150000 to 164000, Pandhasala to Mohadongri from design Km.170476 to 181476 existing Km.171000 to 182000, Ambeshivni Fata to Bodli from design Km.183476 to 185476 existing Km.184000 to 186000 and Made Tukum to Gadchiroli from design Km.188476 to 189476 existing Km.188000 to 18900 having length 28 km of NH-930 of Dhawali to Gadchroli road in the",316,0.0,0.0,04/09/2025,25/08/2026,0,2025-09-04,2026-08-25,0,NOT_YET_REVISED_COST
1533,Roads & Highways,Ministry of Road Transport & Highways,618700,Renigunta - Poyya - Naidupeta km 124.60 to km 183.4 of NH 71,1863,2510.14,1488.04,31/01/2024,31/05/2026,1,2024-01-31,2026-05-31,0,CLEAN
1534,Roads & Highways,Ministry of Road Transport & Highways,618886,Road Safety Improvement of Critical Junctions on MuzaffarnagarHaridwar Section of NH-334 from Km 143000 to Km 196000,239,0.1,11.65,03/10/2027,03/10/2027,1,2027-10-03,2027-10-03,0,EXTREME_COST_OVERRUN_OUTLIER
1535,Roads & Highways,Ministry of Road Transport & Highways,619294,Road Safety Improvement of existing four lane section of Dehradun-Lal Tappar-Nepali Farm Section of NH-7 and Nepali Farm-Motichur NH-34 on EPC Mode in Uttarakhand under NHO.,721,388.19,1.6,14/08/2028,14/08/2028,1,2028-08-14,2028-08-14,0,CLEAN
1536,Roads & Highways,Ministry of Road Transport & Highways,618434,Roing-Hunli Road Greenfield Alignment Project,1719,0.0,178.83,04/03/2022,30/06/2026,0,2022-03-04,2026-06-30,0,NOT_YET_REVISED_COST
1537,Roads & Highways,Ministry of Road Transport & Highways,618943,Salem - Ulundurpet section from km 0.313 to km 136.670 of NH-68,861,1019.85,137.29,14/01/2011,31/05/2026,1,2011-01-14,2026-05-31,0,EXTREME_SCHEDULE_OUTLIER
1538,Roads & Highways,Ministry of Road Transport & Highways,618614,Sanchore - Santalpur from km 67.000 - km 99.000 of NH-754K AJ-RGBS-Package-3,752,765.25,569.43,09/08/2023,15/05/2026,1,2023-08-09,2026-05-15,0,CLEAN
1539,Roads & Highways,Ministry of Road Transport & Highways,618615,Sanchore - Santalpur from km 99.000 - km 130.073 of NH-754K AJ-RGBS-Package-4,778,835.55,663.38,09/03/2023,31/05/2026,1,2023-03-09,2026-05-31,0,CLEAN
1540,Roads & Highways,Ministry of Road Transport & Highways,617988,Sangameswaram - Atmakuru section from Km 96 to Km 124 & Velegodu- Nandyal section including Nandyal Bypass from Km 143/6 to 185/9 NH-167K,776,644.14,0.0,30/07/2027,30/07/2027,1,2027-07-30,2027-07-30,0,CLEAN
1541,Roads & Highways,Ministry of Road Transport & Highways,618611,Sangariya near Chautala-Rasisar near Bikaner section of NH-754K Phase-I AJ/SR-Package-7,521,548.42,426.0,29/06/2023,31/05/2026,1,2023-06-29,2026-05-31,0,CLEAN
1542,Roads & Highways,Ministry of Road Transport & Highways,618090,Sarsam - Kothari of NH-161A - 2L PS from Km.33/00 to 90/00,546,0.0,0.0,27/06/2019,30/11/2025,0,2019-06-27,2025-11-30,0,NOT_YET_REVISED_COST
1543,Roads & Highways,Ministry of Road Transport & Highways,619069,Satara Km 725.000 to Pune Km 865.350 of NH - 4 New NH - 48 in Maharashtra,362,425.51,64.35,04/05/2022,30/06/2026,1,2022-05-04,2026-06-30,0,CLEAN
1544,Roads & Highways,Ministry of Road Transport & Highways,618153,Satara to Mhaswad,653,0.0,7.33,01/08/2019,31/07/2025,0,2019-08-01,2025-07-31,0,NOT_YET_REVISED_COST
1545,Roads & Highways,Ministry of Road Transport & Highways,618847,Sattanathapuram to Nagapattinam from Km 123.800 to Km 179.555,2900,2899.77,1201.6,04/10/2022,31/08/2026,1,2022-10-04,2026-08-31,0,CLEAN
1546,Roads & Highways,Ministry of Road Transport & Highways,618005,Sheohar-Sitamarhi Section km 40.000 to 79.400 km Lot-I,179,278.53,0.0,03/05/2018,30/06/2026,1,2018-05-03,2026-06-30,0,CLEAN
1547,Roads & Highways,Ministry of Road Transport & Highways,618173,Shirur-Kharda section from 55937 km to 114486 km to 2LPS/4L,382,0.0,0.0,16/06/2019,30/09/2025,0,2019-06-16,2025-09-30,0,NOT_YET_REVISED_COST
1548,Roads & Highways,Ministry of Road Transport & Highways,618840,Simaria Km. 206.050 to Khagaria Km. 266.282,664,891.64,351.77,03/04/2019,31/07/2026,1,2019-04-03,2026-07-31,0,CLEAN
1549,Roads & Highways,Ministry of Road Transport & Highways,618006,Sitamarhi-Jaynagar Section km 79.400 to km 156.500 Lot-II,370,503.28,0.0,29/12/2018,30/06/2026,1,2018-12-29,2026-06-30,0,CLEAN
1550,Roads & Highways,Ministry of Road Transport & Highways,619078,Six Laning of Bihar - Jharkhand Border Chordaha - Gorhar section of NH-2 from km 249.525 to km 320.810,1773,1689.17,562.76,26/11/2021,31/12/2026,1,2021-11-26,2026-12-31,0,CLEAN
1551,Roads & Highways,Ministry of Road Transport & Highways,619205,Six Laning of KT/KL Border Thalapaddy -Chengala from Km. 17.200 to Km. 57.20,1981,2681.48,1060.49,15/05/2024,31/05/2026,1,2024-05-15,2026-05-31,0,CLEAN
1552,Roads & Highways,Ministry of Road Transport & Highways,618530,Six Laning of Varanasi to Aurangabad from km. 786.00 to km. 978.40 of Old NH-2,3242,3241.56,1248.48,10/03/2014,30/06/2026,1,2014-03-10,2026-06-30,0,EXTREME_SCHEDULE_OUTLIER
1553,Roads & Highways,Ministry of Road Transport & Highways,619076,Six Laning of Vijayawada Bypass from Chinna Avutapalli to Gollapudi in Vijayawada - Gundugolanu Section from km. 0.00 to km. 30.00 Pkg-III,1581,1883.71,934.99,17/02/2023,31/05/2026,1,2023-02-17,2026-05-31,0,CLEAN
1554,Roads & Highways,Ministry of Road Transport & Highways,618527,Six Laning of Vijayawada Bypass from Gollapudi to Chinnakakani in Vijayawada - Gundugolanu Section from km. 30.00 to km. 47.881 Pkg-IV,1195,1757.82,853.14,04/01/2024,15/05/2026,1,2024-01-04,2026-05-15,0,CLEAN
1555,Roads & Highways,Ministry of Road Transport & Highways,618966,Six laning with both sides Service Road of Ayodhya Bypass from Design Km 0000 near Ashram Tiraha on NH-46 to Km 16439 end at Ratnagiri Tiraha on Nh-146,1123,1103.22,94.69,11/08/2027,11/08/2027,1,2027-08-11,2027-08-11,0,CLEAN
1556,Roads & Highways,Ministry of Road Transport & Highways,619187,"Slope protection and landslide mitigation at 4 vulnerable locations km 1.950 to Km 2.100, km 11.100 to 11.450, km 22.435 to km 22.485 and km 22.610 to km 22.680 within Sevoke-Rangpo section of NH-10 old NH-31A in Darjeeling & Kalimpong district in the State of West Bengal on EPC mode",152,0.0,0.0,26/06/2027,26/06/2027,0,2027-06-26,2027-06-26,0,NOT_YET_REVISED_COST
1557,Roads & Highways,Ministry of Road Transport & Highways,619003,Solan - Kaithlighat Section of NH-22 Now NH-5 from Km. 106.139 to Km.129.05,882,1519.53,652.04,06/05/2021,16/11/2026,1,2021-05-06,2026-11-16,0,CLEAN
1558,Roads & Highways,Ministry of Road Transport & Highways,618212,"STABILIZATION OF LAND SLIDE AND SLOPE PROTECTION AT KM 11.00 TO KM 11.08, 29,730 KM TO 30,060 KM, 30,400 KM TO 31,060 KM, 34,750 KM TO 35,300 KM, 38,950 KM TO 39,030 KM & 39,460 KM TO 39,540 KM TWO LOC CLUBBED, KM 40,400 TO KM 40,650, KM 43,500 KM 43,680, 52,460 RISHIKESH - DHARASU ROAD NH-94 ON EPC MODE IN THE STATE OF UTTARAKHAND. NOSE OF LAND SLIDE - 12 NOS",197,0.0,0.0,18/04/2027,,0,2027-04-18,,1,NOT_YET_REVISED_COST;MISSING_REVISED_DATE
1559,Roads & Highways,Ministry of Road Transport & Highways,619084,Start of Karur Bypass - Dindigul from km. 292.600 to km. 305.600 Contract Package No. NS2/BOT/TN-4,462,515.03,42.28,16/04/2009,16/10/2026,1,2009-04-16,2026-10-16,0,EXTREME_SCHEDULE_OUTLIER
1560,Roads & Highways,Ministry of Road Transport & Highways,619207,Start of Kollam Bypass - Kadambattukonam,2641,3309.06,891.4,29/03/2025,30/06/2026,1,2025-03-29,2026-06-30,0,CLEAN
1561,Roads & Highways,Ministry of Road Transport & Highways,617973,Strengthening and widening of existing 2 lane road to two lane paved shoulder from km 7.750 to 26.542 & km. 32.093 to 45.786 of NH-130 on EPC mode in the state of chhattisgarh.job No. 130-CG-2017-18-348,189,0.0,102.56,24/11/2020,28/02/2026,0,2020-11-24,2026-02-28,0,NOT_YET_REVISED_COST
1562,Roads & Highways,Ministry of Road Transport & Highways,618133,Strengthening and Widening of road Sakoli- Wadsa-Armori-Gadchiroli-Ashti- Allapalli -Sironcha National highway NH 353C in Km 262/00 to 321/00 including 16 minor Bridges and 2 Major Bridge Total length 59 Km section from repanpalli to sironcha in Gadchiroli Dist in the State of Maharashtra.,281,0.0,0.0,31/05/2024,31/05/2026,0,2024-05-31,2026-05-31,0,NOT_YET_REVISED_COST
1563,Roads & Highways,Ministry of Road Transport & Highways,618565,Strengthening of existing 4L Ayodhya Bypass Section from design Km. 121 600 to Km. 144020 of NH 28 New NH 27Pkg-3,526,281.13,259.66,08/03/2025,27/08/2025,1,2025-03-08,2025-08-27,0,CLEAN
1564,Roads & Highways,Ministry of Road Transport & Highways,618628,Strengthening of Existing Alignment of Pandharpur Town Part Bypassed Section of NH 965 from KM 36.230 to KM 44.230 from Chh. Shivaji Maharaj Chowk to Wakhari,150,87.59,58.75,31/10/2025,31/08/2026,1,2025-10-31,2026-08-31,0,CLEAN
1565,Roads & Highways,Ministry of Road Transport & Highways,618061,"Strengthening, Widening & Up-gradation of newly declared NH-761 from NH-61Junction-BelheAlkutiDevibhoyareNighojShirur, from Design chainage Km 0.000 to Km 37.970 from Single/Intermediate/2L to 2LPS in the State of Maharashtra on EPC Mode Length 37.970 Km",386,0.0,30.86,27/09/2026,27/09/2026,0,2026-09-27,2026-09-27,0,NOT_YET_REVISED_COST
1566,Roads & Highways,Ministry of Road Transport & Highways,617949,Tadipatri Bypass Km 0000 to Km 6285 of 4-Lane on NH-67 in Anantapuramu district of AP state under NHO on EPC Mode under Annual Plan 2022-23,160,0.0,59.26,12/03/2026,31/03/2026,0,2026-03-12,2026-03-31,0,NOT_YET_REVISED_COST
1567,Roads & Highways,Ministry of Road Transport & Highways,618796,Tanot -Ramgarh-Bhadasar-Jaisalmer NH-68 and BhadasarMokal-Sarkaritala up to Pakisthan Border NH-968 Pkg-BM/5,829,830.37,405.43,21/04/2021,31/05/2026,1,2021-04-21,2026-05-31,0,CLEAN
1568,Roads & Highways,Ministry of Road Transport & Highways,618638,Tarsod - Fagne section of NH-6,2268,2560.5,990.0,12/07/2021,30/04/2026,1,2021-07-12,2026-04-30,0,CLEAN
1569,Roads & Highways,Ministry of Road Transport & Highways,619097,Thalassery Mahe Bypass Km 170.600 to Km 189.200 of NH-17New NH-66 in Kerala,1181,1573.18,710.24,31/05/2020,31/05/2026,1,2020-05-31,2026-05-31,0,CLEAN
1570,Roads & Highways,Ministry of Road Transport & Highways,619165,Thanamcherla-Jamandlapally 2LPS,177,18.65,8.31,07/02/2023,31/05/2026,1,2023-02-07,2026-05-31,0,EXTREME_COST_OVERRUN_OUTLIER
1571,Roads & Highways,Ministry of Road Transport & Highways,619094,Thorapalli - Agraharam - Jittandahalli Section from km 23.350 to km 60.100 [Hosur to Dhamrapuri Pkg-2],1244,1272.11,623.59,06/12/2023,31/12/2026,1,2023-12-06,2026-12-31,0,CLEAN
1572,Roads & Highways,Ministry of Road Transport & Highways,619083,Thumbipadi-Namakkal from km. 180.00 to km. 248.625 Package No. NS-2/BOT/TN-02,256,395.43,206.64,14/02/2009,30/08/2026,1,2009-02-14,2026-08-30,0,EXTREME_SCHEDULE_OUTLIER
1573,Roads & Highways,Ministry of Road Transport & Highways,618605,Thuravoor Thekku-Paravoor,2879,2638.67,2120.87,12/09/2024,31/12/2026,1,2024-09-12,2026-12-31,0,CLEAN
1574,Roads & Highways,Ministry of Road Transport & Highways,617889,Treatment of landslide zone from location no. 01 to 28 km 62.860 to 152.750 on NH-12509 in the State of Uttarakhand under EPC mode in NHO Annual Plan 2022-23,192,0.0,0.0,20/06/2024,31/05/2026,0,2024-06-20,2026-05-31,0,NOT_YET_REVISED_COST
1575,Roads & Highways,Ministry of Road Transport & Highways,618743,Trichy 135.800 to Karur 218.000 section of NH-67 - Trichy Bypass,877,360.88,66.59,03/10/2024,,1,2024-10-03,,1,MISSING_REVISED_DATE;EXTREME_COST_OVERRUN_OUTLIER
1576,Roads & Highways,Ministry of Road Transport & Highways,619071,Tumkur - Nelamangala 6L,2032,1664.2,580.01,25/08/2025,31/03/2027,1,2025-08-25,2027-03-31,0,CLEAN
1577,Roads & Highways,Ministry of Road Transport & Highways,619070,Tumkur-Chitradurga,839,47.44,8.42,01/12/2013,30/06/2026,1,2013-12-01,2026-06-30,0,EXTREME_SCHEDULE_OUTLIER;EXTREME_COST_OVERRUN_OUTLIER
1578,Roads & Highways,Ministry of Road Transport & Highways,619220,Tumkur-Shimoga Pkg-III from Km 121.900 Banawara to Km 170.415 Bettadahalli of Old NH-206,1444,1834.81,890.55,14/03/2023,31/12/2026,1,2023-03-14,2026-12-31,0,CLEAN
1579,Roads & Highways,Ministry of Road Transport & Highways,618512,Tunnel at Khambataki Ghat Section and its approaches from existing Km. 771.730 to existing Km. 782.000,907,816.12,538.76,27/02/2022,31/08/2026,1,2022-02-27,2026-08-31,0,CLEAN
1580,Roads & Highways,Ministry of Road Transport & Highways,618773,Tuticorin - Tirunelveli from km. 0.00 to km. 47.250,450,452.48,1.17,25/04/2012,,1,2012-04-25,,1,MISSING_REVISED_DATE
1581,Roads & Highways,Ministry of Road Transport & Highways,618258,Two laning with paved shoulders of Gondiguda to Araku uptoBhallaguda section of NH 516E,297,289.11,237.52,07/09/2023,09/04/2024,1,2023-09-07,2024-04-09,0,CLEAN
1582,Roads & Highways,Ministry of Road Transport & Highways,618255,Two laning with paved shoulders of Lambasingi to Paderusection of NH 516E,361,358.05,109.5,02/11/2025,30/11/2026,1,2025-11-02,2026-11-30,0,CLEAN
1583,Roads & Highways,Ministry of Road Transport & Highways,618259,Two laning with paved shoulders of Paderu to GundigudaSection of NH 516E,223,0.0,122.52,30/03/2023,24/03/2024,0,2023-03-30,2024-03-24,0,NOT_YET_REVISED_COST
1584,Roads & Highways,Ministry of Road Transport & Highways,617937,Udgir Raavi Degloor Aadampur phata to Sagroli fata,810,0.0,0.0,12/04/2028,,0,2028-04-12,,1,NOT_YET_REVISED_COST;MISSING_REVISED_DATE
1585,Roads & Highways,Ministry of Road Transport & Highways,618954,Umagaon - Saharsa Package - I Combined Umagaon-Kaluahi0.000KM to 21.609Km of NH227LSaharghat-Rahika0.000 Km to 26.130KM of NH227JRahika-Rampatti 0.00 KM to 15.00KM of NH527ABideshwarsthan-Bheja0.000KM to 25.915KM of NH527A.,1473,1703.02,586.95,01/07/2027,01/07/2027,1,2027-07-01,2027-07-01,0,CLEAN
1586,Roads & Highways,Ministry of Road Transport & Highways,618953,Umagaon-Saharsa Package-IV Koshi Bridge & approach Road - Bheja-Bakaur,1200,1223.94,1120.87,11/08/2023,31/03/2027,1,2023-08-11,2027-03-31,0,CLEAN
1587,Roads & Highways,Ministry of Road Transport & Highways,619166,Umagaon-Saharsa Package-V Bakaur-Parsarma-Bangaon-Bariyahi & Spur to Mahishi,768,968.42,410.55,14/12/2025,15/05/2026,1,2025-12-14,2026-05-15,0,CLEAN
1588,Roads & Highways,Ministry of Road Transport & Highways,618108,Up-gradation and strengthening to 2lanePS from Km 95/500 to km 129/775 of Nh 168G Idar-Bhiloda-Samlaji in the state of Gujarat Length 34.275 km,237,0.0,0.0,06/12/2025,30/05/2026,0,2025-12-06,2026-05-30,0,NOT_YET_REVISED_COST
1589,Roads & Highways,Ministry of Road Transport & Highways,617906,Up-gradation of Dhoraji-Jamkandorna-Kalavad Section of NH-927D from Design Chainage km 0/00 to km 58/115 to Two lane with PS configuration in the State of Gujarat on EPC,247,291.19,0.0,24/01/2027,24/01/2027,1,2027-01-24,2027-01-24,0,CLEAN
1590,Roads & Highways,Ministry of Road Transport & Highways,618078,Up-gradation of NH-130C Abhanpur to Paund from NH Km. 0000 to KM 40380 to two lane with paved shoulders in the State of Chhattisgarh on EPC mode.,193,0.0,97.78,24/09/2023,15/02/2026,0,2023-09-24,2026-02-15,0,NOT_YET_REVISED_COST
1591,Roads & Highways,Ministry of Road Transport & Highways,618064,Up-gradation of NH-930 Sherpar to Kohka from Km.67880 to Km.114860 to 2LPS in Chhattisgarh under EPC mode,279,0.0,201.05,25/05/2024,,0,2024-05-25,,1,NOT_YET_REVISED_COST;MISSING_REVISED_DATE
1592,Roads & Highways,Ministry of Road Transport & Highways,618021,Up-gradation of Pichhore- Dinara section of NH-346 from Km 292.750 to 334.550 to two lane with paved shoulders in the state of Madhya Pradesh on EPC mode,426,0.0,0.0,02/06/2027,02/06/2027,0,2027-06-02,2027-06-02,0,NOT_YET_REVISED_COST
1593,Roads & Highways,Ministry of Road Transport & Highways,618093,Up-gradation to 2 lane with Paved shoulder from Charbhuja at Design km 0.00 existing km 150.00 to Neechli Oden Nathdwara at Design ch. Km 88.800 existing km 55.950 of NH-162E on EPC mode.,838,0.0,55.04,26/09/2025,,0,2025-09-26,,1,NOT_YET_REVISED_COST;MISSING_REVISED_DATE
1594,Roads & Highways,Ministry of Road Transport & Highways,618092,Up-gradation to 2 lane with paved shoulder from Neechli Oden Nathdwara at Design Km 88.800 existing km 55.95 to Bhatewar at Design Km 142.028 existing km 0.00 of NH-162E in the State of Rajasthan on EPC mode.,607,0.0,0.0,04/10/2026,03/10/2026,0,2026-10-04,2026-10-03,0,NOT_YET_REVISED_COST
1595,Roads & Highways,Ministry of Road Transport & Highways,619010,Up-gradation to 2 lane with paved shoutders of Pawlrang - Rulchawm section- of NH-102B of Aizawl - Imphal Economic Corridor from Existing Chainage km 72.030 to km 104.129 including 2.459 km re-alignment section from Tuivai River to Rulchawm connecting km 48.150 of NH-6 [Design Chainage km 68.170 to km 98.579] in the State of Mizoram under Bharatmala Pariyojna on EPC mode under NHO-NE Package-3 Keifang- Tuivai Pkg-3,501,0.0,305.45,08/05/2025,12/07/2025,0,2025-05-08,2025-07-12,0,NOT_YET_REVISED_COST
1596,Roads & Highways,Ministry of Road Transport & Highways,618394,Up-gradation to 2-lane with Paved Shoulder from Km 12.850 to Km20.300 of 7.450Km length on Goha-Khellani section and a link road to Goha village of 2.016 km on NH-244 in UT of Jammu and Kashmir on EPC Mode Pkg-1,228,225.37,163.81,01/04/2022,31/10/2026,1,2022-04-01,2026-10-31,0,CLEAN
1597,Roads & Highways,Ministry of Road Transport & Highways,618398,Up-gradation to 2-lane with Paved Shoulder from Km 20.300 to Km 29.030 of 8.730 Km length on Goha-Khellani section on NH-244 in UT of Jammu and Kashmir on EPC Mode Package II,211,0.0,174.92,01/04/2022,31/03/2026,0,2022-04-01,2026-03-31,0,NOT_YET_REVISED_COST
1598,Roads & Highways,Ministry of Road Transport & Highways,618341,Up-gradation to 2-lane with paved shoulders of Ngopa - Pawlrang section of NH 102B of Aizawl - Imphal Economic Corridor from Existing Chainage km 32.796 to km 72.030 [Design Chainage km 31.280 to km 68.170] in the State of Mizoram under Bharatmala Pariyojna on EPC mode under NHO-NE Package-2 Keifang- Tuivai Pkg-2,524,0.0,394.29,22/02/2025,01/06/2026,0,2025-02-22,2026-06-01,0,NOT_YET_REVISED_COST
1599,Roads & Highways,Ministry of Road Transport & Highways,618049,Up-gradation to 2/4 lane with paved shoulder configuration of NH-652 from Tuljapur Naldurg-Akkalkot road Chainage from Km. 00.000 to km 30.982 in the State of Maharashtra on EPC mode.,183,0.0,64.87,08/07/2026,08/07/2026,0,2026-07-08,2026-07-08,0,NOT_YET_REVISED_COST
1600,Roads & Highways,Ministry of Road Transport & Highways,618406,Up-gradation to 4-lane with Paved Shoulder of Jammu-Akhnoor road section of NH-144A from Ganesh Vihar Km 6.000 to Khati Chowk Km 26.350 in UT of Jammu and Kashmir on EPC basis Pkg-3A,322,0.0,0.0,11/07/2021,04/05/2022,0,2021-07-11,2022-05-04,0,NOT_YET_REVISED_COST
1601,Roads & Highways,Ministry of Road Transport & Highways,618766,Up-gradation to Four Lane with Paved Shoulder configuration of the highway starting from existing km 88.400 Savali Vihir to km 163.400 start of Ahmednagar bypass Design Length 75.000 km section of NH-160 in the State of Maharashtra under Bharatmala Pariyojana on EPC Mode,862,617.93,210.27,29/04/2027,29/04/2027,1,2027-04-29,2027-04-29,0,CLEAN
1602,Roads & Highways,Ministry of Road Transport & Highways,617933,Up-gradation to four lane/ Two lane with paved shoulders configuration of Kalyan - Murbad - Malshej Ghat - Nirmal Road NH- 61 km 15/200 to Km 38/00 and from Km. 58/00 to Km 84/00 Design length 48.58 km of NH-61 on EPC Mode in Thane District in the state of Maharashtra,984,0.0,0.0,31/08/2026,31/08/2026,0,2026-08-31,2026-08-31,0,NOT_YET_REVISED_COST
1603,Roads & Highways,Ministry of Road Transport & Highways,618024,Up-gradation to two lane with paved shoulder configuration of NH-354 Section Arifkes-Ferozepur-Muktsar-Malaut from Km 201.500 to Km 212.500 & Km 229.690 to Km 269.960 and strengthening of existing pavement from Km 212.500 to Km 229.690 excluding Km 218.500 to 223.690 of NH-354 on EPC Mode in the State of Punjab. Job No. NH-354-PB-2020-21-532,263,0.0,0.0,15/04/2025,30/06/2026,0,2025-04-15,2026-06-30,0,NOT_YET_REVISED_COST
1604,Roads & Highways,Ministry of Road Transport & Highways,617971,Up-gradation to Two/Four lane with paved shoulder Configuration of Kondagaon- Narayanpur from design ch. 0.00 - 48.693 Design Length 47.493 Km. 1.20 Km. retained on NH-130D under EPC mode in the State Chhattisgarh.,322,0.0,1.1,16/03/2027,16/03/2027,0,2027-03-16,2027-03-16,0,NOT_YET_REVISED_COST
1605,Roads & Highways,Ministry of Road Transport & Highways,618136,Upgradatiobn and Rehabilitation of Section of NH 361 F from Parli 00/000 to Gangakhed 30/400 to Two Lanes with paved shoulder / Four lane configurations on EPC mode in the State of Maharashtra.,224,0.0,0.0,16/09/2023,31/03/2026,0,2023-09-16,2026-03-31,0,NOT_YET_REVISED_COST
1606,Roads & Highways,Ministry of Road Transport & Highways,618022,Upgradation to two lane with paved Shoulder Configuaration from Km. 0/00 to 47/000 of NH 351 Mahuva to Badhada section in the State of Gujarat,173,219.08,22.53,22/08/2025,31/12/2026,1,2025-08-22,2026-12-31,0,CLEAN
1607,Roads & Highways,Ministry of Road Transport & Highways,618511,Upgradation & rehabilitation of Service Roads on both sides in urban areas of Pune City on PuneSatara section of NH48,605,388.78,44.03,16/06/2026,16/06/2027,1,2026-06-16,2027-06-16,0,CLEAN
1608,Roads & Highways,Ministry of Road Transport & Highways,618019,Upgradation & widening of Jharkheda- Berasia - Dholkhedi from design km 0000 to km 87900 Design length 87.90km of NH-346 including 3 nos. bypasses of 13.10 Km in the State of Madhya Pradesh under EPC mode.,365,0.0,0.0,19/05/2025,30/06/2026,0,2025-05-19,2026-06-30,0,NOT_YET_REVISED_COST
1609,Roads & Highways,Ministry of Road Transport & Highways,619155,Upgradation and 4L of Haridwar Bypass from Km 0.000 Km 188.100 of NH-58 to Km. 15.100 Km 5.100 of NH 74 PKg-1,1603,1423.89,588.94,29/10/2024,31/10/2026,1,2024-10-29,2026-10-31,0,CLEAN
1610,Roads & Highways,Ministry of Road Transport & Highways,618043,Upgradation and reconstruction of Dindori - Mandla Section of NH 543 from Km 77100 Design to Km 170580 Design Total length 93.48km to Two lane with paved shoulder configuration along with One time improvement in 04 nos of bypassed built-up areas in a total length of 7.23 km in the state of Madhya Pradesh on EPC mode,492,523.71,0.0,28/07/2026,28/07/2026,1,2026-07-28,2026-07-28,0,CLEAN
1611,Roads & Highways,Ministry of Road Transport & Highways,618036,Upgradation and reconstruction of existing intermediate lane to two Lane with paved shoulder configuration from km. 43.00 Barna River to km. 77.00 ken river length 34.00 km. on Gulganj-Amanganj-Pawai-Katni NH43 Extn. along with One time improvement in 01 no. of bypassed built-up area in a total length of 1.585 km in the state of Madhya Pradesh on EPCmode.,316,0.0,0.0,25/11/2026,25/11/2026,0,2026-11-25,2026-11-25,0,NOT_YET_REVISED_COST
1612,Roads & Highways,Ministry of Road Transport & Highways,617914,Upgradation and reconstruction of Shahpura-Dindori Section of NH 45 from Km 103.700 Design to Km 164.580 Design including 3 bypasses Total length 60.88km to Two lane with paved shoulder configuration along with One time improvement in 03 nos of bypassed built-up areas in a total length of 12.341 km in the State of Madhya Pradesh on EPC mode,241,250.09,0.0,11/12/2025,30/06/2027,1,2025-12-11,2027-06-30,0,CLEAN
1613,Roads & Highways,Ministry of Road Transport & Highways,618967,Upgradation and Strengthening of Chenani to Nashri Section via Patnitop of NH244 from Km 0.000 to Km 39.100,295,295.06,175.81,05/08/2026,05/08/2026,1,2026-08-05,2026-08-05,0,CLEAN
1614,Roads & Highways,Ministry of Road Transport & Highways,618754,Upgradation of 2L/4L with Paved Shoulder of Shirwal-Lonand Section from KM 159900 To KM 188025 of NH-965DD Section I and 2L With Paved Shoulder of Lonand-Satara Section from KM 51500 To KM 96246 Of NH-965D Section II in Satara District in the State of Maharashtra on EPC Mode under NHO-,538,307.24,96.11,20/06/2027,20/06/2027,1,2027-06-20,2027-06-20,0,CLEAN
1615,Roads & Highways,Ministry of Road Transport & Highways,618016,"Upgradation of Ambikapur Ramanujganj - Garhwa Road NH 343 of Package-I, Rajpuri Khurd Village to Padih Village section from existing km 7.830 to km 57.650 Design Ch. 13.700 to Ch. 62.700 of total length 49.00 km to two lane with paved shoulders under EPC mode in the state of Chhattisgarh",397,0.0,18.97,26/05/2027,26/05/2027,0,2027-05-26,2027-05-26,0,NOT_YET_REVISED_COST
1616,Roads & Highways,Ministry of Road Transport & Highways,618014,"Upgradation of Ambikapur-Ramanujganj-Garwa road of NH-343, Package-III, Badki mahri village to Ramanujganj section from existing km 80.600 to km 110.330 Design Ch. 85.370 to Ch. 114.800 of total length 29.430 km to two lane with paved shoulders udner corridor scheme under EPC Mode in the of Chhattisgarh",199,0.0,28.95,31/10/2026,31/10/2026,0,2026-10-31,2026-10-31,0,NOT_YET_REVISED_COST
1617,Roads & Highways,Ministry of Road Transport & Highways,618018,Upgradation of Bilaspur-Takhatpur-Mungeli-Pandariya-Pondi Road on N.H.-130A Package IIIA Takhatpur By-pass from existing Ch. 26.542 to 32.093 [Design Ch. 18.700 to 25.900] & Mungeli By-pass from existing Ch. 45.786 to 56.275 [Design Ch. 29.600 to 51.600] and Package IIIB Pandariya By-Pass from existing Ch. 82.582 to 87.133 [Design Ch. 77.900 to 81.1000 & Pondi By-pass from existing Ch. 103.166 to 104.756 [Design Ch. 97.000 to 103.395] to two lane with paved shoulder configuration in the,351,0.0,11.48,17/07/2025,31/12/2026,0,2025-07-17,2026-12-31,0,NOT_YET_REVISED_COST
1618,Roads & Highways,Ministry of Road Transport & Highways,617915,Upgradation of Dindori-Sagartola-kabichabutra MP-CG border section of NH -45 from km 000Design to km 77.00 Design to Two lane with paved shoulder configration along with one time improvement in 04 nos. of bypaased built-up areas in a total length of 9.1 km in the state of Madhya Pradesh on EPC mode.,329,319.09,0.0,18/09/2025,31/05/2026,1,2025-09-18,2026-05-31,0,CLEAN
1619,Roads & Highways,Ministry of Road Transport & Highways,618098,"Upgradation of exhisting 2 lane flexible pavement to 2 lane paved shoulders rigid pavement from design chainage Km 66.00 to Design Km 82.440 Start of Kolhapur Municipal corporation near Phulewadi to kale, design length 16.440 Km section on Talere Gaganbawada-Kolhapur road NH 166G in the state of Maharashtra on EPC mode",168,0.0,0.0,13/05/2024,31/03/2026,0,2024-05-13,2026-03-31,0,NOT_YET_REVISED_COST
1620,Roads & Highways,Ministry of Road Transport & Highways,618158,"Upgradation of Goras to Shyampur Road section of NH-552 Ext., from Design Chainge 48.400 to 111.800 Km Total length 63.40 km to two lane with paved shoulder configuration along with One time improvement of 8.91 km in the state of Madhya Pradesh on EPC mode",417,0.0,0.0,30/12/2026,30/12/2026,0,2026-12-30,2026-12-30,0,NOT_YET_REVISED_COST
1621,Roads & Highways,Ministry of Road Transport & Highways,618015,"Upgradation of Keonchi - Ratanpur Road of NH 45 Package-I, from design chainage km 237.860 to km 273.200 of length 35.340 km to two lane with paved shoulders under Corridor scheme on EPC mode in the state of Chhattisgarh.",225,228.93,63.38,06/01/2026,31/12/2026,1,2026-01-06,2026-12-31,0,CLEAN
1622,Roads & Highways,Ministry of Road Transport & Highways,618017,"Upgradation of Keonchi - Ratanpur Road of NH 45 Package-II, from design chainage km 278.75 to km 321.348 of length 42.598 km to two lane with paved shoulders under Corridor scheme on EPC mode in the state of Chhattisgarh.",286,0.0,78.67,06/01/2026,31/12/2026,0,2026-01-06,2026-12-31,0,NOT_YET_REVISED_COST
1623,Roads & Highways,Ministry of Road Transport & Highways,618107,Upgradation of Mehsana-Visnagar-vadnagar-Kheralu-Idar section from km 0/00 to 81/300 of NH 168G Mehsana to Idar in the State of GujaratTotal Length 81.300 Km on Hybrid Annuity Mode HAM,1155,0.0,32.09,17/06/2028,19/06/2028,0,2028-06-17,2028-06-19,0,NOT_YET_REVISED_COST
1624,Roads & Highways,Ministry of Road Transport & Highways,618085,Upgradation of Nasrullagani-Rehti-Budhni Scction to 2-lane with paved shoulder from Km 0150 to Km 50500 of NH-146B in the state of Madhya Pradesh on EPC mode.,305,293.74,0.0,25/10/2024,30/06/2026,1,2024-10-25,2026-06-30,0,CLEAN
1625,Roads & Highways,Ministry of Road Transport & Highways,619007,Upgradation of Sarvardewla to Pal MP/MH Border Road section of NH-347 C from Design Chainge km 81.600 to 137.400 Total length 55.80 km to two lane with paved shoulder configuration along with One time improvement of 1 .95 km in the State of Madhya Pradesh on EPC mode.,461,0.0,0.0,02/01/2028,,0,2028-01-02,,1,NOT_YET_REVISED_COST;MISSING_REVISED_DATE
1626,Roads & Highways,Ministry of Road Transport & Highways,618044,Upgradation of Shahdol- Sagartola Section of NH 543 from km 0000 to km 69400 to 2 lane with paved shoulders under Hybrid Annuity Mode HAM in the State of Madhya Pradesh,851,0.0,0.0,24/03/2028,,0,2028-03-24,,1,NOT_YET_REVISED_COST;MISSING_REVISED_DATE
1627,Roads & Highways,Ministry of Road Transport & Highways,618118,Upgradation of two lane paved shoulder from Shahpura existing km. 0.00 Design Ch. 000 to Thanagazi existing Km.37352 Design Ch. 36810 of NH-248A on EPC mode in the State of Rajasthan.,174,0.0,63.55,31/07/2024,31/07/2025,0,2024-07-31,2025-07-31,0,NOT_YET_REVISED_COST
1628,Roads & Highways,Ministry of Road Transport & Highways,618219,Upgradation to 2-lane with Hard shoulder configuration of Suraithota Ch. 29.725 km to Malari Ch. 60.550 km road on NH- 107B under in the state of Uttarakhand.,293,0.0,0.0,09/05/2026,31/12/2026,0,2026-05-09,2026-12-31,0,NOT_YET_REVISED_COST
1629,Roads & Highways,Ministry of Road Transport & Highways,618117,Upgradation to 2-Lane with Paved Shoulder from Design Km 36300 to Design Chainage 47918 and from Design Ch 69900 to Design Ch 83940 of NH-248A Natni Ka Bara in the State of Rajasthan on EPC Mode.,155,0.0,11.94,29/05/2026,29/05/2026,0,2026-05-29,2026-05-29,0,NOT_YET_REVISED_COST
1630,Roads & Highways,Ministry of Road Transport & Highways,618787,"Upgradation to 4L PS from Bhimasar, Junction of NH-41 to Anjar- Bhuj upto Airport Junction from Km 0.000 to Km 65.478 of NH-341",1373,1687.25,834.0,29/06/2025,30/09/2026,1,2025-06-29,2026-09-30,0,CLEAN
1631,Roads & Highways,Ministry of Road Transport & Highways,617900,Upgradation to Two Lane Paved Shoulder in km 33/0 to 126/520 of NH-23 Old NH-11B Kothun-Lalsot-Karoli-Dholpur road in the state of Rajasthan under EPC mode Length-93.52 Km.,150,0.0,12.2,01/09/2024,30/09/2025,0,2024-09-01,2025-09-30,0,NOT_YET_REVISED_COST
1632,Roads & Highways,Ministry of Road Transport & Highways,617972,Upgradation to Two lane with Paved Shoulder Configuration of Narayanpur Kasturmeta pkg-II from design ch. 48.693 to 70.453 design length21.760 Km. on NH-130D under EPC mode in the state of Chhattisgarh.,201,0.0,14.99,13/06/2026,,0,2026-06-13,,1,NOT_YET_REVISED_COST;MISSING_REVISED_DATE
1633,Roads & Highways,Ministry of Road Transport & Highways,619009,Upgradation to Two Lane with Paved Shoulders from Km 0.000 to Km 41.920 Green Field Alignment of Gowrelly to Valigonda Section of NH-930P in the State of Telangana on EPC Mode under Annual Plan 2022-23,690,0.0,0.0,30/04/2028,,0,2028-04-30,,1,NOT_YET_REVISED_COST;MISSING_REVISED_DATE
1634,Roads & Highways,Ministry of Road Transport & Highways,618069,Upgradation to Two-lane with paved shoulder of Hanumangarh to Kenchiyan section from Km 0.000existing chainage-Km 23.200 to Km 49.605existing chainage-Km 74.645 of NH-54 in the State of Rajasthan on EPC mode.,335,0.0,0.0,03/10/2026,03/10/2026,0,2026-10-03,2026-10-03,0,NOT_YET_REVISED_COST
1635,Roads & Highways,Ministry of Road Transport & Highways,619203,Vadape to Thane from km 539.202 to km 563.000 section of NH-3 new NH-848,1253,1371.27,482.26,18/07/2021,31/05/2026,1,2021-07-18,2026-05-31,0,CLEAN
1636,Roads & Highways,Ministry of Road Transport & Highways,618464,Vadodara Mumbai Expressway Ena -Kim Phase IB - Pkg VI [Km 217.500 to Km 254.430],2272,4297.28,2574.42,10/12/2023,15/05/2026,1,2023-12-10,2026-05-15,0,EXPENDITURE_EXCEEDS_ORIGINAL
1637,Roads & Highways,Ministry of Road Transport & Highways,618465,Vadodara Mumbai Expressway Gandeva to Ena Phase IB - Pkg VII [Km 190.00 to Km 217.500],1710,3392.21,2158.87,09/11/2023,15/05/2026,1,2023-11-09,2026-05-15,0,EXPENDITURE_EXCEEDS_ORIGINAL
1638,Roads & Highways,Ministry of Road Transport & Highways,618466,Vadodara Mumbai Expressway Jujuwa - Gandeva from Km. 154.600 to Km. 190.000 Phase-I Package-VIII,3834,3820.2,197.13,02/03/2026,15/11/2026,1,2026-03-02,2026-11-15,0,CLEAN
1639,Roads & Highways,Ministry of Road Transport & Highways,618467,Vadodara Mumbai Expressway Karvad - Jujuwa from Km. 128.000 to Km. 154.600 Phase-I Package-IX,2594,2587.04,212.76,13/10/2025,30/06/2026,1,2025-10-13,2026-06-30,0,CLEAN
1640,Roads & Highways,Ministry of Road Transport & Highways,618463,Vadodara Mumbai Expressway Kim to Ankleshwar Phase IA - Pkg V,1325,2807.48,1248.75,31/10/2021,30/06/2026,1,2021-10-31,2026-06-30,0,CLEAN
1641,Roads & Highways,Ministry of Road Transport & Highways,618468,Vadodara Mumbai Expressway Phase II - Pkg XI [Km. 77.000 to Km. 103.400] Ganjad - Talsari,1525,1913.95,813.35,17/05/2024,30/04/2026,1,2024-05-17,2026-04-30,0,CLEAN
1642,Roads & Highways,Ministry of Road Transport & Highways,619198,Vadodara Mumbai Expressway Phase II - Pkg XII [Km. 50.700 to Km. 77.000] Masvan - Ganjad,1711,2388.52,979.26,22/03/2024,31/05/2026,1,2024-03-22,2026-05-31,0,CLEAN
1643,Roads & Highways,Ministry of Road Transport & Highways,618469,Vadodara Mumbai Expressway Phase II - Pkg XIII [Km. 26.582 to Km. 50.700] Shirsad - Masvan,3537,4679.54,1792.74,08/02/2024,15/07/2026,1,2024-02-08,2026-07-15,0,CLEAN
1644,Roads & Highways,Ministry of Road Transport & Highways,618470,Vadodara Mumbai Expressway Phase II - Pkg XIV [Km. 3.000 to Km. 20.200 of Spur] Shirsad - Akloli,2059,2324.72,629.88,11/05/2024,31/05/2026,1,2024-05-11,2026-05-31,0,CLEAN
1645,Roads & Highways,Ministry of Road Transport & Highways,618471,Vadodara Mumbai Expressway Phase II - Pkg XV [Km. 20.200 to Km. 43.000 of Spur] Akloli - Amne,2611,2918.39,621.7,11/05/2024,30/06/2026,1,2024-05-11,2026-06-30,0,CLEAN
1646,Roads & Highways,Ministry of Road Transport & Highways,618472,Vadodara Mumbai Expressway Phase II - Pkg XVI [Km. 43.000 to Km. 69.800 of Spur] Amne - Bhoj,4052,4315.56,905.74,31/10/2024,30/06/2026,1,2024-10-31,2026-06-30,0,CLEAN
1647,Roads & Highways,Ministry of Road Transport & Highways,618473,Vadodara Mumbai Expressway Phase II - Pkg XVII [Km. 69.800 to Km. 79.783 of Spur] Bhoj - Morbe,2209,2463.02,827.11,17/07/2025,30/06/2026,1,2025-07-17,2026-06-30,0,CLEAN
1648,Roads & Highways,Ministry of Road Transport & Highways,619064,Vadodara Mumbai Expressway Talsari to Karvad Phase IB - Pkg X [Km 103.400 to Km 128.000],1910,2652.24,671.46,21/03/2024,15/11/2026,1,2024-03-21,2026-11-15,0,CLEAN
1649,Roads & Highways,Ministry of Road Transport & Highways,618893,Varanasi Gorakhpur Section Packege IV from km. 149.540 to km. 215.160 Mau-Gorakhpur,2967,3475.65,865.21,07/10/2019,07/05/2026,1,2019-10-07,2026-05-07,0,CLEAN
1650,Roads & Highways,Ministry of Road Transport & Highways,618529,Varanasi Ring Road Pkg-II connecting Sandaha Village km 11.70 / NH-29 with Revasa Village km 818.80 / NH-2,1992,1832.66,1008.02,13/02/2022,31/10/2026,1,2022-02-13,2026-10-31,0,CLEAN
1651,Roads & Highways,Ministry of Road Transport & Highways,618844,Viluppuram Km.0.000 to Puducherry Km.29.000,1358,1162.44,524.82,24/11/2023,30/06/2026,1,2023-11-24,2026-06-30,0,CLEAN
1652,Roads & Highways,Ministry of Road Transport & Highways,618769,Walajahpet/Ranipet to TN/AP Border Section of from Km.106.800 to Km.133.36 NH-4,1338,1214.7,116.15,29/09/2027,29/09/2027,1,2027-09-29,2027-09-29,0,CLEAN
1653,Roads & Highways,Ministry of Road Transport & Highways,618354,Wideinig & Upgradation to 2-lanes with paved shoulders road from Tamenglong to Mahur NH-137 in the State of Assam starting from km 96.870 near Jiri River to km 116.550 near Hangrum Package-7 on EPC mode Package7,847,0.0,0.0,04/03/2026,30/06/2026,0,2026-03-04,2026-06-30,0,NOT_YET_REVISED_COST
1654,Roads & Highways,Ministry of Road Transport & Highways,618063,Widening & Strenghteningof section from Bharthana chowk to Kodarkoot km.0.00 to km.40.00 of NH-91-A on EPC mode,262,343.77,112.46,18/09/2024,30/06/2026,1,2024-09-18,2026-06-30,0,CLEAN
1655,Roads & Highways,Ministry of Road Transport & Highways,617983,Widening & Strengthening of Existing 2LPS to 4 lane PS from Km 150000 to Km 159000 and Km 165400 to Km 186000 of NH-163 old NH-202 under NH O for the year 2020-21 on EPC Mode in the state of Telangana.,317,300.56,175.26,16/07/2024,30/06/2026,1,2024-07-16,2026-06-30,0,CLEAN
1656,Roads & Highways,Ministry of Road Transport & Highways,618132,Widening & strengthening of existing carriageway in 2 lane with paved shoulders from km 25/0 to 59/2 design Ch km 25.467 to 59.200 of NH - 353C on EPC mode in the state of Telangana,206,0.0,152.77,03/06/2020,,0,2020-06-03,,1,NOT_YET_REVISED_COST;MISSING_REVISED_DATE
1657,Roads & Highways,Ministry of Road Transport & Highways,618012,"Widening & strengthenlng to 2LPS from km 0,000 to 40.000 Dhaugaon- Podamari section of NH 326 in the State of Odisha under Annual Plan 2021.22.",187,0.0,42.83,04/02/2026,30/06/2026,0,2026-02-04,2026-06-30,0,NOT_YET_REVISED_COST
1658,Roads & Highways,Ministry of Road Transport & Highways,617958,Widening & Strenthening from km132.895 to km 190.15 NH-80,566,0.0,251.12,03/11/2024,31/07/2026,0,2024-11-03,2026-07-31,0,NOT_YET_REVISED_COST
1659,Roads & Highways,Ministry of Road Transport & Highways,618410,Widening & Up-gradation to 2 lane with paved shoulder of NH-301 Kargil- Zanskar Road from Design Km .30.040 Ex. Km. 30.000 to Design Km 57.000 Ex. Km. 57.905 of 26.960 Km length Pkg-II,405,0.0,321.28,02/01/2023,05/10/2026,0,2023-01-02,2026-10-05,0,NOT_YET_REVISED_COST
1660,Roads & Highways,Ministry of Road Transport & Highways,618409,Widening & Up-gradation to 2 lane with Paved shoulder of NH-301 Kargil- Zanskar Road from Design km 57.000 Ex. Km. 57.905 to Km 87.000 Ex. Km. 88.2491 of 30.000 Km length Pkg-lll,381,0.0,221.62,02/01/2023,29/07/2026,0,2023-01-02,2026-07-29,0,NOT_YET_REVISED_COST
1661,Roads & Highways,Ministry of Road Transport & Highways,618352,Widening & Upgradation to 2 lanes with paved shoulders road from Tamenglong to Mahur NH-137 in the State of Assam starting from km 136.500 near Hejaichak to km 156.489 near P. Leikul Package-9 on EPC mode under NHO-NE Package-9,860,614.43,528.46,29/08/2025,30/06/2026,1,2025-08-29,2026-06-30,0,CLEAN
1662,Roads & Highways,Ministry of Road Transport & Highways,618351,Widening & Upgradation to 2 lanes with paved shoulders road from Tamenglong to Mahur NH-137 in the State of Assam starting from km 156.489 near P. Leikul to km 176.410 near Borowapu on EPC mode under NHO-NE Assam portion Package-10,890,693.15,569.61,29/08/2025,30/06/2026,1,2025-08-29,2026-06-30,0,CLEAN
1663,Roads & Highways,Ministry of Road Transport & Highways,618353,Widening & Upgradation to 2-lanes with paved shoulders road from Tamenglong to Mahur NH-137 in the State of Assam starting from km 116.480 near Hangrum to km 136.500 near Hejaichak Package-8 on EPC mode under NHO-NE Package 8,904,0.0,520.05,29/08/2025,30/06/2026,0,2025-08-29,2026-06-30,0,NOT_YET_REVISED_COST
1664,Roads & Highways,Ministry of Road Transport & Highways,618082,Widening & Upgradation to four lane configuration from Km.34.900 Bhadohi to km.73.134 Jaunpur of NH-135A on EPC mode,396,392.03,0.0,14/05/2024,30/06/2026,1,2024-05-14,2026-06-30,0,CLEAN
1665,Roads & Highways,Ministry of Road Transport & Highways,618372,"Widening / Improvement to 4-Lane with Paved Shoulder configuration of existing single lane road from Kachukhana Harichara Paglagaunj to Dhubri - Phulbari Bridge approach Package-II of Srirampur - Dhubri Section of NH-127B from existing Km 28.050 to Km 55.060 Design Km 27.650 to Km 54.154, Design Length26.504 Km under JICA ODA Loan assistance Phase-V [Srirampur - Dhubri Pkg-2]",909,0.0,638.5,01/01/2025,30/06/2025,0,2025-01-01,2025-06-30,0,NOT_YET_REVISED_COST
1666,Roads & Highways,Ministry of Road Transport & Highways,617928,"Widening 2 lane to 4-lane from KM 92/320 to Km 115/320 Vav Chokdi-Satlasana to to Vrundavan Chokdi, Kheralu on NH-58 in the State of Gujarat.",151,171.27,0.0,14/03/2026,30/06/2026,1,2026-03-14,2026-06-30,0,CLEAN
1667,Roads & Highways,Ministry of Road Transport & Highways,618141,Widening and Improvement of existing carriage way to 2 lane with paved shoulders from Km. 86/160 to 131/730 of Jangaon-Duddeda section of NH-365B in the State of Telangana on EPC Mode,423,423.48,160.07,18/12/2024,31/05/2026,1,2024-12-18,2026-05-31,0,CLEAN
1668,Roads & Highways,Ministry of Road Transport & Highways,618161,Widening and Reconstruction of existing road to four lane from Km.56400 to Km 120300 i.e. from B.Kothapalli Junction to Gorantla excluding Kadiri Bypass from Km 70200 to Km 77105 of NH 716G in the State of Andhra Pradesh on EPC mode Job no. 742,840,0.0,355.56,31/12/2025,30/04/2026,0,2025-12-31,2026-04-30,0,NOT_YET_REVISED_COST
1669,Roads & Highways,Ministry of Road Transport & Highways,618242,Widening and Reconstruction to 4-lane/4-lane with service road including structures from Pokharia More at Km 47.600 Ex. Km 50.230 to Govindpur at km 62.949 Ex. Km 65.325 of Nh-419 in the State of Jharkhand on EPC mode.,300,0.0,76.93,03/01/2026,30/06/2026,0,2026-01-03,2026-06-30,0,NOT_YET_REVISED_COST
1670,Roads & Highways,Ministry of Road Transport & Highways,617982,Widening and strengthening of existing 2-lane to 2- lane with paved shoulders from km 159/0 to 165/4 and 186/0 to 215/0 of NH-163 on EPC mode int the state of Telangana,230,0.0,0.0,30/11/2019,03/12/2020,0,2019-11-30,2020-12-03,0,NOT_YET_REVISED_COST
1671,Roads & Highways,Ministry of Road Transport & Highways,618060,Widening and Strengthening of existing paveemnt to two lane with paved shoulders from km 116.00 to km 176.355 of NH-75E in the State of Jharkhand on EPC mode.,315,0.0,129.54,16/07/2024,30/04/2026,0,2024-07-16,2026-04-30,0,NOT_YET_REVISED_COST
1672,Roads & Highways,Ministry of Road Transport & Highways,618178,Widening and strengthening of Gangakhed to Kingaon section of NH-752K in Km 38/750 to 72/304 Flexible Pavement Length33.554 km to 2-lane configuration on EPC mode in the State of Maharashtra.,163,0.0,0.0,03/06/2026,28/05/2026,0,2026-06-03,2026-05-28,0,NOT_YET_REVISED_COST
1673,Roads & Highways,Ministry of Road Transport & Highways,618206,Widening and Strengthening of Rafiabad-Kupwara-Chowkibal-Tangdhar-Chamkot NH-701 road from design Ch. From 0000 to 51000 to two lanes with paved shoulders under Project Beacon in the UT of Jammu & Kashmir on EPC mode Package-I.,1405,0.0,118.37,08/05/2027,,0,2027-05-08,,1,NOT_YET_REVISED_COST;MISSING_REVISED_DATE
1674,Roads & Highways,Ministry of Road Transport & Highways,618201,"Widening and strengthening to 2 lane with paved shoulder from existing Ch. Km 56720 to Km 100820 and Design Ch. From Km 62600 to Km 106360 Total Length43.760 Km on SRINAGAR -BARAMULA URINH-01 in the UT of Jammu & Kashmir under project BEACON, Border Roads Organization BRO on EPC mode.",702,0.0,0.0,17/11/2026,,0,2026-11-17,,1,NOT_YET_REVISED_COST;MISSING_REVISED_DATE
1675,Roads & Highways,Ministry of Road Transport & Highways,618106,Widening and Strengthening to 2/4 lane with paved shoulders of Mahabubnagar Chincholi section from Km 0/0 to Km 60/255 of NH-167N in the state of Telangana under Annual plan 2021-22 on EPC modepackage-I under NHO Job No.167N-TS-2021-22-75,704,0.0,279.58,18/01/2025,31/05/2026,0,2025-01-18,2026-05-31,0,NOT_YET_REVISED_COST
1676,Roads & Highways,Ministry of Road Transport & Highways,617920,Widening and Strengthening to 2LPS including LA from km 318.970 to 353.450 Balikuda-Mulkani Section of NH-55 under NHO in Annual Plan 2022-23 in the State of Odisha. Job No. NH-55-OD-2022-23-656,512,0.0,0.0,02/06/2027,02/06/2027,0,2027-06-02,2027-06-02,0,NOT_YET_REVISED_COST
1677,Roads & Highways,Ministry of Road Transport & Highways,617921,Widening and strengthening to 2LPS including LA of Kandarpur-Balikuda from km 277/500 to 318/970 of NH-55 in the State of Odisha under Annual Plan 2021-22.,500,0.0,129.74,04/06/2025,31/05/2026,0,2025-06-04,2026-05-31,0,NOT_YET_REVISED_COST
1678,Roads & Highways,Ministry of Road Transport & Highways,618105,Widening and strengthening to 4 lane / 2-lane with paved shoulders of Mahabubnagar - Chincholi section from km 60/255 to Km 102/834 of NH-167N in the State of Telangana on EPC mode.,631,0.0,92.56,08/10/2025,02/11/2026,0,2025-10-08,2026-11-02,0,NOT_YET_REVISED_COST
1679,Roads & Highways,Ministry of Road Transport & Highways,617899,Widening and Strengthening to 4LPS/2LPS from km 0.000 to 35.800 Kuakhia - Mangalpur section of NH 20 in the state of Odisha on Annual Plan 2021-22,636,0.0,292.74,06/02/2026,30/11/2026,0,2026-02-06,2026-11-30,0,NOT_YET_REVISED_COST
1680,Roads & Highways,Ministry of Road Transport & Highways,618264,"Widening and Strengthening to two Lane with Paved Shoulder/Four Lane with paved shoulder configuration from km. 61.500 of NH-727B near Nawalpur km 178.500 of Sonauli Balia Marg, Old SH-01 i.e. end point of Salempur Bypass to km. 106.495 of NH-727B near Sikanderpur under EPC mode",2062,0.0,0.0,30/05/2028,30/05/2028,0,2028-05-30,2028-05-30,0,NOT_YET_REVISED_COST
1681,Roads & Highways,Ministry of Road Transport & Highways,618222,Widening and Strengthening up gradation to 2 lane with paved shoulder from existing chainage Km 192.98 to Km 229.820 design chainage Km 162.800 to Km 198.18 under 31 BRTF on Akhnoor-Poonch Road NH-144A in the UT of Jammu and Kashmir under Project Sampark Border Roads Organisation BRO on EPC Mode Package-VIII Job No NH-144A-J&K-2022-2023-111,562,0.0,137.07,04/01/2026,30/09/2026,0,2026-01-04,2026-09-30,0,NOT_YET_REVISED_COST
1682,Roads & Highways,Ministry of Road Transport & Highways,618123,Widening and Strengthening/Reconstruction to Two Lane with Paved Shoulder/ Two Lane with paved shoulders with service road from km 0000 to km 42250 excluding design Ch. 03220 to 04200 & 28350 to 29060 of NH-320G in the state of Jharkhand under EPC mode,423,0.0,4.11,24/08/2025,,0,2025-08-24,,1,NOT_YET_REVISED_COST;MISSING_REVISED_DATE
1683,Roads & Highways,Ministry of Road Transport & Highways,618380,Widening and Up-gradation to 2- Lane with Paved Shoulder Configuration and geometric improvement from Km. 125. 000 to Km 166 Package-3 on Aizawl Tuipang Section of NH-54 in the State of Mizoram Package-3,867,0.0,159.47,24/04/2023,03/04/2025,0,2023-04-24,2025-04-03,0,NOT_YET_REVISED_COST
1684,Roads & Highways,Ministry of Road Transport & Highways,618384,Widening and Up-gradation to 2- Lane with Paved Shoulder Configuration and geometric improvement from Km. 166. 000 to Km 208.000 Package-4 on Aizawl Tuipang Section of NH-54 in the State of Mizoram Package-4,899,0.0,191.59,24/04/2023,20/04/2025,0,2023-04-24,2025-04-20,0,NOT_YET_REVISED_COST
1685,Roads & Highways,Ministry of Road Transport & Highways,618379,Widening and Up-gradation to 2- Lane with Paved Shoulder Configuration and geometric improvement from Km. 208. 000 to Km 250.000 Package-5 on Aizawl Tuipang Section of NH-54 in the State of Mizoram Package-5,753,0.0,125.62,24/04/2023,,0,2023-04-24,,1,NOT_YET_REVISED_COST;MISSING_REVISED_DATE
1686,Roads & Highways,Ministry of Road Transport & Highways,618381,Widening and up-gradation to 2-lane with paved shoulder configuration and geometric improvements from km 250.00 Lunglei to km 298.00 on Aizawl-Tuipang section under JICA ODA Loan assistance Phase-I Package-6,769,0.0,168.78,16/06/2023,15/05/2025,0,2023-06-16,2025-05-15,0,NOT_YET_REVISED_COST
1687,Roads & Highways,Ministry of Road Transport & Highways,618382,Widening and up-gradation to 2-lane with paved shoulder configuration and geometric improvements from km 298.00 to km 339.00 on Aizawl-Tuipang section under JICA ODA Loan assistance Phase-I Package-7,606,750.32,0.01,01/04/2024,31/05/2025,1,2024-04-01,2025-05-31,0,CLEAN
1688,Roads & Highways,Ministry of Road Transport & Highways,618383,Widening and up-gradation to 2-lane with paved shoulder configuration and geometric improvements from km 339.00 to km 380.00 Siaha on Aizawl-Tuipang section under JICA ODA Loan assistance Phase-I Package-8,637,0.0,101.89,15/09/2023,30/06/2025,0,2023-09-15,2025-06-30,0,NOT_YET_REVISED_COST
1689,Roads & Highways,Ministry of Road Transport & Highways,618397,Widening and Up-gradation to 2-Lane with Paved Shoulder of configuration and geometric improvement from Km 0.000 to Km 16.990 on Chenani Sudhmahadev section of NH-244 in UT of Jammu and Kashmir to be executed on EPC basis,256,0.0,0.0,21/11/2020,04/02/2022,0,2020-11-21,2022-02-04,0,NOT_YET_REVISED_COST
1690,Roads & Highways,Ministry of Road Transport & Highways,619183,Widening of Existing Road from Intermediate Lane 2-lane to 4-lane Between Km 19.994 to Km 35.180 of NH-848A Rakholi-Khadoli-Velugam Section in U.T. of Dadra and Nagar Haveli and Daman and Diu,198,239.57,73.03,14/02/2026,,1,2026-02-14,,1,MISSING_REVISED_DATE
1691,Roads & Highways,Ministry of Road Transport & Highways,618193,Widening of Existing Road to Two Lane with Paved Shoulder Configuration from Km 0.00 to 26.000 & Km 45.200 To 59.622 Of NH 365BB in the State of Andhra Pradesh Under Annual Plan 2023-24 through EPC Mode,369,0.0,37.37,23/12/2026,31/12/2026,0,2026-12-23,2026-12-31,0,NOT_YET_REVISED_COST
1692,Roads & Highways,Ministry of Road Transport & Highways,617886,Widening of existing Single lane / Intermediate lane road to 2 lane from Km 101 to Km 125 of NH 61,252,0.0,0.0,17/06/2026,31/12/2026,0,2026-06-17,2026-12-31,0,NOT_YET_REVISED_COST
1693,Roads & Highways,Ministry of Road Transport & Highways,618002,Widening of existing single lane to intermediate lane road from Mokokchung to Chare via Dikhu in the state of Nagaland on EPC mode,193,0.0,99.65,18/06/2025,,0,2025-06-18,,1,NOT_YET_REVISED_COST;MISSING_REVISED_DATE
1694,Roads & Highways,Ministry of Road Transport & Highways,617901,Widening of Pachpadra-Bagundi Section to 4 Lane from Km 73/60 to 95/70 of NH-25 on EPC mode in the state of Rajasthan.,195,0.0,48.47,11/12/2024,31/03/2026,0,2024-12-11,2026-03-31,0,NOT_YET_REVISED_COST
1695,Roads & Highways,Ministry of Road Transport & Highways,618337,Widening to 2 -Lane with Paved shoulder of Imphal to Jiribam section of NH-37 from Design Chainage 33.000 km to 66.390 Km Existing Chainage from km 33.395 to km 67.496 on EPC Mode in Manipur PKG-3,467,0.0,568.72,19/03/2023,02/03/2026,0,2023-03-19,2026-03-02,0,NOT_YET_REVISED_COST;EXPENDITURE_EXCEEDS_ORIGINAL
1696,Roads & Highways,Ministry of Road Transport & Highways,618336,Widening to 2 -Lane with Paved shoulder of Imphal to Jiribam section of NH-37 from Design Chainage 66.110 km to 101.280 Km Existing Chainage km 67.496 to km 103.557 on EPC Mode in Manipur PKG-4,580,0.0,377.13,29/12/2023,31/07/2026,0,2023-12-29,2026-07-31,0,NOT_YET_REVISED_COST
1697,Roads & Highways,Ministry of Road Transport & Highways,618039,Widening to 2 Lane from Existing Chainage Km 74.700 Km 100.660 Design Chainage Km 53.365 to Km 78.785 on NH- 507 in the State of Uttarakhand.,347,0.0,0.0,23/04/2028,,0,2028-04-23,,1,NOT_YET_REVISED_COST;MISSING_REVISED_DATE
1698,Roads & Highways,Ministry of Road Transport & Highways,618364,"Widening to 2 Lane with Hard shoulder of Akegwo-Avangkhu section of NH-202K for Package-I Design Chainage 0000 Km to 34795 Km, in the State of Nagaland on EPC mode under NH O-NE",430,0.0,0.0,23/02/2026,23/02/2026,0,2026-02-23,2026-02-23,0,NOT_YET_REVISED_COST
1699,Roads & Highways,Ministry of Road Transport & Highways,618366,Widening to 2 Lane with Hard shoulder of Akegwo-Avangkhu section of NH-202K for Package-II Design Chainage 34795 Km to 69875 Km in the State of Nagaland on EPC mode under NHO-NE,443,0.0,0.0,23/02/2026,23/02/2026,0,2026-02-23,2026-02-23,0,NOT_YET_REVISED_COST
1700,Roads & Highways,Ministry of Road Transport & Highways,618365,Widening to 2 Lane with Hard shoulder of Akegwo-Avangkhu section of NH-202K for Package-III Design Chainage 69875 Km to 106816 Km in the State of Nagaland on EPC mode under NHO-NE,497,0.0,0.0,25/02/2026,25/02/2026,0,2026-02-25,2026-02-25,0,NOT_YET_REVISED_COST
1701,Roads & Highways,Ministry of Road Transport & Highways,618122,Widening to 2 lane with paved shoulded of Jareikela Jharkhand/Odisha Border - Dhabaleswar section from 0/0 to 36/0 of NH-320D in the State of Odisha under Annual Plan 2021-22.,172,0.0,0.0,13/10/2026,13/10/2026,0,2026-10-13,2026-10-13,0,NOT_YET_REVISED_COST
1702,Roads & Highways,Ministry of Road Transport & Highways,618030,Widening to 2 lane with paved shoulder from Km. 103.225 Pattadakal to Km. 133.00 Shirur cross of NH-367 in the state of Karnataka on EPC Mode.Job No. NH-367-KNT-2021-22-934,264,0.0,3.58,27/05/2024,31/12/2026,0,2024-05-27,2026-12-31,0,NOT_YET_REVISED_COST
1703,Roads & Highways,Ministry of Road Transport & Highways,618335,Widening to 2 Lane with Paved shoulder of lmphal to Jiribam section of NH-37 from Design Ch. from Km 101280 Near Khongsang Village to Km 131280 near Puilon Kambiron Village on EPC Mode in Manipur PKG-5,411,0.0,339.14,12/05/2024,30/06/2026,0,2024-05-12,2026-06-30,0,NOT_YET_REVISED_COST
1704,Roads & Highways,Ministry of Road Transport & Highways,618334,Widening to 2 Lane with Paved shoulder of lmphal to Jiribam section of NH-37 from Design Ch. from km 131.280 to km 169.570 on EPC mode in Manipur under NHO-TSP PKG-6,505,0.0,308.06,06/02/2025,31/05/2026,0,2025-02-06,2026-05-31,0,NOT_YET_REVISED_COST
1705,Roads & Highways,Ministry of Road Transport & Highways,618333,Widening to 2 lane with Paved shoulder of lmphal to Jiribam section of NH-37 from Design Ch. from km 169570 Near Nungkao vlllage under Tamenglong District to km 205974 near Jiribam Bridge under Jiribam district under NHO-NE PKG-7,760,0.0,414.38,28/12/2025,30/06/2026,0,2025-12-28,2026-06-30,0,NOT_YET_REVISED_COST
1706,Roads & Highways,Ministry of Road Transport & Highways,618130,Widening to 2 lane with paved shoulders from 0.00 to 32.970 ofAdilabadto Bela section of NH 353B in the State of Telangana,491,0.0,0.0,03/05/2026,31/05/2026,0,2026-05-03,2026-05-31,0,NOT_YET_REVISED_COST
1707,Roads & Highways,Ministry of Road Transport & Highways,618147,Widening to 2 Lane with Paved Shoulders from design Km 103.200 Existing Km 103.200 to design Km 116.700 Existing Km 118.470 on AP/KNT Border to Sira Section of NH-544E in the State of Karnatakaon EPC mode under Annual plan 2022-23,167,0.0,35.33,09/09/2025,31/08/2026,0,2025-09-09,2026-08-31,0,NOT_YET_REVISED_COST
1708,Roads & Highways,Ministry of Road Transport & Highways,618183,Widening to 2 lane with paved shoulders from Km 62/920 to km 106/830 of Medak - Yellareddy section in the State of Telangana under Annual Plan 2022-23 on EPC mode under NHO,399,0.0,0.0,20/08/2026,20/08/2026,0,2026-08-20,2026-08-20,0,NOT_YET_REVISED_COST
1709,Roads & Highways,Ministry of Road Transport & Highways,618196,Widening to 2 lane with Paved Shoulders of Siddipet-Elkathurthy section from Km 69/978 to km 133/619 of NH-765DG in the State of Telangana under Annual plan 2021-22 on EPC mode,579,0.0,0.0,21/12/2024,30/06/2026,0,2024-12-21,2026-06-30,0,NOT_YET_REVISED_COST
1710,Roads & Highways,Ministry of Road Transport & Highways,618197,Widening to 2 lane with Paved Shoulders of Medak - Siddipet section from Km 0/0 to km 69/978 of NH-765DG in the State of Telangana under Annual plan 2021-22 on EPC mode,882,0.0,347.73,30/01/2025,30/06/2026,0,2025-01-30,2026-06-30,0,NOT_YET_REVISED_COST
1711,Roads & Highways,Ministry of Road Transport & Highways,618070,Widening to 2 Lanes with paved shoulders from Km.87/000 to 133/720 Nattukal to Thanau Jn. in Palakkad of NH-966 Old NH-213 on EPC mode Basis under NHO Annual Plan 2016-17 in the state of Kerala,294,315.63,0.0,22/08/2019,30/04/2026,1,2019-08-22,2026-04-30,0,CLEAN
1712,Roads & Highways,Ministry of Road Transport & Highways,618207,Widening to 2-lane with Hard Shoulder configuration of Mana Ch. 0.00 to Mana Pass Ch. 50.987 road on NH-07 under Bharatmala Pariyojna in the state of Uttarakhand under Annual Plan 2022-23 length 50.987,574,0.0,0.0,03/10/2027,03/10/2028,0,2027-10-03,2028-10-03,0,NOT_YET_REVISED_COST
1713,Roads & Highways,Ministry of Road Transport & Highways,618345,Widening to 2-lane with Hard shoulder of Churachandpur to Tuivai Section from Km 48.587 to Km 69.875 in the State of Manipur on EPC mode under NHO Package-2B,366,0.0,187.39,04/08/2022,28/05/2026,0,2022-08-04,2026-05-28,0,NOT_YET_REVISED_COST
1714,Roads & Highways,Ministry of Road Transport & Highways,618344,Widening to 2-lane with Hard shoulder of Churachandpur to Tuivai Section of NH-102B from Design Chainage 69.875 Km to 121.769 Km in the State of Manipur on EPC mode Package-3,673,0.0,500.96,24/08/2023,31/12/2026,0,2023-08-24,2026-12-31,0,NOT_YET_REVISED_COST
1715,Roads & Highways,Ministry of Road Transport & Highways,618347,Widening to 2-lane with Hard shoulder of Churachandpur to Tuivai Section of NH-102B from km 13.747 to km 32.835 in the State of Manipur on EPC mode under NHO Package-1B,242,0.0,152.85,30/06/2022,31/03/2026,0,2022-06-30,2026-03-31,0,NOT_YET_REVISED_COST
1716,Roads & Highways,Ministry of Road Transport & Highways,618346,Widening to 2-lane with Hard shoulder of Churachandpur to Tuivai Section of NH-102B from km 32.835 to km 48.587 in the State of Manipur on EPC mode under NHO Package-2A,233,0.0,149.21,30/06/2022,28/03/2026,0,2022-06-30,2026-03-28,0,NOT_YET_REVISED_COST
1717,Roads & Highways,Ministry of Road Transport & Highways,618084,Widening to 2-lane with paved shoulder from km 0.00 to 44.00 Kuru-Ghaghra section of NH-143A including re-construction of culverts and bridges.,153,133.67,84.74,08/08/2023,31/03/2026,1,2023-08-08,2026-03-31,0,CLEAN
1718,Roads & Highways,Ministry of Road Transport & Highways,618338,Widening to 2-Lane with Paved shoulder of Imphal to Jiribam section of NH-37 from Design Chainage 15.940 km to 33.120 Km Existing Chainage Km 15.946 to Km 33.395 Total length17.180 Km in the State of Manipur on EPC mode PKG-2 - Balance Works & Rectification works,195,0.0,0.0,18/03/2026,31/05/2026,0,2026-03-18,2026-05-31,0,NOT_YET_REVISED_COST
1719,Roads & Highways,Ministry of Road Transport & Highways,618000,Widening to 2-Lane with Paved Shoulders from Km 116.800 to 149.070Design Changes on Hosadurga - Holalkere Section of NH-173 in the State of Karnataka on EPC mode under Annual Plan 2021-22 Job no. NH-173-KNT-2021-22-946,170,147.39,106.88,24/02/2024,30/04/2026,1,2024-02-24,2026-04-30,0,CLEAN
1720,Roads & Highways,Ministry of Road Transport & Highways,617996,Widening to 2/4 Lane with paved shoulders from Km 182.120 to Km 227.600 of NH 167 on Haggari-Jadcherla Road on EPC mode under NHO in the state of Telangana,298,0.0,234.7,20/02/2019,31/03/2026,0,2019-02-20,2026-03-31,0,NOT_YET_REVISED_COST
1721,Roads & Highways,Ministry of Road Transport & Highways,617927,Widening to 2LPS between Km 0/0 to 56/0 Khokhara Gujarat Border Vijayanagar Antrasuba Mathasur road of NH 58 in the State of Gujarat,699,0.0,0.0,22/09/2027,22/09/2027,0,2027-09-22,2027-09-22,0,NOT_YET_REVISED_COST
1722,Roads & Highways,Ministry of Road Transport & Highways,618185,Widening to 2LPS from Km 0.000 to 37.850 Except Ex. Km 24.45 to 27.20 of NH-766c Byndoor-Ranebennur Section in the state of Karnataka on EPC Mode under Annual Plan 2022-23 NH-766C-KNT-2022-23-969 dated 30.12.2022,395,0.0,0.0,07/08/2027,06/08/2027,0,2027-08-07,2027-08-06,0,NOT_YET_REVISED_COST
1723,Roads & Highways,Ministry of Road Transport & Highways,617999,Widening to 2LPS from Km 67 to Km 115 on Kadur-Hosadurga section NH 173 in the state of Karnataka NH-173-KNT-2022-23-980 dated 13.03.2023,472,0.0,80.08,16/04/2026,30/10/2026,0,2026-04-16,2026-10-30,0,NOT_YET_REVISED_COST
1724,Roads & Highways,Ministry of Road Transport & Highways,618027,Widening to 2LPS from Km 71.00 to 104.00 Existing chainages Sarjapur to Pattadkallu on Bhanapur to Gaddanakeri section NH-367 in the State of Karnataka under NHO on EPC mode under Annual Plan 2022-23 NH-367-KNT-2022-23-972 dated 08.02.2023,446,0.0,0.0,15/03/2026,15/03/2026,0,2026-03-15,2026-03-15,0,NOT_YET_REVISED_COST
1725,Roads & Highways,Ministry of Road Transport & Highways,618109,Widening to 4 lane from Km 51.60 to 76.20 Hebri to Parkala and from Km 85.20 to 88.90 Karavali junction to Malpe of Thirthahalli-Udupi-Malpe Section of NH-169A in the State of Karnataka on EPC Mode under Annual plan 2021-22 Job No. NH-169A-KNT-2021-22-927,356,0.0,184.79,26/12/2024,31/05/2026,0,2024-12-26,2026-05-31,0,NOT_YET_REVISED_COST
1726,Roads & Highways,Ministry of Road Transport & Highways,618249,Widening to 4 lane from km. 108.50 to km 139.00 of NH-135A Pkg-II Jaunpur Akbarpur section on Hybrid Annuity Mode in the state of Uttar Pradesh,1512,0.0,0.0,29/03/2027,29/03/2027,0,2027-03-29,2027-03-29,0,NOT_YET_REVISED_COST
1727,Roads & Highways,Ministry of Road Transport & Highways,618029,Widening to 4 lane from Km. 133.00 to 158.04 design Chainage Km. 130.88 to 155.145 Shirur Cross to Gaddankeri of NH-367 in the State of Karnataka on EPC mode. Job No. NH-367-KNT-2021-22-930,351,312.06,191.38,17/01/2025,16/01/2027,1,2025-01-17,2027-01-16,0,CLEAN
1728,Roads & Highways,Ministry of Road Transport & Highways,618248,Widening to 4 lane from km. 139.00 to km 179.20 of NH-135A Pkg-III Jaunpur Akbarpur section and Akbarpur bypass on Hybrid Annuity Mode in the state of Uttar Pradesh.,1653,0.0,0.0,15/01/2028,15/01/2028,0,2028-01-15,2028-01-15,0,NOT_YET_REVISED_COST
1729,Roads & Highways,Ministry of Road Transport & Highways,619087,Widening to 6L of Existing 4L Jetpur - Gondal - Rajkot Section from Km. 117.600 to Km. 185.00 on NH-27,2070,1390.29,914.03,26/09/2025,31/01/2027,1,2025-09-26,2027-01-31,0,CLEAN
1730,Roads & Highways,Ministry of Road Transport & Highways,617998,Widening to existing 2 lane with paved Shoulder to 4 Lane with paved shoulder from design Km 153.00 to 168.27 Mala Gate to Karkala of NH -169 on Shimoga - Mangalore section in the state of Karnataka on EPC mode under Annula Plan 2021-22 Job No. NH-169-KNT-2021-22-949,178,0.0,108.93,13/02/2025,31/03/2026,0,2025-02-13,2026-03-31,0,NOT_YET_REVISED_COST
1731,Roads & Highways,Ministry of Road Transport & Highways,618072,Widening to Existing single lane /intermediate lane to 2 lane from Km185.00 to Km 220.00 of NH-61 New NH-02 in the state of Nagaland.,297,0.0,149.19,20/07/2024,31/03/2026,0,2024-07-20,2026-03-31,0,NOT_YET_REVISED_COST
1732,Roads & Highways,Ministry of Road Transport & Highways,617964,"Widening to Four Lane rigid pavement configuration from Km 90.00 to Km 100.800 on NH-96 Km 42.0 to Km 53.300 as per new NH-330,design length of 11.300 km under EPC mode in the state of Uttar Pradesh.",310,0.0,32.4,10/11/2026,10/11/2026,0,2026-11-10,2026-11-10,0,NOT_YET_REVISED_COST
1733,Roads & Highways,Ministry of Road Transport & Highways,618168,Widening to four lane with paved shoulder from Design Km.49.200 to Km.89.285 of NH-731B on EPC mode in the state of Uttar Pradesh,918,965.3,128.0,14/01/2026,31/01/2027,1,2026-01-14,2027-01-31,0,CLEAN
1734,Roads & Highways,Ministry of Road Transport & Highways,618087,Widening to intermediate/two lane to 2 lane with paved shoulder from Existing chanages Km 112.750 to 142.00 Liingasur to Mudabal cross & from Km. 147.070 to Km. 149.070 Maski city limit of Jewargi Chamrajnagar setion of NH-150A in the state of Karnataka on EPC mode. Job No. NH-150A-KNT-2021-22-951,256,0.0,179.66,17/07/2024,15/05/2026,0,2024-07-17,2026-05-15,0,NOT_YET_REVISED_COST
1735,Roads & Highways,Ministry of Road Transport & Highways,618189,Widening to Two Lane with Paved Shoulder of NH-73 New Spur Road Ujire - Dharmasthala - Periyashanthi in the State of Karnataka under on HAM under NHO Annual Plan 2023-24Job No NH-73Spur-KNT-2023-24-996,614,0.0,0.0,04/11/2027,,0,2027-11-04,,1,NOT_YET_REVISED_COST;MISSING_REVISED_DATE
1736,Roads & Highways,Ministry of Road Transport & Highways,618145,Widening to two lane with paved shoulder of Rampachodavaram - Koyyuru section of NH 516E from Km 43700 to Km 113820 in the State of Andhra Pradesh on EPC mode Job No. 737,568,0.0,303.13,01/01/2025,30/04/2026,0,2025-01-01,2026-04-30,0,NOT_YET_REVISED_COST
1737,Roads & Highways,Ministry of Road Transport & Highways,618182,Widening to Two lane with paved shoulders from 106/830 to 158/496 of Yellareddy-Rudrur Section of NH-765D in the state of Telangana on EPC mode under NHO under Annual plan 2022-23,500,0.0,187.35,06/07/2026,06/07/2026,0,2026-07-06,2026-07-06,0,NOT_YET_REVISED_COST
1738,Roads & Highways,Ministry of Road Transport & Highways,618086,"Widening to Two Lane with Paved Shoulders from KB Cross to Chunchanahalli ie., Design Ch. 485240 Km Existing Km 494.000 to Design Ch. 523393 Km Existing km 533.152 & From Design Ch. 530393 Existing Km 540.175 to Design Ch. 534476 Existing Km 544.200 at Nelligere of NH-150A on EPC mode under Annual Plan 2022-23 NH-150A-KNT-2022-23-977 dated 08.03.2023",617,0.0,4.47,13/01/2027,13/01/2027,0,2027-01-13,2027-01-13,0,NOT_YET_REVISED_COST
1739,Roads & Highways,Ministry of Road Transport & Highways,618095,Widening to Two Lane with Paved Shoulders from Km 0.00 Design Chainage 0.00 to Km 23.338 Design Chainage 23310 of NH-166E MH/KNT Border- Kanamadi- Bijjargi- Tikota section in the state of Karnataka in EPC Mode under Annual plan 2022-23 NH-166E-KNT-2022-23-974,196,0.0,0.0,05/03/2026,05/03/2026,0,2026-03-05,2026-03-05,0,NOT_YET_REVISED_COST
1740,Roads & Highways,Ministry of Road Transport & Highways,618149,Widening to two lane with paved shoulders from Km 0.00 to 102.310 Design Chainage of NH-548B Murrum-Maharashtra Border in the State of Karnataka,957,0.0,248.13,15/01/2027,15/01/2027,0,2027-01-15,2027-01-15,0,NOT_YET_REVISED_COST
1741,Roads & Highways,Ministry of Road Transport & Highways,617985,Widening to two lane with paved shoulders from Km 0/0 to 64/020 Pamarru to Akiveedu,530,588.65,0.0,16/11/2023,31/05/2027,1,2023-11-16,2027-05-31,0,CLEAN
1742,Roads & Highways,Ministry of Road Transport & Highways,618091,Widening to two lane with paved shoulders from Km 0/000 to Km 45/946 of Nizampet-Narayankhed-bidar section of NH-161B in the state of Telangana under Annual Plan 2021-22 on EPC mode under NHO,513,0.0,117.6,19/02/2026,23/03/2027,0,2026-02-19,2027-03-23,0,NOT_YET_REVISED_COST
1743,Roads & Highways,Ministry of Road Transport & Highways,618104,Widening to two lane with paved shoulders from Km 0/000 to Km 79/300 of Kalwakurthy - Kollapur section of NH-167K in the state of Telangana under annual plan 2021-22 on EPC mode under NHO.,887,0.0,573.13,11/07/2025,30/06/2026,0,2025-07-11,2026-06-30,0,NOT_YET_REVISED_COST
1744,Roads & Highways,Ministry of Road Transport & Highways,617955,Widening to two lane with paved Shoulders from Km 40.00 to Km 75.00 Existing chainages of Mangalore - Tumkur section of NH-73 in the State of Karnataka on EPC Mode under Annual Plan 2021-22 Job No NH-73-KNT-2021-22-945,719,0.0,308.84,26/03/2025,31/12/2026,0,2025-03-26,2026-12-31,0,NOT_YET_REVISED_COST
1745,Roads & Highways,Ministry of Road Transport & Highways,617995,Widening to Two Lane with Paved Shoulders from Km 67.000 to Km 114.425 of Kalwakurthy- Mallapally Section of NH 167 Erstwhile section of SH 18 in the State of Telangana on EPC mode under NH O Annual Plan 2016-17,300,0.0,175.1,04/05/2019,19/12/2025,0,2019-05-04,2025-12-19,0,NOT_YET_REVISED_COST
1746,Roads & Highways,Ministry of Road Transport & Highways,618143,widening to two lane with Paved shoulders from Km.0/970 to Km.40/410 of Jangaon - Thirumal giriof NH- 365B in the state of Telanganaon EPC mode under NHO Annual Plan 2016-17,197,0.0,0.0,31/10/2019,31/10/2019,0,2019-10-31,2019-10-31,0,NOT_YET_REVISED_COST
1747,Roads & Highways,Ministry of Road Transport & Highways,618142,Widening to Two lane with Paved shoulders from km.40/410 to 84/037 of Thirumanlagiri-- Suryapet Section of NH-365B earstwhile section of SH-16,245,0.0,0.0,08/05/2019,30/09/2019,0,2019-05-08,2019-09-30,0,NOT_YET_REVISED_COST
1748,Roads & Highways,Ministry of Road Transport & Highways,618190,Widening to two lane with paved shoulders of 'Bodhan Basar Bhainsa ' section from Km 38/900 to 95/300 of NH-161BB in the state of Telangana under Annual Plan 2021-22 on EPC Mode under NH O.,644,0.0,349.38,16/03/2025,31/05/2026,0,2025-03-16,2026-05-31,0,NOT_YET_REVISED_COST
1749,Roads & Highways,Ministry of Road Transport & Highways,617981,Widening to Two with Paved shoulders from Km 59.500 to Km 132.033 of Manneguda- Ravunapally section of NH-163 Erstwhile SH-4 in the State of Telangana on EPC mode under NH O Annual Plan 2016-17,359,0.0,0.0,11/05/2019,31/05/2026,0,2019-05-11,2026-05-31,0,NOT_YET_REVISED_COST
1750,Roads & Highways,Ministry of Road Transport & Highways,617936,Widening to two/four lane with paved shoulder from Km.180.600 to Km.223.000 of NH-63 on Nizamabad-Jagadalpur road on EPC mode under NHO in the state of Telangana.,254,183.26,0.0,28/03/2019,,1,2019-03-28,,1,MISSING_REVISED_DATE
1751,Roads & Highways,Ministry of Road Transport & Highways,618140,Widening to two/four lane with paved shoulders from Km.34.250 to Km.71.830 of NH-365A on Kodad-Khammam-Kurvi road.,446,0.0,18.32,31/01/2027,31/01/2027,0,2027-01-31,2027-01-31,0,NOT_YET_REVISED_COST
1752,Roads & Highways,Ministry of Road Transport & Highways,618905,Widening with additional 3L abetting Chhapra Bypass Section of NH-19 from Km. 143.200 to Km. 159.255 Pkg-1,470,528.48,243.02,29/08/2026,30/08/2026,1,2026-08-29,2026-08-30,0,CLEAN
1753,Roads & Highways,Ministry of Road Transport & Highways,618047,"Widening, Reconstruction & Up-gradation to 2 lane with Paved Shoulder/Four Lane configuration for the work of Ahmednagar to Sabalkhed & Ashti to Chinchpur Section of NH-561 from Design km 2915 to km 37728 & Design km 55100 to km 70000 in the State of Maharashtra on EPC mode. Length 49.713 km",657,0.0,0.0,27/05/2027,27/05/2027,0,2027-05-27,2027-05-27,0,NOT_YET_REVISED_COST
1754,Roads & Highways,Ministry of Road Transport & Highways,618138,"Widening, Reconstruction & Up-gradation to 2 lane with Paved Shoulder/Four Lane configuration for the work of Sautada to Shirapur Section of NH-561 from Design km 86300 to km 125589 in the state of Maharashtra on EPC mode. Design length 39.289 km",350,0.0,0.0,04/11/2026,04/11/2026,0,2026-11-04,2026-11-04,0,NOT_YET_REVISED_COST
1755,Roads & Highways,Ministry of Road Transport & Highways,618708,Widening/Development of Existing NH-85 from Km 0.000 to Km 124.636 section to 2L/LPS section in the state of Kerala on EPC Mode under Bharatmala Pariyojana,1187,1265.47,631.69,25/06/2025,31/05/2026,1,2025-06-25,2026-05-31,0,CLEAN
1756,Roads & Highways,Ministry of Road Transport & Highways,618298,Widening/Improvement of existing 2-Lane road to 4-Lane Divided Highway from Sekmai to Nilakuthi section of Imphal-Kohima Road Design Chainage from Km 297700 to Km 308729 of NH-39 New NH-02 in state of Manipur on EPC mode Pkg-5B,212,0.0,227.95,21/01/2023,30/06/2026,0,2023-01-21,2026-06-30,0,NOT_YET_REVISED_COST;EXPENDITURE_EXCEEDS_ORIGINAL
1757,Roads & Highways,Ministry of Road Transport & Highways,618301,Widening/Improvement of existing 2-lane to 4-Lane Divided Highway from Kuraopokpi to Sekmai section of Imphal-Kohima Road Design Ch. km 287.00 to 297.700 of NH-39 New NH-02 in state of Manipur on EPC mode Pkg-5A,229,0.0,33.76,27/08/2026,27/08/2026,0,2026-08-27,2026-08-27,0,NOT_YET_REVISED_COST
1758,Roads & Highways,Ministry of Road Transport & Highways,618306,"Widening/Improvement to 2 lane with earthen shoulder of Choithar to Marrem Khullen section of NH-202 of Imphal Ukhrul Jessami Economic Corridor from Design Chainage km 53.110 to km 95.700 in the State of Manipur on EPC mode under Bharatmala Pariyojana, under NHO-NE Package-5",564,0.0,72.58,31/03/2027,06/05/2027,0,2027-03-31,2027-05-06,0,NOT_YET_REVISED_COST
1759,Roads & Highways,Ministry of Road Transport & Highways,618304,"Widening/Improvement to 2 Lane with earthen shoulder of Jessami to Laynen bridge Nagaland border section of NH-29 of Imphal -Ukhrul - Jessami Economic Corridor from km 0.000 to km 11.009 in the State of Manipur on EPC mode under Bharatmala Pariyojana, under NHO-NE Package-7",165,0.0,125.76,26/06/2026,31/10/2026,0,2026-06-26,2026-10-31,0,NOT_YET_REVISED_COST
1760,Roads & Highways,Ministry of Road Transport & Highways,618305,Widening/Improvement to 2 lane with earthen shoulder of Marrem Khullen to Jessami section of NH-202 of Imphal - Ukhrul - Jessami Economic Corridor from Design Chainage km 95.700 to km 140.180 in the State of Manipur on EPC mode under Bharatmala Pariyojana under NHO-NE Package-6,555,0.0,201.52,07/12/2026,07/12/2026,0,2026-12-07,2026-12-07,0,NOT_YET_REVISED_COST
1761,Roads & Highways,Ministry of Road Transport & Highways,618339,Widening/Improvement to 2-Lane Lane with Paved Shoulder from km 16900 Bogapani to km 27150 Golai Goan on existing Dibrugarh to Ledo section with proposed Digboi Bypass Green Field and Brownfield 2-LanePS of NH-315 OLD NH-38 in Tinsukia District under NHO- NE Package-4,357,0.0,0.0,06/12/2026,,0,2026-12-06,,1,NOT_YET_REVISED_COST;MISSING_REVISED_DATE
1762,Roads & Highways,Ministry of Road Transport & Highways,618303,Widening/Improvement to 2-lane with earthen shoulder of Yaingangpokpi - Finch corner road section of NH-202 from Km 0.000 to Km 16.900 of NH-202 in the state of Manipur on EPC mode Package-1,223,0.0,0.0,30/06/2022,30/04/2026,0,2022-06-30,2026-04-30,0,NOT_YET_REVISED_COST
1763,Roads & Highways,Ministry of Road Transport & Highways,618302,Widening/Improvement to 2-lane with earthen shoulder of Yaingangpokpi - Finch corner road section of NH-202 from Km 16.900 to Km 30.970 of NH-202 in the state of Manipur on EPC mode Package-2,256,0.0,0.0,30/06/2022,30/06/2026,0,2022-06-30,2026-06-30,0,NOT_YET_REVISED_COST
1764,Roads & Highways,Ministry of Road Transport & Highways,618285,Widening/Improvement to 4 -Lane with Paved Shoulder from Ch. 88.000km to Ch.99.930 km Design Ch.84.100km to Ch.96.000 km of Sagunbashi forest near Nichinta to starting of Krishnai Bypass Section of Bilasipura Guwahati road NH 17 on EPC Package-7,287,0.0,186.64,25/10/2025,31/01/2026,0,2025-10-25,2026-01-31,0,NOT_YET_REVISED_COST
1765,Roads & Highways,Ministry of Road Transport & Highways,618371,"Widening/Improvement to 4-Lane with Paved Shoulder configuration of existing single lane road from Srirampur near Bhairiguri Village to Kachukhana Harichara Paglagaunj Package-I of Srirampur - Dhubri Section of NH-127B from existing Km 0.000 to Km 28.050 Design Km 0.000 to Km 27.650, Design Length27.650 Km under JICA ODA Loan assistance Phase-V -Balance work",614,0.0,260.02,25/11/2026,25/11/2026,0,2026-11-25,2026-11-25,0,NOT_YET_REVISED_COST
1766,Roads & Highways,Ministry of Road Transport & Highways,618287,"Widening/Improvement to 4-Lane with paved Shoulder from Ch. 25.633 Km to Ch. 52.470 Km Design Ch. 21.850 Km to Ch.48.670 Km for Package-2 of Bilasipura- Guwahati road NH-17 Section Near Mowatari, before Chapar Bypass to Tulungia junction with NH-17 in the state of Assam on HAM mode under NHO-NE Package-2",1339,0.0,0.0,03/06/2027,03/06/2027,0,2027-06-03,2027-06-03,0,NOT_YET_REVISED_COST
1767,Roads & Highways,Ministry of Road Transport & Highways,618327,Widening/Improvement to 4-Lane with Paved Shoulder from KM 113300 to Km 146230 Design Chainage 113830 to 145712 of Kwaram Taro Village - Dillai Section in Assam on EPC Package-6,626,0.0,0.0,12/07/2024,31/03/2025,0,2024-07-12,2025-03-31,0,NOT_YET_REVISED_COST
1768,Roads & Highways,Ministry of Road Transport & Highways,618326,Widening/Improvement to 4-Lane with Paved Shoulder from KM 38500 to Km 51246 Design Chainage 38500 to 50959 with proposed Daboka Bypass of Daboka-Parokhaowa of NH 29 on EPC under NHO-NE Package-1,517,0.0,0.0,29/11/2025,31/05/2026,0,2025-11-29,2026-05-31,0,NOT_YET_REVISED_COST
1769,Roads & Highways,Ministry of Road Transport & Highways,618359,Widening/Improvement to 4-Lane with Paved Shoulder from km 55000 Nagabang Gamsuk to km 82514 Oyan in the State of Assam and Arunachal Pradesh on EPC mode under Bharatmala Pariyojna of Length 27.514 Km Package-3,665,0.0,295.3,17/03/2027,17/03/2027,0,2027-03-17,2027-03-17,0,NOT_YET_REVISED_COST
1770,Roads & Highways,Ministry of Road Transport & Highways,618340,Widening/Improvement to 4-Lane with Paved Shoulder from km 626030 Nalani hulla Gaon to km 650450 Chotahapjan on existing Tinsukhia -Makum Bypass of NH-15 OLD NH-37 and Strengthening of existing NH-315 OLD NH-38 from Km 0000 Chotahapjan to Km 16900 Bogapani section 2-Lane PS in Assam on EPCMode under NHO-NE Package-3,459,0.0,217.2,17/05/2025,31/07/2026,0,2025-05-17,2026-07-31,0,NOT_YET_REVISED_COST
1771,Roads & Highways,Ministry of Road Transport & Highways,618284,Widening/Improvement to 4-Lane with paved shoulder from Km 99930 to Km 143680 Design Chainage 96000 to 139750 of Paikan to Dhupdhara Sahar of Bilasipura-Guwahati Road on NH-17 in the state of Assam on EPC mode under Bharatmala Pariyojana in Economic Corridors Project Length 43.750km under NHO-NE Package-8,1458,0.0,793.68,26/12/2026,25/12/2026,0,2026-12-26,2026-12-25,0,NOT_YET_REVISED_COST
1772,Roads & Highways,Ministry of Road Transport & Highways,618313,Widening/lmprovement of Existing 2 lane to 4-Laning of Karimganj-Silchar section of NH-37 from Design Ch 0.000 near Silchar ISBT to Design Ch 15.970 near Kalinagar Pt I on NH-37 in Assam on HAM Mode Pkg-1,1182,0.0,0.0,17/09/2027,17/09/2027,0,2027-09-17,2027-09-17,0,NOT_YET_REVISED_COST
1773,Roads & Highways,Ministry of Road Transport & Highways,618310,Widening/lmprovement to 4-L of Karimgani - sutarkandi section of NH 37 from design Ch 0020 Start of proposed Karimganj Bypass from NH -8 to design Chainage Km 14380 near Sutarkandi Spur Connectivity to Indo/Bangladesh Border on Silchar-Churaibari in the State of Assam on HAM Mode Package-7,792,0.0,0.06,28/02/2027,28/02/2027,0,2027-02-28,2027-02-28,0,NOT_YET_REVISED_COST
1774,Roads & Highways,Ministry of Road Transport & Highways,618311,Widening/lmprovement to 4-Lane with Paved shoulder for existing as well as Greenfield alignment of Badarpur Churaibari section of NH-8 from Design chainage 87.700 Chandkhira to Km. 106.500 Churaibari section Assam-Tripura border in the state of Assam on HAM Mode Package-6,870,0.0,0.0,07/03/2027,07/03/2027,0,2027-03-07,2027-03-07,0,NOT_YET_REVISED_COST
1775,Roads & Highways,Ministry of Road Transport & Highways,618288,"Widening/lmprovement to 4-Lane with Paved Shoulder from Ch.5.580 Km to Ch.25.633 Km Design Ch.0.000 Km to Ch.17.737km Km 901.100 to Km 921.145 of old NH-31 of Bilasipara- Guwahati road NH-17 Section Near Chirakuta to near Mowatari, before Chapar Bypass in the state ol Assam on HAM mode Package-1",1081,0.0,0.0,04/08/2027,04/08/2027,0,2027-08-04,2027-08-04,0,NOT_YET_REVISED_COST
1776,Roads & Highways,Ministry of Road Transport & Highways,618312,Widening/lmprovement to 4-Lane with Paved Shoulder from existing road and Greenfield alignment form Design Ch. 62.800 start of proposed Nilambazar/Cheragi Bypass to Design Ch. 87.700 near Chandkhira Village of NH-8 on Silchar-Churaibari in the state of Assam on HAM Mode Package-5,1258,0.0,0.0,23/10/2027,23/10/2027,0,2027-10-23,2027-10-23,0,NOT_YET_REVISED_COST
1777,Roads & Highways,Ministry of Road Transport & Highways,618309,Widening/lmprovement to 4-Laning and Greenfield alignment with Paved shoulder of Silchar-Badarpur Churaibari section of NH-37 & NH-8 from Design chainage 38.600 End point of proposed Badarpur Bypass to Km. 62.800 Start point of proposed Nilambazar/Cheragi Bypass in the state of Assam on HAM Mode Package-4,1320,0.0,0.0,18/08/2027,18/08/2027,0,2027-08-18,2027-08-18,0,NOT_YET_REVISED_COST
1778,Roads & Highways,Ministry of Road Transport & Highways,617916,Work of 6 laning/Construction of elevated corridor from km 0/0 to 10/170 Narol Junction to Sarkhej junction including 4 lane Shastri Bridge on Sabarmati river on NH 47 in the State of Gujarat on HAM mode,1295,0.0,0.0,15/02/2028,15/02/2028,0,2028-02-15,2028-02-15,0,NOT_YET_REVISED_COST
1779,Roads & Highways,Ministry of Road Transport & Highways,617976,Work of development and construction of elevated corridorfrom km 38/660 to km 42/690 Iscon junction to start point of approach of sanand flyover of NH-147 in the sate of Gujarat,530,0.0,58.29,18/06/2026,18/06/2026,0,2026-06-18,2026-06-18,0,NOT_YET_REVISED_COST
1780,Roads & Highways,Ministry of Road Transport & Highways,618171,"Work of Upgradation of Jirapur-Pachore Road including Pachore, Jirapur, Chhapiheda & Khujner Bypasses from 0000 to 58790 Design Length 58.79 Km section of NH-752C to 2LPS in the State of Madhya Pradesh under EPC mode",353,0.0,0.0,15/01/2026,30/10/2026,0,2026-01-15,2026-10-30,0,NOT_YET_REVISED_COST
1781,Roads & Highways,Ministry of Road Transport & Highways,618023,Work of Widening/upgradation of 2-Lane with paved shoulder of Sri Muktsar Sahib to Malout road from Km 279.400 to Km 307.060 section of NH-354 in the State of Punjab on EPC mode. Job No. NH-354-PB-2021-22-555,153,0.0,0.0,15/04/2025,31/03/2026,0,2025-04-15,2026-03-31,0,NOT_YET_REVISED_COST
1782,Roads & Highways,Ministry of Road Transport & Highways,619138,Yekkambi-Haveri,310,309.9,82.28,07/03/2024,30/06/2027,1,2024-03-07,2027-06-30,0,CLEAN
1783,Shipping,"Ministry of Ports, Shipping and Waterways",701574,Deepening and Optimization of Inner Harbour facilities including development of Western Dock on BOT basis to handle Cape size vessels,3005,0.0,2117.12,31/12/2027,16/10/2028,0,2027-12-31,2028-10-16,0,NOT_YET_REVISED_COST
1784,Shipping,"Ministry of Ports, Shipping and Waterways",609424,"Development of Container Terminal at Tuna-Tekra, Deendayal Port on BOT Basis Under PPP Mode",4244,0.0,2244.0,13/03/2027,30/09/2027,0,2027-03-13,2027-09-30,0,NOT_YET_REVISED_COST
1785,Shipping,"Ministry of Ports, Shipping and Waterways",617804,Mechanization of Berth No.14 for handling Containers and other cargo on DBFOT basis - Phase II,153,0.0,58.93,31/03/2027,,0,2027-03-31,,1,NOT_YET_REVISED_COST;MISSING_REVISED_DATE
1786,Shipping,"Ministry of Ports, Shipping and Waterways",701570,"Replacement and revamping of pipeline projects in oil jetty area, Kandla",171,211.61,149.5,30/09/2023,31/03/2025,1,2023-09-30,2025-03-31,0,CLEAN
1787,Shipping,"Ministry of Ports, Shipping and Waterways",400382,Rewas Port Project,6000,0.0,5999.89,31/03/2023,,0,2023-03-31,,1,NOT_YET_REVISED_COST;MISSING_REVISED_DATE
1788,Steel,Ministry of Steel,400121,"Construction of Screening Plant-II for Donimalai and Kumaraswamy Iron Ore Mining Complex of NMDC Limited at Ballari Dt, Karnataka.",1044,0.0,609.8,25/08/2026,,0,2026-08-25,,1,NOT_YET_REVISED_COST;MISSING_REVISED_DATE
1789,Steel,Ministry of Steel,617242,Installation of New Bar Mill at Durgapur Steel Plant,2115,0.0,564.14,30/06/2027,,0,2027-06-30,,1,NOT_YET_REVISED_COST;MISSING_REVISED_DATE
1790,Steel,Ministry of Steel,400174,"New Sinter Plant at BSL, SAIL",1034,1752.3,980.24,31/10/2017,30/06/2027,1,2017-10-31,2027-06-30,0,CLEAN
1791,Steel,Ministry of Steel,706811,NMDC Slurry Pipeline Project Phase-1,2907,5427.0,3607.64,30/06/2023,31/05/2026,1,2023-06-30,2026-05-31,0,EXPENDITURE_EXCEEDS_ORIGINAL
1792,Steel,Ministry of Steel,612781,Rebuilding of COB 4 at Durgapur Steel Plant,917,0.0,206.54,08/12/2026,30/09/2027,0,2026-12-08,2027-09-30,0,NOT_YET_REVISED_COST
1793,Steel,Ministry of Steel,617257,Rebuilding of Coke Oven Battery No.6 at Bokaro Steel Plant,627,0.0,330.82,15/11/2026,,0,2026-11-15,,1,NOT_YET_REVISED_COST;MISSING_REVISED_DATE
1794,Steel,Ministry of Steel,617256,Rebuilding of Coke Oven Battery No.7 & 8 at Bhilai Steel Plant,884,0.0,601.25,31/10/2025,31/03/2026,0,2025-10-31,2026-03-31,0,NOT_YET_REVISED_COST
1795,Steel,Ministry of Steel,617255,"Replacement of Converter Vessels, Trunnion Rings, Support System & Installation of Secondary Emission at Bhilai Steel Plant",472,0.0,239.59,14/06/2026,,0,2026-06-14,,1,NOT_YET_REVISED_COST;MISSING_REVISED_DATE
1796,Steel,Ministry of Steel,617249,Replacement of existing Grinders in CRM-I & II at Bokaro Steel Plant,212,0.0,58.64,27/01/2027,,0,2027-01-27,,1,NOT_YET_REVISED_COST;MISSING_REVISED_DATE
1797,Steel,Ministry of Steel,617243,Replacement of Hot Leveller No.1 of Plate Mill at Bhilai Steel Plant,199,0.0,75.16,29/07/2026,,0,2026-07-29,,1,NOT_YET_REVISED_COST;MISSING_REVISED_DATE
1798,Steel,Ministry of Steel,617254,Replacement of remaining 04 sets of Battery Cyclones with 04 Nos. of ESPs in Sinter Plant-1 at Bokaro Steel Plant,260,0.0,102.86,29/06/2026,30/04/2027,0,2026-06-29,2027-04-30,0,NOT_YET_REVISED_COST
1799,Steel,Ministry of Steel,617251,Revamping of Air Pollution Control Systems of SP-1 at Durgapur Steel Plant,196,0.0,35.36,27/05/2026,,0,2026-05-27,,1,NOT_YET_REVISED_COST;MISSING_REVISED_DATE
1800,Steel,Ministry of Steel,617253,Revamping of old sub-systems of Blast Furnace 3 at Bokaro Steel Plant,514,0.0,408.4,03/07/2025,30/05/2026,0,2025-07-03,2026-05-30,0,NOT_YET_REVISED_COST
1801,Steel,Ministry of Steel,709826,SCREENING PLANT-III AT KIRANDUL,2719,0.0,1524.61,31/01/2026,31/07/2027,0,2026-01-31,2027-07-31,0,NOT_YET_REVISED_COST
1802,Steel,Ministry of Steel,617250,Secondary Emission Control in Converters of SMS-II at Bokaro Steel Plant,207,0.0,57.34,25/10/2026,,0,2026-10-25,,1,NOT_YET_REVISED_COST;MISSING_REVISED_DATE
1803,Steel,Ministry of Steel,617338,Stamp Charge Battery No.12 Battery Proper at IISCO Steel Plant,2518,0.0,375.65,20/07/2028,,0,2028-07-20,,1,NOT_YET_REVISED_COST;MISSING_REVISED_DATE
1804,Steel,Ministry of Steel,617248,Third Ladle Furnace in Secondary Refinery Unit at IISCO Steel Plant,228,0.0,75.66,17/07/2026,,0,2026-07-17,,1,NOT_YET_REVISED_COST;MISSING_REVISED_DATE
1805,Steel,Ministry of Steel,617246,Up-gradation of Blast Furnace No. 3 at Durgapur Steel Plant,758,0.0,219.33,07/06/2026,31/10/2027,0,2026-06-07,2027-10-31,0,NOT_YET_REVISED_COST
1806,Telecommunication,Department of Telecommunications,701593,4G Services by BSNL,28466,19592.0,8471.19,31/03/2024,31/03/2026,1,2024-03-31,2026-03-31,0,CLEAN
1807,Telecommunication,Department of Telecommunications,704495,"502 Aspirational District Scheme in Four states - Bihar, Madhya Pradesh, Rajastha and Uttar Pradesh",422,228.94,152.96,16/03/2022,21/06/2026,1,2022-03-16,2026-06-21,0,CLEAN
1808,Telecommunication,Department of Telecommunications,706775,BharatNet,61109,188000.0,46431.5,31/08/2023,31/03/2027,1,2023-08-31,2027-03-31,0,CLEAN
1809,Telecommunication,Department of Telecommunications,617413,Mobile connectivity in Left Wing Extremism [LWE] affected areas-Phase 1 Upgradation,1885,0.0,376.8,08/05/2025,31/03/2026,0,2025-05-08,2026-03-31,0,NOT_YET_REVISED_COST
1810,Telecommunication,Department of Telecommunications,701599,Mobile connectivity in Left Wing Extremism [LWE] affected areas-Phase2,1578,0.0,701.66,31/03/2023,30/03/2026,0,2023-03-31,2026-03-30,0,NOT_YET_REVISED_COST
1811,Telecommunication,Department of Telecommunications,709856,MPLS-IP BASED ACCESS AND AGGREGATION NETWORK [MAAN] IN BSNL ALONG WITH TEST AND MEASURING EQUIPMENT,645,0.0,377.59,31/08/2024,30/06/2026,0,2024-08-31,2026-06-30,0,NOT_YET_REVISED_COST
1812,Telecommunication,Department of Telecommunications,709857,"Planning, Engineering, Supply, Installation, Testing, Commissioning, Integration & Annual Maintenance of 4G mobile network at 1 Lakh sites on PAN India basis including Mumbai & Delhi LSA on turnkey basis under Phase IX.2 Project.",24545,0.0,8472.04,21/06/2025,30/09/2026,0,2025-06-21,2026-09-30,0,NOT_YET_REVISED_COST
1813,Telecommunication,Department of Telecommunications,701602,"Provision of 4G based mobile services in 7,287 uncovered villages of 44 Aspirational District across 5 states of Andhra Pradesh, Chhattisgarh, Jharkhand, Maharashtra & Odisha",3685,0.0,1457.51,19/11/2023,19/05/2026,0,2023-11-19,2026-05-19,0,NOT_YET_REVISED_COST
1814,Telecommunication,Department of Telecommunications,701598,Provision of 4G based Mobile Services in Uncovered Villages and National Highways of Meghalaya,972,0.0,232.79,03/03/2022,30/06/2026,0,2022-03-03,2026-06-30,0,NOT_YET_REVISED_COST
1815,Telecommunication,Department of Telecommunications,701597,Provision of 4G Mobile Services in Uncovered Villages of Arunachal Pradesh and 2 Districts of Assam,1255,0.0,332.43,30/04/2023,31/03/2026,0,2023-04-30,2026-03-31,0,NOT_YET_REVISED_COST
1816,Telecommunication,Department of Telecommunications,400013,Saturation 4G mobile coverage of Uncovered Villages through USOF,26316,30620.0,9791.8,20/06/2024,31/03/2026,1,2024-06-20,2026-03-31,0,CLEAN
1817,Telecommunication,Department of Telecommunications,709859,SETTING UP OF PHYSICAL INFRASTRUCTURE FOR THE NATIONAL INSTITUTE OF COMMUNICATION FINANCE [NICF] AT GHITORNI,248,0.0,237.39,17/02/2020,30/06/2026,0,2020-02-17,2026-06-30,0,NOT_YET_REVISED_COST
1818,"Tourism, Hospitality & Wellness","Ministry of Ports, Shipping and Waterways",707215,National Maritime Heritage Complex [NMHC] Phase-I,573,1238.05,614.91,31/03/2024,31/03/2026,1,2024-03-31,2026-03-31,0,EXPENDITURE_EXCEEDS_ORIGINAL
1819,Transmission & Distribution,Ministry of Power,615337,Additional Transmission System for evacuation of Power from Bhadla-III PS as part of Rajasthan REZ Phase III Scheme [20 GW] [SPV Name POWERGRID Bhadla-III Power Transmission Limited],369,0.0,210.33,27/02/2026,30/09/2026,0,2026-02-27,2026-09-30,0,NOT_YET_REVISED_COST
1820,Transmission & Distribution,Ministry of Power,617181,"Augmentation at Fatehgarh-II PS, Fatehgarh-IV PS [Section-II] and Barmer-I PS [POWERGRID Fatehgarh Barmer Augmentation Transmission Limited]",404,0.0,28.28,20/12/2026,30/06/2027,0,2026-12-20,2027-06-30,0,NOT_YET_REVISED_COST
1821,Transmission & Distribution,Ministry of Power,619028,Augmentation of 1x500 MVA 400/220kV ICT [3rd] at Thrissur VSC HVDC Station in Kerala,173,0.0,2.08,21/08/2027,,0,2027-08-21,,1,NOT_YET_REVISED_COST;MISSING_REVISED_DATE
1822,Transmission & Distribution,Ministry of Power,617182,Augmentation of Banaskantha [Raghanesda] PS [GIS] [POWERGRID Banaskantha Transco Limited],172,0.0,58.48,23/03/2027,,0,2027-03-23,,1,NOT_YET_REVISED_COST;MISSING_REVISED_DATE
1823,Transmission & Distribution,Ministry of Power,617802,Augmentation of Transformation Capacity and Implementation of Line Bays at Mandsaur S/S for RE Interconnection [SPV Name- POWERGRID Mandsaur I RE Transmission Limited],319,0.0,12.76,30/03/2028,,0,2028-03-30,,1,NOT_YET_REVISED_COST;MISSING_REVISED_DATE
1824,Transmission & Distribution,Ministry of Power,617391,Augmentation of Transformation Capacity at Bhuj-II PS [GIS],488,0.0,5.86,23/11/2026,30/06/2027,0,2026-11-23,2027-06-30,0,NOT_YET_REVISED_COST
1825,Transmission & Distribution,Ministry of Power,615342,Augmentation of Transformation Capacity at jam Khambhaliya PS [GIS] [SPV Name POWERGRID Jam Khambhaliya Transmission Limited],329,0.0,36.19,14/07/2026,30/04/2027,0,2026-07-14,2027-04-30,0,NOT_YET_REVISED_COST
1826,Transmission & Distribution,Ministry of Power,617069,Augmentation of Transformation Capacity at KPS1 [GIS] and KPS2 [GIS] [Phase-V Part B1 and Part B2 Scheme] [SPV Name- POWERGRID KPS1 and 2 Augmentation Transmission Limited],466,0.0,93.2,17/02/2027,,0,2027-02-17,,1,NOT_YET_REVISED_COST;MISSING_REVISED_DATE
1827,Transmission & Distribution,Ministry of Power,617068,"Augmentation of Transformation Capacity by 3x500 MVA, 400/220 KV ICTS [6th-8th] and 1x1500 MVA, 765/400 KV ICT [4th] at Bidar PS [SPV Name- POWERGRID Bidar Augmentation Transmission Limited]",288,0.0,20.16,30/06/2027,,0,2027-06-30,,1,NOT_YET_REVISED_COST;MISSING_REVISED_DATE
1828,Transmission & Distribution,Ministry of Power,602223,Comprehensive Scheme for Strengthening of Transmission and Distribution [T&D] Systems [CSST&DS] in Arunachal Pradesh and Sikkim,4754,9129.32,8069.4,19/12/2018,31/03/2027,1,2018-12-19,2027-03-31,0,EXPENDITURE_EXCEEDS_ORIGINAL
1829,Transmission & Distribution,Ministry of Power,617271,Eastern Region Expansion Scheme-43 [ERES-43],343,0.0,102.8,01/03/2026,30/09/2026,0,2026-03-01,2026-09-30,0,NOT_YET_REVISED_COST
1830,Transmission & Distribution,Ministry of Power,617270,Eastern Region Expansion Scheme-44 [ERES-44],409,0.0,6.13,24/05/2026,30/06/2027,0,2026-05-24,2027-06-30,0,NOT_YET_REVISED_COST
1831,Transmission & Distribution,Ministry of Power,617272,Implementation of LILO of both circuits of 400KV vindhyachal PS-Sasan D/C Line at Hindalco Switchyard,370,0.0,114.7,06/12/2026,,0,2026-12-06,,1,NOT_YET_REVISED_COST;MISSING_REVISED_DATE
1832,Transmission & Distribution,Ministry of Power,617326,Implementation of Transmission Systems in the State of Jharkhand consisting of 400/220/132/33 kV transmission lines and substations under Jharkhand Consultancy Project,1842,0.0,1648.05,31/03/2026,31/08/2026,0,2026-03-31,2026-08-31,0,NOT_YET_REVISED_COST
1833,Transmission & Distribution,Ministry of Power,617807,Inter-regional [NR-WR] Transmission System strengthening to relieve the loading of 765 kV Vindhyachal-Varanasi D/c line,2368,0.0,35.52,16/10/2027,,0,2027-10-16,,1,NOT_YET_REVISED_COST;MISSING_REVISED_DATE
1834,Transmission & Distribution,Ministry of Power,619030,Inter-Regional Strengthening between SR Grid and ER Grid,2722,0.0,13.4,03/08/2028,,0,2028-08-03,,1,NOT_YET_REVISED_COST;MISSING_REVISED_DATE
1835,Transmission & Distribution,Ministry of Power,617808,Inter-Regional Strengthening between SR Grid and WR Grid,1007,0.0,20.14,17/10/2027,,0,2027-10-17,,1,NOT_YET_REVISED_COST;MISSING_REVISED_DATE
1836,Transmission & Distribution,Ministry of Power,617405,Jamnagar Transmission Limited,4000,0.0,537.0,14/10/2026,,0,2026-10-14,,1,NOT_YET_REVISED_COST;MISSING_REVISED_DATE
1837,Transmission & Distribution,Ministry of Power,619049,Khavda IVA Power Transmission Limited,4500,0.0,2263.7,30/08/2026,,0,2026-08-30,,1,NOT_YET_REVISED_COST;MISSING_REVISED_DATE
1838,Transmission & Distribution,Ministry of Power,619026,KPSIII HVDC Transmission Limited,19000,0.0,20.0,12/12/2029,,0,2029-12-12,,1,NOT_YET_REVISED_COST;MISSING_REVISED_DATE
1839,Transmission & Distribution,Ministry of Power,619024,Mahan Transmission Limited,3125,0.0,286.79,25/04/2027,,0,2027-04-25,,1,NOT_YET_REVISED_COST;MISSING_REVISED_DATE
1840,Transmission & Distribution,Ministry of Power,619227,Network Expansion Scheme in Maharashtra for removal of Transmission constraints in Pune Region-I [765/400kV AIS Pune East],1420,0.0,2.84,11/03/2028,,0,2028-03-11,,1,NOT_YET_REVISED_COST;MISSING_REVISED_DATE
1841,Transmission & Distribution,Ministry of Power,617375,North Eastern Region Expansion Scheme-XXIII [NERES-XXIII],209,0.0,3.14,03/02/2028,,0,2028-02-03,,1,NOT_YET_REVISED_COST;MISSING_REVISED_DATE
1842,Transmission & Distribution,Ministry of Power,607709,NORTH EASTERN REGION POWER SYSTEM IMPROVEMENT PROJECT [NERPSIP],5111,6700.0,5577.75,31/12/2018,31/03/2027,1,2018-12-31,2027-03-31,0,EXPENDITURE_EXCEEDS_ORIGINAL
1843,Transmission & Distribution,Ministry of Power,615343,Provision of Dynamic Reactive Compensation at Khavda pooling Station 1 [KPS1] and Khavda Pooling station 3 [KPS3],501,0.0,25.05,06/11/2026,,0,2026-11-06,,1,NOT_YET_REVISED_COST;MISSING_REVISED_DATE
1844,Transmission & Distribution,Ministry of Power,617801,Provision of ICT Augmentation & Bus Reactor at Bhuj-II PS,582,0.0,7.08,18/12/2026,30/06/2027,0,2026-12-18,2027-06-30,0,NOT_YET_REVISED_COST
1845,Transmission & Distribution,Ministry of Power,619025,RAJASTHAN PART I POWER TRANSMISSION LIMITED,25000,0.0,230.05,20/07/2029,,0,2029-07-20,,1,NOT_YET_REVISED_COST;MISSING_REVISED_DATE
1846,Transmission & Distribution,Ministry of Power,617186,Rajasthan REZ Ph-V [Part-1- 4 GW] [Sirohi/Nagaur] Complex [Rajasthan V Power Transmission Limited],5028,0.0,1054.2,23/03/2027,30/06/2027,0,2027-03-23,2027-06-30,0,NOT_YET_REVISED_COST
1847,Transmission & Distribution,Ministry of Power,616672,System Strengthening at Koppal-II and GadagII for integration of RE generation projects [SPV Name POWERGRID Koppal Gadag Augmentation Transmission Limited],1354,0.0,270.8,01/06/2027,,0,2027-06-01,,1,NOT_YET_REVISED_COST;MISSING_REVISED_DATE
1848,Transmission & Distribution,Ministry of Power,400005,Transmission Network Expansion in Gujarat to increase its ATC from ISTS Part B,4546,0.0,4528.07,12/06/2023,31/05/2026,0,2023-06-12,2026-05-31,0,NOT_YET_REVISED_COST
1849,Transmission & Distribution,Ministry of Power,617179,Transmission Scheme for evacuation of Power from Ratle HEP [850 MW] & kiru [624 MW] Part B,219,0.0,3.72,14/07/2026,30/06/2027,0,2026-07-14,2027-06-30,0,NOT_YET_REVISED_COST
1850,Transmission & Distribution,Ministry of Power,612132,Transmission Scheme for Evacuation of power from REZ in Rajasthan [20 GW] under Phase-III Part D Phase I [Sikar Khetri Transmission Ltd],2423,0.0,2035.32,08/08/2025,30/09/2026,0,2025-08-08,2026-09-30,0,NOT_YET_REVISED_COST
1851,Transmission & Distribution,Ministry of Power,617184,Transmission Scheme for integration of Davanagere/ Chitradurga and Bellary REZ in Karnataka [POWERGRID Chitradurga Bellary REZ Transmission Limited],3453,0.0,414.36,20/09/2027,,0,2027-09-20,,1,NOT_YET_REVISED_COST;MISSING_REVISED_DATE
1852,Transmission & Distribution,Ministry of Power,612140,Transmission Scheme for Integration of Renewable Energy Zone [Phase II] in Koppal II [Phase A&B] and gadag II[Phase A] in Karnataka [POWERGRID KOPPAL GADAG TRANSMISSION LIMITED],4445,0.0,3733.8,25/12/2025,30/09/2026,0,2025-12-25,2026-09-30,0,NOT_YET_REVISED_COST
1853,Transmission & Distribution,Ministry of Power,611967,Transmission Scheme for Solar Energy Zone in Ananthpuram 2500MW and Kurnool 1000MW,823,0.0,798.31,30/09/2025,31/05/2026,0,2025-09-30,2026-05-31,0,NOT_YET_REVISED_COST
1854,Transmission & Distribution,Ministry of Power,612138,"Transmission Scheme for Solar Energy Zone in Bidar [2500 MW], Karnataka [Bidar Transmission Ltd]",1368,0.0,1190.16,08/02/2026,30/06/2026,0,2026-02-08,2026-06-30,0,NOT_YET_REVISED_COST
1855,Transmission & Distribution,Ministry of Power,612139,Transmission system for Evacuation of Additional 7 GW RE power from Khavda RE park under Phase-III Part B [Vataman Transmission Limited],4231,0.0,2538.6,25/12/2025,31/12/2026,0,2025-12-25,2026-12-31,0,NOT_YET_REVISED_COST
1856,Transmission & Distribution,Ministry of Power,617279,Transmission System for evacuation of power from Mahan Energen Limited Generating Station in Madhya Pradesh [SPV Name - POWERGRID MEL Power Transmission Limited],558,0.0,50.22,04/12/2027,,0,2027-12-04,,1,NOT_YET_REVISED_COST;MISSING_REVISED_DATE
1857,Transmission & Distribution,Ministry of Power,612855,Transmission System for Evacuation of Power from Potential Energy Renewable Zone in Khavda Area of Gujarat under Ph-IV [7GW] Part E2,697,0.0,369.41,30/05/2026,30/06/2026,0,2026-05-30,2026-06-30,0,NOT_YET_REVISED_COST
1858,Transmission & Distribution,Ministry of Power,611966,Transmission System for Evacuation of power from Potential RE Zone in Khavda Area of Gujarat under phase IV 7GW-Part E4,224,0.0,206.45,09/07/2025,30/04/2026,0,2025-07-09,2026-04-30,0,NOT_YET_REVISED_COST
1859,Transmission & Distribution,Ministry of Power,615345,Transmission System for Evacuation of Power from Potential Renewable Energy Zone in Khavda area of Gujarat under Phase-IV [7GW] Part B [SPV Name POWERGRID South Olpad Transmission Limited],4766,0.0,1239.16,14/10/2026,31/10/2027,0,2026-10-14,2027-10-31,0,NOT_YET_REVISED_COST
1860,Transmission & Distribution,Ministry of Power,615347,TRANSMISSION SYSTEM FOR EVACUATION OF POWER FROM POTENTIAL RENEWABLE ENERGY ZONE IN KHAVDA AREA OF GUJARAT UNDER PHASE-V [8 GW] PART A [SPV Name POWERGRID West Central Transmission Limited],24819,0.0,2481.9,18/05/2029,,0,2029-05-18,,1,NOT_YET_REVISED_COST;MISSING_REVISED_DATE
1861,Transmission & Distribution,Ministry of Power,615338,TRANSMISSION SYSTEM FOR EVACUATION OF POWER FROM RAJASTHAN REZ PH -IV [PART-2 5.5 GW] [JAISALMER/BARMER COMPLEX] PART F [SPV Name POWERGRID BARMER I TRANSMISSION LIMITED],2735,0.0,875.2,06/11/2026,30/06/2027,0,2026-11-06,2027-06-30,0,NOT_YET_REVISED_COST
1862,Transmission & Distribution,Ministry of Power,612134,Transmission System for Evacuation of power from Rajasthan REZ Ph-IV [Part-1] [Bikaner Complex] Part A [Bikaner Neemrana Transmission Ltd],4741,0.0,3650.57,26/12/2025,31/12/2026,0,2025-12-26,2026-12-31,0,NOT_YET_REVISED_COST
1863,Transmission & Distribution,Ministry of Power,612133,Transmission System for Evacuation of power from Rajasthan REZ Ph-IV [Part-1] [Bikaner Complex] Part D [Neemrana Bareilly Transmission Ltd],3271,0.0,2731.28,26/12/2025,31/12/2026,0,2025-12-26,2026-12-31,0,NOT_YET_REVISED_COST
1864,Transmission & Distribution,Ministry of Power,615344,Transmission System for Evacuation of Power from Rajasthan REZ Ph-IV [Part-2 5.5GW] [Jaisalmer/Barmer Complex] Part H1 [POWERGRID KURAWAR TRANSMISSION LIMITED],3674,0.0,1396.12,14/10/2026,30/06/2027,0,2026-10-14,2027-06-30,0,NOT_YET_REVISED_COST
1865,Transmission & Distribution,Ministry of Power,615346,Transmission System for Evacuation of Power from Rajasthan REZ Ph-IV [Part-2 5.5 GW] [Jaisalmer/Barmer Complex] Part C [SPV Name POWERGRID Mandsaur Transmission Limited],2708,0.0,1489.4,18/08/2026,28/02/2027,0,2026-08-18,2027-02-28,0,NOT_YET_REVISED_COST
1866,Transmission & Distribution,Ministry of Power,615333,Transmission System for Evacuation of Power from Rajasthan REZ Ph-IV [Part-2 5.5 GW] [Jaisalmer/Barmer Complex] Part D [SPV Name POWERGRID Beawar Mandsaur Transmission Limited],2227,0.0,979.88,21/08/2026,31/12/2026,0,2026-08-21,2026-12-31,0,NOT_YET_REVISED_COST
1867,Transmission & Distribution,Ministry of Power,615334,Transmission System for Evacuation of Power from Rajasthan REZ Ph-IV [Part-2 5.5 GW] [Jaisalmer/Barmer Complex] Part E [SPV Name POWERGRID Mewar Transmission Limited],3251,0.0,1592.99,18/08/2026,30/04/2027,0,2026-08-18,2027-04-30,0,NOT_YET_REVISED_COST
1868,Transmission & Distribution,Ministry of Power,615332,Transmission System for Evacuation of Power from Rajasthan REZ Ph-IV [Part-2 5.5 GW][Jaisalmer/Barmer Complex] Part B [SPV Name POWERGRID Sirohi Transmission Limited],3279,0.0,1508.34,22/08/2026,31/03/2027,0,2026-08-22,2027-03-31,0,NOT_YET_REVISED_COST
1869,Transmission & Distribution,Ministry of Power,615340,TRANSMISSION SYSTEM FOR EVACUATION OF POWER FROM RAJASTHAN REZ PH-IV [PART-3/ 6 GW] [BIKANER COMPLEX] PART B [SPV Name POWERGRID Siwani Transmission Limited],5357,0.0,1446.39,11/11/2026,30/06/2027,0,2026-11-11,2027-06-30,0,NOT_YET_REVISED_COST
1870,Transmission & Distribution,Ministry of Power,615339,Transmission system for evacuation of power from Rajasthan REZ Ph-IV [Part-3/6GW] [Bikaner complex] Part A [SPV Name POWERGRID Bikaner IV Transmission Limited],5969,0.0,1313.18,11/11/2026,30/04/2027,0,2026-11-11,2027-04-30,0,NOT_YET_REVISED_COST
1871,Transmission & Distribution,Ministry of Power,616670,Transmission System for evacuation of Power from Rajasthan REZ Ph-IV [Part-4 3.5 GW] Part A [SPV name POWERGRID Ghiror Transmission Limited],5846,0.0,1636.88,30/12/2026,30/06/2027,0,2026-12-30,2027-06-30,0,NOT_YET_REVISED_COST
1872,Transmission & Distribution,Ministry of Power,615336,Transmission system for evacuation of Power from REZ in Rajasthan [20 GW] under phase-III Part-D Phase-II,284,0.0,22.72,28/02/2026,31/12/2026,0,2026-02-28,2026-12-31,0,NOT_YET_REVISED_COST
1873,Transmission & Distribution,Ministry of Power,611949,Transmission system for evacuation of power from REZ in Rajasthan 20 GW under Phase-III part C1,1160,0.0,1136.8,30/04/2025,31/05/2026,0,2025-04-30,2026-05-31,0,NOT_YET_REVISED_COST
1874,Transmission & Distribution,Ministry of Power,611948,Transmission system for evacuation of power from REZ in Rajasthan 20 GW under Phase-III part H,1910,0.0,1851.81,30/04/2025,30/06/2026,0,2025-04-30,2026-06-30,0,NOT_YET_REVISED_COST
1875,Transmission & Distribution,Ministry of Power,611947,Transmission System for Evacuation of Power from REZ in Rajasthan 20GW under Phase III- Part E2,428,0.0,415.45,15/06/2025,30/06/2026,0,2025-06-15,2026-06-30,0,NOT_YET_REVISED_COST
1876,Transmission & Distribution,Ministry of Power,611735,Transmission system for evacuation of power from REZ in Rajasthan 20GW under Phase-III Part J,331,0.0,197.71,31/03/2025,31/12/2026,0,2025-03-31,2026-12-31,0,NOT_YET_REVISED_COST
1877,Transmission & Distribution,Ministry of Power,617806,Transmission System for Integration of Ananthapur 2 REZ Phase 1 for 4.5 GW. SPV Name Anantapuram 2 REZ Transmission Ltd,4536,0.0,677.57,30/03/2027,,0,2027-03-30,,1,NOT_YET_REVISED_COST;MISSING_REVISED_DATE
1878,Transmission & Distribution,Ministry of Power,617185,Transmission System for Integration of Kurnool-IV REZ Phase-I [for 4.5 GW] [POWERGRID Kurnool-IV Transmission Limited],5550,0.0,943.5,23/03/2027,30/09/2027,0,2027-03-23,2027-09-30,0,NOT_YET_REVISED_COST
1879,Transmission & Distribution,Ministry of Power,900808,Transmission System for Kurnool Wind Energy Zone/ Solar Energy Zone Part-A and Part-B,3547,0.0,3532.75,30/11/2024,31/05/2026,0,2024-11-30,2026-05-31,0,NOT_YET_REVISED_COST
1880,Transmission & Distribution,Ministry of Power,619029,Transmission System for Reliable Power Supply to Dholera,319,0.0,51.1,02/03/2026,31/12/2026,0,2026-03-02,2026-12-31,0,NOT_YET_REVISED_COST
1881,Transmission & Distribution,Ministry of Power,617269,Transmission System for Strengthening to facilitate evacuation of power from Bhadla/Bikaner Complex,213,0.0,6.38,09/06/2026,31/08/2026,0,2026-06-09,2026-08-31,0,NOT_YET_REVISED_COST
1882,Transmission & Distribution,Ministry of Power,617803,Transmission System Strengthening at Davanagere for Integration of RE Generation [SPV Name - POWERGRID Davanagere Power Transmission Limited],379,0.0,17.06,24/09/2027,,0,2027-09-24,,1,NOT_YET_REVISED_COST;MISSING_REVISED_DATE
1883,Transmission & Distribution,Ministry of Power,617183,Transmission system strengthening at Kurnool- III PS for integration of additional RE generation projects [POWERGRID Kurnool III PS RE Transmission Limited],2886,0.0,721.48,31/12/2027,,0,2027-12-31,,1,NOT_YET_REVISED_COST;MISSING_REVISED_DATE
1884,Transmission & Distribution,Ministry of Power,619228,Transmission System Strengthening for integration of additional RE Potential at Davanagere [0.25 GW] and Bellary [2.75 GW],1111,0.0,5.5,11/02/2028,,0,2028-02-11,,1,NOT_YET_REVISED_COST;MISSING_REVISED_DATE
1885,Transmission & Distribution,Ministry of Power,615335,Transmission System Strengthening for Interconnections of Bhadla-III & Bikaner III Complex [SPV Name POWERGRID BHADLA BIKANER TRANSMISSION LIMITED],1382,0.0,552.8,29/08/2026,31/03/2027,0,2026-08-29,2027-03-31,0,NOT_YET_REVISED_COST
1886,Transmission & Distribution,Ministry of Power,616671,Transmission System under ISTS for evacuation of Power from Kudankulam Unit-3&4 [2x1000 MW] [SPV Name POWERGRID Kudankulam Tarnsmission Limited],548,0.0,120.56,31/12/2026,31/03/2027,0,2026-12-31,2027-03-31,0,NOT_YET_REVISED_COST
1887,Transmission & Distribution,Ministry of Power,619027,WRNES Talegaon Power Transmission Limited,2000,0.0,36.0,01/01/2028,,0,2028-01-01,,1,NOT_YET_REVISED_COST;MISSING_REVISED_DATE
1888,Urban Public Transport,Ministry of Housing & Urban Affairs,702629,Agra Metro Rail Project,8380,0.0,6071.78,26/05/2024,30/06/2027,0,2024-05-26,2027-06-30,0,NOT_YET_REVISED_COST
1889,Urban Public Transport,Ministry of Housing & Urban Affairs,702639,Ahmedabad Metro Rail Project [Phase-I],10773,12924.5,12520.7,31/03/2018,31/05/2026,1,2018-03-31,2026-05-31,0,EXPENDITURE_EXCEEDS_ORIGINAL
1890,Urban Public Transport,Ministry of Housing & Urban Affairs,612878,Bangalore Metro Rail Project - PHASE-3,15611,0.0,0.0,31/05/2031,,0,2031-05-31,,1,NOT_YET_REVISED_COST;MISSING_REVISED_DATE
1891,Urban Public Transport,Ministry of Housing & Urban Affairs,702625,Bhopal Metro Rail Project,6941,0.0,4259.25,29/11/2022,30/06/2028,0,2022-11-29,2028-06-30,0,NOT_YET_REVISED_COST
1892,Urban Public Transport,Ministry of Housing & Urban Affairs,702668,Chennai Metro Rail Phase-II Development Project,63246,0.0,33129.3,31/08/2029,,0,2029-08-31,,1,NOT_YET_REVISED_COST;MISSING_REVISED_DATE
1893,Urban Public Transport,Ministry of Housing & Urban Affairs,702665,Construction Bangalore Metro Rail Project Phase-2A & 2B,14788,14788.1,10276.4,30/06/2026,30/06/2026,1,2026-06-30,2026-06-30,0,CLEAN
1894,Urban Public Transport,Ministry of Housing & Urban Affairs,702635,Construction of Bangalore Metro Rail Project Phase 2.,26405,30695.1,29803.0,22/03/2021,30/09/2026,1,2021-03-22,2026-09-30,0,EXPENDITURE_EXCEEDS_ORIGINAL
1895,Urban Public Transport,Ministry of Housing & Urban Affairs,619031,Delhi Metro Rail Phase V A,12015,0.0,17.4,31/12/2028,,0,2028-12-31,,1,NOT_YET_REVISED_COST;MISSING_REVISED_DATE
1896,Urban Public Transport,Ministry of Housing & Urban Affairs,617207,Delhi Metro Rail Phase-IV [2 Corridors],8400,0.0,94.53,27/03/2029,,0,2029-03-27,,1,NOT_YET_REVISED_COST;MISSING_REVISED_DATE
1897,Urban Public Transport,Ministry of Housing & Urban Affairs,617206,Delhi Metro Rail Phase-IV [Rithala - Kundli Corridor],6231,0.0,72.98,02/01/2029,,0,2029-01-02,,1,NOT_YET_REVISED_COST;MISSING_REVISED_DATE
1898,Urban Public Transport,Ministry of Housing & Urban Affairs,702632,DMRTS Phase - IV [3 Priority Corridors],24949,0.0,20350.8,31/03/2025,31/12/2026,0,2025-03-31,2026-12-31,0,NOT_YET_REVISED_COST
1899,Urban Public Transport,Ministry of Housing & Urban Affairs,702626,Indore Metro Rail Project,7501,0.0,4923.05,29/11/2022,31/12/2028,0,2022-11-29,2028-12-31,0,NOT_YET_REVISED_COST
1900,Urban Public Transport,Ministry of Housing & Urban Affairs,701991,Kalyan Station Precinct Imporvement Project,600,723.7,492.82,31/07/2023,30/06/2026,1,2023-07-31,2026-06-30,0,CLEAN
1901,Urban Public Transport,Ministry of Housing & Urban Affairs,702628,Kanpur Metro Rail Project,11076,0.0,9101.15,26/05/2024,31/03/2027,0,2024-05-26,2027-03-31,0,NOT_YET_REVISED_COST
1902,Urban Public Transport,Ministry of Housing & Urban Affairs,702664,Kochi Metro Rail Phase 2 Development Project,1957,0.0,746.33,20/11/2026,20/11/2026,0,2026-11-20,2026-11-20,0,NOT_YET_REVISED_COST
1903,Urban Public Transport,Ministry of Housing & Urban Affairs,619052,LUCKNOW METRO RAIL PROJECT PHASE-1B EAST WEST CORRIDOR,5801,0.0,0.0,30/04/2031,,0,2031-04-30,,1,NOT_YET_REVISED_COST;MISSING_REVISED_DATE
1904,Urban Public Transport,Ministry of Housing & Urban Affairs,619022,"Metro connectivity from Millennium City Centre to Cyber City with Spur to Dwarka Expressway, Gurugram.",5453,0.0,92.12,06/07/2027,,0,2027-07-06,,1,NOT_YET_REVISED_COST;MISSING_REVISED_DATE
1905,Urban Public Transport,Ministry of Housing & Urban Affairs,702637,Mumbai Metro Line 3,23136,37276.0,33526.7,31/03/2023,31/08/2025,1,2023-03-31,2025-08-31,0,EXPENDITURE_EXCEEDS_ORIGINAL
1906,Urban Public Transport,Ministry of Housing & Urban Affairs,702658,Nagpur Metro Rail Phase II Development Project,6708,0.0,1912.03,31/12/2027,,0,2027-12-31,,1,NOT_YET_REVISED_COST;MISSING_REVISED_DATE
1907,Urban Public Transport,Ministry of Housing & Urban Affairs,701745,New Suburba Station Development Project,263,0.0,17.62,31/07/2022,,0,2022-07-31,,1,NOT_YET_REVISED_COST;MISSING_REVISED_DATE
1908,Urban Public Transport,Ministry of Housing & Urban Affairs,702627,Patna Metro Rail Project,13366,13365.8,5197.09,26/02/2024,30/06/2027,1,2024-02-26,2027-06-30,0,CLEAN
1909,Urban Public Transport,Ministry of Housing & Urban Affairs,617225,PCMC To Nigdi- Extension Of North South Corridor Of Phase-1,910,960.18,269.74,31/01/2027,,1,2027-01-31,,1,MISSING_REVISED_DATE
1910,Urban Public Transport,Ministry of Housing & Urban Affairs,617226,Pune Metro Phase-1 Extension line towards south from Swargate to Katraj,2955,0.0,46.13,04/03/2029,,0,2029-03-04,,1,NOT_YET_REVISED_COST;MISSING_REVISED_DATE
1911,Urban Public Transport,Ministry of Housing & Urban Affairs,618971,Pune Metro Rail Project Phase-2 Corridor 2A Vanaz to Chandani Chowk and Corridor 2B Ramwadi to Wagholi/Vitthalwadi,3626,0.0,2.65,31/07/2029,,0,2029-07-31,,1,NOT_YET_REVISED_COST;MISSING_REVISED_DATE
1912,Urban Public Transport,Ministry of Housing & Urban Affairs,618985,Pune Metro Rail Project Phase-2 Line-4 Kharadi to Khadakwasla with Spur Line 4A Nal Stop - Warje - Manikbaug,9858,0.0,3.94,31/12/2030,,0,2030-12-31,,1,NOT_YET_REVISED_COST;MISSING_REVISED_DATE
1913,Urban Public Transport,Ministry of Housing & Urban Affairs,702630,Surat Metro Rail Project,12020,0.0,8929.65,31/03/2024,30/06/2026,0,2024-03-31,2026-06-30,0,NOT_YET_REVISED_COST
1914,Urban Public Transport,Ministry of Housing & Urban Affairs,617327,Thane Integral Ring Metro Rail Project,12200,0.0,81.63,30/09/2029,,0,2029-09-30,,1,NOT_YET_REVISED_COST;MISSING_REVISED_DATE
1915,Waste & Water,"Department of Water Resources, River Development & GR",616594,Interception & Diversion with Rehabilitation of sewerage scheme at Agra under Hybrid annuity based PPP model-Namami Gange Programme,842,0.0,208.64,30/04/2025,31/12/2026,0,2025-04-30,2026-12-31,0,NOT_YET_REVISED_COST
1916,Waste & Water,"Department of Water Resources, River Development & GR",616600,Interception and Diversion and STP works in Bhagalpur under Hybrid annuity based PPP mode-Namami Gange Programme,413,0.0,126.67,06/02/2025,31/12/2026,0,2025-02-06,2026-12-31,0,NOT_YET_REVISED_COST
1917,Waste & Water,"Department of Water Resources, River Development & GR",616604,Pollution Abatement works for River Ganga at Hooghly Chinsurah- Municipal Town Interception & Diversion with STP,155,0.0,96.17,30/03/2025,31/08/2026,0,2025-03-30,2026-08-31,0,NOT_YET_REVISED_COST
1918,Waste & Water,"Department of Water Resources, River Development & GR",616605,Pollution Abatement Works for River Kali Meerut under Meerut Municipality Interception & Diversion with STP,691,0.0,34.79,31/12/2024,11/05/2027,0,2024-12-31,2027-05-11,0,NOT_YET_REVISED_COST
1919,Waste & Water,"Department of Water Resources, River Development & GR",616611,Sewage Treatment Plant 100MLD and Sewerage Network 288 km in Digha-Patna under Hybrid annuity based PPP mode-Namami Gange Programme,824,0.0,396.71,30/12/2025,30/09/2026,0,2025-12-30,2026-09-30,0,NOT_YET_REVISED_COST
1920,Waste & Water,"Department of Water Resources, River Development & GR",616612,Sewage Treatment Plant 50MLD and Sewerage Network 150 km in Kankarbagh-Patna under Hybrid annuity based PPP mode-Namami Gange Programme,579,0.0,171.79,30/12/2025,,0,2025-12-30,,1,NOT_YET_REVISED_COST;MISSING_REVISED_DATE
1921,Waste & Water,"Department of Water Resources, River Development & GR",616615,"Sewer Network, SPS and STP at Begusarai",230,0.0,261.82,30/04/2025,31/12/2025,0,2025-04-30,2025-12-31,0,NOT_YET_REVISED_COST;EXPENDITURE_EXCEEDS_ORIGINAL
1922,Waste & Water,"Department of Water Resources, River Development & GR",616616,"Sewer Networks, SPS and STP at Hajipur",305,0.0,346.46,30/06/2025,31/12/2025,0,2025-06-30,2025-12-31,0,NOT_YET_REVISED_COST;EXPENDITURE_EXCEEDS_ORIGINAL
1923,Waste & Water,Ministry of Housing & Urban Affairs,702746,Augmentation and Strenghthning of Urban Water Supply Phase 1 - SAAP 3,278,0.0,186.5,31/03/2023,30/06/2026,0,2023-03-31,2026-06-30,0,NOT_YET_REVISED_COST
1924,Waste & Water,Ministry of Housing & Urban Affairs,702760,Belgavi Improvement in Sewerage System Project,163,0.0,79.5,31/07/2023,30/06/2026,0,2023-07-31,2026-06-30,0,NOT_YET_REVISED_COST
1925,Waste & Water,Ministry of Housing & Urban Affairs,702741,Dhanbad Water Supply Infrastructure Project,217,0.0,129.16,31/03/2023,30/06/2026,0,2023-03-31,2026-06-30,0,NOT_YET_REVISED_COST
1926,Waste & Water,Ministry of Housing & Urban Affairs,702674,"ESR - 8 nos., distribution system - 216 Km, new house service connections - 38760 nos. upgrading of feeder mains, pumping station etc. - Phase II",172,0.0,88.86,31/03/2023,30/06/2026,0,2023-03-31,2026-06-30,0,NOT_YET_REVISED_COST
1927,Waste & Water,Ministry of Housing & Urban Affairs,702793,Indore Water Supply Infrastructure Project,287,0.0,252.5,31/03/2023,30/06/2026,0,2023-03-31,2026-06-30,0,NOT_YET_REVISED_COST
1928,Waste & Water,Ministry of Housing & Urban Affairs,703021,Jalandhar Water Supply Infrastructure Project,259,266.64,161.02,28/08/2023,30/06/2026,1,2023-08-28,2026-06-30,0,CLEAN
1929,Waste & Water,Ministry of Housing & Urban Affairs,702949,Jhansi Water Supply Infrastructure Phase-II Project,562,0.0,500.04,31/07/2023,31/05/2026,0,2023-07-31,2026-05-31,0,NOT_YET_REVISED_COST
1930,Waste & Water,Ministry of Housing & Urban Affairs,702833,Kalyan-Dombivali Water Supply Infrastructure Project,194,0.0,136.56,31/10/2023,30/06/2026,0,2023-10-31,2026-06-30,0,NOT_YET_REVISED_COST
1931,Waste & Water,Ministry of Housing & Urban Affairs,702958,Lucknow Sewerage Management Infrastructure Project,142,173.21,152.65,31/03/2023,31/05/2026,1,2023-03-31,2026-05-31,0,EXPENDITURE_EXCEEDS_ORIGINAL
1932,Waste & Water,Ministry of Housing & Urban Affairs,702840,Mira-Bhayandar Water Supply Infrastructure Project,205,0.0,186.13,31/03/2023,31/05/2026,0,2023-03-31,2026-05-31,0,NOT_YET_REVISED_COST
1933,Waste & Water,Ministry of Housing & Urban Affairs,702699,Muzaffarpur Storm Water Drainage Phase-I Project,159,0.0,135.72,31/10/2023,30/06/2026,0,2023-10-31,2026-06-30,0,NOT_YET_REVISED_COST
1934,Waste & Water,Ministry of Housing & Urban Affairs,703057,Patiala Water Supply Infrastructure Part-2 Project,287,0.0,213.64,31/10/2023,30/06/2026,0,2023-10-31,2026-06-30,0,NOT_YET_REVISED_COST
1935,Waste & Water,Ministry of Housing & Urban Affairs,702851,Pune Water Supply Infrastructure Project,236,0.0,220.77,31/03/2023,31/05/2026,0,2023-03-31,2026-05-31,0,NOT_YET_REVISED_COST
1936,Waste & Water,Ministry of Housing & Urban Affairs,702742,SAAP-3 Water Supply Infrastructure SAAP-3 Project,159,0.0,87.5,31/10/2023,30/06/2026,0,2023-10-31,2026-06-30,0,NOT_YET_REVISED_COST
1937,Waste & Water,Ministry of Housing & Urban Affairs,702808,Satna Sewerage Management and Treatment Infrastructure Project,192,215.89,200.32,31/03/2024,31/05/2026,1,2024-03-31,2026-05-31,0,EXPENDITURE_EXCEEDS_ORIGINAL
1938,Waste & Water,Ministry of Housing & Urban Affairs,702734,Sewerage Management Scheme Part-3 Implementation,278,0.0,228.49,30/09/2023,30/09/2026,0,2023-09-30,2026-09-30,0,NOT_YET_REVISED_COST
1939,Waste & Water,Ministry of Housing & Urban Affairs,702810,Singrauli Sewerage Management and Treatment Infrastructure Project,402,438.1,357.68,31/03/2023,30/06/2026,1,2023-03-31,2026-06-30,0,CLEAN
1940,Waste & Water,Ministry of Housing & Urban Affairs,702854,Solapur Sewerage Management Infrastructure Project,180,0.0,172.22,31/03/2023,30/06/2026,0,2023-03-31,2026-06-30,0,NOT_YET_REVISED_COST
1941,Waste & Water,Ministry of Housing & Urban Affairs,702355,Storm water drainag Development Project,210,0.0,0.0,20/03/2024,,0,2024-03-20,,1,NOT_YET_REVISED_COST;MISSING_REVISED_DATE
1942,Water Resources,"Department of Water Resources, River Development & GR",701391,Aruna Medium Irrigation Project,210,1472.14,1734.71,31/12/2019,31/12/2025,1,2019-12-31,2025-12-31,0,EXPENDITURE_EXCEEDS_ORIGINAL;EXTREME_COST_OVERRUN_OUTLIER
1943,Water Resources,"Department of Water Resources, River Development & GR",400116,Bargi Diversion Project Phase - III [km. 104 to km 154],1229,1399.7,2190.05,31/12/2019,31/12/2026,1,2019-12-31,2026-12-31,0,EXPENDITURE_EXCEEDS_ORIGINAL
1944,Water Resources,"Department of Water Resources, River Development & GR",400115,Bargi Diversion Project Phase - IV [km. 154 to km 197],751,893.35,814.02,31/12/2019,31/03/2026,1,2019-12-31,2026-03-31,0,EXPENDITURE_EXCEEDS_ORIGINAL
1945,Water Resources,"Department of Water Resources, River Development & GR",617422,Bodwad Parisar Sinchan Yojna,1924,0.0,1949.56,31/07/2027,,0,2027-07-31,,1,NOT_YET_REVISED_COST;MISSING_REVISED_DATE;EXPENDITURE_EXCEEDS_ORIGINAL
1946,Water Resources,"Department of Water Resources, River Development & GR",701370,Borolia Irrigation Project,256,0.0,44.7,31/12/2022,31/03/2026,0,2022-12-31,2026-03-31,0,NOT_YET_REVISED_COST
1947,Water Resources,"Department of Water Resources, River Development & GR",400095,Gosikhurd CADWM Project,744,0.0,459.06,31/12/2019,30/06/2026,0,2019-12-31,2026-06-30,0,NOT_YET_REVISED_COST
1948,Water Resources,"Department of Water Resources, River Development & GR",701386,Gosikhurd Project,7196,12770.1,14339.4,31/12/2019,30/06/2028,1,2019-12-31,2028-06-30,0,EXPENDITURE_EXCEEDS_ORIGINAL
1949,Water Resources,"Department of Water Resources, River Development & GR",400101,Gundlakamma project,397,697.39,619.46,31/12/2019,31/03/2027,1,2019-12-31,2027-03-31,0,EXPENDITURE_EXCEEDS_ORIGINAL
1950,Water Resources,"Department of Water Resources, River Development & GR",400103,Indiramma Flood Flow Canal Project,1331,5940.09,4491.08,31/12/2019,31/12/2026,1,2019-12-31,2026-12-31,0,EXPENDITURE_EXCEEDS_ORIGINAL
1951,Water Resources,"Department of Water Resources, River Development & GR",603945,Integrated Anandpur Barrage Project,567,2990.05,2776.23,31/12/2019,30/06/2026,1,2019-12-31,2026-06-30,0,EXPENDITURE_EXCEEDS_ORIGINAL
1952,Water Resources,"Department of Water Resources, River Development & GR",701405,J. Chokka Rao Devadula Lift Irrigation Scheme,8201,14730.0,4784.54,31/12/2019,31/12/2025,1,2019-12-31,2025-12-31,0,CLEAN
1953,Water Resources,"Department of Water Resources, River Development & GR",613787,Jamrani Dam Multipurpose Project,2584,0.0,1267.4,28/06/2029,,0,2029-06-28,,1,NOT_YET_REVISED_COST;MISSING_REVISED_DATE
1954,Water Resources,"Department of Water Resources, River Development & GR",400112,Jigaon Irrigation Project,7223,0.0,10516.6,30/06/2028,,0,2028-06-30,,1,NOT_YET_REVISED_COST;MISSING_REVISED_DATE;EXPENDITURE_EXCEEDS_ORIGINAL
1955,Water Resources,"Department of Water Resources, River Development & GR",701404,Kanupur Irrigation Project,989,2301.28,2804.16,31/12/2019,30/06/2026,1,2019-12-31,2026-06-30,0,EXPENDITURE_EXCEEDS_ORIGINAL
1956,Water Resources,"Department of Water Resources, River Development & GR",400111,Kelo Irrigation Project,460,727.04,618.85,31/12/2019,30/06/2026,1,2019-12-31,2026-06-30,0,EXPENDITURE_EXCEEDS_ORIGINAL
1957,Water Resources,"Department of Water Resources, River Development & GR",701530,Ken-Betwa Linking Development Project,21030,0.0,8530.86,31/03/2029,,0,2029-03-31,,1,NOT_YET_REVISED_COST;MISSING_REVISED_DATE
1958,Water Resources,"Department of Water Resources, River Development & GR",701399,Kudali Irrigation Project,382,0.0,249.06,31/12/2025,31/03/2026,0,2025-12-31,2026-03-31,0,NOT_YET_REVISED_COST
1959,Water Resources,"Department of Water Resources, River Development & GR",701396,Lower Pedhi Project,256,1480.7,1516.11,31/12/2019,30/06/2026,1,2019-12-31,2026-06-30,0,EXPENDITURE_EXCEEDS_ORIGINAL
1960,Water Resources,"Department of Water Resources, River Development & GR",701408,Madhya Ganga canal Phase-II,1061,4417.21,4575.74,31/12/2019,31/12/2025,1,2019-12-31,2025-12-31,0,EXPENDITURE_EXCEEDS_ORIGINAL
1961,Water Resources,"Department of Water Resources, River Development & GR",701395,Morna [Gureghar] Irrigation Project,220,0.0,115.2,31/12/2025,,0,2025-12-31,,1,NOT_YET_REVISED_COST;MISSING_REVISED_DATE
1962,Water Resources,"Department of Water Resources, River Development & GR",701398,Nardave Medium Irrigation Project,211,781.85,626.06,31/12/2019,30/06/2026,1,2019-12-31,2026-06-30,0,EXPENDITURE_EXCEEDS_ORIGINAL
1963,Water Resources,"Department of Water Resources, River Development & GR",701412,North Koel Reservoir Project,1622,2430.76,172.97,31/03/2021,31/03/2026,1,2021-03-31,2026-03-31,0,CLEAN
1964,Water Resources,"Department of Water Resources, River Development & GR",400096,Omkareshwar CADWM Project,648,648.09,208.06,31/12/2019,30/06/2027,1,2019-12-31,2027-06-30,0,CLEAN
1965,Water Resources,"Department of Water Resources, River Development & GR",701415,Polavaram Irrigation Project,10151,55548.9,26674.8,30/04/2022,31/03/2026,1,2022-04-30,2026-03-31,0,EXPENDITURE_EXCEEDS_ORIGINAL
1966,Water Resources,"Department of Water Resources, River Development & GR",400109,Purna Barrage-2 [Ner Dhamana] Medium Irrigation Project,848,888.43,690.49,30/06/2020,30/06/2026,1,2020-06-30,2026-06-30,0,CLEAN
1967,Water Resources,"Department of Water Resources, River Development & GR",701406,Rajiv Bhima Lift Irrigation Scheme,1402,2509.66,1839.76,31/12/2019,31/03/2026,1,2019-12-31,2026-03-31,0,EXPENDITURE_EXCEEDS_ORIGINAL
1968,Water Resources,"Department of Water Resources, River Development & GR",701410,Relining of Rajasthan feeder and Sirhind Feeder canal,1441,2462.16,2222.34,30/06/2021,30/06/2026,1,2021-06-30,2026-06-30,0,EXPENDITURE_EXCEEDS_ORIGINAL
1969,Water Resources,"Department of Water Resources, River Development & GR",400100,Sardar Gouthu Latchanna Thotapalli Barrage Project,353,1023.24,872.65,31/12/2019,30/06/2026,1,2019-12-31,2026-06-30,0,EXPENDITURE_EXCEEDS_ORIGINAL
1970,Water Resources,"Department of Water Resources, River Development & GR",400097,Sardar Sarovar CADWM Project,5022,6670.31,4956.98,31/12/2019,31/03/2026,1,2019-12-31,2026-03-31,0,CLEAN
1971,Water Resources,"Department of Water Resources, River Development & GR",701372,Sardar Sarovar Project,20718,33412.5,31860.9,31/12/2019,31/03/2026,1,2019-12-31,2026-03-31,0,EXPENDITURE_EXCEEDS_ORIGINAL
1972,Water Resources,"Department of Water Resources, River Development & GR",400093,Saryu Nahar CADWM Project,1673,0.0,22.24,31/12/2019,31/03/2026,0,2019-12-31,2026-03-31,0,NOT_YET_REVISED_COST
1973,Water Resources,"Department of Water Resources, River Development & GR",701411,Shahpur Kandi Dam Project,2286,2715.7,2201.94,30/06/2022,30/06/2026,1,2022-06-30,2026-06-30,0,CLEAN
1974,Water Resources,"Department of Water Resources, River Development & GR",400102,Sri Ram Sagar Project Stage - II,736,949.87,971.47,31/12/2019,31/12/2025,1,2019-12-31,2025-12-31,0,EXPENDITURE_EXCEEDS_ORIGINAL
1975,Water Resources,"Department of Water Resources, River Development & GR",701376,"Subernarekha Multipurpose Project, Jharkhand",3808,9579.58,5999.8,31/12/2019,31/03/2026,1,2019-12-31,2026-03-31,0,EXPENDITURE_EXCEEDS_ORIGINAL
1976,Water Resources,"Department of Water Resources, River Development & GR",701402,"Subernarekha Project, Odisha",3056,7023.19,8060.82,31/12/2019,31/03/2026,1,2019-12-31,2026-03-31,0,EXPENDITURE_EXCEEDS_ORIGINAL
1977,Water Resources,"Department of Water Resources, River Development & GR",400107,Sulwade-Jamphal-Kanoli Lift Irrigation Scheme,2408,0.0,2779.38,30/06/2023,30/06/2027,0,2023-06-30,2027-06-30,0,NOT_YET_REVISED_COST;EXPENDITURE_EXCEEDS_ORIGINAL
1978,Water Resources,"Department of Water Resources, River Development & GR",701400,Thoubal Multipurpose Project,1449,1822.24,1837.91,31/12/2019,31/03/2026,1,2019-12-31,2026-03-31,0,EXPENDITURE_EXCEEDS_ORIGINAL
1979,Water Resources,"Department of Water Resources, River Development & GR",701377,Upper Tunga Irrigation Project,770,1606.07,1515.6,31/12/2019,31/03/2026,1,2019-12-31,2026-03-31,0,EXPENDITURE_EXCEEDS_ORIGINAL
1980,Water Resources,"Department of Water Resources, River Development & GR",400105,Urmodi Irrigation Project,581,895.81,713.46,30/06/2022,31/12/2026,1,2022-06-30,2026-12-31,0,EXPENDITURE_EXCEEDS_ORIGINAL
1981,Water Resources,"Department of Water Resources, River Development & GR",701383,Waghur Project,1059,1758.51,1557.82,31/12/2019,31/03/2026,1,2019-12-31,2026-03-31,0,EXPENDITURE_EXCEEDS_ORIGINAL
