project_code,source_tag,inferred_state,latitude,longitude,land_required_acres,land_acquired_pct,land_clearance_status,active_legal_disputes,affected_families_count,rehabilitation_package_cr
706718,[DEMO/SIMULATION],Karnataka,14.6773,76.0539,112.8,52.4,Critical Environmental Delay,2,203,9.02
701121,[DEMO/SIMULATION],Punjab,30.5671,74.5612,133.1,62.8,In Progress,1,239,10.65
701101,[DEMO/SIMULATION],Uttarakhand,29.0868,78.2393,243.5,84.9,In Progress,1,438,19.48
612788,[DEMO/SIMULATION],Jharkhand,24.3702,84.8199,116.3,67.0,Clearance Obtained,0,209,9.3
612787,[DEMO/SIMULATION],Odisha,21.6917,84.6385,115.0,51.5,Pending Public Hearing,3,207,9.2
612786,[DEMO/SIMULATION],Gujarat,22.9787,70.7324,105.9,52.2,Critical Environmental Delay,2,190,8.47
701128,[DEMO/SIMULATION],Uttar Pradesh,26.4067,80.1662,221.0,53.2,Clearance Obtained,0,397,17.68
701107,[DEMO/SIMULATION],Uttar Pradesh,25.9867,80.1662,158.8,79.7,Pending Public Hearing,3,285,12.7
701127,[DEMO/SIMULATION],Maharashtra,19.2915,74.9339,159.0,62.2,Pending Public Hearing,3,286,12.72
611047,[DEMO/SIMULATION],Assam,26.1406,92.1376,136.2,53.5,Pending Public Hearing,3,245,10.9
400010,[DEMO/SIMULATION],Andhra Pradesh,15.1129,78.74,122.0,98.9,Critical Environmental Delay,2,219,9.76
612789,[DEMO/SIMULATION],Telangana,18.8924,78.5593,141.8,49.9,In Progress,1,255,11.34
701126,[DEMO/SIMULATION],Gujarat,21.7787,70.4124,281.8,59.4,Critical Environmental Delay,0,507,22.54
619054,[DEMO/SIMULATION],Uttarakhand,30.1468,79.8193,148.4,24.6,Critical Environmental Delay,0,267,11.87
701113,[DEMO/SIMULATION],Odisha,20.2117,84.3185,503.5,29.9,In Progress,1,906,40.28
612194,[DEMO/SIMULATION],Andhra Pradesh,16.7929,79.16,210.8,53.9,Critical Environmental Delay,2,379,16.86
611495,[DEMO/SIMULATION],Jammu & Kashmir,34.6782,75.8562,327.4,44.2,Pending Public Hearing,1,589,26.19
612183,[DEMO/SIMULATION],Rajasthan,27.6838,73.6379,274.9,15.0,Pending Public Hearing,1,494,21.99
618977,[DEMO/SIMULATION],Rajasthan,27.5638,74.9979,243.0,15.0,In Progress,1,437,19.44
701122,[DEMO/SIMULATION],Uttarakhand,29.5068,78.2393,168.8,51.0,Critical Environmental Delay,2,303,13.5
701105,[DEMO/SIMULATION],Delhi,27.8041,76.3225,103.4,57.0,In Progress,1,186,8.27
706724,[DEMO/SIMULATION],West Bengal,22.4668,88.195,300.8,100.0,Clearance Obtained,0,541,24.06
611602,[DEMO/SIMULATION],Kerala,9.8905,75.5911,263.0,22.4,Critical Environmental Delay,2,473,21.04
612791,[DEMO/SIMULATION],West Bengal,23.8068,87.395,120.2,52.2,Pending Public Hearing,3,216,9.62
611570,[DEMO/SIMULATION],Jharkhand,24.0102,84.5799,125.0,84.8,Critical Environmental Delay,2,225,10.0
612793,[DEMO/SIMULATION],Chhattisgarh,22.1387,81.4061,121.4,39.3,In Progress,1,218,9.71
613800,[DEMO/SIMULATION],Rajasthan,26.0238,73.9779,68.8,51.3,Clearance Obtained,0,123,5.5
611016,[DEMO/SIMULATION],Maharashtra,19.0715,74.9139,153.8,96.2,Clearance Obtained,0,276,12.3
611017,[DEMO/SIMULATION],Uttar Pradesh,26.1867,80.1462,147.1,58.4,In Progress,1,264,11.77
616223,[DEMO/SIMULATION],Delhi,28.1641,77.3425,70.4,79.3,Pending Public Hearing,3,126,5.63
400148,[DEMO/SIMULATION],Tamil Nadu,11.0871,77.6769,198.3,54.8,Clearance Obtained,0,356,15.86
616229,[DEMO/SIMULATION],Karnataka,14.8973,75.9539,129.3,15.0,In Progress,1,232,10.34
611864,[DEMO/SIMULATION],Jharkhand,23.8902,84.6399,705.8,22.8,Clearance Obtained,0,1270,56.46
615185,[DEMO/SIMULATION],West Bengal,23.6868,87.875,124.8,31.3,In Progress,1,224,9.98
616050,[DEMO/SIMULATION],Punjab,31.1471,75.5412,125.4,45.9,Critical Environmental Delay,2,225,10.03
400177,[DEMO/SIMULATION],Uttar Pradesh,27.3867,79.9662,206.1,67.9,In Progress,1,370,16.49
613798,[DEMO/SIMULATION],Assam,27.1606,92.6776,168.4,46.0,Critical Environmental Delay,0,303,13.47
613799,[DEMO/SIMULATION],West Bengal,23.9668,87.595,166.4,75.5,Pending Public Hearing,1,299,13.31
615916,[DEMO/SIMULATION],Odisha,20.2717,85.2785,259.8,22.2,Clearance Obtained,0,467,20.78
616233,[DEMO/SIMULATION],Telangana,17.7724,79.2593,179.7,29.9,In Progress,1,323,14.38
400183,[DEMO/SIMULATION],Odisha,21.6117,84.1185,628.6,31.2,Pending Public Hearing,1,1131,50.29
615330,[DEMO/SIMULATION],Telangana,17.7124,79.0793,144.2,15.0,Critical Environmental Delay,0,259,11.54
400149,[DEMO/SIMULATION],Punjab,31.1271,74.3612,415.5,60.6,In Progress,1,747,33.24
615193,[DEMO/SIMULATION],Kerala,11.7105,76.2911,144.8,68.0,In Progress,1,260,11.58
400392,[DEMO/SIMULATION],Gujarat,23.0987,70.2524,497.8,68.2,Clearance Obtained,0,896,39.82
400033,[DEMO/SIMULATION],Madhya Pradesh,22.6334,77.6569,160.1,24.4,In Progress,1,288,12.81
616231,[DEMO/SIMULATION],Odisha,20.5717,85.3385,835.9,15.0,Pending Public Hearing,1,1504,66.87
400369,[DEMO/SIMULATION],Madhya Pradesh,23.3534,77.7169,174.4,100.0,In Progress,1,313,13.95
400162,[DEMO/SIMULATION],Odisha,21.1917,84.1185,231.8,56.1,Critical Environmental Delay,2,417,18.54
616253,[DEMO/SIMULATION],Jharkhand,23.6702,85.5199,930.6,15.0,In Progress,1,1675,74.45
400180,[DEMO/SIMULATION],Madhya Pradesh,23.5734,77.6769,185.5,18.2,Clearance Obtained,0,333,14.84
400138,[DEMO/SIMULATION],Madhya Pradesh,22.7334,77.6769,204.1,51.5,Critical Environmental Delay,0,367,16.33
400172,[DEMO/SIMULATION],Jammu & Kashmir,34.2182,75.5962,169.1,61.7,Clearance Obtained,0,304,13.53
616225,[DEMO/SIMULATION],Uttar Pradesh,26.3467,81.1862,171.8,15.0,In Progress,1,309,13.74
400353,[DEMO/SIMULATION],Telangana,18.1724,78.0793,139.6,23.9,In Progress,1,251,11.17
400178,[DEMO/SIMULATION],Andhra Pradesh,16.4729,78.76,221.4,70.4,Critical Environmental Delay,0,398,17.71
400354,[DEMO/SIMULATION],Assam,26.2806,91.9976,820.1,51.2,Critical Environmental Delay,0,1476,65.61
400156,[DEMO/SIMULATION],Uttar Pradesh,26.9667,79.9662,846.4,27.9,Clearance Obtained,0,1523,67.71
400155,[DEMO/SIMULATION],Maharashtra,19.8515,74.7339,509.7,15.0,Pending Public Hearing,1,917,40.78
400154,[DEMO/SIMULATION],Delhi,28.7841,76.1225,180.9,32.2,Critical Environmental Delay,0,325,14.47
400153,[DEMO/SIMULATION],Kerala,10.9105,75.2911,226.0,15.0,In Progress,1,406,18.08
615331,[DEMO/SIMULATION],Assam,25.8206,92.9976,165.6,15.0,Pending Public Hearing,1,298,13.25
615206,[DEMO/SIMULATION],West Bengal,22.1068,87.895,148.1,15.0,Critical Environmental Delay,0,266,11.85
615917,[DEMO/SIMULATION],Jharkhand,22.9502,85.4599,222.9,17.1,In Progress,1,401,17.83
400424,[DEMO/SIMULATION],Jammu & Kashmir,33.2582,75.6562,1876.4,73.7,Clearance Obtained,0,3377,150.11
615914,[DEMO/SIMULATION],Karnataka,14.5973,75.8939,101.8,21.2,Critical Environmental Delay,0,183,8.14
615860,[DEMO/SIMULATION],Tamil Nadu,11.3271,78.8169,111.0,38.0,Clearance Obtained,0,199,8.88
615192,[DEMO/SIMULATION],Haryana,29.8988,76.1056,118.5,32.8,Clearance Obtained,0,213,9.48
615862,[DEMO/SIMULATION],Uttarakhand,30.3068,79.1793,73.9,39.3,Critical Environmental Delay,0,133,5.91
400185,[DEMO/SIMULATION],Telangana,18.8124,78.0393,1367.4,27.9,In Progress,1,2461,109.39
616232,[DEMO/SIMULATION],Jharkhand,23.2502,85.5199,266.3,22.2,Clearance Obtained,0,479,21.3
400018,[DEMO/SIMULATION],Assam,25.5606,91.9376,186.8,63.0,Critical Environmental Delay,0,336,14.94
615861,[DEMO/SIMULATION],Punjab,31.3671,75.5012,84.8,92.4,In Progress,1,152,6.78
616226,[DEMO/SIMULATION],Andhra Pradesh,15.4329,79.98,560.6,17.0,Critical Environmental Delay,0,1009,44.85
400187,[DEMO/SIMULATION],West Bengal,23.7268,86.875,472.2,81.9,Pending Public Hearing,1,849,37.78
612816,[DEMO/SIMULATION],Punjab,30.4671,74.9012,235.3,22.5,Clearance Obtained,0,423,18.82
616236,[DEMO/SIMULATION],Rajasthan,26.7438,74.4579,98.1,28.6,Clearance Obtained,0,176,7.85
615818,[DEMO/SIMULATION],Tamil Nadu,10.4871,78.8169,142.7,31.5,Critical Environmental Delay,2,256,11.42
619032,[DEMO/SIMULATION],Punjab,30.7871,76.1412,3906.0,15.0,Clearance Obtained,0,7030,312.48
400312,[DEMO/SIMULATION],Assam,25.4406,91.9976,293.5,55.5,Clearance Obtained,0,528,23.48
400352,[DEMO/SIMULATION],Jharkhand,23.6502,84.3399,146.8,18.2,Clearance Obtained,0,264,11.74
613803,[DEMO/SIMULATION],Punjab,30.2071,75.1012,58.0,15.0,Pending Public Hearing,1,104,4.64
615865,[DEMO/SIMULATION],Kerala,11.1505,76.4311,91.3,63.5,In Progress,1,164,7.3
615858,[DEMO/SIMULATION],Rajasthan,27.1838,74.3779,75.6,72.4,Critical Environmental Delay,0,136,6.05
613802,[DEMO/SIMULATION],Tamil Nadu,10.1671,78.4169,57.6,36.1,Critical Environmental Delay,2,103,4.61
400074,[DEMO/SIMULATION],Bihar,25.5761,84.3131,250.2,51.1,Critical Environmental Delay,0,450,20.02
615191,[DEMO/SIMULATION],Jammu & Kashmir,34.5982,76.5962,120.3,32.0,Pending Public Hearing,1,216,9.62
615183,[DEMO/SIMULATION],Telangana,18.7724,79.0393,136.8,55.8,Pending Public Hearing,3,246,10.94
617278,[DEMO/SIMULATION],Madhya Pradesh,23.5334,79.0969,212.5,15.0,Critical Environmental Delay,0,382,17.0
615199,[DEMO/SIMULATION],Madhya Pradesh,23.9534,78.6769,108.8,34.1,Pending Public Hearing,1,195,8.7
400073,[DEMO/SIMULATION],Andhra Pradesh,16.3729,78.74,232.8,69.1,In Progress,1,419,18.62
400139,[DEMO/SIMULATION],Karnataka,15.0973,74.7339,188.2,59.0,Pending Public Hearing,1,338,15.06
617287,[DEMO/SIMULATION],Chhattisgarh,22.0187,82.3061,684.5,27.4,Pending Public Hearing,1,1232,54.76
619172,[DEMO/SIMULATION],Jharkhand,24.0502,86.0999,370.8,22.0,Clearance Obtained,0,667,29.66
613801,[DEMO/SIMULATION],Chhattisgarh,20.2987,81.6261,62.5,39.9,In Progress,1,112,5.0
615189,[DEMO/SIMULATION],Punjab,31.9271,75.3612,123.3,36.7,In Progress,1,221,9.86
617288,[DEMO/SIMULATION],Tamil Nadu,11.8871,79.0969,65.4,38.8,Clearance Obtained,0,117,5.23
400173,[DEMO/SIMULATION],Haryana,29.5188,75.1056,226.3,36.6,In Progress,1,407,18.1
400425,[DEMO/SIMULATION],Haryana,28.5588,75.1656,289.5,49.1,In Progress,1,521,23.16
613808,[DEMO/SIMULATION],Delhi,27.8641,76.8625,59.0,55.8,Clearance Obtained,0,106,4.72
615919,[DEMO/SIMULATION],Assam,25.5806,93.1176,232.8,37.0,Pending Public Hearing,1,419,18.62
615857,[DEMO/SIMULATION],West Bengal,23.1268,88.015,91.1,91.5,In Progress,1,163,7.29
400181,[DEMO/SIMULATION],Karnataka,15.9373,74.7339,176.4,20.2,In Progress,1,317,14.11
615188,[DEMO/SIMULATION],Tamil Nadu,11.8871,78.6769,128.3,27.2,Clearance Obtained,0,230,10.26
400321,[DEMO/SIMULATION],Kerala,10.2705,75.3311,260.5,66.6,In Progress,1,468,20.84
615982,[DEMO/SIMULATION],Assam,26.8406,93.1176,70.0,59.3,Critical Environmental Delay,2,126,5.6
617764,[DEMO/SIMULATION],Odisha,21.2317,85.6385,207.1,22.9,Clearance Obtained,0,372,16.57
400151,[DEMO/SIMULATION],Jammu & Kashmir,33.7982,75.5962,187.8,67.1,Pending Public Hearing,1,338,15.02
400142,[DEMO/SIMULATION],Jharkhand,23.4502,84.2999,398.4,68.8,Critical Environmental Delay,0,717,31.87
616230,[DEMO/SIMULATION],Gujarat,21.8587,71.4324,209.1,15.0,Critical Environmental Delay,0,376,16.73
613794,[DEMO/SIMULATION],Gujarat,23.1387,70.9324,172.3,47.9,Critical Environmental Delay,0,310,13.78
616234,[DEMO/SIMULATION],Assam,25.8806,93.1776,292.8,15.0,Critical Environmental Delay,0,527,23.42
400144,[DEMO/SIMULATION],Assam,26.0806,91.9576,410.5,23.2,Clearance Obtained,0,738,32.84
400160,[DEMO/SIMULATION],Karnataka,15.5173,74.7339,156.6,91.3,Clearance Obtained,0,281,12.53
617416,[DEMO/SIMULATION],Uttarakhand,29.3868,79.4993,907.0,19.8,Clearance Obtained,0,1632,72.56
619171,[DEMO/SIMULATION],Odisha,21.3717,85.9185,453.4,21.1,Pending Public Hearing,1,816,36.27
619053,[DEMO/SIMULATION],Punjab,31.2071,76.1412,333.8,15.0,In Progress,1,600,26.7
400150,[DEMO/SIMULATION],Uttarakhand,30.0668,78.0393,1158.1,19.8,Critical Environmental Delay,0,2084,92.65
615918,[DEMO/SIMULATION],Telangana,17.4724,79.1993,138.8,25.4,Critical Environmental Delay,0,249,11.1
615187,[DEMO/SIMULATION],Chhattisgarh,22.0187,81.8861,100.2,15.0,Pending Public Hearing,1,180,8.02
613804,[DEMO/SIMULATION],Uttarakhand,29.1468,78.7793,51.1,15.0,Clearance Obtained,0,91,4.09
400136,[DEMO/SIMULATION],Andhra Pradesh,15.6329,78.76,455.0,15.0,Clearance Obtained,0,819,36.4
615184,[DEMO/SIMULATION],Assam,26.8806,92.9576,98.3,64.9,Clearance Obtained,0,176,7.86
619055,[DEMO/SIMULATION],Jammu & Kashmir,33.8782,77.3762,161.6,15.0,Pending Public Hearing,1,290,12.93
615186,[DEMO/SIMULATION],Rajasthan,27.7438,74.2379,113.8,40.6,Critical Environmental Delay,0,204,9.1
615195,[DEMO/SIMULATION],Maharashtra,20.6515,75.7339,99.9,22.7,Pending Public Hearing,1,179,7.99
613793,[DEMO/SIMULATION],Karnataka,16.1773,75.4539,185.6,31.7,In Progress,1,334,14.85
400166,[DEMO/SIMULATION],West Bengal,23.3068,86.875,865.2,73.1,Critical Environmental Delay,0,1557,69.22
400182,[DEMO/SIMULATION],Gujarat,22.8987,70.2124,182.2,15.0,Critical Environmental Delay,2,327,14.58
615190,[DEMO/SIMULATION],Uttarakhand,30.8668,79.0393,120.4,27.6,Critical Environmental Delay,0,216,9.63
615822,[DEMO/SIMULATION],Haryana,28.4988,76.2456,135.4,75.6,Critical Environmental Delay,0,243,10.83
400315,[DEMO/SIMULATION],Chhattisgarh,20.5787,80.9261,919.9,24.9,Pending Public Hearing,1,1655,73.59
400165,[DEMO/SIMULATION],Assam,26.5006,91.9576,339.1,81.7,In Progress,1,610,27.13
618982,[DEMO/SIMULATION],Odisha,21.5917,85.8785,100.3,59.9,Critical Environmental Delay,0,180,8.02
615349,[DEMO/SIMULATION],Odisha,20.9317,85.1585,143.5,32.1,In Progress,1,258,11.48
615843,[DEMO/SIMULATION],Haryana,28.9188,76.2456,39.6,35.7,Pending Public Hearing,3,71,3.17
615820,[DEMO/SIMULATION],Uttarakhand,29.4668,79.1793,124.0,79.2,Clearance Obtained,0,223,9.92
400186,[DEMO/SIMULATION],Assam,26.9206,91.9576,218.3,17.1,Critical Environmental Delay,0,392,17.46
615821,[DEMO/SIMULATION],Jammu & Kashmir,33.1982,76.7362,144.3,52.1,In Progress,1,259,11.54
616044,[DEMO/SIMULATION],Telangana,17.9924,79.2193,119.5,78.8,Clearance Obtained,0,215,9.56
615194,[DEMO/SIMULATION],Delhi,29.5841,77.1225,105.0,30.2,Critical Environmental Delay,0,189,8.4
615863,[DEMO/SIMULATION],Jammu & Kashmir,34.0382,76.7362,95.6,96.8,Pending Public Hearing,1,172,7.65
617233,[DEMO/SIMULATION],Uttar Pradesh,26.5067,81.3862,129.8,15.0,In Progress,1,233,10.38
603293,[DEMO/SIMULATION],Karnataka,16.1773,75.3539,128.3,97.8,In Progress,1,230,10.26
400192,[DEMO/SIMULATION],Uttarakhand,30.9068,78.0393,349.1,49.3,Clearance Obtained,0,628,27.93
617412,[DEMO/SIMULATION],Rajasthan,26.2638,74.6979,108.6,33.3,Clearance Obtained,0,195,8.69
617280,[DEMO/SIMULATION],Gujarat,22.8587,71.6324,38.2,38.0,Clearance Obtained,0,68,3.06
619033,[DEMO/SIMULATION],Uttarakhand,29.7268,79.8193,102.8,26.2,In Progress,1,185,8.22
606013,[DEMO/SIMULATION],Uttarakhand,29.3268,79.2193,87.8,89.6,In Progress,1,158,7.02
606479,[DEMO/SIMULATION],Delhi,29.2841,77.3825,155.9,75.5,Pending Public Hearing,3,280,12.47
611963,[DEMO/SIMULATION],Uttarakhand,30.3268,78.3993,180.6,58.2,Pending Public Hearing,1,325,14.45
612885,[DEMO/SIMULATION],Maharashtra,20.4515,75.2739,119.2,73.4,In Progress,1,214,9.54
617221,[DEMO/SIMULATION],Assam,25.6206,93.3776,92.7,51.2,In Progress,1,166,7.42
611961,[DEMO/SIMULATION],Maharashtra,19.9715,75.0939,149.1,29.9,In Progress,1,268,11.93
602098,[DEMO/SIMULATION],Odisha,21.9117,84.4985,121.8,100.0,Critical Environmental Delay,2,219,9.74
606431,[DEMO/SIMULATION],Tamil Nadu,10.7471,78.9369,221.9,63.5,Pending Public Hearing,3,399,17.75
612876,[DEMO/SIMULATION],Rajasthan,27.5438,73.7779,107.1,31.0,Clearance Obtained,0,192,8.57
613008,[DEMO/SIMULATION],Andhra Pradesh,15.0729,79.34,93.8,25.9,Clearance Obtained,0,168,7.5
612916,[DEMO/SIMULATION],Gujarat,21.5787,70.7724,149.6,74.0,Clearance Obtained,0,269,11.97
612894,[DEMO/SIMULATION],Telangana,18.9924,78.5793,91.8,94.3,Critical Environmental Delay,2,165,7.34
605292,[DEMO/SIMULATION],Punjab,31.9871,75.3812,64.2,88.6,Clearance Obtained,0,115,5.14
612898,[DEMO/SIMULATION],Chhattisgarh,22.2387,81.4261,146.9,100.0,Critical Environmental Delay,0,264,11.75
609996,[DEMO/SIMULATION],Telangana,19.0324,79.9993,75.3,90.4,Clearance Obtained,0,135,6.02
609736,[DEMO/SIMULATION],Uttar Pradesh,26.5667,81.8862,63.1,90.0,Clearance Obtained,0,113,5.05
616886,[DEMO/SIMULATION],Delhi,29.4241,77.4625,141.9,17.4,Critical Environmental Delay,0,255,11.35
613013,[DEMO/SIMULATION],Andhra Pradesh,15.1729,79.34,94.4,94.1,In Progress,1,169,7.55
612877,[DEMO/SIMULATION],Chhattisgarh,21.8187,81.4261,129.7,76.8,In Progress,1,233,10.38
612883,[DEMO/SIMULATION],Kerala,11.5105,75.8311,145.9,43.1,Pending Public Hearing,1,262,11.67
602099,[DEMO/SIMULATION],Jharkhand,24.5902,84.6799,117.9,96.8,Pending Public Hearing,3,212,9.43
609019,[DEMO/SIMULATION],Kerala,10.2305,77.0711,94.0,89.6,Pending Public Hearing,3,169,7.52
612128,[DEMO/SIMULATION],Delhi,28.2641,76.5225,33.0,65.2,Clearance Obtained,0,59,2.64
610315,[DEMO/SIMULATION],Chhattisgarh,20.5787,80.9261,299.4,75.5,Pending Public Hearing,3,538,23.95
612851,[DEMO/SIMULATION],Delhi,28.7241,76.6625,60.9,83.1,Pending Public Hearing,3,109,4.87
617877,[DEMO/SIMULATION],Punjab,31.6871,75.9012,295.4,15.0,In Progress,1,531,23.63
617878,[DEMO/SIMULATION],Uttarakhand,30.6268,79.5793,347.0,15.0,Critical Environmental Delay,0,624,27.76
611957,[DEMO/SIMULATION],Jammu & Kashmir,33.9182,75.9562,151.4,20.4,In Progress,1,272,12.11
606112,[DEMO/SIMULATION],Assam,25.4406,93.1576,135.1,88.1,Clearance Obtained,0,243,10.81
400081,[DEMO/SIMULATION],Assam,26.8206,91.9376,136.9,59.9,In Progress,1,246,10.95
618992,[DEMO/SIMULATION],Jammu & Kashmir,34.6182,77.3562,104.1,17.5,Clearance Obtained,0,187,8.33
618991,[DEMO/SIMULATION],Uttarakhand,30.8868,79.7993,214.2,20.5,Pending Public Hearing,1,385,17.14
612819,[DEMO/SIMULATION],Haryana,28.4388,75.6456,370.9,100.0,Pending Public Hearing,3,667,29.67
615327,[DEMO/SIMULATION],Gujarat,21.7987,71.2524,119.7,68.3,Pending Public Hearing,3,215,9.58
617299,[DEMO/SIMULATION],Madhya Pradesh,23.9534,79.0969,76.6,96.7,Pending Public Hearing,3,137,6.13
617730,[DEMO/SIMULATION],Punjab,30.7471,75.8812,590.4,60.3,Critical Environmental Delay,0,1062,47.23
618981,[DEMO/SIMULATION],Rajasthan,27.6438,74.9979,643.0,15.0,In Progress,1,1157,51.44
400259,[DEMO/SIMULATION],Delhi,28.8841,76.1425,2644.7,100.0,Pending Public Hearing,3,4760,211.58
400231,[DEMO/SIMULATION],Chhattisgarh,20.8987,80.9061,4112.9,16.8,Pending Public Hearing,1,7403,329.03
611699,[DEMO/SIMULATION],West Bengal,23.9668,87.175,321.5,27.6,Pending Public Hearing,1,578,25.72
611698,[DEMO/SIMULATION],Assam,27.1606,92.2576,348.8,27.2,Critical Environmental Delay,0,627,27.9
611716,[DEMO/SIMULATION],Odisha,20.2717,84.4385,1297.9,18.5,Clearance Obtained,0,2336,103.83
709747,[DEMO/SIMULATION],Assam,26.1406,93.8776,117.8,100.0,Pending Public Hearing,1,212,9.42
602579,[DEMO/SIMULATION],Karnataka,15.8973,75.2139,1624.8,100.0,Pending Public Hearing,3,2924,129.98
619056,[DEMO/SIMULATION],Haryana,29.1788,76.8856,1765.6,15.0,Clearance Obtained,0,3178,141.25
602582,[DEMO/SIMULATION],Jharkhand,24.2502,84.7799,165.2,100.0,Critical Environmental Delay,2,297,13.22
602182,[DEMO/SIMULATION],Odisha,21.5917,84.5185,4803.4,19.2,Critical Environmental Delay,0,8646,384.27
618976,[DEMO/SIMULATION],Uttar Pradesh,27.3667,81.7262,3082.9,15.0,Clearance Obtained,0,5549,246.63
602538,[DEMO/SIMULATION],Gujarat,22.0187,70.6924,173.5,100.0,Critical Environmental Delay,2,312,13.88
619311,[DEMO/SIMULATION],Maharashtra,18.9715,76.5739,2226.9,15.0,Pending Public Hearing,1,4008,178.15
602532,[DEMO/SIMULATION],Maharashtra,19.3915,75.2139,655.2,81.0,Clearance Obtained,0,1179,52.42
611509,[DEMO/SIMULATION],Jharkhand,22.7902,84.5799,2262.7,20.2,In Progress,1,4072,181.02
605155,[DEMO/SIMULATION],Kerala,10.9505,76.2911,793.9,34.5,Pending Public Hearing,3,1429,63.51
611930,[DEMO/SIMULATION],West Bengal,22.5868,87.235,2379.5,31.2,Critical Environmental Delay,2,4283,190.36
602593,[DEMO/SIMULATION],Kerala,11.7105,75.7711,344.6,100.0,In Progress,1,620,27.57
619051,[DEMO/SIMULATION],Chhattisgarh,21.2987,82.6661,4583.2,15.0,Pending Public Hearing,1,8249,366.66
602525,[DEMO/SIMULATION],Tamil Nadu,10.6271,78.1569,1221.8,95.5,In Progress,1,2199,97.74
400261,[DEMO/SIMULATION],Uttar Pradesh,27.0667,79.9862,2861.2,96.1,In Progress,1,5150,228.9
400062,[DEMO/SIMULATION],West Bengal,23.2268,86.855,2752.9,21.4,Critical Environmental Delay,0,4955,220.23
602184,[DEMO/SIMULATION],Telangana,18.7924,78.4393,231.3,100.0,Clearance Obtained,0,416,18.5
605156,[DEMO/SIMULATION],Delhi,28.8241,77.1225,256.7,100.0,Clearance Obtained,0,462,20.54
602535,[DEMO/SIMULATION],Bihar,24.7961,84.8131,807.3,35.2,Pending Public Hearing,3,1453,64.58
612142,[DEMO/SIMULATION],Chhattisgarh,21.1187,81.2861,2601.2,33.3,Critical Environmental Delay,0,4682,208.1
617188,[DEMO/SIMULATION],Kerala,11.6105,76.6911,1496.6,27.1,Clearance Obtained,0,2693,119.73
602096,[DEMO/SIMULATION],Karnataka,16.2373,75.1139,998.8,100.0,Clearance Obtained,0,1797,79.9
611586,[DEMO/SIMULATION],Bihar,25.8161,84.6131,458.2,46.2,Critical Environmental Delay,2,824,36.66
602961,[DEMO/SIMULATION],Telangana,18.3324,78.5993,1857.6,57.3,In Progress,1,3343,148.61
602185,[DEMO/SIMULATION],Assam,26.9006,92.3576,471.7,100.0,In Progress,1,849,37.74
602181,[DEMO/SIMULATION],Gujarat,22.8787,70.6124,883.2,70.4,In Progress,1,1589,70.66
602195,[DEMO/SIMULATION],Delhi,29.6041,76.5225,614.0,100.0,Pending Public Hearing,3,1105,49.12
604833,[DEMO/SIMULATION],Rajasthan,26.6838,74.1779,75.2,89.8,In Progress,1,135,6.02
617839,[DEMO/SIMULATION],Kerala,10.6305,76.8311,132.6,31.2,Pending Public Hearing,1,238,10.61
709754,[DEMO/SIMULATION],Assam,26.2806,93.8776,97.4,59.6,Critical Environmental Delay,0,175,7.79
400035,[DEMO/SIMULATION],Gujarat,21.9587,70.1924,173.4,79.6,Pending Public Hearing,3,312,13.87
604852,[DEMO/SIMULATION],Uttar Pradesh,26.8867,80.9062,199.0,27.5,Clearance Obtained,0,358,15.92
400012,[DEMO/SIMULATION],Madhya Pradesh,22.2134,77.6569,1565.2,83.9,Clearance Obtained,0,2817,125.22
400043,[DEMO/SIMULATION],Tamil Nadu,10.9871,77.6569,207.3,53.9,Pending Public Hearing,1,373,16.58
617829,[DEMO/SIMULATION],Telangana,17.6924,79.5793,102.9,15.0,In Progress,1,185,8.23
400301,[DEMO/SIMULATION],Delhi,27.7241,76.1625,202.7,100.0,In Progress,1,364,16.22
400078,[DEMO/SIMULATION],Odisha,21.5117,84.0985,1472.2,70.4,Critical Environmental Delay,2,2649,117.78
701349,[DEMO/SIMULATION],Rajasthan,27.0038,73.4779,1603.2,100.0,In Progress,1,2885,128.26
709759,[DEMO/SIMULATION],Rajasthan,27.2038,75.1579,148.1,50.5,Pending Public Hearing,1,266,11.85
701263,[DEMO/SIMULATION],Rajasthan,27.2838,73.4579,6572.3,100.0,Pending Public Hearing,3,11830,525.78
619313,[DEMO/SIMULATION],Andhra Pradesh,15.1729,80.6,185.4,63.6,In Progress,1,333,14.83
709755,[DEMO/SIMULATION],Assam,26.3006,93.8776,132.6,53.0,Pending Public Hearing,1,238,10.61
701343,[DEMO/SIMULATION],Gujarat,22.1187,70.4524,461.7,92.0,Pending Public Hearing,3,831,36.94
701171,[DEMO/SIMULATION],Andhra Pradesh,16.3329,78.96,165.2,100.0,Pending Public Hearing,1,297,13.22
701172,[DEMO/SIMULATION],Bihar,25.5361,84.5331,201.6,22.0,Clearance Obtained,0,362,16.13
701167,[DEMO/SIMULATION],Jammu & Kashmir,34.1182,75.7962,281.2,88.8,Pending Public Hearing,3,506,22.5
701173,[DEMO/SIMULATION],Haryana,29.5188,75.3056,207.8,65.6,In Progress,1,374,16.62
701170,[DEMO/SIMULATION],Uttar Pradesh,27.2467,80.1662,189.2,75.2,Critical Environmental Delay,0,340,15.14
701168,[DEMO/SIMULATION],Delhi,29.0641,76.3225,197.6,50.6,Clearance Obtained,0,355,15.81
707022,[DEMO/SIMULATION],Punjab,30.5871,75.7412,139.5,43.8,Critical Environmental Delay,0,251,11.16
707039,[DEMO/SIMULATION],West Bengal,22.7668,88.255,156.5,100.0,Pending Public Hearing,1,281,12.52
707070,[DEMO/SIMULATION],Maharashtra,20.1515,76.1139,78.8,20.3,Critical Environmental Delay,0,141,6.3
707020,[DEMO/SIMULATION],Chhattisgarh,20.6787,82.2661,137.5,54.8,Clearance Obtained,0,247,11.0
707046,[DEMO/SIMULATION],Haryana,28.9788,76.4856,54.8,30.2,Critical Environmental Delay,0,98,4.38
707069,[DEMO/SIMULATION],Delhi,29.0841,77.5025,77.8,19.0,In Progress,1,140,6.22
707021,[DEMO/SIMULATION],Tamil Nadu,10.5471,79.0569,138.5,100.0,In Progress,1,249,11.08
707044,[DEMO/SIMULATION],Uttarakhand,29.9468,79.4193,52.8,65.4,Clearance Obtained,0,95,4.22
707045,[DEMO/SIMULATION],Jammu & Kashmir,33.6782,76.9762,53.8,100.0,In Progress,1,96,4.3
707059,[DEMO/SIMULATION],Assam,26.3806,93.3376,67.8,30.6,Pending Public Hearing,1,122,5.42
707049,[DEMO/SIMULATION],Maharashtra,19.7315,76.1139,57.8,100.0,In Progress,1,104,4.62
707087,[DEMO/SIMULATION],Jammu & Kashmir,34.5182,76.9762,95.8,97.0,Pending Public Hearing,1,172,7.66
707050,[DEMO/SIMULATION],Uttar Pradesh,26.8467,81.3462,58.8,100.0,Critical Environmental Delay,0,105,4.7
707058,[DEMO/SIMULATION],Telangana,18.2724,79.4193,66.8,54.6,Critical Environmental Delay,0,120,5.34
707086,[DEMO/SIMULATION],Uttarakhand,30.7868,79.4193,94.8,82.1,Critical Environmental Delay,0,170,7.58
617883,[DEMO/SIMULATION],Delhi,29.3641,77.6625,669.1,15.0,Pending Public Hearing,1,1204,53.53
617882,[DEMO/SIMULATION],Delhi,29.3441,77.6625,55.7,15.0,Critical Environmental Delay,0,100,4.46
612186,[DEMO/SIMULATION],Punjab,31.8671,74.7612,149.7,19.5,Critical Environmental Delay,2,269,11.98
612748,[DEMO/SIMULATION],Karnataka,15.2773,75.2539,50.6,26.8,Clearance Obtained,0,91,4.05
612513,[DEMO/SIMULATION],Odisha,20.2117,84.5985,57.8,21.4,In Progress,1,104,4.62
612745,[DEMO/SIMULATION],Karnataka,15.2173,75.2539,66.7,40.9,In Progress,1,120,5.34
612188,[DEMO/SIMULATION],Jammu & Kashmir,34.5382,75.9962,132.3,80.7,Clearance Obtained,0,238,10.58
612213,[DEMO/SIMULATION],Maharashtra,19.0115,75.1539,122.2,62.9,In Progress,1,219,9.78
612201,[DEMO/SIMULATION],Telangana,17.1324,78.4593,102.5,78.3,In Progress,1,184,8.2
612259,[DEMO/SIMULATION],Madhya Pradesh,23.1534,78.0969,34.3,100.0,Pending Public Hearing,3,61,2.74
612167,[DEMO/SIMULATION],Andhra Pradesh,16.2529,79.16,104.6,73.1,Pending Public Hearing,3,188,8.37
612211,[DEMO/SIMULATION],Gujarat,21.4787,70.6324,121.9,32.3,Pending Public Hearing,3,219,9.75
616691,[DEMO/SIMULATION],Karnataka,16.1373,76.0339,50.0,86.8,Pending Public Hearing,3,90,4.0
701565,[DEMO/SIMULATION],Haryana,29.3588,75.3856,850.4,78.2,In Progress,1,1530,68.03
707410,[DEMO/SIMULATION],Haryana,28.2588,76.5656,124.5,57.9,Critical Environmental Delay,2,224,9.96
709832,[DEMO/SIMULATION],West Bengal,22.6268,88.815,56.9,76.1,Clearance Obtained,0,102,4.55
400141,[DEMO/SIMULATION],Odisha,20.7717,84.1185,676.4,100.0,In Progress,1,1217,54.11
400426,[DEMO/SIMULATION],Kerala,10.3705,75.3511,384.4,45.2,Critical Environmental Delay,2,691,30.75
400299,[DEMO/SIMULATION],Haryana,30.0388,75.1256,306.1,71.4,Pending Public Hearing,3,550,24.49
709831,[DEMO/SIMULATION],Assam,25.8206,93.8976,103.5,84.5,Pending Public Hearing,3,186,8.28
615202,[DEMO/SIMULATION],Odisha,19.9917,85.1385,337.0,15.0,Critical Environmental Delay,0,606,26.96
400171,[DEMO/SIMULATION],Uttarakhand,30.4868,78.0393,304.1,96.6,Pending Public Hearing,3,547,24.33
400168,[DEMO/SIMULATION],Chhattisgarh,21.6387,80.8861,1407.5,95.3,Clearance Obtained,0,2533,112.6
617822,[DEMO/SIMULATION],Andhra Pradesh,15.3529,80.3,94.2,40.1,Critical Environmental Delay,0,169,7.54
709782,[DEMO/SIMULATION],Bihar,25.7361,86.2531,126.8,59.3,Critical Environmental Delay,2,228,10.14
617838,[DEMO/SIMULATION],Haryana,28.8188,76.6456,247.5,33.2,Critical Environmental Delay,0,445,19.8
619224,[DEMO/SIMULATION],Haryana,28.5388,76.9256,150.6,24.1,Clearance Obtained,0,271,12.05
709786,[DEMO/SIMULATION],Odisha,21.6717,86.0385,140.2,20.7,Critical Environmental Delay,0,252,11.22
709776,[DEMO/SIMULATION],Haryana,29.5788,77.0256,137.6,70.5,Clearance Obtained,0,247,11.01
701324,[DEMO/SIMULATION],Jharkhand,23.0902,84.5399,2265.5,97.9,Clearance Obtained,0,4077,181.24
709850,[DEMO/SIMULATION],Jharkhand,23.6102,86.2399,79.8,41.1,Critical Environmental Delay,2,143,6.38
619312,[DEMO/SIMULATION],Uttar Pradesh,26.0867,81.8062,139.9,54.3,Clearance Obtained,0,251,11.19
617830,[DEMO/SIMULATION],Assam,25.8006,93.4976,338.8,28.1,Critical Environmental Delay,0,609,27.1
709779,[DEMO/SIMULATION],Maharashtra,20.3315,76.6539,214.2,23.3,Pending Public Hearing,3,385,17.14
701289,[DEMO/SIMULATION],Punjab,31.9271,74.5812,5203.1,80.4,In Progress,1,9365,416.25
604795,[DEMO/SIMULATION],Uttarakhand,30.9668,78.9593,4852.0,24.2,Pending Public Hearing,3,8733,388.16
709757,[DEMO/SIMULATION],Delhi,28.8441,78.0425,283.5,30.2,In Progress,1,510,22.68
709758,[DEMO/SIMULATION],Maharashtra,19.9115,76.6539,472.2,20.6,Critical Environmental Delay,0,849,37.78
619196,[DEMO/SIMULATION],West Bengal,23.9068,88.675,169.8,23.5,Clearance Obtained,0,305,13.58
617818,[DEMO/SIMULATION],Kerala,10.2105,76.8311,135.2,21.6,Critical Environmental Delay,2,243,10.82
617819,[DEMO/SIMULATION],Delhi,28.0841,77.6625,142.6,20.3,Pending Public Hearing,1,256,11.41
701338,[DEMO/SIMULATION],Maharashtra,19.5115,74.9739,888.2,78.0,Critical Environmental Delay,0,1598,71.06
709771,[DEMO/SIMULATION],Chhattisgarh,21.6987,82.8061,220.8,28.7,Pending Public Hearing,1,397,17.66
709772,[DEMO/SIMULATION],Tamil Nadu,11.5671,79.5969,183.3,30.7,Clearance Obtained,0,329,14.66
709773,[DEMO/SIMULATION],Punjab,31.6071,76.2812,173.7,23.7,In Progress,1,312,13.9
709770,[DEMO/SIMULATION],Rajasthan,27.4238,75.1579,112.7,25.0,Critical Environmental Delay,0,202,9.02
709791,[DEMO/SIMULATION],Rajasthan,27.8438,75.1579,263.5,35.0,Pending Public Hearing,1,474,21.08
709792,[DEMO/SIMULATION],Chhattisgarh,22.1187,82.8061,657.7,28.0,Clearance Obtained,0,1183,52.62
709794,[DEMO/SIMULATION],Punjab,32.0271,76.2812,595.0,30.0,Critical Environmental Delay,0,1071,47.6
709793,[DEMO/SIMULATION],Tamil Nadu,11.9871,79.5969,700.9,29.1,In Progress,1,1261,56.07
709795,[DEMO/SIMULATION],Uttarakhand,30.9668,79.9593,2613.1,23.6,Pending Public Hearing,1,4703,209.05
709796,[DEMO/SIMULATION],Jammu & Kashmir,34.6982,77.5162,668.8,27.7,Clearance Obtained,0,1203,53.5
617836,[DEMO/SIMULATION],Uttarakhand,29.7868,79.5793,171.2,71.7,Clearance Obtained,0,308,13.7
709838,[DEMO/SIMULATION],Jammu & Kashmir,33.5382,77.5362,131.1,43.5,Critical Environmental Delay,2,235,10.49
709780,[DEMO/SIMULATION],Uttar Pradesh,27.4467,81.8862,151.2,79.9,Clearance Obtained,0,272,12.1
616858,[DEMO/SIMULATION],Madhya Pradesh,23.1334,79.0169,122.6,76.4,Critical Environmental Delay,2,220,9.81
709837,[DEMO/SIMULATION],Uttarakhand,29.8068,79.9793,68.3,44.1,In Progress,1,122,5.46
709800,[DEMO/SIMULATION],Odisha,19.9517,86.0585,59.1,47.2,Clearance Obtained,0,106,4.73
709839,[DEMO/SIMULATION],Haryana,28.8388,77.0456,660.6,100.0,Pending Public Hearing,3,1189,52.85
709864,[DEMO/SIMULATION],Uttar Pradesh,27.1267,81.9062,119.5,78.6,Clearance Obtained,0,215,9.56
616879,[DEMO/SIMULATION],Madhya Pradesh,23.5534,79.0169,133.6,20.6,Pending Public Hearing,1,240,10.69
610984,[DEMO/SIMULATION],Assam,26.8806,92.1176,128.6,60.7,Clearance Obtained,0,231,10.29
604863,[DEMO/SIMULATION],Maharashtra,20.0115,75.6739,165.4,87.5,Pending Public Hearing,3,297,13.23
701344,[DEMO/SIMULATION],Odisha,20.8317,84.3585,218.7,94.6,Clearance Obtained,0,393,17.5
617302,[DEMO/SIMULATION],Odisha,19.9917,85.5585,283.0,100.0,Critical Environmental Delay,2,509,22.64
709798,[DEMO/SIMULATION],Kerala,11.8105,77.2111,6623.1,32.4,Critical Environmental Delay,0,11921,529.85
619316,[DEMO/SIMULATION],Karnataka,14.6373,76.5739,190.4,19.1,Clearance Obtained,0,342,15.23
612853,[DEMO/SIMULATION],Assam,26.2606,92.4976,91.3,52.3,In Progress,1,164,7.3
607701,[DEMO/SIMULATION],Bihar,24.1161,85.8531,82.8,95.4,In Progress,1,149,6.62
709753,[DEMO/SIMULATION],Uttarakhand,30.1268,79.9593,224.5,74.2,In Progress,1,404,17.96
709760,[DEMO/SIMULATION],Andhra Pradesh,16.1129,80.68,116.0,63.5,Clearance Obtained,0,208,9.28
709752,[DEMO/SIMULATION],Punjab,31.1871,76.2812,96.0,74.0,Clearance Obtained,0,172,7.68
604853,[DEMO/SIMULATION],West Bengal,23.0468,87.815,395.3,73.0,In Progress,1,711,31.62
709777,[DEMO/SIMULATION],Kerala,11.3905,77.2111,155.3,27.3,In Progress,1,279,12.42
619225,[DEMO/SIMULATION],Kerala,10.3505,77.1111,64.0,15.0,In Progress,1,115,5.12
709783,[DEMO/SIMULATION],Madhya Pradesh,23.6334,79.5969,127.8,98.1,Pending Public Hearing,3,230,10.22
709778,[DEMO/SIMULATION],Gujarat,22.8187,72.1324,147.2,58.6,Critical Environmental Delay,2,264,11.78
709851,[DEMO/SIMULATION],Telangana,18.1324,79.9793,978.6,22.4,Pending Public Hearing,1,1761,78.29
604859,[DEMO/SIMULATION],Jammu & Kashmir,33.9582,76.5362,2129.8,61.0,Pending Public Hearing,3,3833,170.38
709842,[DEMO/SIMULATION],Maharashtra,19.5915,76.6739,265.0,70.8,Critical Environmental Delay,0,477,21.2
619191,[DEMO/SIMULATION],Gujarat,23.0787,72.0124,141.3,68.9,Pending Public Hearing,1,254,11.3
400120,[DEMO/SIMULATION],Odisha,20.3517,84.1185,5141.8,100.0,Clearance Obtained,0,9255,411.34
701228,[DEMO/SIMULATION],Jammu & Kashmir,33.3382,75.8162,505.2,100.0,Clearance Obtained,0,909,40.42
709785,[DEMO/SIMULATION],Gujarat,22.9587,72.1324,135.3,36.8,In Progress,1,243,10.82
709750,[DEMO/SIMULATION],Chhattisgarh,21.2787,82.8061,100.8,38.5,Critical Environmental Delay,2,181,8.06
400119,[DEMO/SIMULATION],Gujarat,21.6387,70.2124,517.6,100.0,Pending Public Hearing,3,931,41.41
616933,[DEMO/SIMULATION],Uttarakhand,29.7268,79.3993,714.9,15.0,In Progress,1,1286,57.19
701330,[DEMO/SIMULATION],Tamil Nadu,10.7271,77.9169,1158.8,78.1,Critical Environmental Delay,2,2085,92.7
709848,[DEMO/SIMULATION],Gujarat,22.2187,72.1524,397.3,81.9,Clearance Obtained,0,715,31.78
701354,[DEMO/SIMULATION],Jammu & Kashmir,33.8582,75.8362,1250.6,80.6,Critical Environmental Delay,2,2251,100.05
701346,[DEMO/SIMULATION],Telangana,18.0324,78.2793,1455.8,84.1,Critical Environmental Delay,2,2620,116.46
604791,[DEMO/SIMULATION],Rajasthan,27.8438,74.1579,1965.9,100.0,Pending Public Hearing,3,3538,157.27
709841,[DEMO/SIMULATION],Delhi,28.5241,78.0625,67.0,97.0,In Progress,1,120,5.36
619223,[DEMO/SIMULATION],Jammu & Kashmir,33.2382,77.4162,2066.9,23.3,Pending Public Hearing,1,3720,165.35
701329,[DEMO/SIMULATION],Gujarat,21.8387,70.4524,2889.4,65.0,In Progress,1,5200,231.15
709847,[DEMO/SIMULATION],Karnataka,15.2573,76.6739,119.1,63.6,Pending Public Hearing,3,214,9.53
617827,[DEMO/SIMULATION],Odisha,20.4917,85.6585,169.0,15.0,Pending Public Hearing,1,304,13.52
619314,[DEMO/SIMULATION],Bihar,24.3761,86.1731,1040.2,21.2,Critical Environmental Delay,0,1872,83.22
709797,[DEMO/SIMULATION],Haryana,29.9988,77.0256,504.8,64.4,In Progress,1,908,40.38
611917,[DEMO/SIMULATION],Kerala,10.1905,75.6511,255.8,100.0,In Progress,1,460,20.46
709865,[DEMO/SIMULATION],Andhra Pradesh,16.2129,80.7,109.1,38.7,In Progress,1,196,8.73
612790,[DEMO/SIMULATION],Assam,27.0006,92.4776,127.8,72.6,Critical Environmental Delay,2,230,10.22
619226,[DEMO/SIMULATION],Delhi,28.2241,77.9425,64.7,15.0,Critical Environmental Delay,0,116,5.18
616950,[DEMO/SIMULATION],Rajasthan,27.0238,74.5979,252.9,30.3,Critical Environmental Delay,2,455,20.23
709849,[DEMO/SIMULATION],Odisha,20.9317,86.0585,406.0,100.0,In Progress,1,730,32.48
400169,[DEMO/SIMULATION],Tamil Nadu,11.5071,77.6769,183.6,100.0,In Progress,1,330,14.69
400167,[DEMO/SIMULATION],Rajasthan,27.3638,73.2379,261.4,100.0,Pending Public Hearing,3,470,20.91
400087,[DEMO/SIMULATION],Uttarakhand,30.8068,78.0193,139.9,100.0,Pending Public Hearing,1,251,11.19
709840,[DEMO/SIMULATION],Kerala,10.6505,77.2311,77.3,86.9,Clearance Obtained,0,139,6.18
709781,[DEMO/SIMULATION],Andhra Pradesh,16.5329,80.68,140.0,15.0,In Progress,1,252,11.2
709845,[DEMO/SIMULATION],Bihar,24.9961,86.2731,170.6,65.3,In Progress,1,307,13.65
709774,[DEMO/SIMULATION],Uttarakhand,30.5468,79.9593,163.4,79.5,Critical Environmental Delay,2,294,13.07
617304,[DEMO/SIMULATION],Bihar,24.1761,85.7731,75.0,45.8,Clearance Obtained,0,135,6.0
709799,[DEMO/SIMULATION],Delhi,29.6841,78.0425,788.0,39.6,Pending Public Hearing,1,1418,63.04
617837,[DEMO/SIMULATION],Jammu & Kashmir,33.5182,77.1362,149.6,66.4,In Progress,1,269,11.97
617828,[DEMO/SIMULATION],Jharkhand,23.1702,85.8399,108.0,15.0,Clearance Obtained,0,194,8.64
616254,[DEMO/SIMULATION],Telangana,18.1924,79.2593,385.8,23.1,Critical Environmental Delay,0,694,30.86
400203,[DEMO/SIMULATION],Gujarat,21.3187,70.2324,255.9,34.5,Pending Public Hearing,1,460,20.47
400416,[DEMO/SIMULATION],Telangana,17.4324,78.0993,366.0,96.9,Clearance Obtained,0,658,29.28
612834,[DEMO/SIMULATION],Rajasthan,26.7038,73.7779,151.8,48.6,Critical Environmental Delay,0,273,12.14
616697,[DEMO/SIMULATION],West Bengal,23.9268,88.175,40.1,54.1,In Progress,1,72,3.21
705515,[DEMO/SIMULATION],Delhi,28.0041,77.2025,210.9,100.0,Pending Public Hearing,1,379,16.87
709819,[DEMO/SIMULATION],Kerala,10.2305,77.2311,44.2,29.2,Pending Public Hearing,1,79,3.54
617216,[DEMO/SIMULATION],Karnataka,14.6373,76.1539,187.5,35.9,Clearance Obtained,0,337,15.0
705498,[DEMO/SIMULATION],Bihar,26.0561,85.3931,136.9,100.0,Critical Environmental Delay,0,246,10.95
705506,[DEMO/SIMULATION],West Bengal,22.1068,87.955,181.2,100.0,Critical Environmental Delay,2,326,14.5
705502,[DEMO/SIMULATION],Odisha,19.9917,85.1985,229.8,100.0,Critical Environmental Delay,2,413,18.38
705500,[DEMO/SIMULATION],Karnataka,14.3173,75.8139,101.0,100.0,Clearance Obtained,0,181,8.08
709815,[DEMO/SIMULATION],Punjab,30.4471,76.3012,41.5,17.3,Pending Public Hearing,3,74,3.32
709816,[DEMO/SIMULATION],Uttarakhand,29.3868,79.9793,42.5,16.9,Clearance Obtained,0,76,3.4
709817,[DEMO/SIMULATION],Jammu & Kashmir,33.1182,77.5362,42.3,28.3,In Progress,1,76,3.38
612072,[DEMO/SIMULATION],Gujarat,22.6987,70.5924,216.3,66.9,Clearance Obtained,0,389,17.3
612815,[DEMO/SIMULATION],Tamil Nadu,10.4271,78.2169,120.5,19.8,Pending Public Hearing,1,216,9.64
709818,[DEMO/SIMULATION],Haryana,28.4188,77.0456,67.2,38.4,Critical Environmental Delay,0,120,5.38
705505,[DEMO/SIMULATION],Assam,25.3006,93.0376,120.7,100.0,In Progress,1,217,9.66
705919,[DEMO/SIMULATION],Madhya Pradesh,22.3534,78.8369,287.5,48.2,Pending Public Hearing,1,517,23.0
705356,[DEMO/SIMULATION],Jharkhand,23.7302,85.3399,496.8,100.0,Clearance Obtained,0,894,39.74
616843,[DEMO/SIMULATION],Assam,26.0606,93.2976,288.2,37.6,Pending Public Hearing,1,518,23.06
705774,[DEMO/SIMULATION],Gujarat,22.7387,71.3324,167.7,78.3,Critical Environmental Delay,2,301,13.42
705918,[DEMO/SIMULATION],Bihar,24.4561,85.4931,296.5,41.3,Critical Environmental Delay,2,533,23.72
705771,[DEMO/SIMULATION],Bihar,25.5161,85.4531,125.1,89.4,Pending Public Hearing,1,225,10.01
705583,[DEMO/SIMULATION],Madhya Pradesh,23.6334,78.7569,203.1,47.9,Pending Public Hearing,3,365,16.25
617252,[DEMO/SIMULATION],Delhi,28.7441,77.5425,235.7,58.4,Clearance Obtained,0,424,18.86
705368,[DEMO/SIMULATION],Delhi,29.0641,77.1625,248.8,100.0,Clearance Obtained,0,447,19.9
611751,[DEMO/SIMULATION],Maharashtra,19.7715,75.0539,255.2,100.0,Pending Public Hearing,1,459,20.42
617361,[DEMO/SIMULATION],Bihar,25.3161,85.7731,135.4,15.0,In Progress,1,243,10.83
616587,[DEMO/SIMULATION],Gujarat,22.9987,71.4924,308.4,15.0,Pending Public Hearing,1,555,24.67
705495,[DEMO/SIMULATION],Maharashtra,20.6515,75.7939,221.7,69.2,Pending Public Hearing,1,399,17.74
400204,[DEMO/SIMULATION],Odisha,20.0317,84.1385,745.0,22.2,Clearance Obtained,0,1341,59.6
703586,[DEMO/SIMULATION],Andhra Pradesh,16.6329,79.44,100.8,100.0,Critical Environmental Delay,2,181,8.06
705941,[DEMO/SIMULATION],Karnataka,15.1373,75.8939,2466.0,33.4,In Progress,1,4438,197.28
705464,[DEMO/SIMULATION],West Bengal,23.2668,87.935,311.4,15.0,Clearance Obtained,0,560,24.91
705663,[DEMO/SIMULATION],Maharashtra,20.0115,75.8339,136.9,67.9,Pending Public Hearing,1,246,10.95
616586,[DEMO/SIMULATION],Karnataka,16.0373,76.0139,366.3,15.0,Critical Environmental Delay,0,659,29.3
705782,[DEMO/SIMULATION],Tamil Nadu,11.7671,78.7969,123.0,92.5,Critical Environmental Delay,2,221,9.84
705357,[DEMO/SIMULATION],Telangana,18.2524,79.0793,137.7,100.0,In Progress,1,247,11.02
706777,[DEMO/SIMULATION],Uttar Pradesh,27.3867,81.2862,441.7,16.5,In Progress,1,795,35.34
706860,[DEMO/SIMULATION],Maharashtra,19.9515,76.0739,156.8,16.3,Clearance Obtained,0,282,12.54
706835,[DEMO/SIMULATION],Jammu & Kashmir,33.4782,76.9362,273.6,15.0,Pending Public Hearing,3,492,21.89
705510,[DEMO/SIMULATION],Punjab,30.3471,75.4412,222.6,99.6,Critical Environmental Delay,2,400,17.81
705777,[DEMO/SIMULATION],Telangana,18.6524,79.1593,94.5,49.4,In Progress,1,170,7.56
705428,[DEMO/SIMULATION],Jammu & Kashmir,33.3382,76.6562,2085.1,50.8,Clearance Obtained,0,3753,166.81
705780,[DEMO/SIMULATION],Rajasthan,27.6238,74.3579,439.3,77.8,Clearance Obtained,0,790,35.14
611884,[DEMO/SIMULATION],Odisha,21.6317,84.4585,74.6,56.5,Clearance Obtained,0,134,5.97
706854,[DEMO/SIMULATION],Punjab,31.2271,75.7012,260.4,20.0,Critical Environmental Delay,0,468,20.83
400232,[DEMO/SIMULATION],Tamil Nadu,10.7671,77.6969,76.5,73.6,Clearance Obtained,0,137,6.12
616588,[DEMO/SIMULATION],Odisha,21.7117,85.3985,246.8,15.0,Clearance Obtained,0,444,19.74
705567,[DEMO/SIMULATION],Telangana,18.4524,79.1193,239.4,100.0,Pending Public Hearing,3,430,19.15
705396,[DEMO/SIMULATION],Gujarat,23.1787,71.2524,1284.6,23.7,Clearance Obtained,0,2312,102.77
706865,[DEMO/SIMULATION],Karnataka,15.6173,76.0739,348.8,15.0,In Progress,1,627,27.9
705424,[DEMO/SIMULATION],Chhattisgarh,20.7587,81.9461,295.0,56.6,Clearance Obtained,0,531,23.6
616227,[DEMO/SIMULATION],Bihar,24.6361,85.5531,316.8,15.0,Pending Public Hearing,1,570,25.34
705562,[DEMO/SIMULATION],Madhya Pradesh,23.2134,78.7569,226.4,92.9,Critical Environmental Delay,2,407,18.11
705454,[DEMO/SIMULATION],Uttar Pradesh,26.9267,81.0262,363.1,90.2,Critical Environmental Delay,0,653,29.05
617284,[DEMO/SIMULATION],Assam,26.8806,93.3776,217.6,16.3,Clearance Obtained,0,391,17.41
705244,[DEMO/SIMULATION],Uttar Pradesh,26.7267,80.9862,82.0,50.4,Clearance Obtained,0,147,6.56
612096,[DEMO/SIMULATION],Telangana,19.0324,78.4193,277.4,55.5,Clearance Obtained,0,499,22.19
617231,[DEMO/SIMULATION],Delhi,28.3241,77.5425,162.8,15.0,Pending Public Hearing,1,293,13.02
705762,[DEMO/SIMULATION],Punjab,31.3871,75.4812,154.3,15.0,Critical Environmental Delay,2,277,12.34
400023,[DEMO/SIMULATION],Punjab,30.6071,74.3412,175.3,23.1,Pending Public Hearing,1,315,14.02
611977,[DEMO/SIMULATION],Uttarakhand,30.6068,78.3993,170.1,40.9,In Progress,1,306,13.61
611978,[DEMO/SIMULATION],Jammu & Kashmir,34.3382,75.9562,121.7,30.9,Critical Environmental Delay,0,219,9.74
617374,[DEMO/SIMULATION],Uttarakhand,30.5468,79.4793,321.4,100.0,Critical Environmental Delay,2,578,25.71
705433,[DEMO/SIMULATION],Uttar Pradesh,26.5067,81.0262,317.2,83.2,In Progress,1,570,25.38
706836,[DEMO/SIMULATION],Haryana,28.7788,76.4456,105.9,100.0,Clearance Obtained,0,190,8.47
617880,[DEMO/SIMULATION],Haryana,29.6588,76.6456,378.9,15.0,Clearance Obtained,0,682,30.31
618972,[DEMO/SIMULATION],Haryana,29.4988,76.8656,230.5,22.0,Clearance Obtained,0,414,18.44
617379,[DEMO/SIMULATION],Maharashtra,20.3315,76.1739,165.9,100.0,Pending Public Hearing,3,298,13.27
611855,[DEMO/SIMULATION],Delhi,28.8041,76.4625,240.3,67.1,Pending Public Hearing,1,432,19.22
705482,[DEMO/SIMULATION],Jharkhand,24.2502,85.3599,114.0,63.0,Critical Environmental Delay,2,205,9.12
400019,[DEMO/SIMULATION],West Bengal,22.3668,86.855,132.9,100.0,Pending Public Hearing,3,239,10.63
705392,[DEMO/SIMULATION],Andhra Pradesh,16.7529,79.8,1031.4,97.1,Clearance Obtained,0,1856,82.51
617364,[DEMO/SIMULATION],Gujarat,22.5387,71.6524,134.7,20.0,Clearance Obtained,0,242,10.78
616856,[DEMO/SIMULATION],Andhra Pradesh,16.0329,80.1,171.5,15.7,Clearance Obtained,0,308,13.72
617370,[DEMO/SIMULATION],Rajasthan,27.4238,74.6779,117.2,40.5,Critical Environmental Delay,0,210,9.38
616857,[DEMO/SIMULATION],Bihar,25.2361,85.6731,296.4,18.3,In Progress,1,533,23.71
617212,[DEMO/SIMULATION],Uttar Pradesh,26.0867,81.3862,754.9,47.2,Clearance Obtained,0,1358,60.39
617215,[DEMO/SIMULATION],Madhya Pradesh,22.2734,79.0969,170.5,36.8,Pending Public Hearing,1,306,13.64
617372,[DEMO/SIMULATION],Tamil Nadu,11.5671,79.1169,144.3,52.6,Clearance Obtained,0,259,11.54
705504,[DEMO/SIMULATION],Telangana,17.1924,79.1193,336.1,100.0,Clearance Obtained,0,604,26.89
617211,[DEMO/SIMULATION],Maharashtra,18.9715,76.1539,478.9,21.4,Pending Public Hearing,1,862,38.31
705628,[DEMO/SIMULATION],Odisha,20.5117,85.2185,482.3,76.8,Clearance Obtained,0,868,38.58
705660,[DEMO/SIMULATION],Haryana,29.2588,76.2056,426.8,100.0,Clearance Obtained,0,768,34.14
400291,[DEMO/SIMULATION],Assam,27.0206,91.9776,329.4,100.0,Pending Public Hearing,3,592,26.35
705512,[DEMO/SIMULATION],Jammu & Kashmir,33.0182,76.6762,407.0,85.6,Clearance Obtained,0,732,32.56
400048,[DEMO/SIMULATION],Kerala,10.8105,75.2711,115.9,69.1,Clearance Obtained,0,208,9.27
400047,[DEMO/SIMULATION],Haryana,28.9988,75.0856,118.5,37.9,Pending Public Hearing,3,213,9.48
617239,[DEMO/SIMULATION],Odisha,20.7317,85.5385,691.0,15.0,Pending Public Hearing,1,1243,55.28
705572,[DEMO/SIMULATION],Tamil Nadu,11.5671,78.7569,701.0,100.0,Clearance Obtained,0,1261,56.08
400277,[DEMO/SIMULATION],Jammu & Kashmir,34.3182,75.6162,1421.6,83.8,In Progress,1,2558,113.73
705639,[DEMO/SIMULATION],Haryana,28.8388,76.2056,129.1,57.6,Pending Public Hearing,1,232,10.33
705373,[DEMO/SIMULATION],Bihar,25.5561,85.3731,233.9,100.0,In Progress,1,421,18.71
612827,[DEMO/SIMULATION],Karnataka,14.8573,75.2739,134.6,15.0,Pending Public Hearing,1,242,10.77
616694,[DEMO/SIMULATION],Jharkhand,24.4902,85.5999,44.1,33.4,Critical Environmental Delay,0,79,3.53
618986,[DEMO/SIMULATION],West Bengal,23.7068,88.635,571.1,15.0,Critical Environmental Delay,0,1027,45.69
705490,[DEMO/SIMULATION],Uttarakhand,30.8668,79.0993,436.3,61.0,Critical Environmental Delay,2,785,34.9
709811,[DEMO/SIMULATION],West Bengal,22.2068,88.815,39.5,15.0,Pending Public Hearing,1,71,3.16
602792,[DEMO/SIMULATION],Jharkhand,24.4502,84.8199,207.7,46.4,Clearance Obtained,0,373,16.62
612845,[DEMO/SIMULATION],Andhra Pradesh,15.8129,79.3,148.2,21.2,In Progress,1,266,11.86
705444,[DEMO/SIMULATION],Rajasthan,26.9038,74.2979,829.5,100.0,Clearance Obtained,0,1493,66.36
705765,[DEMO/SIMULATION],Haryana,29.3588,76.2256,147.9,93.2,In Progress,1,266,11.83
618978,[DEMO/SIMULATION],Bihar,25.6561,86.0931,351.4,15.0,Critical Environmental Delay,0,632,28.11
617201,[DEMO/SIMULATION],West Bengal,22.0068,88.295,696.9,15.0,In Progress,1,1254,55.75
611752,[DEMO/SIMULATION],Uttar Pradesh,26.8867,80.2862,164.8,81.7,Clearance Obtained,0,296,13.18
617224,[DEMO/SIMULATION],Chhattisgarh,20.7587,82.3061,232.0,54.5,Clearance Obtained,0,417,18.56
705752,[DEMO/SIMULATION],Karnataka,15.3573,75.8539,154.8,43.6,Clearance Obtained,0,278,12.38
611754,[DEMO/SIMULATION],Bihar,25.1761,84.6531,157.9,81.6,Critical Environmental Delay,0,284,12.63
705633,[DEMO/SIMULATION],Rajasthan,26.6838,74.3379,592.9,100.0,In Progress,1,1067,47.43
706922,[DEMO/SIMULATION],Delhi,28.1441,77.4825,135.5,59.4,Critical Environmental Delay,2,243,10.84
705419,[DEMO/SIMULATION],Jharkhand,22.9902,85.3599,495.9,83.6,Pending Public Hearing,3,892,39.67
705366,[DEMO/SIMULATION],Haryana,29.3788,76.1456,316.1,100.0,Critical Environmental Delay,2,568,25.29
706942,[DEMO/SIMULATION],Kerala,10.6905,76.6511,57.7,17.0,Critical Environmental Delay,0,103,4.62
705650,[DEMO/SIMULATION],Jharkhand,23.6102,85.3999,809.0,89.1,Critical Environmental Delay,2,1456,64.72
706950,[DEMO/SIMULATION],Gujarat,22.2587,71.5724,141.6,100.0,Critical Environmental Delay,2,254,11.33
705493,[DEMO/SIMULATION],Kerala,11.7105,76.3511,789.1,20.9,In Progress,1,1420,63.13
705763,[DEMO/SIMULATION],Uttarakhand,30.3268,79.1593,1164.1,41.8,Pending Public Hearing,1,2095,93.13
705507,[DEMO/SIMULATION],Rajasthan,26.1638,74.3179,394.5,81.8,Pending Public Hearing,3,710,31.56
705511,[DEMO/SIMULATION],Uttarakhand,29.2868,79.1193,263.0,86.8,Pending Public Hearing,3,473,21.04
705588,[DEMO/SIMULATION],Telangana,18.8724,79.1193,216.3,100.0,Clearance Obtained,0,389,17.3
705514,[DEMO/SIMULATION],Kerala,10.1305,76.3711,184.0,52.7,Critical Environmental Delay,2,331,14.72
705362,[DEMO/SIMULATION],Tamil Nadu,11.3671,78.7169,124.8,72.2,Critical Environmental Delay,2,224,9.98
705742,[DEMO/SIMULATION],Uttarakhand,29.9068,79.1593,373.6,36.9,Critical Environmental Delay,0,672,29.89
705741,[DEMO/SIMULATION],Punjab,30.9671,75.4812,133.2,17.8,In Progress,1,239,10.66
900874,[DEMO/SIMULATION],Uttarakhand,30.5468,78.1793,122.2,24.3,Critical Environmental Delay,2,219,9.78
705598,[DEMO/SIMULATION],Kerala,11.8105,76.3711,418.3,100.0,Critical Environmental Delay,2,752,33.46
705608,[DEMO/SIMULATION],Jharkhand,22.7702,85.3999,657.5,64.8,Clearance Obtained,0,1183,52.6
400006,[DEMO/SIMULATION],Kerala,9.9705,75.2711,167.3,79.7,Critical Environmental Delay,2,301,13.38
705616,[DEMO/SIMULATION],Uttarakhand,29.3868,79.1393,337.0,100.0,Clearance Obtained,0,606,26.96
705391,[DEMO/SIMULATION],Uttar Pradesh,27.6667,81.0062,2179.4,100.0,Pending Public Hearing,3,3922,174.35
705450,[DEMO/SIMULATION],Haryana,29.0588,76.1656,150.3,78.1,Critical Environmental Delay,2,270,12.02
705730,[DEMO/SIMULATION],Madhya Pradesh,22.5734,78.7969,735.2,91.7,Critical Environmental Delay,2,1323,58.82
705492,[DEMO/SIMULATION],Haryana,29.8988,76.1656,135.8,96.8,Clearance Obtained,0,244,10.86
400247,[DEMO/SIMULATION],Jharkhand,23.5502,84.3199,197.0,100.0,Pending Public Hearing,3,354,15.76
617245,[DEMO/SIMULATION],Chhattisgarh,21.1787,82.3061,226.4,75.1,In Progress,1,407,18.11
705661,[DEMO/SIMULATION],Kerala,11.0705,76.3911,248.2,100.0,In Progress,1,446,19.86
705252,[DEMO/SIMULATION],Telangana,18.1524,79.0593,69.8,15.0,Clearance Obtained,0,125,5.58
705612,[DEMO/SIMULATION],Rajasthan,26.2638,74.3379,304.9,100.0,Clearance Obtained,0,548,24.39
705364,[DEMO/SIMULATION],Uttarakhand,30.3468,79.0793,96.1,82.0,Clearance Obtained,0,172,7.69
705668,[DEMO/SIMULATION],Karnataka,15.6773,75.8339,555.5,100.0,Clearance Obtained,0,999,44.44
617200,[DEMO/SIMULATION],Assam,25.2006,93.3776,1218.1,15.0,Clearance Obtained,0,2192,97.45
400220,[DEMO/SIMULATION],Andhra Pradesh,15.3129,78.78,478.2,95.0,Clearance Obtained,0,860,38.26
706898,[DEMO/SIMULATION],Jammu & Kashmir,34.7382,76.9362,138.2,23.0,Critical Environmental Delay,0,248,11.06
705358,[DEMO/SIMULATION],Assam,26.3606,92.9976,686.8,100.0,Critical Environmental Delay,0,1236,54.94
617832,[DEMO/SIMULATION],Rajasthan,26.6638,74.7779,505.1,15.0,Clearance Obtained,0,909,40.41
705375,[DEMO/SIMULATION],Gujarat,22.7587,71.2524,258.9,100.0,Pending Public Hearing,3,466,20.71
705513,[DEMO/SIMULATION],Haryana,28.3188,76.1856,387.3,83.6,In Progress,1,697,30.98
611918,[DEMO/SIMULATION],Delhi,28.0641,76.4825,108.2,26.1,Critical Environmental Delay,0,194,8.66
616983,[DEMO/SIMULATION],Bihar,25.7561,85.6931,133.2,20.8,Pending Public Hearing,1,239,10.66
705436,[DEMO/SIMULATION],Madhya Pradesh,22.6934,78.7369,451.1,59.2,Clearance Obtained,0,811,36.09
705638,[DEMO/SIMULATION],Jammu & Kashmir,33.5382,76.6962,159.9,26.2,Critical Environmental Delay,0,287,12.79
611927,[DEMO/SIMULATION],Jharkhand,23.1502,84.6599,131.1,43.9,Pending Public Hearing,1,235,10.49
705253,[DEMO/SIMULATION],Assam,26.2606,92.9776,97.5,100.0,In Progress,1,175,7.8
705766,[DEMO/SIMULATION],Kerala,11.1705,76.4111,91.6,87.4,Critical Environmental Delay,2,164,7.33
705480,[DEMO/SIMULATION],Gujarat,22.8587,71.2724,1337.1,69.9,Clearance Obtained,0,2406,106.97
705785,[DEMO/SIMULATION],Jammu & Kashmir,34.4782,76.7162,135.9,65.0,In Progress,1,244,10.87
607653,[DEMO/SIMULATION],Haryana,29.1188,76.6056,128.2,15.0,In Progress,1,230,10.26
705783,[DEMO/SIMULATION],Punjab,31.8071,75.4812,98.7,56.9,Pending Public Hearing,3,177,7.9
616701,[DEMO/SIMULATION],Punjab,30.1671,75.6812,339.6,15.0,In Progress,1,611,27.17
616842,[DEMO/SIMULATION],Telangana,17.9524,79.3793,504.9,38.4,Critical Environmental Delay,0,908,40.39
705489,[DEMO/SIMULATION],Punjab,31.9271,75.4212,99.1,100.0,In Progress,1,178,7.93
611929,[DEMO/SIMULATION],Assam,25.7806,92.3176,74.0,15.0,In Progress,1,133,5.92
705437,[DEMO/SIMULATION],Karnataka,15.0573,75.7939,251.0,100.0,In Progress,1,451,20.08
706940,[DEMO/SIMULATION],Jammu & Kashmir,33.5782,76.9562,47.6,15.0,Clearance Obtained,0,85,3.81
705491,[DEMO/SIMULATION],Jammu & Kashmir,34.5982,76.6562,55.5,57.7,Pending Public Hearing,1,99,4.44
705667,[DEMO/SIMULATION],Madhya Pradesh,23.3134,78.7769,961.1,90.0,Pending Public Hearing,3,1729,76.89
705458,[DEMO/SIMULATION],Karnataka,15.4773,75.7939,170.6,100.0,Critical Environmental Delay,2,307,13.65
706757,[DEMO/SIMULATION],Andhra Pradesh,16.0529,80.08,116.3,100.0,In Progress,1,209,9.3
705772,[DEMO/SIMULATION],Madhya Pradesh,23.4134,78.7969,449.3,83.9,Clearance Obtained,0,808,35.94
616699,[DEMO/SIMULATION],Chhattisgarh,22.2587,82.1861,1869.1,29.6,Pending Public Hearing,1,3364,149.53
611452,[DEMO/SIMULATION],Uttarakhand,30.1068,78.2993,98.7,74.0,Clearance Obtained,0,177,7.9
706780,[DEMO/SIMULATION],Madhya Pradesh,23.5734,78.9969,5153.5,15.0,Clearance Obtained,0,9276,412.28
706779,[DEMO/SIMULATION],Bihar,25.6761,85.6531,1312.0,82.9,Pending Public Hearing,3,2361,104.96
706781,[DEMO/SIMULATION],Karnataka,15.9373,76.0539,1743.0,57.3,In Progress,1,3137,139.44
705728,[DEMO/SIMULATION],Andhra Pradesh,15.4729,79.88,16208.0,74.2,Clearance Obtained,0,29174,1296.64
705401,[DEMO/SIMULATION],West Bengal,22.0068,87.935,106.2,100.0,In Progress,1,191,8.5
705528,[DEMO/SIMULATION],Rajasthan,26.5838,74.3179,285.9,83.1,Clearance Obtained,0,514,22.87
709812,[DEMO/SIMULATION],Rajasthan,26.2638,75.1779,81.3,46.4,Clearance Obtained,0,146,6.5
400298,[DEMO/SIMULATION],Jammu & Kashmir,34.7382,75.6162,444.8,100.0,Critical Environmental Delay,2,800,35.58
400223,[DEMO/SIMULATION],Karnataka,14.7773,74.7539,129.9,98.7,Pending Public Hearing,3,233,10.39
705799,[DEMO/SIMULATION],Assam,27.1806,93.0776,289.0,100.0,Pending Public Hearing,1,520,23.12
705410,[DEMO/SIMULATION],Delhi,27.9041,77.1825,352.7,100.0,Critical Environmental Delay,2,634,28.22
705629,[DEMO/SIMULATION],Jharkhand,23.1902,85.3999,389.0,98.0,In Progress,1,700,31.12
617408,[DEMO/SIMULATION],Jharkhand,22.7702,85.7599,32.9,64.3,Clearance Obtained,0,59,2.63
616839,[DEMO/SIMULATION],Gujarat,22.0387,71.5524,213.9,15.0,Pending Public Hearing,1,385,17.11
611669,[DEMO/SIMULATION],Andhra Pradesh,16.2929,79.06,86.0,76.4,In Progress,1,154,6.88
709813,[DEMO/SIMULATION],Chhattisgarh,20.5387,82.8261,78.5,35.9,In Progress,1,141,6.28
611943,[DEMO/SIMULATION],Bihar,24.9561,84.6931,124.5,20.3,Pending Public Hearing,3,224,9.96
705794,[DEMO/SIMULATION],Delhi,29.5841,77.2425,1076.8,20.6,Critical Environmental Delay,0,1938,86.14
618995,[DEMO/SIMULATION],Delhi,29.6041,77.8825,464.8,20.0,Pending Public Hearing,1,836,37.18
705453,[DEMO/SIMULATION],Maharashtra,19.8115,75.7939,161.4,100.0,In Progress,1,290,12.91
705434,[DEMO/SIMULATION],Andhra Pradesh,15.5929,79.82,458.8,85.0,Critical Environmental Delay,2,825,36.7
705764,[DEMO/SIMULATION],Jammu & Kashmir,34.0582,76.7162,118.2,58.9,Clearance Obtained,0,212,9.46
705933,[DEMO/SIMULATION],Haryana,28.7188,76.2656,257.4,100.0,In Progress,1,463,20.59
706776,[DEMO/SIMULATION],Maharashtra,20.2715,76.0539,820.5,58.4,Clearance Obtained,0,1476,65.64
705298,[DEMO/SIMULATION],Chhattisgarh,22.2387,81.9061,99.1,23.0,Critical Environmental Delay,0,178,7.93
616695,[DEMO/SIMULATION],Telangana,19.0124,79.3393,60.0,20.3,Pending Public Hearing,1,108,4.8
705747,[DEMO/SIMULATION],Maharashtra,19.6915,75.8539,162.4,22.0,Pending Public Hearing,3,292,12.99
611945,[DEMO/SIMULATION],Karnataka,15.2173,75.0939,111.0,25.2,In Progress,1,199,8.88
400280,[DEMO/SIMULATION],Delhi,29.3041,76.1425,190.1,61.3,Clearance Obtained,0,342,15.21
705385,[DEMO/SIMULATION],Uttarakhand,30.7668,79.0793,408.2,47.0,In Progress,1,734,32.66
617404,[DEMO/SIMULATION],Madhya Pradesh,22.0534,79.1369,32.3,15.0,Clearance Obtained,0,58,2.58
706837,[DEMO/SIMULATION],Kerala,10.5905,76.6311,89.3,42.6,In Progress,1,160,7.14
400045,[DEMO/SIMULATION],Uttarakhand,29.9668,78.0193,110.2,55.3,In Progress,1,198,8.82
616841,[DEMO/SIMULATION],Jharkhand,23.4302,85.6399,161.0,30.0,In Progress,1,289,12.88
617214,[DEMO/SIMULATION],Bihar,24.3761,85.7531,361.1,22.7,Critical Environmental Delay,0,649,28.89
617409,[DEMO/SIMULATION],Telangana,17.2924,79.4993,87.1,89.2,In Progress,1,156,6.97
705793,[DEMO/SIMULATION],Delhi,29.5641,77.2425,1093.9,100.0,In Progress,1,1969,87.51
706763,[DEMO/SIMULATION],Jharkhand,23.8702,85.6199,245.2,87.9,Pending Public Hearing,1,441,19.62
705617,[DEMO/SIMULATION],Jammu & Kashmir,33.1182,76.6962,548.8,100.0,In Progress,1,987,43.9
705481,[DEMO/SIMULATION],Odisha,21.5717,85.1785,455.8,100.0,In Progress,1,820,36.46
706759,[DEMO/SIMULATION],Madhya Pradesh,23.1534,78.9969,435.1,66.7,Pending Public Hearing,3,783,34.81
617406,[DEMO/SIMULATION],Gujarat,21.3787,71.6724,368.6,15.0,Critical Environmental Delay,0,663,29.49
705457,[DEMO/SIMULATION],Madhya Pradesh,23.1134,78.7369,345.4,100.0,In Progress,1,621,27.63
705494,[DEMO/SIMULATION],Delhi,29.5841,77.1825,388.4,83.7,Critical Environmental Delay,2,699,31.07
613786,[DEMO/SIMULATION],Kerala,11.5705,76.0111,462.8,45.9,Critical Environmental Delay,0,833,37.02
613002,[DEMO/SIMULATION],Rajasthan,26.0638,73.8179,168.3,36.3,Critical Environmental Delay,0,302,13.46
613015,[DEMO/SIMULATION],Madhya Pradesh,22.2734,78.2569,326.9,54.1,Pending Public Hearing,1,588,26.15
613785,[DEMO/SIMULATION],Delhi,29.4041,76.8425,816.6,15.0,In Progress,1,1469,65.33
705610,[DEMO/SIMULATION],Assam,25.4006,93.0576,55.3,100.0,Critical Environmental Delay,2,99,4.42
611861,[DEMO/SIMULATION],Karnataka,15.5373,75.0739,153.8,87.1,In Progress,1,276,12.3
705429,[DEMO/SIMULATION],Haryana,28.6388,76.1656,5911.9,65.7,In Progress,1,10641,472.95
615915,[DEMO/SIMULATION],Gujarat,21.5587,71.3724,111.8,48.1,Pending Public Hearing,1,201,8.94
611979,[DEMO/SIMULATION],Haryana,29.6388,75.4656,136.5,65.7,Pending Public Hearing,3,245,10.92
617403,[DEMO/SIMULATION],Bihar,24.1561,85.7931,73.3,37.2,Pending Public Hearing,1,131,5.86
705527,[DEMO/SIMULATION],West Bengal,22.5268,87.955,229.4,100.0,Pending Public Hearing,3,412,18.35
400205,[DEMO/SIMULATION],Jharkhand,22.7102,84.3199,203.0,36.7,In Progress,1,365,16.24
602797,[DEMO/SIMULATION],Chhattisgarh,22.2187,81.4061,106.3,75.6,In Progress,1,191,8.5
400254,[DEMO/SIMULATION],Punjab,31.2271,74.3812,164.2,72.2,Critical Environmental Delay,2,295,13.14
705526,[DEMO/SIMULATION],Assam,25.7206,93.0376,123.8,66.8,Critical Environmental Delay,2,222,9.9
611970,[DEMO/SIMULATION],Telangana,18.5124,78.3993,190.5,25.8,Critical Environmental Delay,0,342,15.24
611971,[DEMO/SIMULATION],Assam,26.6206,92.3176,143.5,38.3,Pending Public Hearing,1,258,11.48
617390,[DEMO/SIMULATION],West Bengal,23.7868,88.315,302.3,23.5,Critical Environmental Delay,0,544,24.18
705659,[DEMO/SIMULATION],Jammu & Kashmir,33.9582,76.6962,134.0,100.0,Pending Public Hearing,1,241,10.72
705912,[DEMO/SIMULATION],Haryana,28.2988,76.2656,252.6,26.6,Clearance Obtained,0,454,20.21
706866,[DEMO/SIMULATION],Gujarat,22.5787,71.5524,111.6,39.2,Critical Environmental Delay,2,200,8.93
617345,[DEMO/SIMULATION],Jharkhand,23.5102,85.7399,99.0,52.5,In Progress,1,178,7.92
705761,[DEMO/SIMULATION],Tamil Nadu,11.3471,78.7969,259.1,16.7,In Progress,1,466,20.73
705432,[DEMO/SIMULATION],Maharashtra,19.3915,75.7939,1253.5,100.0,Clearance Obtained,0,2256,100.28
705735,[DEMO/SIMULATION],Telangana,17.8124,79.1593,150.8,100.0,Pending Public Hearing,3,271,12.06
617333,[DEMO/SIMULATION],Jammu & Kashmir,33.4382,77.0362,83.0,15.0,In Progress,1,149,6.64
705359,[DEMO/SIMULATION],West Bengal,23.1668,87.915,408.2,100.0,Pending Public Hearing,3,734,32.66
400273,[DEMO/SIMULATION],Chhattisgarh,21.7387,80.9061,251.3,100.0,In Progress,1,452,20.1
400022,[DEMO/SIMULATION],Tamil Nadu,10.5671,77.6569,481.7,96.1,Critical Environmental Delay,0,867,38.54
705394,[DEMO/SIMULATION],Madhya Pradesh,23.8534,78.7169,229.8,100.0,Critical Environmental Delay,2,413,18.38
705613,[DEMO/SIMULATION],Chhattisgarh,20.5387,81.9861,402.2,100.0,In Progress,1,723,32.18
400275,[DEMO/SIMULATION],Punjab,31.6471,74.3812,619.6,29.5,Pending Public Hearing,3,1115,49.57
617210,[DEMO/SIMULATION],Delhi,27.9041,77.5425,232.4,15.0,Critical Environmental Delay,0,418,18.59
705635,[DEMO/SIMULATION],Tamil Nadu,10.8271,78.7769,249.8,100.0,Pending Public Hearing,3,449,19.98
705496,[DEMO/SIMULATION],Uttar Pradesh,27.7667,81.0262,297.4,46.5,Clearance Obtained,0,535,23.79
617213,[DEMO/SIMULATION],Andhra Pradesh,15.1729,80.18,422.6,15.1,In Progress,1,760,33.81
705632,[DEMO/SIMULATION],West Bengal,22.6268,87.975,129.1,100.0,Clearance Obtained,0,232,10.33
705648,[DEMO/SIMULATION],Gujarat,22.2187,71.3124,1046.1,100.0,Clearance Obtained,0,1882,83.69
400253,[DEMO/SIMULATION],Tamil Nadu,11.1871,77.6969,773.4,100.0,In Progress,1,1392,61.87
705479,[DEMO/SIMULATION],Karnataka,15.8973,75.7939,401.9,40.5,Pending Public Hearing,1,723,32.15
705497,[DEMO/SIMULATION],Andhra Pradesh,16.8529,79.82,533.8,100.0,In Progress,1,960,42.7
400271,[DEMO/SIMULATION],West Bengal,23.4068,86.895,587.8,95.1,Pending Public Hearing,3,1058,47.02
705237,[DEMO/SIMULATION],Punjab,30.8871,75.3812,7782.1,100.0,In Progress,1,14007,622.57
611974,[DEMO/SIMULATION],Chhattisgarh,21.7587,81.2461,308.5,54.9,Critical Environmental Delay,2,555,24.68
703585,[DEMO/SIMULATION],Uttar Pradesh,27.5467,80.6462,72.1,56.3,In Progress,1,129,5.77
701668,[DEMO/SIMULATION],Uttarakhand,30.4268,78.3393,598.8,18.0,Clearance Obtained,0,1077,47.9
601812,[DEMO/SIMULATION],Punjab,30.3871,74.7012,366.0,15.0,Clearance Obtained,0,658,29.28
707419,[DEMO/SIMULATION],Chhattisgarh,20.6587,82.3461,117.7,19.0,Pending Public Hearing,1,211,9.42
617729,[DEMO/SIMULATION],Tamil Nadu,10.7071,79.1969,409.4,15.0,In Progress,1,736,32.75
701658,[DEMO/SIMULATION],Gujarat,22.4187,70.5124,338.8,40.4,Critical Environmental Delay,0,609,27.1
617727,[DEMO/SIMULATION],Rajasthan,26.5638,74.7579,504.9,15.0,Pending Public Hearing,1,908,40.39
701657,[DEMO/SIMULATION],Karnataka,15.4573,75.0339,272.3,20.9,In Progress,1,490,21.78
701766,[DEMO/SIMULATION],Telangana,18.4324,78.3593,28.6,46.4,Critical Environmental Delay,2,51,2.29
707229,[DEMO/SIMULATION],Rajasthan,26.6038,74.6579,100.5,15.0,In Progress,1,180,8.04
400188,[DEMO/SIMULATION],Delhi,29.4641,76.1225,5035.5,48.9,Clearance Obtained,0,9063,402.84
701719,[DEMO/SIMULATION],Madhya Pradesh,22.3534,77.9969,159.8,100.0,Pending Public Hearing,3,287,12.78
618788,[DEMO/SIMULATION],Andhra Pradesh,16.6729,80.48,207.0,46.7,Clearance Obtained,0,372,16.56
619095,[DEMO/SIMULATION],Punjab,32.0471,76.1412,96.9,85.4,Pending Public Hearing,3,174,7.75
618452,[DEMO/SIMULATION],Andhra Pradesh,15.9529,80.42,209.3,15.0,Clearance Obtained,0,376,16.74
618547,[DEMO/SIMULATION],Chhattisgarh,21.2187,82.5661,211.2,58.5,Pending Public Hearing,3,380,16.9
618890,[DEMO/SIMULATION],Delhi,29.5041,77.8625,160.8,41.8,Critical Environmental Delay,2,289,12.86
618751,[DEMO/SIMULATION],Odisha,20.9717,85.8385,118.3,36.5,Pending Public Hearing,3,212,9.46
618909,[DEMO/SIMULATION],Haryana,28.2388,76.8656,316.8,47.6,In Progress,1,570,25.34
618955,[DEMO/SIMULATION],Uttar Pradesh,26.9467,81.7262,210.7,88.0,Pending Public Hearing,3,379,16.86
618924,[DEMO/SIMULATION],Rajasthan,26.5038,74.9979,112.3,39.0,Clearance Obtained,0,202,8.98
618854,[DEMO/SIMULATION],Karnataka,15.3973,76.4739,119.9,66.1,Critical Environmental Delay,2,215,9.59
618655,[DEMO/SIMULATION],Uttarakhand,30.1668,79.7393,85.2,51.5,Pending Public Hearing,1,153,6.82
618958,[DEMO/SIMULATION],Madhya Pradesh,23.1334,79.4369,298.0,15.0,Critical Environmental Delay,2,536,23.84
618907,[DEMO/SIMULATION],Uttarakhand,29.2068,79.7993,152.6,16.4,Pending Public Hearing,1,274,12.21
618908,[DEMO/SIMULATION],Jammu & Kashmir,32.9382,77.3562,91.1,48.6,Clearance Obtained,0,163,7.29
618669,[DEMO/SIMULATION],Telangana,18.4924,79.7393,313.9,35.8,In Progress,1,565,25.11
619102,[DEMO/SIMULATION],Uttar Pradesh,25.8867,81.7662,247.0,15.0,Critical Environmental Delay,0,444,19.76
618961,[DEMO/SIMULATION],Odisha,21.1717,85.8785,117.4,15.0,In Progress,1,211,9.39
618960,[DEMO/SIMULATION],Gujarat,22.4587,71.9724,206.7,34.3,Clearance Obtained,0,372,16.54
618641,[DEMO/SIMULATION],Andhra Pradesh,15.7329,80.46,239.9,16.9,In Progress,1,431,19.19
618649,[DEMO/SIMULATION],Assam,26.1806,93.6576,235.9,40.5,In Progress,1,424,18.87
619108,[DEMO/SIMULATION],Odisha,20.1117,85.9185,245.8,20.1,Clearance Obtained,0,442,19.66
619107,[DEMO/SIMULATION],Gujarat,21.3987,72.0124,223.7,15.0,Pending Public Hearing,3,402,17.9
619106,[DEMO/SIMULATION],Karnataka,14.4373,76.5339,197.3,22.0,Critical Environmental Delay,2,355,15.78
618651,[DEMO/SIMULATION],Rajasthan,27.0438,74.9379,265.2,27.5,Pending Public Hearing,3,477,21.22
618650,[DEMO/SIMULATION],West Bengal,22.9868,88.575,254.6,15.0,Critical Environmental Delay,2,458,20.37
618691,[DEMO/SIMULATION],Assam,27.0206,93.6576,231.8,29.3,Pending Public Hearing,3,417,18.54
618823,[DEMO/SIMULATION],Uttarakhand,29.5268,79.7793,155.8,43.5,Pending Public Hearing,3,280,12.46
618957,[DEMO/SIMULATION],Bihar,25.2361,86.0931,267.3,73.2,In Progress,1,481,21.38
619158,[DEMO/SIMULATION],Punjab,31.3071,76.1612,196.3,69.6,Critical Environmental Delay,2,353,15.7
618826,[DEMO/SIMULATION],Kerala,10.3705,77.0311,242.2,43.0,Critical Environmental Delay,2,435,19.38
618827,[DEMO/SIMULATION],Delhi,28.2441,77.8625,271.7,29.6,Pending Public Hearing,3,489,21.74
618964,[DEMO/SIMULATION],Assam,26.4806,93.7176,217.9,18.0,Clearance Obtained,0,392,17.43
619157,[DEMO/SIMULATION],Tamil Nadu,11.2671,79.4769,196.2,50.1,In Progress,1,353,15.7
619167,[DEMO/SIMULATION],Bihar,25.4361,86.1331,216.8,74.7,Pending Public Hearing,3,390,17.34
618690,[DEMO/SIMULATION],Telangana,18.9124,79.7393,339.4,42.3,Critical Environmental Delay,0,610,27.15
618666,[DEMO/SIMULATION],Madhya Pradesh,23.2934,79.3769,172.6,67.6,Critical Environmental Delay,2,310,13.81
618282,[DEMO/SIMULATION],Maharashtra,20.3915,76.3539,231.8,38.5,Critical Environmental Delay,2,417,18.54
618283,[DEMO/SIMULATION],Uttar Pradesh,27.5067,81.5862,193.0,43.4,Pending Public Hearing,3,347,15.44
618913,[DEMO/SIMULATION],Uttar Pradesh,26.1067,81.7262,164.5,29.0,In Progress,1,296,13.16
618316,[DEMO/SIMULATION],Assam,25.5206,93.5976,149.6,21.6,Clearance Obtained,0,269,11.97
617941,[DEMO/SIMULATION],Uttarakhand,29.8868,79.5993,120.7,16.0,In Progress,1,217,9.66
618435,[DEMO/SIMULATION],Assam,25.9006,93.6176,133.1,87.3,Pending Public Hearing,3,239,10.65
618013,[DEMO/SIMULATION],Madhya Pradesh,22.2334,79.2569,210.8,35.0,In Progress,1,379,16.86
618328,[DEMO/SIMULATION],Madhya Pradesh,22.5334,79.3169,172.4,21.1,Clearance Obtained,0,310,13.79
618317,[DEMO/SIMULATION],Tamil Nadu,10.4671,79.3169,161.3,17.0,In Progress,1,290,12.9
618314,[DEMO/SIMULATION],Assam,25.4806,93.5976,331.4,59.5,Critical Environmental Delay,0,596,26.51
618033,[DEMO/SIMULATION],Bihar,24.7561,85.9131,107.4,36.3,In Progress,1,193,8.59
618436,[DEMO/SIMULATION],Assam,25.9206,93.6176,165.8,68.5,Clearance Obtained,0,298,13.26
618318,[DEMO/SIMULATION],Punjab,30.5071,76.0012,186.0,22.8,Critical Environmental Delay,0,334,14.88
618438,[DEMO/SIMULATION],Assam,25.9606,93.6176,135.9,45.1,Critical Environmental Delay,2,244,10.87
618783,[DEMO/SIMULATION],Haryana,29.7188,76.8256,283.6,32.0,Pending Public Hearing,3,510,22.69
618319,[DEMO/SIMULATION],Uttarakhand,29.4468,79.6793,168.4,22.0,Pending Public Hearing,1,303,13.47
618315,[DEMO/SIMULATION],Assam,25.5006,93.5976,263.5,52.3,Pending Public Hearing,1,474,21.08
618672,[DEMO/SIMULATION],Rajasthan,27.4638,74.9379,207.4,31.8,Clearance Obtained,0,373,16.59
618671,[DEMO/SIMULATION],West Bengal,23.4068,88.575,163.7,21.7,Pending Public Hearing,1,294,13.1
619103,[DEMO/SIMULATION],Andhra Pradesh,14.9729,80.56,187.5,15.0,Pending Public Hearing,3,337,15.0
618495,[DEMO/SIMULATION],Bihar,25.9961,85.9931,449.2,43.8,Pending Public Hearing,3,808,35.94
619318,[DEMO/SIMULATION],Odisha,20.3117,85.9585,323.4,48.3,Critical Environmental Delay,2,582,25.87
618785,[DEMO/SIMULATION],Delhi,29.4041,77.8425,290.1,66.2,In Progress,1,522,23.21
618969,[DEMO/SIMULATION],Punjab,31.5271,76.1212,332.4,76.9,In Progress,1,598,26.59
618517,[DEMO/SIMULATION],Madhya Pradesh,22.3134,79.3569,207.2,71.9,In Progress,1,372,16.58
619132,[DEMO/SIMULATION],Assam,25.8406,93.7576,323.5,31.5,Clearance Obtained,0,582,25.88
618567,[DEMO/SIMULATION],Rajasthan,27.3638,74.9179,430.3,24.4,Pending Public Hearing,3,774,34.42
618568,[DEMO/SIMULATION],Chhattisgarh,21.6387,82.5661,469.1,26.9,Clearance Obtained,0,844,37.53
618935,[DEMO/SIMULATION],Andhra Pradesh,15.6129,80.52,272.6,42.5,Pending Public Hearing,3,490,21.81
618741,[DEMO/SIMULATION],Haryana,28.8788,76.8256,299.7,35.1,In Progress,1,539,23.98
618852,[DEMO/SIMULATION],Bihar,25.1361,86.0731,40.6,83.1,Clearance Obtained,0,73,3.25
618811,[DEMO/SIMULATION],Madhya Pradesh,22.1934,79.4169,268.6,17.0,Pending Public Hearing,3,483,21.49
619143,[DEMO/SIMULATION],Maharashtra,19.6115,76.5339,186.9,25.1,Pending Public Hearing,3,336,14.95
618818,[DEMO/SIMULATION],West Bengal,22.3468,88.615,275.4,18.1,Critical Environmental Delay,2,495,22.03
618817,[DEMO/SIMULATION],Assam,25.5406,93.6976,242.9,36.9,In Progress,1,437,19.43
618815,[DEMO/SIMULATION],Jharkhand,22.9102,86.0399,258.9,38.7,Pending Public Hearing,3,466,20.71
618814,[DEMO/SIMULATION],Odisha,20.2317,85.8585,265.4,18.9,Critical Environmental Delay,2,477,21.23
618813,[DEMO/SIMULATION],Gujarat,21.5187,71.9524,262.2,21.4,In Progress,1,471,20.98
618812,[DEMO/SIMULATION],Karnataka,14.5573,76.4739,261.4,17.9,Clearance Obtained,0,470,20.91
618481,[DEMO/SIMULATION],Assam,26.8206,93.6176,541.9,27.3,In Progress,1,975,43.35
618923,[DEMO/SIMULATION],West Bengal,22.4468,88.635,406.7,50.4,Pending Public Hearing,1,732,32.54
618792,[DEMO/SIMULATION],Gujarat,23.0987,71.9324,271.5,45.1,Clearance Obtained,0,488,21.72
618623,[DEMO/SIMULATION],Karnataka,14.7773,76.4339,248.6,51.3,Pending Public Hearing,3,447,19.89
618914,[DEMO/SIMULATION],Andhra Pradesh,15.1929,80.52,738.9,40.3,Critical Environmental Delay,2,1330,59.11
618736,[DEMO/SIMULATION],Chhattisgarh,20.9987,82.6061,156.4,36.6,Clearance Obtained,0,281,12.51
618570,[DEMO/SIMULATION],Punjab,31.5471,76.0412,138.9,78.8,Critical Environmental Delay,2,250,11.11
618841,[DEMO/SIMULATION],Chhattisgarh,21.0987,82.6261,74.6,75.4,In Progress,1,134,5.97
618868,[DEMO/SIMULATION],Kerala,11.2105,77.0311,371.5,36.1,Clearance Obtained,0,668,29.72
618865,[DEMO/SIMULATION],Uttarakhand,30.3668,79.7793,232.8,65.5,In Progress,1,419,18.62
618661,[DEMO/SIMULATION],Uttar Pradesh,27.0667,81.6662,215.8,15.0,In Progress,1,388,17.26
618830,[DEMO/SIMULATION],Andhra Pradesh,15.5129,80.5,337.7,60.5,Critical Environmental Delay,2,607,27.02
618829,[DEMO/SIMULATION],Uttar Pradesh,26.4267,81.7062,278.4,43.7,In Progress,1,501,22.27
618828,[DEMO/SIMULATION],Maharashtra,19.3115,76.4739,323.4,52.1,Clearance Obtained,0,582,25.87
618832,[DEMO/SIMULATION],Madhya Pradesh,22.6134,79.4169,303.2,15.0,Clearance Obtained,0,545,24.26
618831,[DEMO/SIMULATION],Bihar,24.7161,86.0731,326.5,17.9,Pending Public Hearing,3,587,26.12
618864,[DEMO/SIMULATION],Punjab,31.4271,76.1012,282.3,65.8,Clearance Obtained,0,508,22.58
618705,[DEMO/SIMULATION],Bihar,24.1961,86.0531,250.9,18.4,In Progress,1,451,20.07
618566,[DEMO/SIMULATION],West Bengal,23.3068,88.555,382.1,57.1,Critical Environmental Delay,2,687,30.57
618760,[DEMO/SIMULATION],Uttarakhand,30.2668,79.7593,136.9,82.3,Clearance Obtained,0,246,10.95
618739,[DEMO/SIMULATION],Uttarakhand,29.8468,79.7593,227.7,34.9,Pending Public Hearing,3,409,18.22
618740,[DEMO/SIMULATION],Jammu & Kashmir,33.5782,77.3162,244.1,30.1,Clearance Obtained,0,439,19.53
618807,[DEMO/SIMULATION],Maharashtra,18.8915,76.4739,178.3,77.5,Pending Public Hearing,3,320,14.26
618654,[DEMO/SIMULATION],Punjab,31.2271,76.0612,132.1,36.0,Critical Environmental Delay,2,237,10.57
619063,[DEMO/SIMULATION],Delhi,28.9641,77.9025,348.4,75.6,Pending Public Hearing,3,627,27.87
618917,[DEMO/SIMULATION],Karnataka,14.6573,76.4939,150.2,31.4,In Progress,1,270,12.02
618911,[DEMO/SIMULATION],Delhi,27.9241,77.8825,167.9,32.9,Pending Public Hearing,3,302,13.43
619093,[DEMO/SIMULATION],Chhattisgarh,22.1387,82.6661,104.3,41.6,In Progress,1,187,8.34
618867,[DEMO/SIMULATION],Haryana,29.3988,76.8456,328.3,25.1,Pending Public Hearing,1,590,26.26
618834,[DEMO/SIMULATION],Gujarat,21.9387,71.9524,138.4,100.0,Critical Environmental Delay,2,249,11.07
619292,[DEMO/SIMULATION],Andhra Pradesh,16.7529,80.58,255.9,72.6,Clearance Obtained,0,460,20.47
618588,[DEMO/SIMULATION],Rajasthan,27.7838,74.9179,189.0,86.1,Clearance Obtained,0,340,15.12
618735,[DEMO/SIMULATION],Rajasthan,26.7238,74.9579,151.5,50.8,Pending Public Hearing,3,272,12.12
619073,[DEMO/SIMULATION],Tamil Nadu,11.5871,79.4569,310.7,89.2,In Progress,1,559,24.86
618702,[DEMO/SIMULATION],Maharashtra,18.7915,76.4539,351.0,71.6,Critical Environmental Delay,2,631,28.08
618906,[DEMO/SIMULATION],Punjab,30.2671,76.1212,194.7,57.3,Critical Environmental Delay,2,350,15.58
618779,[DEMO/SIMULATION],Tamil Nadu,11.7071,79.3969,284.8,21.3,Pending Public Hearing,3,512,22.78
618583,[DEMO/SIMULATION],Odisha,21.6117,85.7985,306.9,52.7,Pending Public Hearing,3,552,24.55
619147,[DEMO/SIMULATION],Madhya Pradesh,22.9134,79.4769,157.4,100.0,Pending Public Hearing,3,283,12.59
618835,[DEMO/SIMULATION],Odisha,20.6517,85.8585,219.7,61.0,Pending Public Hearing,1,395,17.58
618915,[DEMO/SIMULATION],Bihar,24.3961,86.0931,320.5,52.8,Pending Public Hearing,3,576,25.64
618916,[DEMO/SIMULATION],Madhya Pradesh,22.2934,79.4369,237.5,77.1,Clearance Obtained,0,427,19.0
618941,[DEMO/SIMULATION],Jharkhand,23.4302,86.0599,246.2,68.7,In Progress,1,443,19.7
619163,[DEMO/SIMULATION],Delhi,28.9641,77.9225,303.6,66.6,Pending Public Hearing,3,546,24.29
618782,[DEMO/SIMULATION],Jammu & Kashmir,34.4182,77.3162,271.1,41.2,Critical Environmental Delay,2,487,21.69
618949,[DEMO/SIMULATION],Uttarakhand,30.0468,79.7993,325.8,62.2,In Progress,1,586,26.06
618809,[DEMO/SIMULATION],Andhra Pradesh,15.0929,80.5,210.5,61.4,In Progress,1,378,16.84
618887,[DEMO/SIMULATION],Jammu & Kashmir,34.5182,77.3362,359.4,47.3,Pending Public Hearing,3,646,28.75
618889,[DEMO/SIMULATION],Kerala,11.6305,77.0311,247.4,67.0,In Progress,1,445,19.79
619148,[DEMO/SIMULATION],Karnataka,15.2773,76.5339,245.9,26.8,Clearance Obtained,0,442,19.67
618639,[DEMO/SIMULATION],Maharashtra,19.5315,76.4339,317.4,73.1,Pending Public Hearing,3,571,25.39
618962,[DEMO/SIMULATION],Jharkhand,23.8502,86.0599,167.4,17.0,Critical Environmental Delay,0,301,13.39
619214,[DEMO/SIMULATION],Jharkhand,22.8902,86.1199,117.2,86.4,Critical Environmental Delay,2,210,9.38
618668,[DEMO/SIMULATION],Jharkhand,23.9702,85.9999,217.4,31.9,Clearance Obtained,0,391,17.39
618616,[DEMO/SIMULATION],Kerala,10.1705,76.9911,109.9,31.4,Clearance Obtained,0,197,8.79
619137,[DEMO/SIMULATION],Punjab,30.8871,76.1612,210.8,85.1,In Progress,1,379,16.86
619209,[DEMO/SIMULATION],Bihar,24.2761,86.1531,265.5,65.0,In Progress,1,477,21.24
618810,[DEMO/SIMULATION],Bihar,24.2961,86.0731,240.4,60.1,Critical Environmental Delay,2,432,19.23
618793,[DEMO/SIMULATION],Odisha,21.8117,85.8385,284.5,52.3,In Progress,1,512,22.76
618582,[DEMO/SIMULATION],Gujarat,22.8987,71.8924,294.4,46.7,Critical Environmental Delay,0,529,23.55
618645,[DEMO/SIMULATION],Gujarat,22.1587,71.9124,196.2,56.9,In Progress,1,353,15.7
619127,[DEMO/SIMULATION],Karnataka,14.8573,76.5339,374.9,16.5,Pending Public Hearing,3,674,29.99
618776,[DEMO/SIMULATION],West Bengal,23.5068,88.595,241.7,68.3,Clearance Obtained,0,435,19.34
619317,[DEMO/SIMULATION],Gujarat,21.5987,72.0524,525.5,17.8,In Progress,1,945,42.04
618875,[DEMO/SIMULATION],Karnataka,15.8173,76.4739,62.6,47.2,Pending Public Hearing,3,112,5.01
619217,[DEMO/SIMULATION],West Bengal,22.3268,88.695,265.9,59.1,In Progress,1,478,21.27
619153,[DEMO/SIMULATION],Punjab,31.2071,76.1612,223.3,48.6,In Progress,1,401,17.86
619121,[DEMO/SIMULATION],Delhi,28.1241,77.9225,420.8,66.7,In Progress,1,757,33.66
618557,[DEMO/SIMULATION],Andhra Pradesh,16.0529,80.44,232.8,60.9,In Progress,1,419,18.62
618622,[DEMO/SIMULATION],Madhya Pradesh,22.4134,79.3769,172.3,81.3,Critical Environmental Delay,2,310,13.78
619092,[DEMO/SIMULATION],Rajasthan,27.8638,75.0179,161.1,70.3,Clearance Obtained,0,289,12.89
618633,[DEMO/SIMULATION],Punjab,30.8071,76.0612,292.9,15.0,In Progress,1,527,23.43
618765,[DEMO/SIMULATION],Maharashtra,20.0515,76.4539,367.1,53.1,In Progress,1,660,29.37
618838,[DEMO/SIMULATION],Assam,25.9606,93.6976,228.6,59.2,Critical Environmental Delay,2,411,18.29
618921,[DEMO/SIMULATION],Telangana,17.5324,79.7993,336.4,70.0,In Progress,1,605,26.91
618584,[DEMO/SIMULATION],Jharkhand,24.2902,85.9799,248.4,15.0,Clearance Obtained,0,447,19.87
618520,[DEMO/SIMULATION],Odisha,20.3517,85.7985,255.8,82.1,Clearance Obtained,0,460,20.46
618545,[DEMO/SIMULATION],West Bengal,22.8868,88.555,157.1,55.6,In Progress,1,282,12.57
618945,[DEMO/SIMULATION],Rajasthan,26.9238,74.9979,277.4,78.3,In Progress,1,499,22.19
618755,[DEMO/SIMULATION],West Bengal,23.0868,88.595,59.0,43.4,Pending Public Hearing,3,106,4.72
618608,[DEMO/SIMULATION],Tamil Nadu,10.2871,79.3769,242.6,57.3,Clearance Obtained,0,436,19.41
618709,[DEMO/SIMULATION],Karnataka,14.4973,76.4539,310.0,65.9,In Progress,1,558,24.8
618778,[DEMO/SIMULATION],Chhattisgarh,21.8387,82.6061,339.6,54.9,Critical Environmental Delay,2,611,27.17
618894,[DEMO/SIMULATION],Bihar,25.9761,86.0731,319.8,43.0,Critical Environmental Delay,2,575,25.58
618563,[DEMO/SIMULATION],Jharkhand,23.8702,85.9799,218.0,76.2,Pending Public Hearing,3,392,17.44
618946,[DEMO/SIMULATION],Chhattisgarh,21.1987,82.6461,328.0,71.4,Critical Environmental Delay,2,590,26.24
618929,[DEMO/SIMULATION],Jammu & Kashmir,33.3582,77.3562,365.3,49.3,In Progress,1,657,29.22
618927,[DEMO/SIMULATION],Punjab,30.6871,76.1212,388.1,39.2,Pending Public Hearing,3,698,31.05
619307,[DEMO/SIMULATION],Jammu & Kashmir,32.9182,77.4362,313.5,37.5,Pending Public Hearing,3,564,25.08
619306,[DEMO/SIMULATION],Uttarakhand,29.1868,79.8793,259.1,45.8,Critical Environmental Delay,2,466,20.73
619289,[DEMO/SIMULATION],Delhi,29.4841,77.9425,338.0,39.9,In Progress,1,608,27.04
619305,[DEMO/SIMULATION],Punjab,30.2471,76.2012,370.5,32.6,In Progress,1,666,29.64
618937,[DEMO/SIMULATION],Madhya Pradesh,22.7134,79.4369,272.0,82.8,In Progress,1,489,21.76
619162,[DEMO/SIMULATION],Kerala,11.0905,77.0911,168.7,76.5,Critical Environmental Delay,2,303,13.5
618667,[DEMO/SIMULATION],Odisha,21.2917,85.8185,217.9,26.4,Pending Public Hearing,1,392,17.43
618947,[DEMO/SIMULATION],Tamil Nadu,11.0671,79.4369,332.8,67.4,Pending Public Hearing,3,599,26.62
618948,[DEMO/SIMULATION],Jharkhand,23.5702,86.0599,225.3,25.5,Clearance Obtained,0,405,18.02
618644,[DEMO/SIMULATION],Karnataka,15.1973,76.4339,226.2,77.6,Clearance Obtained,0,407,18.1
618642,[DEMO/SIMULATION],Bihar,24.9361,86.0331,324.4,57.3,Critical Environmental Delay,2,583,25.95
618786,[DEMO/SIMULATION],Maharashtra,20.4715,76.4539,245.4,22.4,Critical Environmental Delay,2,441,19.63
618777,[DEMO/SIMULATION],Rajasthan,27.5638,74.9579,338.6,15.0,In Progress,1,609,27.09
618910,[DEMO/SIMULATION],Kerala,10.0505,77.0511,153.7,81.4,Critical Environmental Delay,2,276,12.3
618938,[DEMO/SIMULATION],Karnataka,15.0773,76.4939,249.9,65.9,Critical Environmental Delay,2,449,19.99
618837,[DEMO/SIMULATION],Telangana,17.8524,79.7793,407.8,32.1,In Progress,1,734,32.62
618836,[DEMO/SIMULATION],Jharkhand,23.3302,86.0399,413.8,27.7,Clearance Obtained,0,744,33.1
619149,[DEMO/SIMULATION],Gujarat,22.2387,72.0124,335.1,59.9,In Progress,1,603,26.81
618665,[DEMO/SIMULATION],Karnataka,15.6173,76.4339,183.6,63.9,In Progress,1,330,14.69
618952,[DEMO/SIMULATION],Kerala,10.8905,77.0511,405.2,81.2,Clearance Obtained,0,729,32.42
618896,[DEMO/SIMULATION],Karnataka,16.2373,76.4739,263.9,80.7,Clearance Obtained,0,475,21.11
618897,[DEMO/SIMULATION],Gujarat,23.1987,71.9524,410.4,58.5,In Progress,1,738,32.83
618922,[DEMO/SIMULATION],Assam,25.6406,93.7176,375.4,75.7,Critical Environmental Delay,2,675,30.03
618926,[DEMO/SIMULATION],Tamil Nadu,10.6471,79.4369,300.6,15.0,Critical Environmental Delay,2,541,24.05
618798,[DEMO/SIMULATION],Rajasthan,27.9838,74.9579,461.4,64.5,Critical Environmental Delay,2,830,36.91
618744,[DEMO/SIMULATION],Maharashtra,19.6315,76.4539,185.5,72.6,Clearance Obtained,0,333,14.84
619219,[DEMO/SIMULATION],Chhattisgarh,20.6587,82.7061,244.9,56.1,Pending Public Hearing,3,440,19.59
618543,[DEMO/SIMULATION],Telangana,17.9724,79.7193,349.8,33.9,Pending Public Hearing,3,629,27.98
618640,[DEMO/SIMULATION],Uttar Pradesh,26.6467,81.6662,379.1,50.3,Clearance Obtained,0,682,30.33
618745,[DEMO/SIMULATION],Uttar Pradesh,26.7467,81.6862,222.7,79.8,In Progress,1,400,17.82
619291,[DEMO/SIMULATION],Uttar Pradesh,27.6667,81.7862,169.8,57.1,Pending Public Hearing,3,305,13.58
618959,[DEMO/SIMULATION],Karnataka,15.4973,76.4939,271.7,42.9,Pending Public Hearing,1,489,21.74
618881,[DEMO/SIMULATION],West Bengal,23.6068,88.615,207.9,31.6,In Progress,1,374,16.63
618901,[DEMO/SIMULATION],Assam,25.2206,93.7176,238.2,64.1,In Progress,1,428,19.06
618931,[DEMO/SIMULATION],Kerala,10.4705,77.0511,205.6,15.0,Pending Public Hearing,1,370,16.45
618930,[DEMO/SIMULATION],Haryana,28.6588,76.8656,268.2,15.0,Critical Environmental Delay,0,482,21.46
618891,[DEMO/SIMULATION],Maharashtra,20.5715,76.4739,237.6,21.5,Pending Public Hearing,3,427,19.01
618919,[DEMO/SIMULATION],Odisha,20.3317,85.8785,212.0,54.9,Pending Public Hearing,1,381,16.96
618871,[DEMO/SIMULATION],Uttar Pradesh,27.2667,81.7062,167.5,24.0,Pending Public Hearing,1,301,13.4
618870,[DEMO/SIMULATION],Maharashtra,20.1515,76.4739,162.6,25.9,Critical Environmental Delay,2,292,13.01
618872,[DEMO/SIMULATION],Andhra Pradesh,16.3529,80.5,191.4,29.4,Clearance Obtained,0,344,15.31
618873,[DEMO/SIMULATION],Bihar,25.5561,86.0731,223.9,29.5,In Progress,1,403,17.91
618759,[DEMO/SIMULATION],Punjab,31.3271,76.0812,198.6,49.2,Pending Public Hearing,3,357,15.89
619080,[DEMO/SIMULATION],Maharashtra,20.3515,76.5139,163.9,38.4,Clearance Obtained,0,295,13.11
618791,[DEMO/SIMULATION],Karnataka,16.1373,76.4539,301.9,21.3,Pending Public Hearing,1,543,24.15
618541,[DEMO/SIMULATION],Odisha,20.7717,85.7985,499.0,67.6,In Progress,1,898,39.92
619101,[DEMO/SIMULATION],Maharashtra,18.7715,76.5339,138.6,33.4,In Progress,1,249,11.09
618761,[DEMO/SIMULATION],Jammu & Kashmir,33.9982,77.3162,189.8,80.9,In Progress,1,341,15.18
618770,[DEMO/SIMULATION],Karnataka,15.7173,76.4539,127.4,58.4,Critical Environmental Delay,2,229,10.19
619218,[DEMO/SIMULATION],Rajasthan,26.3838,75.0579,222.6,52.4,Critical Environmental Delay,2,400,17.81
618544,[DEMO/SIMULATION],Assam,26.0806,93.6376,274.3,79.0,Clearance Obtained,0,493,21.94
618662,[DEMO/SIMULATION],Andhra Pradesh,16.1529,80.46,209.0,15.0,Critical Environmental Delay,0,376,16.72
619104,[DEMO/SIMULATION],Bihar,24.1761,86.1331,195.0,15.0,Clearance Obtained,0,351,15.6
618697,[DEMO/SIMULATION],Uttarakhand,31.0068,79.7393,190.9,35.2,In Progress,1,343,15.27
619077,[DEMO/SIMULATION],Haryana,29.5988,76.8856,186.8,35.4,In Progress,1,336,14.94
617913,[DEMO/SIMULATION],Telangana,17.3724,79.5993,75.4,100.0,In Progress,1,135,6.03
619074,[DEMO/SIMULATION],Punjab,31.6271,76.1412,364.9,37.7,Critical Environmental Delay,2,656,29.19
617939,[DEMO/SIMULATION],Telangana,17.8924,79.5993,253.7,15.0,Pending Public Hearing,1,456,20.3
618720,[DEMO/SIMULATION],Haryana,28.4588,76.8256,148.0,45.6,Clearance Obtained,0,266,11.84
618721,[DEMO/SIMULATION],Kerala,10.2705,77.0111,194.9,42.0,In Progress,1,350,15.59
618718,[DEMO/SIMULATION],Uttarakhand,29.4268,79.7593,281.8,31.9,Critical Environmental Delay,2,507,22.54
618719,[DEMO/SIMULATION],Jammu & Kashmir,33.1582,77.3162,255.3,43.1,Pending Public Hearing,3,459,20.42
619126,[DEMO/SIMULATION],Madhya Pradesh,22.4934,79.4769,192.4,26.5,Critical Environmental Delay,2,346,15.39
619123,[DEMO/SIMULATION],Uttar Pradesh,26.3067,81.7662,165.1,43.5,Pending Public Hearing,3,297,13.21
619125,[DEMO/SIMULATION],Bihar,24.5961,86.1331,210.6,15.2,In Progress,1,379,16.85
618968,[DEMO/SIMULATION],Tamil Nadu,11.4871,79.4369,222.2,90.7,Clearance Obtained,0,399,17.78
618970,[DEMO/SIMULATION],Uttarakhand,30.4668,79.7993,210.2,84.7,Critical Environmental Delay,2,378,16.82
619216,[DEMO/SIMULATION],Assam,25.5206,93.7776,239.8,52.7,Clearance Obtained,0,431,19.18
618722,[DEMO/SIMULATION],Delhi,28.1441,77.8425,278.6,53.6,Critical Environmental Delay,2,501,22.29
618712,[DEMO/SIMULATION],Assam,25.4406,93.6776,248.9,43.0,Clearance Obtained,0,448,19.91
618714,[DEMO/SIMULATION],Rajasthan,26.3038,74.9579,301.9,37.0,Critical Environmental Delay,2,543,24.15
618715,[DEMO/SIMULATION],Chhattisgarh,20.5787,82.6061,273.9,45.3,Pending Public Hearing,3,493,21.91
619124,[DEMO/SIMULATION],Andhra Pradesh,15.3929,80.56,156.1,49.9,Clearance Obtained,0,280,12.49
618723,[DEMO/SIMULATION],Maharashtra,19.2115,76.4539,236.1,62.5,Pending Public Hearing,3,424,18.89
618717,[DEMO/SIMULATION],Punjab,30.4871,76.0812,229.6,42.6,In Progress,1,413,18.37
618716,[DEMO/SIMULATION],Tamil Nadu,10.4471,79.3969,264.9,43.4,Clearance Obtained,0,476,21.19
618713,[DEMO/SIMULATION],West Bengal,22.2468,88.595,293.0,28.5,In Progress,1,527,23.44
619212,[DEMO/SIMULATION],Gujarat,21.4987,72.0324,196.2,48.3,Clearance Obtained,0,353,15.7
619168,[DEMO/SIMULATION],Madhya Pradesh,23.3334,79.4769,328.3,82.5,Clearance Obtained,0,590,26.26
618632,[DEMO/SIMULATION],Tamil Nadu,10.7671,79.3769,177.8,42.7,Clearance Obtained,0,320,14.22
618578,[DEMO/SIMULATION],Andhra Pradesh,16.4729,80.44,318.0,96.6,Critical Environmental Delay,2,572,25.44
618757,[DEMO/SIMULATION],Chhattisgarh,21.4187,82.6061,338.5,36.9,In Progress,1,609,27.08
618647,[DEMO/SIMULATION],Jharkhand,23.5502,85.9999,183.0,67.9,Pending Public Hearing,3,329,14.64
619105,[DEMO/SIMULATION],Delhi,27.8041,77.9225,258.2,15.7,In Progress,1,464,20.66
619308,[DEMO/SIMULATION],Haryana,28.2188,76.9456,233.4,90.2,Clearance Obtained,0,420,18.67
618758,[DEMO/SIMULATION],Tamil Nadu,11.2871,79.3969,302.8,22.9,Critical Environmental Delay,0,545,24.22
618681,[DEMO/SIMULATION],Maharashtra,20.3715,76.4339,263.4,53.7,In Progress,1,474,21.07
619099,[DEMO/SIMULATION],Kerala,11.8305,77.0711,289.1,52.2,Pending Public Hearing,3,520,23.13
618618,[DEMO/SIMULATION],Maharashtra,19.1115,76.4339,322.3,39.5,Critical Environmental Delay,0,580,25.78
618617,[DEMO/SIMULATION],Delhi,28.0441,77.8225,201.3,70.4,In Progress,1,362,16.1
618738,[DEMO/SIMULATION],Punjab,30.9071,76.0812,961.8,20.9,Critical Environmental Delay,2,1731,76.94
618805,[DEMO/SIMULATION],Kerala,9.9505,77.0311,231.5,15.0,In Progress,1,416,18.52
618499,[DEMO/SIMULATION],Odisha,21.9317,85.7785,314.9,57.0,Pending Public Hearing,3,566,25.19
618808,[DEMO/SIMULATION],Uttar Pradesh,26.0067,81.7062,269.9,29.2,Clearance Obtained,0,485,21.59
618704,[DEMO/SIMULATION],Andhra Pradesh,14.9929,80.48,126.7,61.5,Clearance Obtained,0,228,10.14
618515,[DEMO/SIMULATION],Andhra Pradesh,15.2129,80.44,256.9,82.7,Pending Public Hearing,3,462,20.55
618516,[DEMO/SIMULATION],Bihar,24.4161,86.0131,244.3,85.2,Clearance Obtained,0,439,19.54
618680,[DEMO/SIMULATION],Delhi,29.3041,77.8225,303.9,63.8,Clearance Obtained,0,547,24.31
618678,[DEMO/SIMULATION],Haryana,29.6188,76.8056,267.9,61.7,Critical Environmental Delay,2,482,21.43
618677,[DEMO/SIMULATION],Jammu & Kashmir,34.3182,77.2962,308.0,56.2,In Progress,1,554,24.64
618498,[DEMO/SIMULATION],Gujarat,23.2187,71.8724,388.8,63.5,Critical Environmental Delay,2,699,31.1
618734,[DEMO/SIMULATION],West Bengal,22.6668,88.595,187.1,15.7,Critical Environmental Delay,0,336,14.97
618724,[DEMO/SIMULATION],Uttar Pradesh,26.3267,81.6862,261.8,27.2,Clearance Obtained,0,471,20.94
618727,[DEMO/SIMULATION],Madhya Pradesh,22.5134,79.3969,243.5,15.0,Pending Public Hearing,1,438,19.48
618726,[DEMO/SIMULATION],Bihar,24.6161,86.0531,192.2,15.0,Critical Environmental Delay,0,345,15.38
618728,[DEMO/SIMULATION],Karnataka,14.8773,76.4539,222.9,25.2,Clearance Obtained,0,401,17.83
618725,[DEMO/SIMULATION],Andhra Pradesh,15.4129,80.48,292.4,15.0,In Progress,1,526,23.39
619111,[DEMO/SIMULATION],Assam,25.4206,93.7576,157.1,66.5,Pending Public Hearing,3,282,12.57
619112,[DEMO/SIMULATION],West Bengal,22.2268,88.675,183.9,59.7,Clearance Obtained,0,331,14.71
618682,[DEMO/SIMULATION],Uttar Pradesh,27.4867,81.6662,248.9,69.8,Critical Environmental Delay,2,448,19.91
618598,[DEMO/SIMULATION],Uttar Pradesh,27.8067,81.6462,149.5,54.5,Critical Environmental Delay,2,269,11.96
618676,[DEMO/SIMULATION],Uttarakhand,30.5868,79.7393,147.7,54.0,Clearance Obtained,0,265,11.82
618601,[DEMO/SIMULATION],Madhya Pradesh,21.9934,79.3769,634.9,15.2,In Progress,1,1142,50.79
618553,[DEMO/SIMULATION],Kerala,10.9105,76.9711,216.7,70.3,In Progress,1,390,17.34
619134,[DEMO/SIMULATION],Rajasthan,26.7038,75.0379,300.3,37.6,Critical Environmental Delay,2,540,24.02
618579,[DEMO/SIMULATION],Bihar,25.6761,86.0131,478.1,37.5,Pending Public Hearing,3,860,38.25
618532,[DEMO/SIMULATION],Bihar,24.7361,86.0131,325.3,35.2,Clearance Obtained,0,585,26.02
618531,[DEMO/SIMULATION],Bihar,24.7161,86.0131,209.1,15.0,Pending Public Hearing,1,376,16.73
618597,[DEMO/SIMULATION],Maharashtra,20.6915,76.4139,597.9,42.6,In Progress,1,1076,47.83
619109,[DEMO/SIMULATION],Jharkhand,22.7902,86.0999,194.3,58.8,In Progress,1,349,15.54
619075,[DEMO/SIMULATION],Uttarakhand,30.5668,79.8193,210.8,15.0,Pending Public Hearing,3,379,16.86
618595,[DEMO/SIMULATION],Kerala,11.7505,76.9711,376.9,65.9,Pending Public Hearing,3,678,30.15
619067,[DEMO/SIMULATION],Jharkhand,23.9502,86.0799,160.6,41.6,Pending Public Hearing,3,289,12.85
618559,[DEMO/SIMULATION],Madhya Pradesh,23.1534,79.3569,157.3,50.8,Pending Public Hearing,3,283,12.58
618585,[DEMO/SIMULATION],Telangana,18.8124,79.7193,233.5,22.3,In Progress,1,420,18.68
618526,[DEMO/SIMULATION],Chhattisgarh,20.7987,82.5661,145.9,66.4,Critical Environmental Delay,2,262,11.67
619213,[DEMO/SIMULATION],Odisha,20.2117,85.9385,131.6,91.2,In Progress,1,236,10.53
618610,[DEMO/SIMULATION],Punjab,30.3471,76.0612,128.3,65.9,Critical Environmental Delay,2,230,10.26
618513,[DEMO/SIMULATION],Maharashtra,19.0115,76.4139,349.8,38.4,In Progress,1,629,27.98
618514,[DEMO/SIMULATION],Uttar Pradesh,26.1267,81.6462,383.6,21.2,Critical Environmental Delay,2,690,30.69
618603,[DEMO/SIMULATION],Gujarat,21.3187,71.9124,522.9,21.8,Pending Public Hearing,3,941,41.83
618772,[DEMO/SIMULATION],Odisha,21.3917,85.8385,157.4,66.8,Clearance Obtained,0,283,12.59
618631,[DEMO/SIMULATION],Chhattisgarh,20.8987,82.5861,256.0,53.0,Pending Public Hearing,3,460,20.48
618630,[DEMO/SIMULATION],Rajasthan,26.6238,74.9379,383.4,36.3,Critical Environmental Delay,2,690,30.67
619211,[DEMO/SIMULATION],Karnataka,14.5373,76.5539,326.8,42.5,Pending Public Hearing,3,588,26.14
619140,[DEMO/SIMULATION],Haryana,28.8588,76.9056,269.9,33.0,Clearance Obtained,0,485,21.59
619206,[DEMO/SIMULATION],Maharashtra,18.8715,76.5539,462.3,34.1,Critical Environmental Delay,2,832,36.98
618635,[DEMO/SIMULATION],Jammu & Kashmir,33.4782,77.2962,239.0,31.0,Pending Public Hearing,3,430,19.12
618599,[DEMO/SIMULATION],Andhra Pradesh,16.8929,80.44,857.6,55.3,Pending Public Hearing,3,1543,68.61
618596,[DEMO/SIMULATION],Delhi,29.6241,77.8025,523.2,53.6,Clearance Obtained,0,941,41.86
618602,[DEMO/SIMULATION],Karnataka,14.3573,76.4339,647.3,17.3,Critical Environmental Delay,2,1165,51.78
618600,[DEMO/SIMULATION],Bihar,24.0961,86.0331,603.6,31.6,Clearance Obtained,0,1086,48.29
618771,[DEMO/SIMULATION],Gujarat,22.6787,71.9324,339.8,62.8,Pending Public Hearing,3,611,27.18
618634,[DEMO/SIMULATION],Uttarakhand,29.7468,79.7393,250.0,52.4,Critical Environmental Delay,2,450,20.0
618576,[DEMO/SIMULATION],Maharashtra,20.2715,76.4139,138.2,65.1,Clearance Obtained,0,248,11.06
618711,[DEMO/SIMULATION],Delhi,27.9241,77.8425,230.6,64.3,Pending Public Hearing,3,415,18.45
618564,[DEMO/SIMULATION],Telangana,18.3924,79.7193,317.1,15.5,Clearance Obtained,0,570,25.37
619090,[DEMO/SIMULATION],Assam,27.0006,93.7376,320.2,93.5,Critical Environmental Delay,2,576,25.62
619161,[DEMO/SIMULATION],Haryana,29.2788,76.9056,287.4,19.3,In Progress,1,517,22.99
618920,[DEMO/SIMULATION],Jharkhand,23.0102,86.0599,282.0,30.8,Clearance Obtained,0,507,22.56
618505,[DEMO/SIMULATION],Chhattisgarh,20.3787,82.5661,86.5,45.6,In Progress,1,155,6.92
618620,[DEMO/SIMULATION],Madhya Pradesh,22.3734,79.3769,51.2,70.2,Clearance Obtained,0,92,4.1
618707,[DEMO/SIMULATION],Karnataka,14.4573,76.4539,217.7,15.0,Pending Public Hearing,1,391,17.42
618501,[DEMO/SIMULATION],Telangana,17.1324,79.7193,215.7,67.3,In Progress,1,388,17.26
618502,[DEMO/SIMULATION],Assam,25.2406,93.6376,234.2,83.4,Critical Environmental Delay,2,421,18.74
618503,[DEMO/SIMULATION],West Bengal,22.0468,88.555,178.1,81.6,Pending Public Hearing,3,320,14.25
618504,[DEMO/SIMULATION],Rajasthan,26.1038,74.9179,201.3,90.6,Clearance Obtained,0,362,16.1
618636,[DEMO/SIMULATION],Haryana,28.7788,76.8056,241.7,28.1,Clearance Obtained,0,435,19.34
619122,[DEMO/SIMULATION],Maharashtra,19.1915,76.5339,263.9,99.2,Critical Environmental Delay,2,475,21.11
618692,[DEMO/SIMULATION],West Bengal,23.8268,88.575,276.0,62.7,Clearance Obtained,0,496,22.08
618795,[DEMO/SIMULATION],Telangana,19.0124,79.7593,296.2,69.9,Pending Public Hearing,3,533,23.7
618794,[DEMO/SIMULATION],Jharkhand,24.4902,86.0199,152.8,81.7,Critical Environmental Delay,2,275,12.22
618774,[DEMO/SIMULATION],Telangana,18.5924,79.7593,201.8,92.9,Critical Environmental Delay,2,363,16.14
618775,[DEMO/SIMULATION],Assam,26.7006,93.6776,88.9,15.0,Pending Public Hearing,1,160,7.11
617947,[DEMO/SIMULATION],Uttar Pradesh,26.7867,81.5262,218.0,22.0,Pending Public Hearing,3,392,17.44
618604,[DEMO/SIMULATION],Odisha,20.0317,85.8185,368.5,65.6,Clearance Obtained,0,663,29.48
618839,[DEMO/SIMULATION],West Bengal,22.7668,88.615,315.4,66.8,Pending Public Hearing,3,567,25.23
619152,[DEMO/SIMULATION],Telangana,18.1524,79.8393,249.4,62.6,Clearance Obtained,0,448,19.95
618861,[DEMO/SIMULATION],Rajasthan,27.2438,74.9779,155.5,96.0,In Progress,1,279,12.44
618862,[DEMO/SIMULATION],Chhattisgarh,21.5187,82.6261,345.4,77.8,Critical Environmental Delay,2,621,27.63
618637,[DEMO/SIMULATION],Maharashtra,19.4915,76.4339,285.1,81.7,In Progress,1,513,22.81
618569,[DEMO/SIMULATION],Tamil Nadu,11.5071,79.3569,120.5,66.1,In Progress,1,216,9.64
618942,[DEMO/SIMULATION],Telangana,17.9524,79.7993,136.1,58.1,Critical Environmental Delay,2,244,10.89
619089,[DEMO/SIMULATION],Telangana,18.8924,79.8193,295.5,72.2,In Progress,1,531,23.64
618701,[DEMO/SIMULATION],Delhi,27.7241,77.8425,127.7,68.9,In Progress,1,229,10.22
618594,[DEMO/SIMULATION],Haryana,29.9388,76.7856,163.5,66.7,Critical Environmental Delay,2,294,13.08
618592,[DEMO/SIMULATION],Uttarakhand,30.9068,79.7193,160.2,25.9,Clearance Obtained,0,288,12.82
618296,[DEMO/SIMULATION],Tamil Nadu,12.0471,79.2969,105.7,21.0,Clearance Obtained,0,190,8.46
618009,[DEMO/SIMULATION],Maharashtra,18.9315,76.3139,57.0,15.0,In Progress,1,102,4.56
618031,[DEMO/SIMULATION],Uttar Pradesh,26.4667,81.5462,108.5,23.3,Pending Public Hearing,3,195,8.68
617945,[DEMO/SIMULATION],Maharashtra,19.6515,76.2939,118.1,20.0,In Progress,1,212,9.45
618819,[DEMO/SIMULATION],Rajasthan,26.4038,74.9779,126.5,60.5,Pending Public Hearing,3,227,10.12
618198,[DEMO/SIMULATION],Maharashtra,20.7115,76.3339,136.3,23.0,Critical Environmental Delay,2,245,10.9
618235,[DEMO/SIMULATION],Rajasthan,26.7238,74.8579,156.7,18.7,Pending Public Hearing,1,282,12.54
618593,[DEMO/SIMULATION],Odisha,21.8117,85.7985,152.4,20.8,In Progress,1,274,12.19
617954,[DEMO/SIMULATION],Karnataka,15.3973,76.2939,133.7,49.2,Critical Environmental Delay,2,240,10.7
618507,[DEMO/SIMULATION],Gujarat,21.3987,71.8924,97.0,100.0,Pending Public Hearing,3,174,7.76
618349,[DEMO/SIMULATION],Madhya Pradesh,22.9534,79.3169,139.6,24.0,In Progress,1,251,11.17
618348,[DEMO/SIMULATION],Bihar,25.0561,85.9731,134.7,23.7,Clearance Obtained,0,242,10.78
618898,[DEMO/SIMULATION],Tamil Nadu,12.0871,79.4169,232.4,35.2,Critical Environmental Delay,0,418,18.59
618522,[DEMO/SIMULATION],Telangana,17.5524,79.7193,103.7,38.8,Critical Environmental Delay,2,186,8.3
619160,[DEMO/SIMULATION],Jammu & Kashmir,33.9782,77.3962,105.0,60.0,Clearance Obtained,0,189,8.4
618784,[DEMO/SIMULATION],Madhya Pradesh,23.6534,79.3969,117.2,59.0,Clearance Obtained,0,210,9.38
618574,[DEMO/SIMULATION],Kerala,11.3305,76.9711,366.7,43.9,Critical Environmental Delay,0,660,29.34
619222,[DEMO/SIMULATION],Uttarakhand,29.5068,79.8593,92.2,100.0,Critical Environmental Delay,2,165,7.38
619199,[DEMO/SIMULATION],Karnataka,16.2973,76.5339,330.5,38.6,Pending Public Hearing,1,594,26.44
618475,[DEMO/SIMULATION],Madhya Pradesh,23.4734,79.3369,497.2,40.9,Pending Public Hearing,3,894,39.78
618476,[DEMO/SIMULATION],Karnataka,15.8373,76.3939,327.0,42.7,Clearance Obtained,0,588,26.16
618477,[DEMO/SIMULATION],Gujarat,22.7987,71.8724,339.3,42.8,In Progress,1,610,27.14
618478,[DEMO/SIMULATION],Odisha,21.5117,85.7785,284.0,48.3,Critical Environmental Delay,2,511,22.72
618479,[DEMO/SIMULATION],Jharkhand,24.1902,85.9599,347.8,24.1,Pending Public Hearing,3,626,27.82
618519,[DEMO/SIMULATION],Gujarat,21.6387,71.8924,228.2,60.2,Pending Public Hearing,3,410,18.26
618706,[DEMO/SIMULATION],Madhya Pradesh,22.0934,79.3969,630.4,20.7,Critical Environmental Delay,2,1134,50.43
619072,[DEMO/SIMULATION],Chhattisgarh,21.7187,82.6661,289.3,79.5,Clearance Obtained,0,520,23.14
618863,[DEMO/SIMULATION],Tamil Nadu,11.3871,79.4169,122.3,74.4,Pending Public Hearing,3,220,9.78
618533,[DEMO/SIMULATION],Delhi,28.3641,77.8025,287.0,15.0,In Progress,1,516,22.96
617887,[DEMO/SIMULATION],Madhya Pradesh,23.7134,79.2169,63.9,52.2,Pending Public Hearing,3,115,5.11
618799,[DEMO/SIMULATION],Chhattisgarh,22.2587,82.6061,147.6,100.0,Pending Public Hearing,3,265,11.81
619164,[DEMO/SIMULATION],Maharashtra,20.0315,76.5339,266.1,48.8,Clearance Obtained,0,478,21.29
617908,[DEMO/SIMULATION],Madhya Pradesh,22.1334,79.2369,52.3,15.0,Clearance Obtained,0,94,4.18
618664,[DEMO/SIMULATION],Madhya Pradesh,23.2534,79.3769,142.8,73.7,Clearance Obtained,0,257,11.42
618523,[DEMO/SIMULATION],Assam,25.6606,93.6376,169.8,77.2,Pending Public Hearing,3,305,13.58
618925,[DEMO/SIMULATION],Chhattisgarh,20.7787,82.6461,130.2,74.7,In Progress,1,234,10.42
618572,[DEMO/SIMULATION],Jammu & Kashmir,34.2182,77.2762,138.5,22.1,Clearance Obtained,0,249,11.08
618693,[DEMO/SIMULATION],Rajasthan,27.8838,74.9379,294.8,68.0,In Progress,1,530,23.58
618825,[DEMO/SIMULATION],Haryana,28.5588,76.8456,198.3,46.5,In Progress,1,356,15.86
619150,[DEMO/SIMULATION],Karnataka,15.3173,76.5339,382.4,29.8,Critical Environmental Delay,2,688,30.59
618619,[DEMO/SIMULATION],Uttar Pradesh,26.2267,81.6662,168.8,20.7,Pending Public Hearing,1,303,13.5
618652,[DEMO/SIMULATION],Chhattisgarh,21.3187,82.5861,238.2,55.8,Clearance Obtained,0,428,19.06
618698,[DEMO/SIMULATION],Jammu & Kashmir,34.7382,77.2962,273.2,84.4,Critical Environmental Delay,2,491,21.86
619086,[DEMO/SIMULATION],Gujarat,22.9787,71.9924,133.8,15.0,Critical Environmental Delay,2,240,10.7
618904,[DEMO/SIMULATION],Chhattisgarh,20.3587,82.6461,383.2,15.0,Clearance Obtained,0,689,30.66
618209,[DEMO/SIMULATION],Uttarakhand,29.2468,79.6593,127.8,15.0,In Progress,1,230,10.22
618449,[DEMO/SIMULATION],Delhi,28.6841,77.7825,123.5,24.0,In Progress,1,222,9.88
618446,[DEMO/SIMULATION],Jammu & Kashmir,33.6982,77.2562,159.9,21.0,Critical Environmental Delay,2,287,12.79
618427,[DEMO/SIMULATION],West Bengal,22.5268,88.535,113.7,15.0,Pending Public Hearing,3,204,9.1
618429,[DEMO/SIMULATION],Maharashtra,19.3315,76.3939,120.8,100.0,In Progress,1,217,9.66
618396,[DEMO/SIMULATION],Telangana,19.0324,79.6793,108.9,21.0,Clearance Obtained,0,196,8.71
618395,[DEMO/SIMULATION],Jharkhand,24.5102,85.9399,111.8,45.8,Pending Public Hearing,3,201,8.94
618400,[DEMO/SIMULATION],Chhattisgarh,20.2787,82.5461,99.8,21.2,Clearance Obtained,0,179,7.98
617968,[DEMO/SIMULATION],Uttar Pradesh,27.2067,81.5262,150.8,100.0,Clearance Obtained,0,271,12.06
618289,[DEMO/SIMULATION],Odisha,21.7317,85.7385,82.8,91.2,In Progress,1,149,6.62
618208,[DEMO/SIMULATION],Uttarakhand,29.2268,79.6593,115.0,15.0,Clearance Obtained,0,207,9.2
618393,[DEMO/SIMULATION],Uttarakhand,30.9268,79.6793,65.5,60.2,In Progress,1,117,5.24
618391,[DEMO/SIMULATION],Madhya Pradesh,23.7934,79.3169,68.5,16.0,Pending Public Hearing,3,123,5.48
618392,[DEMO/SIMULATION],Uttarakhand,30.9068,79.6793,71.0,17.0,Clearance Obtained,0,127,5.68
617923,[DEMO/SIMULATION],Odisha,20.4117,85.6785,66.4,42.9,Pending Public Hearing,1,119,5.31
618356,[DEMO/SIMULATION],West Bengal,23.1068,88.515,151.1,77.3,Clearance Obtained,0,271,12.09
618357,[DEMO/SIMULATION],Rajasthan,27.1638,74.8779,188.7,65.7,In Progress,1,339,15.1
618358,[DEMO/SIMULATION],Chhattisgarh,21.4387,82.5261,164.7,71.1,Critical Environmental Delay,2,296,13.18
618034,[DEMO/SIMULATION],Assam,25.8806,93.5376,60.1,15.0,Critical Environmental Delay,0,108,4.81
618160,[DEMO/SIMULATION],Assam,26.4006,93.5576,192.8,15.0,Clearance Obtained,0,347,15.42
618200,[DEMO/SIMULATION],Rajasthan,26.0238,74.8579,127.7,15.0,Clearance Obtained,0,229,10.22
618011,[DEMO/SIMULATION],Rajasthan,26.2438,74.8179,72.7,24.8,Pending Public Hearing,3,130,5.82
618184,[DEMO/SIMULATION],Karnataka,15.9973,76.3339,111.1,15.0,Clearance Obtained,0,199,8.89
617929,[DEMO/SIMULATION],Uttarakhand,29.6468,79.5993,86.0,42.2,In Progress,1,154,6.88
618420,[DEMO/SIMULATION],Rajasthan,26.4238,74.8979,162.9,48.3,Clearance Obtained,0,293,13.03
618202,[DEMO/SIMULATION],Jammu & Kashmir,32.8182,77.2162,230.8,15.0,Critical Environmental Delay,0,415,18.46
618413,[DEMO/SIMULATION],Karnataka,14.5773,76.3939,79.7,15.0,In Progress,1,143,6.38
618127,[DEMO/SIMULATION],Jharkhand,23.1502,85.8999,45.4,15.0,Pending Public Hearing,1,81,3.63
618324,[DEMO/SIMULATION],Maharashtra,19.2315,76.3739,192.1,24.0,Clearance Obtained,0,345,15.37
617892,[DEMO/SIMULATION],Telangana,18.9524,79.5793,79.6,75.2,Clearance Obtained,0,143,6.37
618297,[DEMO/SIMULATION],Punjab,32.0871,75.9812,110.4,22.0,In Progress,1,198,8.83
618423,[DEMO/SIMULATION],Punjab,30.6071,76.0212,95.4,34.3,Pending Public Hearing,3,171,7.63
619059,[DEMO/SIMULATION],Maharashtra,19.9315,76.5139,147.6,27.5,Pending Public Hearing,3,265,11.81
618422,[DEMO/SIMULATION],Tamil Nadu,10.5671,79.3369,86.3,29.4,Critical Environmental Delay,2,155,6.9
618290,[DEMO/SIMULATION],Jharkhand,24.4102,85.9199,80.3,54.6,Critical Environmental Delay,2,144,6.42
618292,[DEMO/SIMULATION],Assam,27.0406,93.5776,93.5,76.1,Clearance Obtained,0,168,7.48
618291,[DEMO/SIMULATION],Telangana,18.9324,79.6593,75.0,60.7,Pending Public Hearing,3,135,6.0
618293,[DEMO/SIMULATION],West Bengal,23.8468,88.495,87.8,22.6,In Progress,1,158,7.02
618421,[DEMO/SIMULATION],Chhattisgarh,20.6987,82.5461,154.0,50.6,In Progress,1,277,12.32
618419,[DEMO/SIMULATION],West Bengal,22.3668,88.535,143.3,32.0,Pending Public Hearing,3,257,11.46
618363,[DEMO/SIMULATION],Haryana,29.3188,76.7456,114.1,62.4,Pending Public Hearing,3,205,9.13
618362,[DEMO/SIMULATION],Jammu & Kashmir,34.0182,77.2362,106.7,79.8,Critical Environmental Delay,2,192,8.54
618387,[DEMO/SIMULATION],Maharashtra,20.4915,76.3739,113.8,48.6,Pending Public Hearing,3,204,9.1
618388,[DEMO/SIMULATION],Uttar Pradesh,27.6067,81.6062,75.4,74.3,Clearance Obtained,0,135,6.03
618389,[DEMO/SIMULATION],Andhra Pradesh,16.6929,80.4,75.7,81.6,In Progress,1,136,6.06
618445,[DEMO/SIMULATION],Uttarakhand,29.9668,79.6993,138.1,20.0,In Progress,1,248,11.05
618448,[DEMO/SIMULATION],Kerala,10.8105,76.9511,210.6,26.4,Clearance Obtained,0,379,16.85
618447,[DEMO/SIMULATION],Haryana,28.9988,76.7656,148.7,22.0,Pending Public Hearing,3,267,11.9
618556,[DEMO/SIMULATION],Uttar Pradesh,26.9667,81.6462,175.9,70.8,Clearance Obtained,0,316,14.07
619293,[DEMO/SIMULATION],Uttarakhand,30.9268,79.8593,200.4,34.7,In Progress,1,360,16.03
619253,[DEMO/SIMULATION],Karnataka,15.3773,76.5539,130.4,15.0,In Progress,1,234,10.43
617917,[DEMO/SIMULATION],Maharashtra,19.0915,76.2939,108.8,17.0,In Progress,1,195,8.7
617896,[DEMO/SIMULATION],Assam,27.1206,93.4976,79.2,21.0,Clearance Obtained,0,142,6.34
618247,[DEMO/SIMULATION],Uttar Pradesh,26.7867,81.5862,263.3,22.0,Pending Public Hearing,1,473,21.06
617969,[DEMO/SIMULATION],Bihar,25.4761,85.8931,119.2,19.0,In Progress,1,214,9.54
617905,[DEMO/SIMULATION],Odisha,20.0517,85.6785,73.6,27.2,In Progress,1,132,5.89
618205,[DEMO/SIMULATION],Jammu & Kashmir,32.8782,77.2162,208.4,32.1,In Progress,1,375,16.67
618203,[DEMO/SIMULATION],Jammu & Kashmir,32.8382,77.2162,230.0,15.0,Pending Public Hearing,1,414,18.4
617919,[DEMO/SIMULATION],Chhattisgarh,20.6587,82.4461,91.3,19.0,Pending Public Hearing,3,164,7.3
619057,[DEMO/SIMULATION],Assam,26.3406,93.7376,183.1,53.8,In Progress,1,329,14.65
618373,[DEMO/SIMULATION],Assam,26.6606,93.5976,762.5,70.8,In Progress,1,1372,61.0
619142,[DEMO/SIMULATION],Uttarakhand,29.9068,79.8393,94.5,80.4,Critical Environmental Delay,2,170,7.56
618001,[DEMO/SIMULATION],Telangana,17.1324,79.6193,33.5,61.3,In Progress,1,60,2.68
618166,[DEMO/SIMULATION],Uttar Pradesh,27.1667,81.5662,150.7,16.0,Critical Environmental Delay,2,271,12.06
618165,[DEMO/SIMULATION],Uttar Pradesh,27.1467,81.5662,218.5,15.0,In Progress,1,393,17.48
618308,[DEMO/SIMULATION],Assam,25.3606,93.5976,169.4,15.0,Clearance Obtained,0,304,13.55
618417,[DEMO/SIMULATION],Telangana,17.4524,79.6993,360.9,29.3,In Progress,1,649,28.87
618320,[DEMO/SIMULATION],Jammu & Kashmir,33.1782,77.2362,209.9,20.0,Clearance Obtained,0,377,16.79
618321,[DEMO/SIMULATION],Haryana,28.4788,76.7456,212.4,21.0,In Progress,1,382,16.99
618869,[DEMO/SIMULATION],Delhi,29.0841,77.8625,197.3,28.8,In Progress,1,355,15.78
618330,[DEMO/SIMULATION],Assam,25.8006,93.5976,166.6,100.0,Critical Environmental Delay,2,299,13.33
618329,[DEMO/SIMULATION],Karnataka,14.8973,76.3739,211.8,15.0,In Progress,1,381,16.94
618500,[DEMO/SIMULATION],Delhi,27.7041,77.8025,182.2,33.0,Clearance Obtained,0,327,14.58
618609,[DEMO/SIMULATION],Rajasthan,26.2038,74.9379,78.5,32.3,In Progress,1,141,6.28
618524,[DEMO/SIMULATION],Andhra Pradesh,15.3929,80.44,82.7,39.3,Clearance Obtained,0,148,6.62
617912,[DEMO/SIMULATION],Maharashtra,18.9915,76.2939,125.0,15.0,Clearance Obtained,0,225,10.0
618932,[DEMO/SIMULATION],Madhya Pradesh,22.6134,79.4369,322.2,24.0,Clearance Obtained,0,579,25.78
618933,[DEMO/SIMULATION],Madhya Pradesh,22.6334,79.4369,307.6,15.0,In Progress,1,553,24.61
618233,[DEMO/SIMULATION],Tamil Nadu,10.7871,79.2969,405.2,15.0,In Progress,1,729,32.42
618250,[DEMO/SIMULATION],Bihar,25.0961,85.9531,469.6,15.0,Critical Environmental Delay,2,845,37.57
618591,[DEMO/SIMULATION],Odisha,21.7717,85.7985,167.1,38.1,Pending Public Hearing,1,300,13.37
618742,[DEMO/SIMULATION],Kerala,10.6905,77.0111,188.9,17.1,Critical Environmental Delay,0,340,15.11
618627,[DEMO/SIMULATION],Telangana,17.6524,79.7393,52.3,15.0,Pending Public Hearing,1,94,4.18
618228,[DEMO/SIMULATION],Bihar,24.6561,85.9531,546.9,15.0,Clearance Obtained,0,984,43.75
618234,[DEMO/SIMULATION],Bihar,24.7761,85.9531,335.7,56.4,Critical Environmental Delay,2,604,26.86
618882,[DEMO/SIMULATION],Uttar Pradesh,27.4867,81.7062,121.8,15.0,Critical Environmental Delay,0,219,9.74
617893,[DEMO/SIMULATION],West Bengal,23.8468,88.415,58.8,18.0,In Progress,1,105,4.7
618508,[DEMO/SIMULATION],Uttarakhand,29.2268,79.7193,164.0,40.4,Clearance Obtained,0,295,13.12
618506,[DEMO/SIMULATION],Haryana,28.1788,76.7856,86.3,25.9,Critical Environmental Delay,0,155,6.9
618430,[DEMO/SIMULATION],West Bengal,22.5868,88.535,130.4,15.0,Critical Environmental Delay,2,234,10.43
618431,[DEMO/SIMULATION],West Bengal,22.6068,88.535,115.4,15.0,Pending Public Hearing,3,207,9.23
618066,[DEMO/SIMULATION],Uttar Pradesh,27.1667,81.5462,108.6,23.3,Critical Environmental Delay,0,195,8.69
619301,[DEMO/SIMULATION],West Bengal,22.0068,88.715,181.7,32.7,In Progress,1,327,14.54
618157,[DEMO/SIMULATION],Madhya Pradesh,23.1134,79.2769,89.2,15.0,In Progress,1,160,7.14
618414,[DEMO/SIMULATION],Gujarat,21.5387,71.8724,92.8,33.9,Critical Environmental Delay,0,167,7.42
618433,[DEMO/SIMULATION],Madhya Pradesh,22.6334,79.3369,100.8,15.0,In Progress,1,181,8.06
618432,[DEMO/SIMULATION],Bihar,24.7361,85.9931,106.3,15.0,Clearance Obtained,0,191,8.5
618437,[DEMO/SIMULATION],Assam,25.9406,93.6176,118.1,40.1,In Progress,1,212,9.45
618441,[DEMO/SIMULATION],Assam,26.0206,93.6176,151.2,29.1,In Progress,1,272,12.1
618440,[DEMO/SIMULATION],Assam,26.0006,93.6176,108.0,15.0,Clearance Obtained,0,194,8.64
619013,[DEMO/SIMULATION],Assam,25.4606,93.7376,129.3,22.7,In Progress,1,232,10.34
619060,[DEMO/SIMULATION],Assam,26.4006,93.7376,151.8,21.4,Clearance Obtained,0,273,12.14
618439,[DEMO/SIMULATION],Assam,25.9806,93.6176,150.7,15.0,Pending Public Hearing,1,271,12.06
618444,[DEMO/SIMULATION],Assam,26.0806,93.6176,125.8,19.0,Clearance Obtained,0,226,10.06
618443,[DEMO/SIMULATION],Assam,26.0606,93.6176,148.7,18.0,Pending Public Hearing,1,267,11.9
618442,[DEMO/SIMULATION],Assam,26.0406,93.6176,135.8,17.0,Critical Environmental Delay,0,244,10.86
619186,[DEMO/SIMULATION],Uttar Pradesh,27.5667,81.7662,145.4,15.0,Critical Environmental Delay,2,261,11.63
618054,[DEMO/SIMULATION],Bihar,25.1761,85.9131,131.4,21.2,Critical Environmental Delay,2,236,10.51
618243,[DEMO/SIMULATION],Uttar Pradesh,26.7067,81.5862,173.8,18.0,Pending Public Hearing,1,312,13.9
618004,[DEMO/SIMULATION],Bihar,24.1761,85.9131,31.0,15.0,Clearance Obtained,0,55,2.48
618083,[DEMO/SIMULATION],Jharkhand,24.2702,85.8799,151.8,15.0,Pending Public Hearing,3,273,12.14
619005,[DEMO/SIMULATION],Jharkhand,22.7102,86.0799,80.2,15.0,In Progress,1,144,6.42
618028,[DEMO/SIMULATION],Karnataka,14.8773,76.3139,78.1,15.0,Clearance Obtained,0,140,6.25
617930,[DEMO/SIMULATION],Odisha,20.5517,85.6785,79.5,27.1,Critical Environmental Delay,2,143,6.36
617990,[DEMO/SIMULATION],Andhra Pradesh,16.7129,80.32,146.3,42.6,Critical Environmental Delay,0,263,11.7
617904,[DEMO/SIMULATION],Odisha,20.0317,85.6785,59.9,15.0,Clearance Obtained,0,107,4.79
617925,[DEMO/SIMULATION],Odisha,20.4517,85.6785,68.5,18.2,In Progress,1,123,5.48
617962,[DEMO/SIMULATION],Tamil Nadu,11.3671,79.2369,117.8,54.4,Critical Environmental Delay,0,212,9.42
617924,[DEMO/SIMULATION],Odisha,20.4317,85.6785,89.0,47.3,Clearance Obtained,0,160,7.12
618950,[DEMO/SIMULATION],Jammu & Kashmir,33.7782,77.3562,344.8,15.0,Critical Environmental Delay,0,620,27.58
617890,[DEMO/SIMULATION],Odisha,21.7517,85.6585,43.1,15.0,Critical Environmental Delay,0,77,3.45
617951,[DEMO/SIMULATION],Karnataka,15.3373,76.2939,118.2,15.0,Pending Public Hearing,1,212,9.46
618262,[DEMO/SIMULATION],Uttar Pradesh,27.0867,81.5862,282.2,15.0,Critical Environmental Delay,0,507,22.58
618079,[DEMO/SIMULATION],Odisha,21.5317,85.6985,105.0,15.0,Pending Public Hearing,1,189,8.4
619004,[DEMO/SIMULATION],West Bengal,22.0668,88.655,128.1,15.0,Clearance Obtained,0,230,10.25
617935,[DEMO/SIMULATION],Karnataka,15.0173,76.2939,99.7,57.7,Pending Public Hearing,3,179,7.98
618525,[DEMO/SIMULATION],Andhra Pradesh,15.4129,80.44,94.0,15.0,In Progress,1,169,7.52
619141,[DEMO/SIMULATION],Andhra Pradesh,15.7329,80.56,190.6,46.0,In Progress,1,343,15.25
618853,[DEMO/SIMULATION],Madhya Pradesh,23.0334,79.4169,65.9,45.0,In Progress,1,118,5.27
618883,[DEMO/SIMULATION],Uttar Pradesh,27.5067,81.7062,298.9,50.1,Pending Public Hearing,3,538,23.91
618884,[DEMO/SIMULATION],Uttar Pradesh,27.5267,81.7062,268.1,49.1,Clearance Obtained,0,482,21.45
619154,[DEMO/SIMULATION],Uttar Pradesh,26.9267,81.7662,298.1,34.7,Critical Environmental Delay,2,536,23.85
618885,[DEMO/SIMULATION],Uttar Pradesh,27.5467,81.7062,137.7,42.4,In Progress,1,247,11.02
618164,[DEMO/SIMULATION],Uttar Pradesh,27.1267,81.5662,215.3,15.0,Clearance Obtained,0,387,17.22
618003,[DEMO/SIMULATION],Odisha,20.0117,85.6985,26.1,15.3,Pending Public Hearing,3,46,2.09
618790,[DEMO/SIMULATION],Madhya Pradesh,23.7734,79.3969,283.3,31.3,Critical Environmental Delay,2,509,22.66
618059,[DEMO/SIMULATION],Maharashtra,19.9315,76.3139,108.2,15.0,Pending Public Hearing,3,194,8.66
618008,[DEMO/SIMULATION],Delhi,27.8641,77.7025,35.8,88.4,Clearance Obtained,0,64,2.86
618120,[DEMO/SIMULATION],Bihar,24.4961,85.9331,159.0,20.0,Clearance Obtained,0,286,12.72
619068,[DEMO/SIMULATION],Delhi,29.0641,77.9025,546.1,47.8,Clearance Obtained,0,982,43.69
618412,[DEMO/SIMULATION],Madhya Pradesh,22.2134,79.3369,1073.3,52.1,Clearance Obtained,0,1931,85.86
618405,[DEMO/SIMULATION],Haryana,28.1588,76.7656,179.7,15.0,In Progress,1,323,14.38
618403,[DEMO/SIMULATION],Uttarakhand,29.1268,79.6993,84.4,15.0,Pending Public Hearing,1,151,6.75
618402,[DEMO/SIMULATION],Punjab,30.1871,76.0212,231.3,17.7,Critical Environmental Delay,2,416,18.5
618401,[DEMO/SIMULATION],Tamil Nadu,10.1471,79.3369,253.8,15.0,In Progress,1,456,20.3
617957,[DEMO/SIMULATION],Uttar Pradesh,26.9867,81.5262,118.1,15.0,In Progress,1,212,9.45
617922,[DEMO/SIMULATION],Odisha,20.3917,85.6785,130.1,29.6,Critical Environmental Delay,0,234,10.41
618068,[DEMO/SIMULATION],Madhya Pradesh,23.3334,79.2569,91.7,18.0,Clearance Obtained,0,165,7.34
618129,[DEMO/SIMULATION],Madhya Pradesh,22.5534,79.2769,79.2,15.0,In Progress,1,142,6.34
618399,[DEMO/SIMULATION],Rajasthan,28.0038,74.8779,168.0,54.5,Pending Public Hearing,3,302,13.44
618554,[DEMO/SIMULATION],Delhi,28.7841,77.8025,205.8,64.3,Critical Environmental Delay,2,370,16.46
618404,[DEMO/SIMULATION],Jammu & Kashmir,32.8582,77.2562,137.9,15.0,Clearance Obtained,0,248,11.03
618144,[DEMO/SIMULATION],Karnataka,15.1973,76.3339,87.4,19.0,Clearance Obtained,0,157,6.99
617989,[DEMO/SIMULATION],Uttar Pradesh,27.6267,81.5262,132.6,69.9,In Progress,1,238,10.61
618956,[DEMO/SIMULATION],Andhra Pradesh,16.0329,80.52,190.8,15.0,Clearance Obtained,0,343,15.26
617895,[DEMO/SIMULATION],Assam,27.1006,93.4976,95.2,45.7,Pending Public Hearing,3,171,7.62
618081,[DEMO/SIMULATION],Uttar Pradesh,27.4667,81.5462,146.7,15.0,In Progress,1,264,11.74
618045,[DEMO/SIMULATION],Madhya Pradesh,22.8734,79.2569,71.8,54.1,In Progress,1,129,5.74
618253,[DEMO/SIMULATION],Chhattisgarh,21.3387,82.5061,143.7,15.0,In Progress,1,258,11.5
618156,[DEMO/SIMULATION],Madhya Pradesh,23.0934,79.2769,110.0,15.0,Clearance Obtained,0,198,8.8
618159,[DEMO/SIMULATION],Assam,26.3806,93.5576,96.3,15.0,Pending Public Hearing,1,173,7.7
618286,[DEMO/SIMULATION],Assam,26.9206,93.5776,158.1,57.7,Critical Environmental Delay,2,284,12.65
617926,[DEMO/SIMULATION],Gujarat,21.7787,71.7724,105.7,15.0,Critical Environmental Delay,0,190,8.46
618246,[DEMO/SIMULATION],Bihar,25.0161,85.9531,172.5,21.0,Critical Environmental Delay,0,310,13.8
618801,[DEMO/SIMULATION],Punjab,30.1671,76.1012,289.4,15.0,In Progress,1,520,23.15
618800,[DEMO/SIMULATION],Tamil Nadu,10.1271,79.4169,322.5,15.0,Clearance Obtained,0,580,25.8
619139,[DEMO/SIMULATION],Jammu & Kashmir,33.5582,77.3962,253.8,23.6,Pending Public Hearing,3,456,20.3
619045,[DEMO/SIMULATION],Odisha,20.8517,85.8985,265.8,24.4,In Progress,1,478,21.26
617932,[DEMO/SIMULATION],Maharashtra,19.3915,76.2939,126.5,15.0,Clearance Obtained,0,227,10.12
617960,[DEMO/SIMULATION],Tamil Nadu,11.3271,79.2369,120.7,75.6,Clearance Obtained,0,217,9.66
618355,[DEMO/SIMULATION],Assam,26.3006,93.5976,187.6,68.6,Pending Public Hearing,3,337,15.01
618254,[DEMO/SIMULATION],Tamil Nadu,11.2071,79.2969,50.6,15.0,Critical Environmental Delay,2,91,4.05
618055,[DEMO/SIMULATION],Uttar Pradesh,26.9467,81.5462,88.8,15.0,Pending Public Hearing,3,159,7.1
617897,[DEMO/SIMULATION],Bihar,26.0361,85.8731,61.2,31.5,In Progress,1,110,4.9
618244,[DEMO/SIMULATION],Uttar Pradesh,26.7267,81.5862,195.1,19.0,Clearance Obtained,0,351,15.61
618204,[DEMO/SIMULATION],Gujarat,21.3387,71.8324,147.9,23.5,Clearance Obtained,0,266,11.83
617909,[DEMO/SIMULATION],Madhya Pradesh,22.1534,79.2369,126.2,15.0,In Progress,1,227,10.1
618540,[DEMO/SIMULATION],Gujarat,22.0587,71.8924,223.3,29.8,Clearance Obtained,0,401,17.86
618538,[DEMO/SIMULATION],Madhya Pradesh,22.7334,79.3569,326.9,22.2,Critical Environmental Delay,0,588,26.15
618536,[DEMO/SIMULATION],Uttar Pradesh,26.5667,81.6462,296.6,21.4,Clearance Obtained,0,533,23.73
618537,[DEMO/SIMULATION],Bihar,24.8361,86.0131,320.1,31.0,In Progress,1,576,25.61
618539,[DEMO/SIMULATION],Karnataka,15.0973,76.4139,222.3,17.0,Pending Public Hearing,1,400,17.78
617931,[DEMO/SIMULATION],Gujarat,21.8787,71.7724,74.4,15.0,Pending Public Hearing,3,133,5.95
617967,[DEMO/SIMULATION],Uttarakhand,30.4068,79.5993,124.8,17.0,Pending Public Hearing,3,224,9.98
618912,[DEMO/SIMULATION],Uttar Pradesh,26.0867,81.7262,229.8,65.7,Clearance Obtained,0,413,18.38
618260,[DEMO/SIMULATION],Uttar Pradesh,27.0467,81.5862,222.2,15.0,Clearance Obtained,0,399,17.78
618057,[DEMO/SIMULATION],Uttar Pradesh,26.9867,81.5462,85.3,15.0,In Progress,1,153,6.82
618038,[DEMO/SIMULATION],Jammu & Kashmir,33.5382,77.1762,71.6,15.0,Critical Environmental Delay,0,128,5.73
617980,[DEMO/SIMULATION],Telangana,18.7124,79.5993,194.1,15.0,Clearance Obtained,0,349,15.53
617942,[DEMO/SIMULATION],Jammu & Kashmir,33.6182,77.1562,158.1,17.0,Critical Environmental Delay,2,284,12.65
618535,[DEMO/SIMULATION],Jharkhand,23.3102,85.9799,158.2,15.0,Pending Public Hearing,1,284,12.66
619042,[DEMO/SIMULATION],Maharashtra,19.5915,76.5139,106.6,17.0,Critical Environmental Delay,0,191,8.53
617950,[DEMO/SIMULATION],Karnataka,15.3173,76.2939,100.6,15.0,Critical Environmental Delay,0,181,8.05
618939,[DEMO/SIMULATION],Gujarat,22.0387,71.9724,127.7,25.2,Pending Public Hearing,1,229,10.22
618480,[DEMO/SIMULATION],Telangana,18.7124,79.6993,24.4,27.5,Clearance Obtained,0,43,1.95
618549,[DEMO/SIMULATION],Punjab,31.1271,76.0412,105.4,100.0,In Progress,1,189,8.43
618323,[DEMO/SIMULATION],Delhi,28.1641,77.7625,279.9,23.0,Pending Public Hearing,1,503,22.39
618170,[DEMO/SIMULATION],Madhya Pradesh,23.3734,79.2769,82.1,20.0,Critical Environmental Delay,2,147,6.57
617891,[DEMO/SIMULATION],Rajasthan,27.8438,74.7779,38.9,46.5,Pending Public Hearing,3,70,3.11
618075,[DEMO/SIMULATION],Bihar,25.5961,85.9131,201.1,16.9,Pending Public Hearing,3,361,16.09
618071,[DEMO/SIMULATION],Delhi,29.1241,77.7025,128.8,21.0,Pending Public Hearing,3,231,10.3
618169,[DEMO/SIMULATION],Chhattisgarh,21.6587,82.4861,145.0,50.8,In Progress,1,261,11.6
619251,[DEMO/SIMULATION],Rajasthan,27.0438,75.0579,76.5,15.0,Pending Public Hearing,1,137,6.12
618843,[DEMO/SIMULATION],Uttar Pradesh,26.7067,81.7062,32.7,33.5,Pending Public Hearing,3,58,2.62
618848,[DEMO/SIMULATION],Delhi,28.6641,77.8625,105.3,23.0,Clearance Obtained,0,189,8.42
617894,[DEMO/SIMULATION],West Bengal,23.8668,88.415,75.7,51.5,Critical Environmental Delay,2,136,6.06
617902,[DEMO/SIMULATION],Kerala,9.8905,76.8511,47.3,15.0,Critical Environmental Delay,2,85,3.78
618963,[DEMO/SIMULATION],Telangana,18.3724,79.7993,120.6,47.4,Pending Public Hearing,1,217,9.65
618390,[DEMO/SIMULATION],Bihar,25.8961,85.9731,237.6,57.3,Critical Environmental Delay,2,427,19.01
618426,[DEMO/SIMULATION],Haryana,28.5788,76.7656,105.8,15.0,Critical Environmental Delay,2,190,8.46
619038,[DEMO/SIMULATION],Maharashtra,19.5115,76.5139,152.6,54.1,Critical Environmental Delay,2,274,12.21
618849,[DEMO/SIMULATION],Maharashtra,19.7315,76.4739,75.6,99.6,In Progress,1,136,6.05
618550,[DEMO/SIMULATION],Uttarakhand,30.0668,79.7193,198.4,19.6,Critical Environmental Delay,2,357,15.87
619119,[DEMO/SIMULATION],Odisha,20.3317,85.9185,188.8,62.6,Pending Public Hearing,3,339,15.1
619215,[DEMO/SIMULATION],Odisha,20.2517,85.9385,163.7,57.8,Pending Public Hearing,3,294,13.1
618518,[DEMO/SIMULATION],Karnataka,14.6773,76.4139,256.2,58.3,Critical Environmental Delay,2,461,20.5
618804,[DEMO/SIMULATION],Haryana,28.1388,76.8456,136.3,49.0,Clearance Obtained,0,245,10.9
618497,[DEMO/SIMULATION],Delhi,29.6441,77.7825,163.2,71.2,In Progress,1,293,13.06
618482,[DEMO/SIMULATION],Delhi,29.3441,77.7825,281.9,56.3,Critical Environmental Delay,2,507,22.55
618483,[DEMO/SIMULATION],Delhi,29.3641,77.7825,233.1,61.8,Pending Public Hearing,3,419,18.65
618484,[DEMO/SIMULATION],Delhi,29.3841,77.7825,244.9,42.4,Clearance Obtained,0,440,19.59
618485,[DEMO/SIMULATION],Delhi,29.4041,77.7825,201.0,46.6,In Progress,1,361,16.08
618489,[DEMO/SIMULATION],Delhi,29.4841,77.7825,286.6,75.9,In Progress,1,515,22.93
618486,[DEMO/SIMULATION],Delhi,29.4241,77.7825,267.3,56.1,Critical Environmental Delay,2,481,21.38
618487,[DEMO/SIMULATION],Delhi,29.4441,77.7825,271.0,72.4,Pending Public Hearing,3,487,21.68
618488,[DEMO/SIMULATION],Delhi,29.4641,77.7825,292.4,46.7,Clearance Obtained,0,526,23.39
618490,[DEMO/SIMULATION],Delhi,29.5041,77.7825,336.7,54.2,Critical Environmental Delay,2,606,26.94
618491,[DEMO/SIMULATION],Delhi,29.5241,77.7825,337.2,52.8,Pending Public Hearing,1,606,26.98
618492,[DEMO/SIMULATION],Delhi,29.5441,77.7825,272.1,40.1,Clearance Obtained,0,489,21.77
618493,[DEMO/SIMULATION],Delhi,29.5641,77.7825,337.8,33.6,In Progress,1,608,27.02
619200,[DEMO/SIMULATION],Delhi,27.7041,77.9425,246.3,52.2,Clearance Obtained,0,443,19.7
619066,[DEMO/SIMULATION],Delhi,29.0241,77.9025,562.6,59.3,Critical Environmental Delay,2,1012,45.01
618494,[DEMO/SIMULATION],Delhi,29.5841,77.7825,421.2,70.8,Critical Environmental Delay,2,758,33.7
618496,[DEMO/SIMULATION],Delhi,29.6241,77.7825,289.3,75.8,Clearance Obtained,0,520,23.14
618457,[DEMO/SIMULATION],Delhi,28.8441,77.7825,287.9,79.9,In Progress,1,518,23.03
618456,[DEMO/SIMULATION],Delhi,28.8241,77.7825,263.9,80.1,Clearance Obtained,0,475,21.11
618458,[DEMO/SIMULATION],Delhi,28.8641,77.7825,376.2,71.5,Critical Environmental Delay,2,677,30.1
618459,[DEMO/SIMULATION],Delhi,28.8841,77.7825,332.2,68.3,Pending Public Hearing,3,597,26.58
619197,[DEMO/SIMULATION],Delhi,29.6441,77.9225,294.9,93.0,In Progress,1,530,23.59
618460,[DEMO/SIMULATION],Delhi,28.9041,77.7825,289.4,68.3,Clearance Obtained,0,520,23.15
618462,[DEMO/SIMULATION],Delhi,28.9441,77.7825,348.8,61.8,Critical Environmental Delay,2,627,27.9
618612,[DEMO/SIMULATION],Gujarat,21.4987,71.9124,139.1,79.9,Clearance Obtained,0,250,11.13
618613,[DEMO/SIMULATION],Gujarat,21.5187,71.9124,112.3,78.3,In Progress,1,202,8.98
618803,[DEMO/SIMULATION],Jammu & Kashmir,32.8382,77.3362,179.9,81.3,Pending Public Hearing,3,323,14.39
618552,[DEMO/SIMULATION],Haryana,29.0988,76.7856,335.2,40.8,Clearance Obtained,0,603,26.82
618675,[DEMO/SIMULATION],Punjab,31.6471,76.0612,271.0,29.7,Pending Public Hearing,3,487,21.68
618673,[DEMO/SIMULATION],Chhattisgarh,21.7387,82.5861,278.2,63.7,In Progress,1,500,22.26
618674,[DEMO/SIMULATION],Tamil Nadu,11.6071,79.3769,294.6,67.7,Critical Environmental Delay,2,530,23.57
618509,[DEMO/SIMULATION],Jammu & Kashmir,32.9582,77.2762,342.5,82.4,In Progress,1,616,27.4
617977,[DEMO/SIMULATION],Assam,26.7406,93.5176,128.7,15.0,In Progress,1,231,10.3
618455,[DEMO/SIMULATION],Assam,26.3006,93.6176,199.1,41.4,Pending Public Hearing,3,358,15.93
618010,[DEMO/SIMULATION],Punjab,30.3471,75.9412,92.0,15.0,Critical Environmental Delay,0,165,7.36
618824,[DEMO/SIMULATION],West Bengal,22.4668,88.615,134.2,48.1,Clearance Obtained,0,241,10.74
618227,[DEMO/SIMULATION],West Bengal,22.5268,88.495,256.2,41.0,Pending Public Hearing,3,461,20.5
618155,[DEMO/SIMULATION],Maharashtra,19.8515,76.3339,94.4,23.4,Pending Public Hearing,1,169,7.55
619100,[DEMO/SIMULATION],Delhi,27.7041,77.9225,149.9,62.6,Clearance Obtained,0,269,11.99
619210,[DEMO/SIMULATION],Madhya Pradesh,22.1734,79.4969,221.8,73.0,Critical Environmental Delay,2,399,17.74
618325,[DEMO/SIMULATION],Uttar Pradesh,26.3467,81.6062,115.6,15.0,In Progress,1,208,9.25
618562,[DEMO/SIMULATION],Odisha,21.1917,85.7985,168.8,15.0,Critical Environmental Delay,0,303,13.5
618710,[DEMO/SIMULATION],Jharkhand,22.8102,86.0199,410.4,83.5,Critical Environmental Delay,2,738,32.83
618062,[DEMO/SIMULATION],West Bengal,23.2268,88.455,98.8,15.0,Critical Environmental Delay,2,177,7.9
618589,[DEMO/SIMULATION],Chhattisgarh,22.0587,82.5661,383.2,46.1,In Progress,1,689,30.66
618590,[DEMO/SIMULATION],Tamil Nadu,11.9271,79.3569,403.8,40.3,Critical Environmental Delay,2,726,32.3
618192,[DEMO/SIMULATION],Andhra Pradesh,16.7529,80.36,135.6,17.0,Clearance Obtained,0,244,10.85
619202,[DEMO/SIMULATION],Jammu & Kashmir,32.8182,77.4162,323.8,100.0,Critical Environmental Delay,2,582,25.9
618577,[DEMO/SIMULATION],Delhi,29.2441,77.8025,431.2,39.8,In Progress,1,776,34.5
618454,[DEMO/SIMULATION],Madhya Pradesh,23.0534,79.3369,198.1,15.0,Critical Environmental Delay,2,356,15.85
618146,[DEMO/SIMULATION],Bihar,25.0161,85.9331,100.2,21.0,Critical Environmental Delay,2,180,8.02
618866,[DEMO/SIMULATION],Uttar Pradesh,27.1667,81.7062,337.6,25.2,Critical Environmental Delay,0,607,27.01
618626,[DEMO/SIMULATION],Jharkhand,23.1302,85.9999,149.0,15.0,Critical Environmental Delay,2,268,11.92
618768,[DEMO/SIMULATION],Bihar,25.4561,86.0531,244.3,18.0,Clearance Obtained,0,439,19.54
619118,[DEMO/SIMULATION],Jammu & Kashmir,33.1382,77.3962,414.5,58.4,Critical Environmental Delay,2,746,33.16
619131,[DEMO/SIMULATION],Telangana,17.7324,79.8393,176.7,23.2,Pending Public Hearing,3,318,14.14
618874,[DEMO/SIMULATION],Madhya Pradesh,23.4534,79.4169,184.4,24.8,Critical Environmental Delay,2,331,14.75
619145,[DEMO/SIMULATION],Andhra Pradesh,15.8129,80.56,196.7,81.0,In Progress,1,354,15.74
619295,[DEMO/SIMULATION],Karnataka,16.2173,76.5539,206.3,20.1,Pending Public Hearing,1,371,16.5
617961,[DEMO/SIMULATION],Bihar,25.3161,85.8931,292.4,15.0,In Progress,1,526,23.39
619096,[DEMO/SIMULATION],Karnataka,16.2373,76.5139,262.8,38.0,Clearance Obtained,0,473,21.02
618580,[DEMO/SIMULATION],Madhya Pradesh,23.5734,79.3569,291.2,53.9,Clearance Obtained,0,524,23.3
618052,[DEMO/SIMULATION],Andhra Pradesh,15.9529,80.34,173.3,15.0,Clearance Obtained,0,311,13.86
618737,[DEMO/SIMULATION],Tamil Nadu,10.8671,79.3969,62.6,15.0,In Progress,1,112,5.01
618551,[DEMO/SIMULATION],Delhi,28.7241,77.8025,171.1,15.0,Pending Public Hearing,1,307,13.69
617984,[DEMO/SIMULATION],Jammu & Kashmir,34.4582,77.1562,151.6,15.0,Clearance Obtained,0,272,12.13
618097,[DEMO/SIMULATION],Madhya Pradesh,23.9134,79.2569,158.1,22.0,In Progress,1,284,12.65
618934,[DEMO/SIMULATION],Assam,25.8806,93.7176,953.4,15.0,Critical Environmental Delay,0,1716,76.27
618951,[DEMO/SIMULATION],Haryana,29.0788,76.8656,279.9,47.0,Pending Public Hearing,3,503,22.39
619117,[DEMO/SIMULATION],Karnataka,14.6573,76.5339,190.3,75.0,In Progress,1,342,15.22
619144,[DEMO/SIMULATION],Uttar Pradesh,26.7267,81.7662,292.0,21.0,Clearance Obtained,0,525,23.36
618581,[DEMO/SIMULATION],Karnataka,15.9373,76.4139,364.6,50.9,In Progress,1,656,29.17
618944,[DEMO/SIMULATION],West Bengal,22.8668,88.635,247.8,36.1,Clearance Obtained,0,446,19.82
618663,[DEMO/SIMULATION],Bihar,25.3561,86.0331,213.6,45.6,Pending Public Hearing,3,384,17.09
618928,[DEMO/SIMULATION],Uttarakhand,29.6268,79.7993,228.4,33.2,Clearance Obtained,0,411,18.27
618350,[DEMO/SIMULATION],Karnataka,15.3173,76.3739,248.2,15.0,Critical Environmental Delay,2,446,19.86
618586,[DEMO/SIMULATION],Maharashtra,20.4715,76.4139,144.2,44.3,Critical Environmental Delay,0,259,11.54
618251,[DEMO/SIMULATION],Bihar,25.1161,85.9531,260.1,15.0,Pending Public Hearing,1,468,20.81
618855,[DEMO/SIMULATION],Gujarat,22.3587,71.9524,140.8,61.8,Pending Public Hearing,3,253,11.26
618856,[DEMO/SIMULATION],Odisha,21.0717,85.8585,181.3,32.7,Clearance Obtained,0,326,14.5
618859,[DEMO/SIMULATION],Assam,26.3806,93.6976,105.4,63.9,Pending Public Hearing,3,189,8.43
618858,[DEMO/SIMULATION],Telangana,18.2724,79.7793,161.2,31.9,Critical Environmental Delay,2,290,12.9
618112,[DEMO/SIMULATION],Uttar Pradesh,26.0867,81.5662,248.8,15.0,Clearance Obtained,0,447,19.9
618113,[DEMO/SIMULATION],Uttar Pradesh,26.1067,81.5662,201.2,18.4,In Progress,1,362,16.1
618114,[DEMO/SIMULATION],Uttar Pradesh,26.1267,81.5662,292.8,15.0,Critical Environmental Delay,0,527,23.42
618162,[DEMO/SIMULATION],Gujarat,22.4987,71.8124,343.3,15.0,Critical Environmental Delay,0,617,27.46
618056,[DEMO/SIMULATION],Uttar Pradesh,26.9667,81.5462,132.5,22.4,Clearance Obtained,0,238,10.6
618252,[DEMO/SIMULATION],Uttar Pradesh,26.8867,81.5862,158.1,15.0,Clearance Obtained,0,284,12.65
618110,[DEMO/SIMULATION],Jammu & Kashmir,32.9782,77.1962,156.1,44.9,Critical Environmental Delay,2,280,12.49
618111,[DEMO/SIMULATION],Haryana,28.2788,76.7056,171.4,15.0,Pending Public Hearing,3,308,13.71
618294,[DEMO/SIMULATION],Rajasthan,27.9038,74.8579,174.1,25.8,Critical Environmental Delay,0,313,13.93
618368,[DEMO/SIMULATION],Andhra Pradesh,16.2729,80.4,108.6,18.0,Clearance Obtained,0,195,8.69
618367,[DEMO/SIMULATION],Uttar Pradesh,27.1867,81.6062,116.0,39.8,Pending Public Hearing,1,208,9.28
618369,[DEMO/SIMULATION],Bihar,25.4761,85.9731,107.5,19.0,In Progress,1,193,8.6
618370,[DEMO/SIMULATION],Madhya Pradesh,23.3734,79.3169,74.8,20.0,Critical Environmental Delay,2,134,5.98
618076,[DEMO/SIMULATION],Madhya Pradesh,23.4934,79.2569,151.6,15.0,Clearance Obtained,0,272,12.13
618806,[DEMO/SIMULATION],Delhi,27.8241,77.8625,188.9,63.0,Critical Environmental Delay,2,340,15.11
618416,[DEMO/SIMULATION],Jharkhand,22.9302,85.9599,89.9,83.4,Clearance Obtained,0,161,7.19
618415,[DEMO/SIMULATION],Odisha,20.2517,85.7785,83.2,15.0,Pending Public Hearing,3,149,6.66
618558,[DEMO/SIMULATION],Bihar,25.2561,86.0131,221.2,46.0,Critical Environmental Delay,2,398,17.7
618560,[DEMO/SIMULATION],Karnataka,15.5173,76.4139,161.3,21.3,Clearance Obtained,0,290,12.9
618073,[DEMO/SIMULATION],Bihar,25.5561,85.9131,106.9,23.0,In Progress,1,192,8.55
618080,[DEMO/SIMULATION],Bihar,25.6961,85.9131,132.9,15.0,Clearance Obtained,0,239,10.63
618121,[DEMO/SIMULATION],Bihar,24.5161,85.9331,65.0,56.5,In Progress,1,117,5.2
618211,[DEMO/SIMULATION],Uttarakhand,29.2868,79.6593,188.5,15.0,Pending Public Hearing,1,339,15.08
618216,[DEMO/SIMULATION],Haryana,28.3788,76.7256,130.7,21.6,Clearance Obtained,0,235,10.46
618215,[DEMO/SIMULATION],Jammu & Kashmir,33.0782,77.2162,136.1,15.0,Pending Public Hearing,1,244,10.89
618217,[DEMO/SIMULATION],Kerala,10.1905,76.9111,144.2,37.8,In Progress,1,259,11.54
618299,[DEMO/SIMULATION],Jammu & Kashmir,34.7582,77.2162,99.3,24.0,Pending Public Hearing,1,178,7.94
618300,[DEMO/SIMULATION],Haryana,28.0588,76.7456,116.8,67.7,Clearance Obtained,0,210,9.34
618295,[DEMO/SIMULATION],Chhattisgarh,22.1787,82.5061,160.9,20.0,Pending Public Hearing,1,289,12.87
618374,[DEMO/SIMULATION],Jharkhand,24.0902,85.9399,56.6,24.0,Critical Environmental Delay,0,101,4.53
618377,[DEMO/SIMULATION],West Bengal,23.5268,88.515,69.7,15.0,In Progress,1,125,5.58
618376,[DEMO/SIMULATION],Assam,26.7206,93.5976,94.9,15.0,Clearance Obtained,0,170,7.59
618375,[DEMO/SIMULATION],Telangana,18.6124,79.6793,81.9,15.0,Pending Public Hearing,3,147,6.55
618561,[DEMO/SIMULATION],Gujarat,22.4787,71.8924,216.8,26.5,In Progress,1,390,17.34
618621,[DEMO/SIMULATION],Bihar,24.5161,86.0331,195.4,59.6,In Progress,1,351,15.63
618625,[DEMO/SIMULATION],Gujarat,21.7587,71.9124,201.2,15.0,In Progress,1,362,16.1
618694,[DEMO/SIMULATION],Chhattisgarh,22.1587,82.5861,245.7,54.0,Critical Environmental Delay,2,442,19.66
619114,[DEMO/SIMULATION],Chhattisgarh,20.5587,82.6861,196.3,42.0,Critical Environmental Delay,2,353,15.7
618695,[DEMO/SIMULATION],Tamil Nadu,12.0271,79.3769,266.9,66.4,Pending Public Hearing,3,480,21.35
618762,[DEMO/SIMULATION],Madhya Pradesh,23.2134,79.3969,184.5,47.5,Critical Environmental Delay,2,332,14.76
618936,[DEMO/SIMULATION],Bihar,24.8161,86.0931,286.5,56.5,Clearance Obtained,0,515,22.92
618407,[DEMO/SIMULATION],Delhi,27.8441,77.7825,83.8,35.5,Pending Public Hearing,3,150,6.7
618007,[DEMO/SIMULATION],Kerala,9.9905,76.8711,90.0,15.0,Pending Public Hearing,3,162,7.2
619208,[DEMO/SIMULATION],Andhra Pradesh,15.0729,80.58,553.4,21.4,Clearance Obtained,0,996,44.27
619146,[DEMO/SIMULATION],Bihar,25.0161,86.1331,178.6,62.1,Critical Environmental Delay,2,321,14.29
618899,[DEMO/SIMULATION],Tamil Nadu,12.1071,79.4169,283.9,62.7,Pending Public Hearing,3,511,22.71
618895,[DEMO/SIMULATION],Madhya Pradesh,23.8734,79.4169,252.8,46.9,Pending Public Hearing,3,455,20.22
617948,[DEMO/SIMULATION],Andhra Pradesh,15.8729,80.32,235.7,44.9,Clearance Obtained,0,424,18.86
618521,[DEMO/SIMULATION],Jharkhand,23.0302,85.9799,156.1,69.7,In Progress,1,280,12.49
618408,[DEMO/SIMULATION],Maharashtra,18.9115,76.3939,107.7,68.3,Clearance Obtained,0,193,8.62
619201,[DEMO/SIMULATION],Uttarakhand,29.0868,79.8593,262.1,23.5,In Progress,1,471,20.97
617944,[DEMO/SIMULATION],Kerala,10.7305,76.8511,166.0,19.0,Clearance Obtained,0,298,13.28
617946,[DEMO/SIMULATION],Maharashtra,19.6715,76.2939,237.4,21.0,Critical Environmental Delay,2,427,18.99
618746,[DEMO/SIMULATION],Andhra Pradesh,15.8329,80.48,145.6,88.8,Critical Environmental Delay,2,262,11.65
619128,[DEMO/SIMULATION],Gujarat,21.8187,72.0124,140.4,62.6,Clearance Obtained,0,252,11.23
618747,[DEMO/SIMULATION],Bihar,25.0361,86.0531,151.5,75.1,Pending Public Hearing,3,272,12.12
618748,[DEMO/SIMULATION],Madhya Pradesh,22.9334,79.3969,113.3,76.2,Clearance Obtained,0,203,9.06
618749,[DEMO/SIMULATION],Karnataka,15.2973,76.4539,135.8,74.5,In Progress,1,244,10.86
618833,[DEMO/SIMULATION],Karnataka,14.9773,76.4739,247.1,51.5,In Progress,1,444,19.77
618101,[DEMO/SIMULATION],Jharkhand,22.6302,85.8999,233.3,15.0,In Progress,1,419,18.66
617965,[DEMO/SIMULATION],Kerala,11.1505,76.8511,114.2,15.0,In Progress,1,205,9.14
618607,[DEMO/SIMULATION],Assam,25.3406,93.6576,433.3,33.8,Pending Public Hearing,3,779,34.66
619098,[DEMO/SIMULATION],Haryana,30.0188,76.8856,231.8,85.6,Critical Environmental Delay,2,417,18.54
617986,[DEMO/SIMULATION],Kerala,11.5705,76.8511,149.9,15.0,Critical Environmental Delay,0,269,11.99
617888,[DEMO/SIMULATION],Uttarakhand,30.8268,79.5793,37.0,15.0,Clearance Obtained,0,66,2.96
618116,[DEMO/SIMULATION],Andhra Pradesh,15.2329,80.36,368.0,19.4,Clearance Obtained,0,662,29.44
619014,[DEMO/SIMULATION],Haryana,28.3388,76.8856,101.5,15.0,Critical Environmental Delay,0,182,8.12
618331,[DEMO/SIMULATION],Assam,25.8206,93.5976,234.7,19.3,Pending Public Hearing,1,422,18.78
618653,[DEMO/SIMULATION],Tamil Nadu,11.1871,79.3769,238.4,64.9,In Progress,1,429,19.07
619129,[DEMO/SIMULATION],Odisha,20.5317,85.9185,253.2,39.9,In Progress,1,455,20.26
619130,[DEMO/SIMULATION],Jharkhand,23.2102,86.0999,217.4,45.5,Critical Environmental Delay,2,391,17.39
618903,[DEMO/SIMULATION],Rajasthan,26.0838,74.9979,217.2,71.8,Pending Public Hearing,3,390,17.38
618902,[DEMO/SIMULATION],West Bengal,22.0268,88.635,161.3,100.0,Critical Environmental Delay,2,290,12.9
618624,[DEMO/SIMULATION],Maharashtra,19.2315,76.4339,186.4,38.1,Clearance Obtained,0,335,14.91
618797,[DEMO/SIMULATION],West Bengal,23.9268,88.595,262.7,22.0,In Progress,1,472,21.02
618411,[DEMO/SIMULATION],Bihar,24.3161,85.9931,80.4,48.4,Pending Public Hearing,3,144,6.43
618756,[DEMO/SIMULATION],Rajasthan,27.1438,74.9579,201.6,65.6,Clearance Obtained,0,362,16.13
618152,[DEMO/SIMULATION],Jammu & Kashmir,33.8182,77.1962,105.3,15.0,Clearance Obtained,0,189,8.42
618764,[DEMO/SIMULATION],Delhi,28.9841,77.8425,198.9,68.6,Clearance Obtained,0,358,15.91
618053,[DEMO/SIMULATION],Andhra Pradesh,15.9729,80.34,206.0,15.0,In Progress,1,370,16.48
619320,[DEMO/SIMULATION],Telangana,17.5124,79.8793,343.6,37.4,Clearance Obtained,0,618,27.49
618629,[DEMO/SIMULATION],West Bengal,22.5668,88.575,91.4,26.6,In Progress,1,164,7.31
618088,[DEMO/SIMULATION],Uttarakhand,30.8268,79.6193,136.9,15.6,Clearance Obtained,0,246,10.95
617987,[DEMO/SIMULATION],Delhi,29.4441,77.6825,210.8,15.0,Pending Public Hearing,1,379,16.86
617934,[DEMO/SIMULATION],Telangana,17.7924,79.5993,115.0,15.0,Critical Environmental Delay,2,207,9.2
618850,[DEMO/SIMULATION],Uttar Pradesh,26.8467,81.7062,229.6,49.3,Critical Environmental Delay,2,413,18.37
617898,[DEMO/SIMULATION],Odisha,21.9117,85.6585,48.0,23.0,Critical Environmental Delay,0,86,3.84
619120,[DEMO/SIMULATION],Kerala,10.2505,77.0911,478.0,86.3,Clearance Obtained,0,860,38.24
618688,[DEMO/SIMULATION],Odisha,21.7117,85.8185,207.2,20.4,Clearance Obtained,0,372,16.58
618687,[DEMO/SIMULATION],Gujarat,22.9987,71.9124,184.8,73.1,Pending Public Hearing,3,332,14.78
618686,[DEMO/SIMULATION],Karnataka,16.0373,76.4339,177.9,56.4,Critical Environmental Delay,2,320,14.23
618684,[DEMO/SIMULATION],Bihar,25.7761,86.0331,221.5,54.6,Clearance Obtained,0,398,17.72
618685,[DEMO/SIMULATION],Madhya Pradesh,23.6734,79.3769,221.7,56.2,In Progress,1,399,17.74
618172,[DEMO/SIMULATION],Uttarakhand,30.5068,79.6393,103.3,22.0,Clearance Obtained,0,185,8.26
618177,[DEMO/SIMULATION],Maharashtra,20.2915,76.3339,91.0,15.0,In Progress,1,163,7.28
618851,[DEMO/SIMULATION],Andhra Pradesh,15.9329,80.5,524.0,48.8,Pending Public Hearing,3,943,41.92
618606,[DEMO/SIMULATION],Telangana,17.2324,79.7393,497.1,37.8,Critical Environmental Delay,2,894,39.77
618094,[DEMO/SIMULATION],Uttar Pradesh,27.7267,81.5462,149.3,93.6,Critical Environmental Delay,2,268,11.94
618571,[DEMO/SIMULATION],Uttarakhand,30.4868,79.7193,125.0,100.0,Pending Public Hearing,3,225,10.0
618699,[DEMO/SIMULATION],Haryana,30.0388,76.8056,221.8,43.6,Pending Public Hearing,1,399,17.74
618846,[DEMO/SIMULATION],Haryana,28.9788,76.8456,390.9,56.9,Critical Environmental Delay,2,703,31.27
618074,[DEMO/SIMULATION],Bihar,25.5761,85.9131,167.6,44.9,Critical Environmental Delay,2,301,13.41
618126,[DEMO/SIMULATION],Bihar,24.6161,85.9331,77.8,15.0,Critical Environmental Delay,0,140,6.22
618845,[DEMO/SIMULATION],Jammu & Kashmir,33.6782,77.3362,243.2,41.7,In Progress,1,437,19.46
618180,[DEMO/SIMULATION],Bihar,25.6961,85.9331,93.4,15.0,Clearance Obtained,0,168,7.47
618428,[DEMO/SIMULATION],Delhi,28.2641,77.7825,107.8,22.6,Clearance Obtained,0,194,8.62
618220,[DEMO/SIMULATION],Jammu & Kashmir,33.1782,77.2162,196.3,20.0,Clearance Obtained,0,353,15.7
617970,[DEMO/SIMULATION],Bihar,25.4961,85.8931,132.3,70.1,Critical Environmental Delay,2,238,10.58
618025,[DEMO/SIMULATION],Telangana,17.6124,79.6193,54.0,62.5,In Progress,1,97,4.32
618099,[DEMO/SIMULATION],Maharashtra,20.7315,76.3139,123.6,75.1,Pending Public Hearing,1,222,9.89
618067,[DEMO/SIMULATION],Uttar Pradesh,27.1867,81.5462,229.9,17.0,Pending Public Hearing,1,413,18.39
618089,[DEMO/SIMULATION],Maharashtra,20.5315,76.3139,120.0,15.0,In Progress,1,216,9.6
618046,[DEMO/SIMULATION],Maharashtra,19.6715,76.3139,78.0,21.0,Critical Environmental Delay,0,140,6.24
618035,[DEMO/SIMULATION],Madhya Pradesh,22.6734,79.2569,76.2,15.0,Pending Public Hearing,3,137,6.1
618218,[DEMO/SIMULATION],Uttarakhand,29.4268,79.6593,148.7,18.0,Critical Environmental Delay,2,267,11.9
618450,[DEMO/SIMULATION],Maharashtra,19.7515,76.3939,133.9,15.0,Critical Environmental Delay,2,241,10.71
618154,[DEMO/SIMULATION],Maharashtra,19.8315,76.3339,57.7,15.0,Critical Environmental Delay,2,103,4.62
618020,[DEMO/SIMULATION],Madhya Pradesh,22.3734,79.2569,77.9,56.2,Clearance Obtained,0,140,6.23
617992,[DEMO/SIMULATION],Telangana,18.9524,79.5993,160.4,56.1,Clearance Obtained,0,288,12.83
618167,[DEMO/SIMULATION],West Bengal,23.3268,88.475,86.8,17.0,Pending Public Hearing,3,156,6.94
618239,[DEMO/SIMULATION],Delhi,28.4841,77.7425,185.8,15.0,Pending Public Hearing,3,334,14.86
618386,[DEMO/SIMULATION],Delhi,29.4241,77.7625,67.7,15.0,Critical Environmental Delay,2,121,5.42
617959,[DEMO/SIMULATION],Bihar,25.2761,85.8931,150.7,64.4,Pending Public Hearing,1,271,12.06
618181,[DEMO/SIMULATION],Maharashtra,20.3715,76.3339,84.1,15.0,In Progress,1,151,6.73
618134,[DEMO/SIMULATION],Maharashtra,19.4315,76.3339,82.8,15.0,Critical Environmental Delay,0,149,6.62
618821,[DEMO/SIMULATION],Odisha,20.3717,85.8585,239.0,59.1,In Progress,1,430,19.12
618822,[DEMO/SIMULATION],Punjab,30.5871,76.1012,241.5,55.4,Critical Environmental Delay,2,434,19.32
618820,[DEMO/SIMULATION],Chhattisgarh,20.6787,82.6261,229.3,57.8,Clearance Obtained,0,412,18.34
619181,[DEMO/SIMULATION],Jammu & Kashmir,34.3982,77.3962,233.3,21.8,In Progress,1,419,18.66
619008,[DEMO/SIMULATION],Maharashtra,18.9115,76.5139,71.7,15.0,Clearance Obtained,0,129,5.74
618418,[DEMO/SIMULATION],Assam,25.5606,93.6176,112.0,68.6,Critical Environmental Delay,2,201,8.96
618343,[DEMO/SIMULATION],Kerala,10.7105,76.9311,146.8,18.0,Pending Public Hearing,3,264,11.74
619185,[DEMO/SIMULATION],Maharashtra,20.4515,76.5339,132.6,15.0,In Progress,1,238,10.61
617907,[DEMO/SIMULATION],Bihar,24.2361,85.8931,92.4,50.1,Pending Public Hearing,3,166,7.39
618163,[DEMO/SIMULATION],Odisha,21.2117,85.7185,164.3,15.0,Pending Public Hearing,3,295,13.14
618236,[DEMO/SIMULATION],Jammu & Kashmir,33.4982,77.2162,163.4,70.4,Clearance Obtained,0,294,13.07
618037,[DEMO/SIMULATION],Andhra Pradesh,15.6529,80.34,103.0,46.5,In Progress,1,185,8.24
618888,[DEMO/SIMULATION],Haryana,29.8188,76.8456,219.9,34.8,Clearance Obtained,0,395,17.59
618139,[DEMO/SIMULATION],Maharashtra,19.5315,76.3339,72.2,15.0,Pending Public Hearing,1,129,5.78
618150,[DEMO/SIMULATION],Maharashtra,19.7515,76.3339,144.3,15.0,Critical Environmental Delay,0,259,11.54
618137,[DEMO/SIMULATION],Maharashtra,19.4915,76.3339,98.0,27.0,In Progress,1,176,7.84
617991,[DEMO/SIMULATION],Andhra Pradesh,16.7329,80.32,154.5,57.1,Pending Public Hearing,3,278,12.36
617885,[DEMO/SIMULATION],Andhra Pradesh,16.6129,80.3,50.4,61.2,In Progress,1,90,4.03
618237,[DEMO/SIMULATION],Andhra Pradesh,15.6529,80.38,156.4,61.0,In Progress,1,281,12.51
618385,[DEMO/SIMULATION],Kerala,11.5505,76.9311,51.1,15.0,In Progress,1,91,4.09
619184,[DEMO/SIMULATION],Delhi,29.3841,77.9225,135.1,15.0,Clearance Obtained,0,243,10.81
618238,[DEMO/SIMULATION],Andhra Pradesh,15.6729,80.38,170.7,69.6,Critical Environmental Delay,2,307,13.66
618186,[DEMO/SIMULATION],Telangana,18.8324,79.6393,148.3,57.0,Critical Environmental Delay,2,266,11.86
618096,[DEMO/SIMULATION],Maharashtra,20.6715,76.3139,123.2,21.0,Clearance Obtained,0,221,9.86
618188,[DEMO/SIMULATION],Maharashtra,20.5115,76.3339,106.1,15.0,Clearance Obtained,0,190,8.49
618225,[DEMO/SIMULATION],Jammu & Kashmir,33.2782,77.2162,164.2,31.0,In Progress,1,295,13.14
618224,[DEMO/SIMULATION],Jammu & Kashmir,33.2582,77.2162,223.6,70.1,Clearance Obtained,0,402,17.89
618223,[DEMO/SIMULATION],Jammu & Kashmir,33.2382,77.2162,126.0,65.0,Pending Public Hearing,3,226,10.08
618119,[DEMO/SIMULATION],Uttarakhand,29.4468,79.6393,189.8,19.0,Pending Public Hearing,1,341,15.18
618263,[DEMO/SIMULATION],Uttar Pradesh,27.1067,81.5862,128.1,15.0,Pending Public Hearing,1,230,10.25
618880,[DEMO/SIMULATION],Assam,26.8006,93.6976,162.4,25.9,Clearance Obtained,0,292,12.99
618176,[DEMO/SIMULATION],Maharashtra,20.2715,76.3339,108.3,15.0,Clearance Obtained,0,194,8.66
618103,[DEMO/SIMULATION],Assam,25.2606,93.5576,144.8,50.2,Pending Public Hearing,3,260,11.58
618124,[DEMO/SIMULATION],Uttar Pradesh,26.3267,81.5662,55.6,42.7,Clearance Obtained,0,100,4.45
619136,[DEMO/SIMULATION],Tamil Nadu,10.8471,79.4769,147.6,56.7,Clearance Obtained,0,265,11.81
617974,[DEMO/SIMULATION],Odisha,21.4317,85.6785,145.8,24.0,Critical Environmental Delay,0,262,11.66
618210,[DEMO/SIMULATION],Uttarakhand,29.2668,79.6593,180.6,15.0,Critical Environmental Delay,2,325,14.45
617940,[DEMO/SIMULATION],Telangana,17.9124,79.5993,141.8,57.7,Clearance Obtained,0,255,11.34
618194,[DEMO/SIMULATION],Jammu & Kashmir,34.6582,77.1962,118.1,100.0,Critical Environmental Delay,2,212,9.45
618125,[DEMO/SIMULATION],Andhra Pradesh,15.4129,80.36,39.2,16.6,In Progress,1,70,3.14
617994,[DEMO/SIMULATION],Telangana,18.9924,79.5993,158.1,88.2,Critical Environmental Delay,2,284,12.65
617993,[DEMO/SIMULATION],Telangana,18.9724,79.5993,146.0,18.0,In Progress,1,262,11.68
618191,[DEMO/SIMULATION],Andhra Pradesh,16.7329,80.36,131.4,63.9,Pending Public Hearing,3,236,10.51
619193,[DEMO/SIMULATION],Telangana,18.9724,79.8393,157.2,100.0,In Progress,1,282,12.58
618213,[DEMO/SIMULATION],Punjab,30.4071,75.9812,134.1,15.0,In Progress,1,241,10.73
618187,[DEMO/SIMULATION],Uttar Pradesh,27.5867,81.5662,209.0,15.0,Pending Public Hearing,1,376,16.72
618175,[DEMO/SIMULATION],Maharashtra,20.2515,76.3339,119.3,15.0,Pending Public Hearing,3,214,9.54
618179,[DEMO/SIMULATION],Maharashtra,20.3315,76.3339,86.3,15.0,Pending Public Hearing,1,155,6.9
618214,[DEMO/SIMULATION],Uttarakhand,29.3468,79.6593,145.9,15.0,Critical Environmental Delay,2,262,11.67
617975,[DEMO/SIMULATION],Uttarakhand,30.5668,79.5993,130.7,28.4,Pending Public Hearing,3,235,10.46
618221,[DEMO/SIMULATION],Andhra Pradesh,15.3329,80.38,211.2,21.0,In Progress,1,380,16.9
618226,[DEMO/SIMULATION],Jammu & Kashmir,33.2982,77.2162,146.8,50.3,Critical Environmental Delay,2,264,11.74
618342,[DEMO/SIMULATION],Haryana,28.8988,76.7456,133.1,17.0,Critical Environmental Delay,2,239,10.65
618231,[DEMO/SIMULATION],Rajasthan,26.6438,74.8579,166.8,51.3,Pending Public Hearing,3,300,13.34
618230,[DEMO/SIMULATION],West Bengal,22.5868,88.495,157.1,15.0,Critical Environmental Delay,2,282,12.57
618232,[DEMO/SIMULATION],Chhattisgarh,20.9187,82.5061,149.8,32.0,Clearance Obtained,0,269,11.98
618266,[DEMO/SIMULATION],Uttar Pradesh,27.1667,81.5862,74.8,16.0,Critical Environmental Delay,2,134,5.98
618240,[DEMO/SIMULATION],Uttar Pradesh,26.6467,81.5862,35.4,15.0,Clearance Obtained,0,63,2.83
618265,[DEMO/SIMULATION],Uttar Pradesh,27.1467,81.5862,50.8,15.0,In Progress,1,91,4.06
618229,[DEMO/SIMULATION],Uttar Pradesh,26.4267,81.5862,140.7,15.0,In Progress,1,253,11.26
618256,[DEMO/SIMULATION],Andhra Pradesh,16.0329,80.38,62.6,59.3,Clearance Obtained,0,112,5.01
618257,[DEMO/SIMULATION],Andhra Pradesh,16.0529,80.38,69.3,65.9,In Progress,1,124,5.54
618050,[DEMO/SIMULATION],Delhi,28.7041,77.7025,101.9,36.0,Critical Environmental Delay,2,183,8.15
618879,[DEMO/SIMULATION],Telangana,18.6924,79.7793,178.7,35.0,Pending Public Hearing,1,321,14.3
618878,[DEMO/SIMULATION],Jharkhand,24.1702,86.0399,142.6,41.8,Critical Environmental Delay,2,256,11.41
617963,[DEMO/SIMULATION],Uttar Pradesh,27.1067,81.5262,127.4,15.0,Pending Public Hearing,3,229,10.19
617938,[DEMO/SIMULATION],Maharashtra,19.5115,76.2939,144.1,15.0,Critical Environmental Delay,2,259,11.53
618174,[DEMO/SIMULATION],Maharashtra,20.2315,76.3339,88.0,24.0,Critical Environmental Delay,2,158,7.04
618026,[DEMO/SIMULATION],Telangana,17.6324,79.6193,116.8,83.2,Critical Environmental Delay,2,210,9.34
618040,[DEMO/SIMULATION],Uttarakhand,29.8668,79.6193,108.0,15.0,Clearance Obtained,0,194,8.64
617911,[DEMO/SIMULATION],Odisha,20.1717,85.6785,107.8,15.0,Pending Public Hearing,3,194,8.62
617966,[DEMO/SIMULATION],Delhi,29.0241,77.6825,203.1,16.0,Critical Environmental Delay,2,365,16.25
618041,[DEMO/SIMULATION],Uttarakhand,29.8868,79.6193,85.8,16.0,In Progress,1,154,6.86
617979,[DEMO/SIMULATION],Maharashtra,20.3315,76.2939,179.1,15.0,Pending Public Hearing,1,322,14.33
617978,[DEMO/SIMULATION],Maharashtra,20.3115,76.2939,192.8,28.2,Critical Environmental Delay,2,347,15.42
618199,[DEMO/SIMULATION],Maharashtra,20.7315,76.3339,187.4,24.0,Pending Public Hearing,1,337,14.99
618042,[DEMO/SIMULATION],Maharashtra,19.5915,76.3139,66.6,17.0,Critical Environmental Delay,2,119,5.33
618065,[DEMO/SIMULATION],Tamil Nadu,11.4271,79.2569,112.4,15.0,In Progress,1,202,8.99
618700,[DEMO/SIMULATION],Kerala,9.8505,77.0111,379.4,67.9,Clearance Obtained,0,682,30.35
618886,[DEMO/SIMULATION],Uttarakhand,30.7868,79.7793,81.8,15.1,Critical Environmental Delay,0,147,6.54
619294,[DEMO/SIMULATION],Uttarakhand,30.9468,79.8593,202.1,19.2,Critical Environmental Delay,0,363,16.17
618434,[DEMO/SIMULATION],Karnataka,14.9973,76.3939,331.8,17.8,Critical Environmental Delay,2,597,26.54
618943,[DEMO/SIMULATION],Assam,26.0606,93.7176,232.2,31.6,Pending Public Hearing,3,417,18.58
618614,[DEMO/SIMULATION],Jammu & Kashmir,33.0582,77.2962,126.8,78.4,Critical Environmental Delay,2,228,10.14
618615,[DEMO/SIMULATION],Haryana,28.3588,76.8056,131.7,87.5,Pending Public Hearing,3,237,10.54
617988,[DEMO/SIMULATION],Maharashtra,20.5115,76.2939,224.4,15.0,Clearance Obtained,0,403,17.95
618611,[DEMO/SIMULATION],Tamil Nadu,10.3471,79.3769,89.1,80.5,Pending Public Hearing,3,160,7.13
618090,[DEMO/SIMULATION],Haryana,29.8588,76.6856,171.9,15.0,Critical Environmental Delay,2,309,13.75
619069,[DEMO/SIMULATION],Maharashtra,20.1315,76.5139,163.3,34.1,In Progress,1,293,13.06
618153,[DEMO/SIMULATION],Haryana,29.1188,76.7056,130.9,15.0,In Progress,1,235,10.47
618847,[DEMO/SIMULATION],Kerala,10.7905,77.0311,442.0,57.2,Pending Public Hearing,3,795,35.36
618005,[DEMO/SIMULATION],Jammu & Kashmir,32.8782,77.1762,31.8,15.0,In Progress,1,57,2.54
618173,[DEMO/SIMULATION],Jammu & Kashmir,34.2382,77.1962,110.3,23.0,In Progress,1,198,8.82
618840,[DEMO/SIMULATION],Rajasthan,26.8238,74.9779,99.6,60.0,Clearance Obtained,0,179,7.97
618006,[DEMO/SIMULATION],Haryana,28.1788,76.6856,61.5,15.0,Critical Environmental Delay,2,110,4.92
619078,[DEMO/SIMULATION],Bihar,25.6561,86.1131,383.9,30.0,Critical Environmental Delay,2,691,30.71
619205,[DEMO/SIMULATION],Delhi,27.8041,77.9425,302.1,50.5,In Progress,1,543,24.17
618530,[DEMO/SIMULATION],Jammu & Kashmir,33.3782,77.2762,536.3,37.7,Critical Environmental Delay,2,965,42.9
619076,[DEMO/SIMULATION],Jammu & Kashmir,34.2982,77.3762,353.1,51.3,Clearance Obtained,0,635,28.25
618527,[DEMO/SIMULATION],Tamil Nadu,10.6671,79.3569,226.2,62.7,Pending Public Hearing,3,407,18.1
618966,[DEMO/SIMULATION],Rajasthan,27.3438,74.9979,174.4,23.2,Critical Environmental Delay,0,313,13.95
619187,[DEMO/SIMULATION],West Bengal,23.7268,88.675,129.8,15.0,Pending Public Hearing,1,233,10.38
619003,[DEMO/SIMULATION],Odisha,20.0117,85.8985,175.3,65.8,Pending Public Hearing,3,315,14.02
618212,[DEMO/SIMULATION],Uttarakhand,29.3068,79.6593,121.5,15.0,Clearance Obtained,0,218,9.72
619084,[DEMO/SIMULATION],Madhya Pradesh,23.6534,79.4569,73.3,16.8,Clearance Obtained,0,131,5.86
619207,[DEMO/SIMULATION],Uttar Pradesh,25.9867,81.7862,403.1,35.7,Pending Public Hearing,3,725,32.25
617973,[DEMO/SIMULATION],Chhattisgarh,21.7387,82.4461,121.3,69.1,In Progress,1,218,9.7
618133,[DEMO/SIMULATION],Maharashtra,19.4115,76.3339,55.1,15.0,In Progress,1,99,4.41
618565,[DEMO/SIMULATION],Assam,26.5006,93.6376,163.9,57.0,In Progress,1,295,13.11
618628,[DEMO/SIMULATION],Assam,25.7606,93.6576,50.5,36.3,Clearance Obtained,0,90,4.04
618061,[DEMO/SIMULATION],Maharashtra,19.9715,76.3139,118.9,17.8,In Progress,1,214,9.51
617949,[DEMO/SIMULATION],Bihar,25.0761,85.8931,93.0,55.5,In Progress,1,167,7.44
618796,[DEMO/SIMULATION],Assam,27.1206,93.6776,200.3,62.6,Clearance Obtained,0,360,16.02
618638,[DEMO/SIMULATION],Delhi,28.4641,77.8225,378.2,50.1,Critical Environmental Delay,2,680,30.26
619097,[DEMO/SIMULATION],Kerala,11.7905,77.0711,194.2,73.1,In Progress,1,349,15.54
619165,[DEMO/SIMULATION],Uttar Pradesh,27.1467,81.7662,111.5,19.0,In Progress,1,200,8.92
619094,[DEMO/SIMULATION],Tamil Nadu,12.0071,79.4569,200.6,61.6,Critical Environmental Delay,2,361,16.05
619083,[DEMO/SIMULATION],Bihar,25.7561,86.1131,41.4,76.6,Pending Public Hearing,3,74,3.31
618605,[DEMO/SIMULATION],Jharkhand,22.7102,85.9999,436.8,67.6,In Progress,1,786,34.94
617889,[DEMO/SIMULATION],Uttarakhand,30.8468,79.5793,37.8,15.0,In Progress,1,68,3.02
618743,[DEMO/SIMULATION],Delhi,28.5641,77.8425,154.5,24.5,Pending Public Hearing,1,278,12.36
619071,[DEMO/SIMULATION],Rajasthan,27.4438,75.0179,415.8,45.3,Pending Public Hearing,3,748,33.26
619070,[DEMO/SIMULATION],West Bengal,23.3868,88.655,235.8,20.9,Critical Environmental Delay,2,424,18.86
619220,[DEMO/SIMULATION],Tamil Nadu,10.5271,79.4969,236.6,72.4,Clearance Obtained,0,425,18.93
618512,[DEMO/SIMULATION],Delhi,27.9441,77.8025,168.0,62.5,Clearance Obtained,0,302,13.44
618773,[DEMO/SIMULATION],Jharkhand,24.0702,86.0199,120.5,23.2,In Progress,1,216,9.64
618258,[DEMO/SIMULATION],Haryana,29.2188,76.7256,62.5,76.0,Critical Environmental Delay,2,112,5.0
618255,[DEMO/SIMULATION],Punjab,31.2471,75.9812,69.2,30.8,Pending Public Hearing,3,124,5.54
618259,[DEMO/SIMULATION],Kerala,11.0305,76.9111,52.4,55.7,Pending Public Hearing,3,94,4.19
617937,[DEMO/SIMULATION],Rajasthan,26.7638,74.7979,178.5,15.0,In Progress,1,321,14.28
618954,[DEMO/SIMULATION],Maharashtra,19.8315,76.4939,334.9,37.9,Critical Environmental Delay,0,602,26.79
618953,[DEMO/SIMULATION],Delhi,28.7641,77.8825,293.0,82.4,In Progress,1,527,23.44
619166,[DEMO/SIMULATION],Andhra Pradesh,16.2329,80.56,201.2,61.4,Critical Environmental Delay,2,362,16.1
618108,[DEMO/SIMULATION],Gujarat,21.4187,71.8124,143.6,15.0,Clearance Obtained,0,258,11.49
617906,[DEMO/SIMULATION],Gujarat,21.3787,71.7724,63.0,15.0,Critical Environmental Delay,0,113,5.04
618078,[DEMO/SIMULATION],Chhattisgarh,21.8387,82.4661,107.0,46.1,Critical Environmental Delay,2,192,8.56
618064,[DEMO/SIMULATION],Chhattisgarh,21.5587,82.4661,105.8,75.3,Clearance Obtained,0,190,8.46
618021,[DEMO/SIMULATION],Madhya Pradesh,22.3934,79.2569,84.9,21.0,In Progress,1,152,6.79
618093,[DEMO/SIMULATION],Maharashtra,20.6115,76.3139,218.7,23.6,In Progress,1,393,17.5
618092,[DEMO/SIMULATION],Rajasthan,27.8638,74.8179,183.1,17.0,Clearance Obtained,0,329,14.65
619010,[DEMO/SIMULATION],Tamil Nadu,10.3271,79.4569,125.1,61.8,Critical Environmental Delay,2,225,10.01
618394,[DEMO/SIMULATION],Odisha,21.8317,85.7585,68.2,80.1,Critical Environmental Delay,2,122,5.46
618398,[DEMO/SIMULATION],West Bengal,23.9468,88.515,69.7,93.5,Critical Environmental Delay,2,125,5.58
618341,[DEMO/SIMULATION],Jammu & Kashmir,33.5982,77.2362,179.6,80.0,In Progress,1,323,14.37
618049,[DEMO/SIMULATION],Maharashtra,19.7315,76.3139,76.5,54.1,In Progress,1,137,6.12
618406,[DEMO/SIMULATION],Kerala,9.9705,76.9511,94.3,15.0,Critical Environmental Delay,2,169,7.54
618766,[DEMO/SIMULATION],Maharashtra,20.0715,76.4539,175.3,36.7,Critical Environmental Delay,0,315,14.02
617933,[DEMO/SIMULATION],Maharashtra,19.4115,76.2939,200.6,15.0,In Progress,1,361,16.05
618024,[DEMO/SIMULATION],Punjab,30.6271,75.9412,63.4,24.0,Clearance Obtained,0,114,5.07
617971,[DEMO/SIMULATION],Chhattisgarh,21.6987,82.4461,139.3,21.3,Pending Public Hearing,1,250,11.14
618136,[DEMO/SIMULATION],Maharashtra,19.4715,76.3339,49.6,15.0,Clearance Obtained,0,89,3.97
618022,[DEMO/SIMULATION],Gujarat,21.6987,71.7924,48.0,33.1,Critical Environmental Delay,2,86,3.84
618511,[DEMO/SIMULATION],Kerala,10.0705,76.9711,121.8,17.2,Pending Public Hearing,3,219,9.74
618019,[DEMO/SIMULATION],Madhya Pradesh,22.3534,79.2569,73.8,19.0,Pending Public Hearing,3,132,5.9
619155,[DEMO/SIMULATION],Rajasthan,27.1238,75.0379,315.4,36.2,Pending Public Hearing,3,567,25.23
618043,[DEMO/SIMULATION],Madhya Pradesh,22.8334,79.2569,116.8,18.0,Pending Public Hearing,1,210,9.34
618036,[DEMO/SIMULATION],Madhya Pradesh,22.6934,79.2569,83.4,15.0,Clearance Obtained,0,150,6.67
617914,[DEMO/SIMULATION],Madhya Pradesh,22.2534,79.2369,70.2,15.0,Critical Environmental Delay,2,126,5.62
618967,[DEMO/SIMULATION],Chhattisgarh,21.6187,82.6461,51.2,67.7,Pending Public Hearing,1,92,4.1
618754,[DEMO/SIMULATION],Maharashtra,19.8315,76.4539,114.7,19.2,Critical Environmental Delay,0,206,9.18
618016,[DEMO/SIMULATION],Chhattisgarh,20.5987,82.4661,75.5,20.1,Clearance Obtained,0,135,6.04
618014,[DEMO/SIMULATION],Chhattisgarh,20.5587,82.4661,43.8,26.4,Critical Environmental Delay,0,78,3.5
618018,[DEMO/SIMULATION],Telangana,17.4724,79.6193,70.7,20.8,Critical Environmental Delay,2,127,5.66
617915,[DEMO/SIMULATION],Madhya Pradesh,22.2734,79.2369,84.3,15.0,Pending Public Hearing,3,151,6.74
618098,[DEMO/SIMULATION],Maharashtra,20.7115,76.3139,123.2,23.0,Critical Environmental Delay,2,221,9.86
618158,[DEMO/SIMULATION],Madhya Pradesh,23.1334,79.2769,100.5,15.0,Critical Environmental Delay,0,180,8.04
618015,[DEMO/SIMULATION],Chhattisgarh,20.5787,82.4661,48.8,38.9,Pending Public Hearing,3,87,3.9
618017,[DEMO/SIMULATION],Chhattisgarh,20.6187,82.4661,59.9,40.4,In Progress,1,107,4.79
618107,[DEMO/SIMULATION],Gujarat,21.3987,71.8124,280.2,15.0,Pending Public Hearing,3,504,22.42
618085,[DEMO/SIMULATION],Madhya Pradesh,23.6734,79.2569,130.8,15.0,In Progress,1,235,10.46
619007,[DEMO/SIMULATION],Madhya Pradesh,22.1134,79.4569,116.1,15.0,Pending Public Hearing,1,208,9.29
618044,[DEMO/SIMULATION],Madhya Pradesh,22.8534,79.2569,171.6,19.0,Clearance Obtained,0,308,13.73
618118,[DEMO/SIMULATION],Rajasthan,26.3838,74.8379,144.1,49.0,Critical Environmental Delay,2,259,11.53
618219,[DEMO/SIMULATION],Uttarakhand,29.4468,79.6593,142.9,19.0,Pending Public Hearing,3,257,11.43
618117,[DEMO/SIMULATION],Rajasthan,26.3638,74.8379,140.2,23.5,In Progress,1,252,11.22
618787,[DEMO/SIMULATION],Uttar Pradesh,27.5867,81.6862,272.9,63.6,Pending Public Hearing,3,491,21.83
617900,[DEMO/SIMULATION],Rajasthan,26.0238,74.7979,42.5,15.0,Clearance Obtained,0,76,3.4
617972,[DEMO/SIMULATION],Chhattisgarh,21.7187,82.4461,122.2,28.3,Clearance Obtained,0,219,9.78
619009,[DEMO/SIMULATION],Telangana,17.2924,79.8193,152.5,15.0,In Progress,1,274,12.2
618069,[DEMO/SIMULATION],Rajasthan,27.4038,74.8179,119.2,19.0,In Progress,1,214,9.54
619203,[DEMO/SIMULATION],Haryana,28.1188,76.9256,190.9,35.7,Pending Public Hearing,3,343,15.27
618464,[DEMO/SIMULATION],Tamil Nadu,11.4071,79.3369,444.8,100.0,Clearance Obtained,0,800,35.58
618465,[DEMO/SIMULATION],Punjab,31.4471,76.0212,361.5,100.0,In Progress,1,650,28.92
618466,[DEMO/SIMULATION],Uttarakhand,30.3868,79.6993,681.1,20.4,Critical Environmental Delay,2,1225,54.49
618467,[DEMO/SIMULATION],Jammu & Kashmir,34.1182,77.2562,496.1,24.0,Pending Public Hearing,3,892,39.69
618463,[DEMO/SIMULATION],Chhattisgarh,21.5387,82.5461,301.8,93.1,Pending Public Hearing,3,543,24.14
618468,[DEMO/SIMULATION],Haryana,29.4188,76.7656,336.8,63.3,Clearance Obtained,0,606,26.94
619198,[DEMO/SIMULATION],Chhattisgarh,22.2387,82.6861,374.6,71.6,Critical Environmental Delay,2,674,29.97
618469,[DEMO/SIMULATION],Kerala,11.2305,76.9511,639.5,62.1,In Progress,1,1151,51.16
618470,[DEMO/SIMULATION],Delhi,29.1041,77.7825,418.8,46.0,Critical Environmental Delay,2,753,33.5
618471,[DEMO/SIMULATION],Maharashtra,20.1715,76.3939,502.6,41.2,Pending Public Hearing,3,904,40.21
618472,[DEMO/SIMULATION],Uttar Pradesh,27.2867,81.6262,719.8,41.0,Clearance Obtained,0,1295,57.58
618473,[DEMO/SIMULATION],Andhra Pradesh,16.3729,80.42,444.3,54.8,In Progress,1,799,35.54
619064,[DEMO/SIMULATION],Karnataka,15.5973,76.5139,390.5,43.9,Clearance Obtained,0,702,31.24
618893,[DEMO/SIMULATION],Andhra Pradesh,16.7729,80.5,498.1,42.8,In Progress,1,896,39.85
618529,[DEMO/SIMULATION],Uttarakhand,29.6468,79.7193,347.8,47.0,In Progress,1,626,27.82
618844,[DEMO/SIMULATION],Uttarakhand,29.9468,79.7793,207.7,51.8,Clearance Obtained,0,373,16.62
618769,[DEMO/SIMULATION],Madhya Pradesh,23.3534,79.3969,249.7,26.4,In Progress,1,449,19.98
618354,[DEMO/SIMULATION],Assam,26.2806,93.5976,241.1,15.0,Critical Environmental Delay,2,433,19.29
618063,[DEMO/SIMULATION],Rajasthan,27.2838,74.8179,102.3,49.5,Pending Public Hearing,3,184,8.18
617983,[DEMO/SIMULATION],Telangana,18.7724,79.5993,150.6,55.0,Pending Public Hearing,3,271,12.05
618132,[DEMO/SIMULATION],Telangana,17.7524,79.6393,42.9,70.0,Clearance Obtained,0,77,3.43
618012,[DEMO/SIMULATION],Odisha,20.1917,85.6985,40.0,31.5,Clearance Obtained,0,72,3.2
617958,[DEMO/SIMULATION],Rajasthan,27.1838,74.7979,162.9,45.7,Critical Environmental Delay,2,293,13.03
618410,[DEMO/SIMULATION],Andhra Pradesh,15.1129,80.42,110.8,77.4,Critical Environmental Delay,2,199,8.86
618409,[DEMO/SIMULATION],Uttar Pradesh,26.0267,81.6262,106.2,58.4,In Progress,1,191,8.5
618352,[DEMO/SIMULATION],Assam,26.2406,93.5976,241.0,54.2,Clearance Obtained,0,433,19.28
618351,[DEMO/SIMULATION],Assam,26.2206,93.5976,244.5,55.4,Pending Public Hearing,3,440,19.56
618353,[DEMO/SIMULATION],Assam,26.2606,93.5976,248.6,51.9,In Progress,1,447,19.89
618082,[DEMO/SIMULATION],Assam,26.8406,93.5376,141.4,15.0,Critical Environmental Delay,2,254,11.31
618372,[DEMO/SIMULATION],Gujarat,22.6987,71.8524,148.3,81.7,Clearance Obtained,0,266,11.86
617928,[DEMO/SIMULATION],Gujarat,21.8187,71.7724,70.7,15.0,Clearance Obtained,0,127,5.66
618141,[DEMO/SIMULATION],Telangana,17.9324,79.6393,84.4,48.2,In Progress,1,151,6.75
618161,[DEMO/SIMULATION],Andhra Pradesh,16.1329,80.36,167.0,47.0,In Progress,1,300,13.36
618242,[DEMO/SIMULATION],Jharkhand,23.4502,85.9199,47.0,38.8,Critical Environmental Delay,2,84,3.76
617982,[DEMO/SIMULATION],Telangana,18.7524,79.5993,136.5,15.0,Critical Environmental Delay,2,245,10.92
618060,[DEMO/SIMULATION],Jharkhand,23.8102,85.8799,107.2,45.0,Clearance Obtained,0,192,8.58
618178,[DEMO/SIMULATION],Maharashtra,20.3115,76.3339,82.5,15.0,Critical Environmental Delay,0,148,6.6
618206,[DEMO/SIMULATION],Jammu & Kashmir,32.8982,77.2162,296.8,15.0,Critical Environmental Delay,0,534,23.74
618201,[DEMO/SIMULATION],Jammu & Kashmir,32.7982,77.2162,186.3,15.0,In Progress,1,335,14.9
618106,[DEMO/SIMULATION],Telangana,17.2324,79.6393,211.6,39.8,Critical Environmental Delay,2,380,16.93
617920,[DEMO/SIMULATION],Odisha,20.3517,85.6785,116.8,20.0,Clearance Obtained,0,210,9.34
617921,[DEMO/SIMULATION],Odisha,20.3717,85.6785,116.0,43.1,In Progress,1,208,9.28
618105,[DEMO/SIMULATION],Telangana,17.2124,79.6393,199.6,17.5,In Progress,1,359,15.97
617899,[DEMO/SIMULATION],Odisha,21.9317,85.6585,114.4,63.1,Pending Public Hearing,3,205,9.15
618264,[DEMO/SIMULATION],Bihar,25.3761,85.9531,333.3,15.0,Clearance Obtained,0,599,26.66
618222,[DEMO/SIMULATION],Bihar,24.5361,85.9531,186.3,42.7,Critical Environmental Delay,2,335,14.9
618123,[DEMO/SIMULATION],Jharkhand,23.0702,85.8999,66.4,23.8,Pending Public Hearing,1,119,5.31
618380,[DEMO/SIMULATION],Tamil Nadu,11.7271,79.3169,150.0,20.6,Clearance Obtained,0,270,12.0
618384,[DEMO/SIMULATION],Haryana,29.7388,76.7456,158.8,27.1,Clearance Obtained,0,285,12.7
618379,[DEMO/SIMULATION],Chhattisgarh,21.8587,82.5261,131.9,18.2,Pending Public Hearing,1,237,10.55
618381,[DEMO/SIMULATION],Punjab,31.7671,76.0012,136.3,24.7,In Progress,1,245,10.9
618382,[DEMO/SIMULATION],Uttarakhand,30.7068,79.6793,112.9,15.0,Critical Environmental Delay,2,203,9.03
618383,[DEMO/SIMULATION],Jammu & Kashmir,34.4382,77.2362,118.5,21.6,Pending Public Hearing,3,213,9.48
618397,[DEMO/SIMULATION],Assam,27.1406,93.5976,75.4,22.0,In Progress,1,135,6.03
619183,[DEMO/SIMULATION],Kerala,11.5105,77.0911,132.7,39.4,Pending Public Hearing,1,238,10.62
618193,[DEMO/SIMULATION],Andhra Pradesh,16.7729,80.36,128.3,26.6,In Progress,1,230,10.26
617886,[DEMO/SIMULATION],Bihar,25.8161,85.8731,43.8,15.0,Critical Environmental Delay,2,78,3.5
618002,[DEMO/SIMULATION],Tamil Nadu,10.1671,79.2569,30.9,45.9,Critical Environmental Delay,0,55,2.47
617901,[DEMO/SIMULATION],Rajasthan,26.0438,74.7979,50.2,22.1,In Progress,1,90,4.02
618337,[DEMO/SIMULATION],Chhattisgarh,21.0187,82.5261,167.1,100.0,In Progress,1,300,13.37
618336,[DEMO/SIMULATION],Rajasthan,26.7438,74.8779,183.0,66.3,Clearance Obtained,0,329,14.64
618039,[DEMO/SIMULATION],Uttarakhand,29.8468,79.6193,91.0,15.0,Pending Public Hearing,1,163,7.28
618364,[DEMO/SIMULATION],Kerala,11.1305,76.9311,68.5,15.0,Clearance Obtained,0,123,5.48
618366,[DEMO/SIMULATION],Maharashtra,20.0715,76.3739,72.5,16.0,Critical Environmental Delay,0,130,5.8
618365,[DEMO/SIMULATION],Delhi,29.0041,77.7625,79.5,15.0,In Progress,1,143,6.36
618122,[DEMO/SIMULATION],Odisha,20.3917,85.7185,27.8,22.0,Critical Environmental Delay,0,50,2.22
618030,[DEMO/SIMULATION],Karnataka,14.9173,76.3139,69.6,15.0,Critical Environmental Delay,2,125,5.57
618335,[DEMO/SIMULATION],West Bengal,22.6868,88.515,156.7,80.1,Pending Public Hearing,3,282,12.54
618334,[DEMO/SIMULATION],Assam,25.8806,93.5976,169.8,60.9,Critical Environmental Delay,2,305,13.58
618333,[DEMO/SIMULATION],Telangana,17.7724,79.6793,207.0,54.3,In Progress,1,372,16.56
618130,[DEMO/SIMULATION],Telangana,17.7124,79.6393,83.6,15.0,Critical Environmental Delay,2,150,6.69
618147,[DEMO/SIMULATION],Karnataka,15.2573,76.3339,52.0,40.0,Pending Public Hearing,3,93,4.16
618183,[DEMO/SIMULATION],Telangana,18.7724,79.6393,122.8,15.0,Pending Public Hearing,1,221,9.82
618196,[DEMO/SIMULATION],Telangana,19.0324,79.6393,162.8,21.0,Clearance Obtained,0,293,13.02
618197,[DEMO/SIMULATION],Telangana,19.0524,79.6393,209.3,55.5,In Progress,1,376,16.74
618070,[DEMO/SIMULATION],Kerala,11.2505,76.8711,114.1,20.0,Critical Environmental Delay,2,205,9.13
618207,[DEMO/SIMULATION],Uttarakhand,29.2068,79.6593,173.1,15.0,Pending Public Hearing,3,311,13.85
618345,[DEMO/SIMULATION],Maharashtra,19.6515,76.3739,159.9,63.5,In Progress,1,287,12.79
618344,[DEMO/SIMULATION],Delhi,28.5841,77.7625,204.9,82.3,Clearance Obtained,0,368,16.39
618347,[DEMO/SIMULATION],Andhra Pradesh,15.8529,80.4,143.3,75.7,Pending Public Hearing,3,257,11.46
618346,[DEMO/SIMULATION],Uttar Pradesh,26.7667,81.6062,140.9,75.4,Critical Environmental Delay,2,253,11.27
618084,[DEMO/SIMULATION],Rajasthan,27.7038,74.8179,107.0,56.1,Clearance Obtained,0,192,8.56
618338,[DEMO/SIMULATION],Tamil Nadu,10.8871,79.3169,127.2,15.0,Critical Environmental Delay,2,228,10.18
618000,[DEMO/SIMULATION],Karnataka,14.3173,76.3139,25.5,53.4,Clearance Obtained,0,45,2.04
617996,[DEMO/SIMULATION],Telangana,19.0324,79.5993,160.7,87.9,Clearance Obtained,0,289,12.86
617927,[DEMO/SIMULATION],Gujarat,21.7987,71.7724,151.8,15.0,Pending Public Hearing,1,273,12.14
618185,[DEMO/SIMULATION],Karnataka,16.0173,76.3339,124.2,15.0,In Progress,1,223,9.94
617999,[DEMO/SIMULATION],Karnataka,16.2973,76.2939,189.8,38.4,Pending Public Hearing,3,341,15.18
618027,[DEMO/SIMULATION],Karnataka,14.8573,76.3139,93.9,15.0,Pending Public Hearing,1,169,7.51
618109,[DEMO/SIMULATION],Karnataka,14.4973,76.3339,162.4,53.1,In Progress,1,292,12.99
618249,[DEMO/SIMULATION],Uttar Pradesh,26.8267,81.5862,235.8,24.0,In Progress,1,424,18.86
618029,[DEMO/SIMULATION],Karnataka,14.8973,76.3139,81.7,50.3,In Progress,1,147,6.54
618248,[DEMO/SIMULATION],Uttar Pradesh,26.8067,81.5862,255.9,23.0,Clearance Obtained,0,460,20.47
619087,[DEMO/SIMULATION],Odisha,21.6917,85.8985,317.5,49.5,Pending Public Hearing,3,571,25.4
617998,[DEMO/SIMULATION],Karnataka,16.2773,76.2939,144.7,75.0,Critical Environmental Delay,2,260,11.58
618072,[DEMO/SIMULATION],Maharashtra,20.1915,76.3139,116.5,64.7,Clearance Obtained,0,209,9.32
617964,[DEMO/SIMULATION],Uttar Pradesh,27.1267,81.5262,130.5,22.9,Clearance Obtained,0,234,10.44
618168,[DEMO/SIMULATION],Uttar Pradesh,27.2067,81.5662,185.7,29.9,Clearance Obtained,0,334,14.86
618087,[DEMO/SIMULATION],Karnataka,16.0573,76.3139,125.4,71.7,Pending Public Hearing,3,225,10.03
618189,[DEMO/SIMULATION],Karnataka,16.0973,76.3339,161.1,15.0,In Progress,1,289,12.89
618145,[DEMO/SIMULATION],Andhra Pradesh,15.8129,80.36,110.2,65.4,In Progress,1,198,8.82
618182,[DEMO/SIMULATION],Telangana,18.7524,79.6393,137.0,38.8,Critical Environmental Delay,0,246,10.96
618086,[DEMO/SIMULATION],Tamil Nadu,11.8471,79.2569,178.6,15.0,Critical Environmental Delay,0,321,14.29
618095,[DEMO/SIMULATION],Karnataka,16.2173,76.3139,124.4,20.0,Pending Public Hearing,1,223,9.95
618149,[DEMO/SIMULATION],Maharashtra,19.7315,76.3339,172.5,46.0,In Progress,1,310,13.8
617985,[DEMO/SIMULATION],Haryana,29.7588,76.6656,184.5,15.0,In Progress,1,332,14.76
618091,[DEMO/SIMULATION],Telangana,18.9324,79.6193,167.9,35.5,Pending Public Hearing,3,302,13.43
618104,[DEMO/SIMULATION],Telangana,17.1924,79.6393,237.0,58.9,Clearance Obtained,0,426,18.96
617955,[DEMO/SIMULATION],Karnataka,15.4173,76.2939,182.8,41.5,Pending Public Hearing,3,329,14.62
617995,[DEMO/SIMULATION],Telangana,19.0124,79.5993,160.0,69.6,Pending Public Hearing,3,288,12.8
618143,[DEMO/SIMULATION],Telangana,17.9724,79.6393,52.5,18.0,Pending Public Hearing,1,94,4.2
618142,[DEMO/SIMULATION],Odisha,20.7917,85.7185,58.8,17.0,Critical Environmental Delay,2,105,4.7
618190,[DEMO/SIMULATION],Telangana,18.9124,79.6393,166.6,61.1,Critical Environmental Delay,2,299,13.33
617981,[DEMO/SIMULATION],Telangana,18.7324,79.5993,154.8,15.0,In Progress,1,278,12.38
617936,[DEMO/SIMULATION],Telangana,17.8324,79.5993,94.1,15.0,Clearance Obtained,0,169,7.53
618140,[DEMO/SIMULATION],Karnataka,15.1173,76.3339,86.9,18.5,Clearance Obtained,0,156,6.95
618905,[DEMO/SIMULATION],Tamil Nadu,10.2271,79.4369,135.5,49.0,In Progress,1,243,10.84
618047,[DEMO/SIMULATION],Maharashtra,19.6915,76.3139,145.6,22.0,Pending Public Hearing,1,262,11.65
618138,[DEMO/SIMULATION],Maharashtra,19.5115,76.3339,70.5,15.0,Critical Environmental Delay,0,126,5.64
618708,[DEMO/SIMULATION],Kerala,10.0105,77.0111,286.0,53.2,Clearance Obtained,0,514,22.88
618298,[DEMO/SIMULATION],Uttarakhand,31.0268,79.6593,89.8,100.0,Critical Environmental Delay,2,161,7.18
618301,[DEMO/SIMULATION],Kerala,9.8705,76.9311,95.3,15.0,In Progress,1,171,7.62
618306,[DEMO/SIMULATION],Bihar,24.2161,85.9731,150.6,16.9,Critical Environmental Delay,2,271,12.05
618304,[DEMO/SIMULATION],Uttar Pradesh,25.9267,81.6062,88.8,68.8,Clearance Obtained,0,159,7.1
618305,[DEMO/SIMULATION],Andhra Pradesh,15.0129,80.4,148.2,35.9,In Progress,1,266,11.86
618339,[DEMO/SIMULATION],Punjab,30.9271,76.0012,152.6,15.0,Pending Public Hearing,1,274,12.21
618303,[DEMO/SIMULATION],Maharashtra,18.8115,76.3739,96.4,15.0,Pending Public Hearing,3,173,7.71
618302,[DEMO/SIMULATION],Delhi,27.7441,77.7625,100.4,15.0,Critical Environmental Delay,2,180,8.03
618285,[DEMO/SIMULATION],Bihar,25.7961,85.9531,88.0,65.3,In Progress,1,158,7.04
618371,[DEMO/SIMULATION],Karnataka,15.7373,76.3739,103.1,57.0,Pending Public Hearing,1,185,8.25
618287,[DEMO/SIMULATION],Assam,26.9406,93.5776,247.8,15.0,Pending Public Hearing,1,446,19.82
618327,[DEMO/SIMULATION],Assam,25.7406,93.5976,180.9,15.0,Pending Public Hearing,3,325,14.47
618326,[DEMO/SIMULATION],Andhra Pradesh,15.4329,80.4,163.6,15.0,Critical Environmental Delay,2,294,13.09
618359,[DEMO/SIMULATION],Assam,26.3806,93.5976,218.8,46.7,Pending Public Hearing,1,393,17.5
618340,[DEMO/SIMULATION],Assam,26.0006,93.5976,168.8,55.2,Clearance Obtained,0,303,13.5
618284,[DEMO/SIMULATION],Assam,26.8806,93.5776,262.7,55.3,Clearance Obtained,0,472,21.02
618313,[DEMO/SIMULATION],Assam,25.4606,93.5976,250.3,15.0,In Progress,1,450,20.02
618310,[DEMO/SIMULATION],Assam,25.4006,93.5976,188.8,15.0,Critical Environmental Delay,0,339,15.1
618311,[DEMO/SIMULATION],Assam,25.4206,93.5976,201.5,15.0,Pending Public Hearing,1,362,16.12
618288,[DEMO/SIMULATION],Assam,26.9606,93.5776,210.2,15.0,Clearance Obtained,0,378,16.82
618312,[DEMO/SIMULATION],Assam,25.4406,93.5976,260.7,15.0,Clearance Obtained,0,469,20.86
618309,[DEMO/SIMULATION],Assam,25.3806,93.5976,267.0,15.0,In Progress,1,480,21.36
617916,[DEMO/SIMULATION],Gujarat,21.5787,71.7724,230.2,16.0,Clearance Obtained,0,414,18.42
617976,[DEMO/SIMULATION],Gujarat,22.7787,71.7724,175.5,15.0,Clearance Obtained,0,315,14.04
618171,[DEMO/SIMULATION],Madhya Pradesh,23.3934,79.2769,103.9,21.0,Pending Public Hearing,3,187,8.31
618023,[DEMO/SIMULATION],Punjab,30.6071,75.9412,46.0,23.0,Pending Public Hearing,3,82,3.68
619138,[DEMO/SIMULATION],Uttarakhand,29.8268,79.8393,104.5,35.6,Critical Environmental Delay,2,188,8.36
701574,[DEMO/SIMULATION],Gujarat,22.7387,70.4924,504.8,83.9,Critical Environmental Delay,2,908,40.38
609424,[DEMO/SIMULATION],Madhya Pradesh,22.4534,79.5369,700.6,68.9,Clearance Obtained,0,1261,56.05
617804,[DEMO/SIMULATION],Karnataka,14.3973,76.2739,67.0,36.7,Clearance Obtained,0,120,5.36
701570,[DEMO/SIMULATION],Andhra Pradesh,16.3129,79.04,75.7,94.3,Critical Environmental Delay,2,136,6.06
400382,[DEMO/SIMULATION],Jammu & Kashmir,34.4182,75.6362,962.0,92.0,Critical Environmental Delay,0,1731,76.96
400121,[DEMO/SIMULATION],Karnataka,14.7373,74.7339,197.6,70.6,In Progress,1,355,15.81
617242,[DEMO/SIMULATION],Assam,26.0406,93.3776,399.2,39.7,Critical Environmental Delay,0,718,31.94
400174,[DEMO/SIMULATION],Kerala,11.3305,75.2911,249.1,100.0,Critical Environmental Delay,2,448,19.93
706811,[DEMO/SIMULATION],Tamil Nadu,10.3471,79.0169,447.1,100.0,Pending Public Hearing,3,804,35.77
612781,[DEMO/SIMULATION],Uttar Pradesh,27.4667,80.4862,198.5,25.1,In Progress,1,357,15.88
617257,[DEMO/SIMULATION],Madhya Pradesh,23.1134,79.0969,191.1,51.8,In Progress,1,343,15.29
617256,[DEMO/SIMULATION],Bihar,25.2161,85.7531,228.6,63.8,Clearance Obtained,0,411,18.29
617255,[DEMO/SIMULATION],Andhra Pradesh,16.0129,80.18,165.8,48.1,Pending Public Hearing,1,298,13.26
617249,[DEMO/SIMULATION],Jammu & Kashmir,33.7582,77.0162,120.8,47.5,In Progress,1,217,9.66
617243,[DEMO/SIMULATION],West Bengal,22.8468,88.295,112.8,50.1,Pending Public Hearing,1,203,9.02
617254,[DEMO/SIMULATION],Uttar Pradesh,26.9267,81.3862,133.0,37.6,Critical Environmental Delay,2,239,10.64
617251,[DEMO/SIMULATION],Kerala,10.8705,76.7111,120.4,16.3,Pending Public Hearing,1,216,9.63
617253,[DEMO/SIMULATION],Maharashtra,19.8115,76.1539,170.1,70.5,In Progress,1,306,13.61
709826,[DEMO/SIMULATION],Karnataka,14.8373,76.6739,433.8,48.7,Critical Environmental Delay,2,780,34.7
617250,[DEMO/SIMULATION],Haryana,29.0588,76.5256,121.0,23.5,Critical Environmental Delay,0,217,9.68
617338,[DEMO/SIMULATION],Uttar Pradesh,26.6067,81.4062,435.7,25.7,Critical Environmental Delay,0,784,34.86
617248,[DEMO/SIMULATION],Uttarakhand,30.0268,79.4593,122.2,51.2,Clearance Obtained,0,219,9.78
617246,[DEMO/SIMULATION],Tamil Nadu,11.0471,79.0969,199.7,45.6,Critical Environmental Delay,2,359,15.98
701593,[DEMO/SIMULATION],Madhya Pradesh,23.8334,77.9569,4342.9,43.3,In Progress,1,7817,347.43
704495,[DEMO/SIMULATION],Uttar Pradesh,27.7467,80.8262,158.3,50.8,Pending Public Hearing,3,284,12.66
706775,[DEMO/SIMULATION],Delhi,29.2041,77.4425,9261.4,64.6,Pending Public Hearing,3,16670,740.91
617413,[DEMO/SIMULATION],Chhattisgarh,20.5387,82.3461,295.8,30.0,In Progress,1,532,23.66
701599,[DEMO/SIMULATION],Assam,27.1806,92.2376,315.7,61.8,Pending Public Hearing,3,568,25.26
709856,[DEMO/SIMULATION],Tamil Nadu,11.2471,79.6169,152.8,55.8,Clearance Obtained,0,275,12.22
709857,[DEMO/SIMULATION],Delhi,28.8441,78.0625,3738.8,36.3,In Progress,1,6729,299.1
701602,[DEMO/SIMULATION],Maharashtra,18.7915,75.0339,634.8,35.6,Critical Environmental Delay,2,1142,50.78
701598,[DEMO/SIMULATION],Telangana,19.0724,78.3193,223.8,43.4,Critical Environmental Delay,2,402,17.9
701597,[DEMO/SIMULATION],Assam,27.1406,92.2376,265.2,44.5,In Progress,1,477,21.22
400013,[DEMO/SIMULATION],Karnataka,14.5773,74.7139,4000.4,44.6,In Progress,1,7200,320.03
709859,[DEMO/SIMULATION],Jammu & Kashmir,33.9582,77.5362,96.2,90.4,Pending Public Hearing,3,173,7.7
707215,[DEMO/SIMULATION],Kerala,10.1505,76.7111,140.9,100.0,Pending Public Hearing,3,253,11.27
615337,[DEMO/SIMULATION],Rajasthan,26.7638,74.2779,152.3,60.5,In Progress,1,274,12.18
617181,[DEMO/SIMULATION],Rajasthan,27.6438,74.6379,81.6,15.0,In Progress,1,146,6.53
619028,[DEMO/SIMULATION],Kerala,10.4105,77.0711,94.0,15.0,Clearance Obtained,0,169,7.52
617182,[DEMO/SIMULATION],Chhattisgarh,21.9187,82.2861,47.8,35.9,Critical Environmental Delay,0,86,3.82
617802,[DEMO/SIMULATION],Bihar,24.1361,85.8731,89.8,15.0,Critical Environmental Delay,0,161,7.18
617391,[DEMO/SIMULATION],Rajasthan,27.8438,74.6779,184.2,17.0,Pending Public Hearing,3,331,14.74
615342,[DEMO/SIMULATION],Maharashtra,19.5915,75.7739,151.3,26.4,Critical Environmental Delay,2,272,12.1
617069,[DEMO/SIMULATION],Karnataka,15.6973,76.1139,98.9,36.0,In Progress,1,178,7.91
617068,[DEMO/SIMULATION],Madhya Pradesh,23.3334,79.0569,71.2,23.9,Clearance Obtained,0,128,5.7
602223,[DEMO/SIMULATION],Gujarat,21.7187,70.6324,776.1,100.0,Pending Public Hearing,3,1396,62.09
617271,[DEMO/SIMULATION],Haryana,29.4788,76.5256,162.4,46.5,Pending Public Hearing,3,292,12.99
617270,[DEMO/SIMULATION],Jammu & Kashmir,34.1782,77.0162,171.3,21.3,Critical Environmental Delay,2,308,13.7
617272,[DEMO/SIMULATION],Kerala,11.2905,76.7111,167.5,48.4,Clearance Obtained,0,301,13.4
617326,[DEMO/SIMULATION],Jharkhand,23.1302,85.7399,322.3,77.1,Critical Environmental Delay,2,580,25.78
617807,[DEMO/SIMULATION],Jharkhand,22.7502,85.8399,402.2,15.0,Pending Public Hearing,1,723,32.18
619030,[DEMO/SIMULATION],Chhattisgarh,20.8787,82.6661,478.3,15.0,Critical Environmental Delay,0,860,38.26
617808,[DEMO/SIMULATION],Telangana,17.2724,79.5793,199.0,15.0,Clearance Obtained,0,358,15.92
617405,[DEMO/SIMULATION],Karnataka,14.4173,76.1939,605.0,16.4,In Progress,1,1089,48.4
619049,[DEMO/SIMULATION],West Bengal,22.9668,88.655,764.0,66.8,In Progress,1,1375,61.12
619026,[DEMO/SIMULATION],Telangana,17.6324,79.8193,2916.0,15.0,Critical Environmental Delay,0,5248,233.28
619024,[DEMO/SIMULATION],Odisha,20.4317,85.8985,532.8,31.8,Clearance Obtained,0,959,42.62
619227,[DEMO/SIMULATION],Maharashtra,19.2915,76.5539,240.0,15.0,Pending Public Hearing,1,432,19.2
617375,[DEMO/SIMULATION],Jammu & Kashmir,34.2782,77.0362,126.3,15.0,Pending Public Hearing,1,227,10.1
607709,[DEMO/SIMULATION],West Bengal,22.1668,88.395,795.6,100.0,In Progress,1,1432,63.65
615343,[DEMO/SIMULATION],Uttar Pradesh,26.7067,81.0062,178.1,22.2,Pending Public Hearing,1,320,14.25
617801,[DEMO/SIMULATION],Andhra Pradesh,14.9329,80.3,128.3,15.0,In Progress,1,230,10.26
619025,[DEMO/SIMULATION],Rajasthan,26.5238,75.0179,3815.0,15.0,In Progress,1,6867,305.2
617186,[DEMO/SIMULATION],Rajasthan,27.7438,74.6379,780.2,28.8,Critical Environmental Delay,2,1404,62.42
616672,[DEMO/SIMULATION],Odisha,21.3917,85.4185,315.1,39.0,Clearance Obtained,0,567,25.21
400005,[DEMO/SIMULATION],Gujarat,21.3587,70.1924,726.9,89.7,In Progress,1,1308,58.15
617179,[DEMO/SIMULATION],Assam,26.7806,93.3576,51.9,15.0,Pending Public Hearing,3,93,4.15
612132,[DEMO/SIMULATION],Rajasthan,26.6638,73.6379,375.4,78.4,Clearance Obtained,0,675,30.03
617184,[DEMO/SIMULATION],Karnataka,15.9973,76.1339,541.9,19.2,Clearance Obtained,0,975,43.35
612140,[DEMO/SIMULATION],Karnataka,15.1173,75.1339,686.8,86.4,Clearance Obtained,0,1236,54.94
611967,[DEMO/SIMULATION],Gujarat,22.5987,70.5724,210.4,99.5,Pending Public Hearing,3,378,16.83
612138,[DEMO/SIMULATION],Karnataka,15.0773,75.1339,223.2,87.0,Critical Environmental Delay,2,401,17.86
612139,[DEMO/SIMULATION],Assam,25.9806,92.3576,653.6,65.0,Pending Public Hearing,3,1176,52.29
617279,[DEMO/SIMULATION],Madhya Pradesh,23.5534,79.0969,202.7,15.0,Pending Public Hearing,1,364,16.22
612855,[DEMO/SIMULATION],Gujarat,22.3587,70.7524,119.5,50.1,Pending Public Hearing,3,215,9.56
611966,[DEMO/SIMULATION],Gujarat,22.5787,70.5724,119.6,94.3,Critical Environmental Delay,2,215,9.57
615345,[DEMO/SIMULATION],Gujarat,22.1587,71.2524,819.9,42.1,In Progress,1,1475,65.59
615347,[DEMO/SIMULATION],Gujarat,22.1987,71.2524,3829.8,30.5,Pending Public Hearing,1,6893,306.38
615338,[DEMO/SIMULATION],Rajasthan,26.7838,74.2779,508.2,40.2,Critical Environmental Delay,2,914,40.66
612134,[DEMO/SIMULATION],Rajasthan,26.7038,73.6379,725.1,74.5,Critical Environmental Delay,2,1305,58.01
612133,[DEMO/SIMULATION],Rajasthan,26.6838,73.6379,503.6,79.0,In Progress,1,906,40.29
615344,[DEMO/SIMULATION],Rajasthan,26.9038,74.2779,655.1,51.3,Clearance Obtained,0,1179,52.41
615346,[DEMO/SIMULATION],Rajasthan,26.9438,74.2779,512.2,67.8,Critical Environmental Delay,2,921,40.98
615333,[DEMO/SIMULATION],Rajasthan,26.6838,74.2779,427.1,45.4,In Progress,1,768,34.17
615334,[DEMO/SIMULATION],Rajasthan,26.7038,74.2779,581.6,50.6,Critical Environmental Delay,2,1046,46.53
615332,[DEMO/SIMULATION],Rajasthan,26.6638,74.2779,583.8,46.1,Clearance Obtained,0,1050,46.7
615340,[DEMO/SIMULATION],Rajasthan,26.8238,74.2779,903.5,38.0,Clearance Obtained,0,1626,72.28
615339,[DEMO/SIMULATION],Rajasthan,26.8038,74.2779,994.4,32.7,Pending Public Hearing,3,1789,79.55
616670,[DEMO/SIMULATION],Rajasthan,27.4238,74.5379,986.9,43.8,Critical Environmental Delay,2,1776,78.95
615336,[DEMO/SIMULATION],Rajasthan,26.7438,74.2779,138.6,17.8,Clearance Obtained,0,249,11.09
611949,[DEMO/SIMULATION],Rajasthan,27.0038,73.5979,243.0,100.0,In Progress,1,437,19.44
611948,[DEMO/SIMULATION],Rajasthan,26.9838,73.5979,354.5,100.0,Clearance Obtained,0,638,28.36
611947,[DEMO/SIMULATION],Rajasthan,26.9638,73.5979,131.2,100.0,Pending Public Hearing,3,236,10.5
611735,[DEMO/SIMULATION],Rajasthan,26.7238,73.5579,144.7,60.8,Pending Public Hearing,3,260,11.58
617806,[DEMO/SIMULATION],Odisha,20.0717,85.6585,726.4,18.7,Critical Environmental Delay,0,1307,58.11
617185,[DEMO/SIMULATION],Uttarakhand,30.7668,79.4393,857.5,24.5,In Progress,1,1543,68.6
900808,[DEMO/SIMULATION],Chhattisgarh,20.4387,81.0261,620.0,92.7,Clearance Obtained,0,1116,49.6
619029,[DEMO/SIMULATION],Rajasthan,26.6038,75.0179,116.8,17.6,In Progress,1,210,9.34
617269,[DEMO/SIMULATION],Uttarakhand,30.4468,79.4593,140.9,21.5,In Progress,1,253,11.27
617803,[DEMO/SIMULATION],Madhya Pradesh,22.0334,79.2169,99.8,15.0,Pending Public Hearing,1,179,7.98
617183,[DEMO/SIMULATION],Tamil Nadu,11.7871,79.0769,455.9,29.2,Pending Public Hearing,1,820,36.47
619228,[DEMO/SIMULATION],Uttar Pradesh,26.4067,81.7862,194.7,15.0,Clearance Obtained,0,350,15.58
615335,[DEMO/SIMULATION],Tamil Nadu,10.8271,78.7169,302.3,44.0,Pending Public Hearing,3,544,24.18
616671,[DEMO/SIMULATION],Gujarat,22.6787,71.5124,193.2,39.7,Pending Public Hearing,3,347,15.46
619027,[DEMO/SIMULATION],Assam,25.7406,93.7376,367.0,15.0,Pending Public Hearing,1,660,29.36
702629,[DEMO/SIMULATION],West Bengal,22.5668,87.375,1286.0,65.6,In Progress,1,2314,102.88
702639,[DEMO/SIMULATION],Maharashtra,19.5315,75.2339,1655.0,100.0,Pending Public Hearing,3,2979,132.4
612878,[DEMO/SIMULATION],Tamil Nadu,11.6871,78.2169,2379.7,15.0,Critical Environmental Delay,0,4283,190.38
702625,[DEMO/SIMULATION],Odisha,20.4517,84.6185,1066.1,52.2,In Progress,1,1918,85.29
702668,[DEMO/SIMULATION],Jharkhand,23.9702,84.7999,9554.9,62.5,Clearance Obtained,0,17198,764.39
702665,[DEMO/SIMULATION],Karnataka,15.6173,75.2339,2283.2,74.1,In Progress,1,4109,182.66
702635,[DEMO/SIMULATION],Jammu & Kashmir,33.4782,76.0962,3995.8,100.0,Pending Public Hearing,3,7192,319.66
619031,[DEMO/SIMULATION],Delhi,28.3241,77.9025,1873.2,15.0,Pending Public Hearing,1,3371,149.86
617207,[DEMO/SIMULATION],Delhi,27.8441,77.5425,1307.0,15.0,Pending Public Hearing,1,2352,104.56
617206,[DEMO/SIMULATION],Delhi,27.8241,77.5425,980.6,15.0,Critical Environmental Delay,0,1765,78.45
702632,[DEMO/SIMULATION],Tamil Nadu,10.7671,78.1769,3774.3,76.3,Clearance Obtained,0,6793,301.94
702626,[DEMO/SIMULATION],Jharkhand,23.1302,84.7999,1151.1,56.8,Critical Environmental Delay,2,2071,92.09
701991,[DEMO/SIMULATION],Bihar,25.9161,84.6931,201.0,85.8,Pending Public Hearing,3,361,16.08
702628,[DEMO/SIMULATION],Assam,25.7606,92.4576,1689.4,72.8,Clearance Obtained,0,3040,135.15
702664,[DEMO/SIMULATION],Madhya Pradesh,23.2534,78.1769,357.6,46.4,Clearance Obtained,0,643,28.61
619052,[DEMO/SIMULATION],Tamil Nadu,11.1671,79.4569,962.1,15.0,Clearance Obtained,0,1731,76.97
619022,[DEMO/SIMULATION],Karnataka,14.7573,76.5139,879.9,23.4,Critical Environmental Delay,0,1583,70.39
702637,[DEMO/SIMULATION],Kerala,10.5905,75.7911,3507.4,100.0,In Progress,1,6313,280.59
702658,[DEMO/SIMULATION],Kerala,11.0105,75.7911,1064.2,32.2,Critical Environmental Delay,0,1915,85.14
701745,[DEMO/SIMULATION],Telangana,18.0124,78.3593,144.4,25.7,In Progress,1,259,11.55
702627,[DEMO/SIMULATION],Telangana,17.6524,78.5393,2031.9,35.1,Pending Public Hearing,3,3657,162.55
617225,[DEMO/SIMULATION],Tamil Nadu,10.6271,79.0969,201.5,25.2,In Progress,1,362,16.12
617226,[DEMO/SIMULATION],Punjab,30.6671,75.7812,509.2,15.0,Critical Environmental Delay,0,916,40.74
618971,[DEMO/SIMULATION],Jammu & Kashmir,34.1982,77.3562,554.9,21.1,Pending Public Hearing,1,998,44.39
618985,[DEMO/SIMULATION],Assam,26.9006,93.7176,1503.7,15.0,In Progress,1,2706,120.3
702630,[DEMO/SIMULATION],Rajasthan,26.6238,73.7379,1833.0,68.1,Critical Environmental Delay,2,3299,146.64
617327,[DEMO/SIMULATION],West Bengal,22.5268,88.315,1877.0,15.0,Pending Public Hearing,1,3378,150.16
616594,[DEMO/SIMULATION],Chhattisgarh,22.1587,82.1661,160.3,40.1,Critical Environmental Delay,2,288,12.82
616600,[DEMO/SIMULATION],Kerala,9.8505,76.5911,101.9,26.1,Clearance Obtained,0,183,8.15
616604,[DEMO/SIMULATION],Andhra Pradesh,14.9929,80.06,67.2,56.7,Clearance Obtained,0,120,5.38
616605,[DEMO/SIMULATION],Bihar,24.1961,85.6331,148.6,15.0,In Progress,1,267,11.89
616611,[DEMO/SIMULATION],Telangana,17.3324,79.3393,174.6,51.9,Pending Public Hearing,3,314,13.97
616612,[DEMO/SIMULATION],Assam,25.4406,93.2576,138.8,37.2,Clearance Obtained,0,249,11.1
616615,[DEMO/SIMULATION],Chhattisgarh,20.5787,82.1861,89.5,100.0,Pending Public Hearing,3,161,7.16
616616,[DEMO/SIMULATION],Tamil Nadu,10.4471,78.9769,101.8,100.0,Clearance Obtained,0,183,8.14
702746,[DEMO/SIMULATION],Andhra Pradesh,15.8329,79.28,67.7,78.0,Critical Environmental Delay,2,121,5.42
702760,[DEMO/SIMULATION],Uttarakhand,30.2668,78.5593,64.5,51.5,Clearance Obtained,0,116,5.16
702741,[DEMO/SIMULATION],Haryana,28.8788,75.6256,53.5,66.6,In Progress,1,96,4.28
702674,[DEMO/SIMULATION],Tamil Nadu,11.6071,78.1769,99.8,67.9,Critical Environmental Delay,2,179,7.98
702793,[DEMO/SIMULATION],Odisha,21.8117,84.6385,116.0,92.8,In Progress,1,208,9.28
703021,[DEMO/SIMULATION],Madhya Pradesh,22.3934,78.2569,99.8,73.8,In Progress,1,179,7.98
702949,[DEMO/SIMULATION],Uttarakhand,30.0468,78.5993,193.3,99.6,In Progress,1,347,15.46
702833,[DEMO/SIMULATION],Karnataka,14.9773,75.2739,142.1,67.8,In Progress,1,255,11.37
702958,[DEMO/SIMULATION],Madhya Pradesh,23.1334,78.2369,139.3,99.4,Critical Environmental Delay,2,250,11.14
702840,[DEMO/SIMULATION],Rajasthan,26.8238,73.7779,30.8,92.2,Clearance Obtained,0,55,2.46
702699,[DEMO/SIMULATION],Haryana,30.0388,75.6056,122.8,96.6,Pending Public Hearing,3,221,9.82
703057,[DEMO/SIMULATION],Kerala,10.9905,75.8711,140.1,70.3,In Progress,1,252,11.21
702851,[DEMO/SIMULATION],Andhra Pradesh,15.9329,79.3,46.4,80.5,Pending Public Hearing,3,83,3.71
702742,[DEMO/SIMULATION],Kerala,10.6905,75.8111,45.8,63.8,Critical Environmental Delay,2,82,3.66
702808,[DEMO/SIMULATION],Uttar Pradesh,26.0067,80.5062,116.8,96.7,Clearance Obtained,0,210,9.34
702734,[DEMO/SIMULATION],West Bengal,22.6668,87.395,55.7,78.9,Critical Environmental Delay,2,100,4.46
702810,[DEMO/SIMULATION],Bihar,24.2961,84.8731,150.3,85.6,Critical Environmental Delay,2,270,12.02
702854,[DEMO/SIMULATION],Karnataka,15.3973,75.2739,41.0,85.3,Critical Environmental Delay,2,73,3.28
702355,[DEMO/SIMULATION],Assam,26.3006,92.3976,146.5,15.0,Pending Public Hearing,1,263,11.72
701391,[DEMO/SIMULATION],Rajasthan,27.8438,73.4779,142.5,100.0,Pending Public Hearing,3,256,11.4
400116,[DEMO/SIMULATION],Bihar,24.4161,84.3331,220.3,100.0,Clearance Obtained,0,396,17.62
400115,[DEMO/SIMULATION],Andhra Pradesh,15.2129,78.76,147.6,100.0,Pending Public Hearing,3,265,11.81
617422,[DEMO/SIMULATION],Uttar Pradesh,26.2867,81.4262,310.6,100.0,Critical Environmental Delay,0,559,24.85
701370,[DEMO/SIMULATION],Rajasthan,27.4238,73.4779,128.4,34.8,Critical Environmental Delay,2,231,10.27
400095,[DEMO/SIMULATION],Bihar,25.9961,84.3131,126.6,72.4,Pending Public Hearing,3,227,10.13
701386,[DEMO/SIMULATION],Odisha,21.6717,84.3585,1185.4,100.0,Critical Environmental Delay,2,2133,94.83
400101,[DEMO/SIMULATION],Telangana,17.1324,78.0393,80.5,100.0,In Progress,1,144,6.44
400103,[DEMO/SIMULATION],West Bengal,22.0468,86.875,222.7,100.0,Pending Public Hearing,3,400,17.82
603945,[DEMO/SIMULATION],Gujarat,22.1587,70.9724,190.1,100.0,In Progress,1,342,15.21
701405,[DEMO/SIMULATION],Karnataka,14.4173,74.9939,1235.1,54.6,In Progress,1,2223,98.81
613787,[DEMO/SIMULATION],Delhi,29.4441,76.8425,494.6,53.7,Pending Public Hearing,1,890,39.57
400112,[DEMO/SIMULATION],Delhi,27.9441,76.1225,1115.5,100.0,Clearance Obtained,0,2007,89.24
701404,[DEMO/SIMULATION],Madhya Pradesh,22.0534,77.9369,152.3,100.0,Clearance Obtained,0,274,12.18
400111,[DEMO/SIMULATION],Kerala,10.0705,75.2911,100.0,100.0,Pending Public Hearing,3,180,8.0
701530,[DEMO/SIMULATION],Madhya Pradesh,22.5734,77.9569,3164.5,39.5,Critical Environmental Delay,0,5696,253.16
701399,[DEMO/SIMULATION],Delhi,29.6841,76.3625,176.3,79.4,Pending Public Hearing,3,317,14.1
701396,[DEMO/SIMULATION],Jammu & Kashmir,34.6982,75.8362,154.4,100.0,Clearance Obtained,0,277,12.35
701408,[DEMO/SIMULATION],Jharkhand,22.7702,84.5599,167.2,100.0,Clearance Obtained,0,300,13.38
701395,[DEMO/SIMULATION],Uttarakhand,30.9668,78.2793,148.0,64.5,Pending Public Hearing,1,266,11.84
701398,[DEMO/SIMULATION],Kerala,11.8105,75.5311,149.7,100.0,Critical Environmental Delay,2,269,11.98
701412,[DEMO/SIMULATION],Rajasthan,26.2638,73.4979,255.3,21.1,Clearance Obtained,0,459,20.42
400096,[DEMO/SIMULATION],Madhya Pradesh,23.8934,77.6569,113.2,48.3,Clearance Obtained,0,203,9.06
701415,[DEMO/SIMULATION],Punjab,30.4471,74.6212,1537.6,100.0,Pending Public Hearing,3,2767,123.01
400109,[DEMO/SIMULATION],Jammu & Kashmir,32.9582,75.5962,156.2,78.2,In Progress,1,281,12.5
701406,[DEMO/SIMULATION],Gujarat,21.3787,70.4724,216.3,100.0,Critical Environmental Delay,2,389,17.3
701410,[DEMO/SIMULATION],Rajasthan,26.2238,73.4979,226.2,100.0,Critical Environmental Delay,2,407,18.1
400100,[DEMO/SIMULATION],Jharkhand,22.6102,84.2999,72.9,100.0,Clearance Obtained,0,131,5.83
400097,[DEMO/SIMULATION],Karnataka,16.2573,74.7139,770.3,100.0,In Progress,1,1386,61.62
701372,[DEMO/SIMULATION],Tamil Nadu,11.5671,77.9169,3199.7,100.0,Clearance Obtained,0,5759,255.98
400093,[DEMO/SIMULATION],Uttar Pradesh,27.7067,79.9462,263.9,19.1,In Progress,1,475,21.11
701411,[DEMO/SIMULATION],West Bengal,22.2068,87.135,353.9,92.9,Pending Public Hearing,3,637,28.31
400102,[DEMO/SIMULATION],Assam,25.2406,91.9576,132.4,100.0,Critical Environmental Delay,2,238,10.59
701376,[DEMO/SIMULATION],Jharkhand,24.1302,84.5399,667.2,100.0,Clearance Obtained,0,1200,53.38
701402,[DEMO/SIMULATION],Odisha,19.9917,84.3785,460.4,100.0,Critical Environmental Delay,2,828,36.83
400107,[DEMO/SIMULATION],Punjab,30.2871,74.3612,388.2,100.0,Pending Public Hearing,3,698,31.06
701400,[DEMO/SIMULATION],Maharashtra,18.7515,74.9939,217.3,100.0,Clearance Obtained,0,391,17.38
701377,[DEMO/SIMULATION],Kerala,11.3905,75.5311,212.5,100.0,In Progress,1,382,17.0
400105,[DEMO/SIMULATION],Chhattisgarh,20.3787,80.8861,112.1,100.0,In Progress,1,201,8.97
701383,[DEMO/SIMULATION],Madhya Pradesh,23.6334,77.9169,261.9,100.0,Pending Public Hearing,3,471,20.95
