{"type": "FeatureCollection", "features": [{"type": "Feature", "properties": {"ID_0": 105, "ISO": "IND", "NAME_0": "India", "ID_1": 1, "NAME_1": "Andaman and Nicobar", "NL_NAME_1": "", "VARNAME_1": "Andaman & Nicobar Islands|Andaman et Nicobar|Iihas de Andama e Nicobar|Inseln Andamanen und Nikobare", "TYPE_1": "Union Territor", "ENGTYPE_1": "Union Territory", "filename": "", "filename_1": "", "filename_2": "", "filename_3": "", "filename_4": ""}, "geometry": {"type": "MultiPolygon", "coordinates": [[[[93.787727, 6.85264], [93.787727, 6.85264]]], [[[93.719582, 7.207501], [93.7117, 7.2153], [93.7067, 7.2258], [93.7161, 7.2194], [93.7197, 7.208], [93.719582, 7.207501]]], [[[93.848053, 7.24028], [93.8431, 7.2294], [93.8481, 7.2161], [93.8628, 7.2167], [93.8742, 7.2108], [93.8828, 7.2036], [93.8834, 7.1891], [93.8803, 7.1764], [93.8852, 7.1661], [93.8876, 7.1522], [93.8864, 7.1383], [93.8881, 7.1248], [93.8886, 7.1097], [93.8878, 7.0953], [93.8903, 7.0821], [93.9011, 7.0778], [93.9067, 7.0678], [93.9108, 7.0567], [93.9169, 7.0473], [93.9137, 7.0352], [93.9175, 7.0239], [93.9317, 7.0231], [93.9381, 7.0117], [93.9469, 7.005], [93.9442, 6.9926], [93.9355, 6.9992], [93.9296, 7.0101], [93.9167, 7.0053], [93.9211, 6.9911], [93.9294, 6.9839], [93.9316, 6.9711], [93.9381, 6.9622], [93.9451, 6.954], [93.9303, 6.9544], [93.9203, 6.9492], [93.9172, 6.9372], [93.9097, 6.9294], [93.9144, 6.9183], [93.9111, 6.9061], [93.8979, 6.9035], [93.8972, 6.8892], [93.9019, 6.8781], [93.8961, 6.8686], [93.8944, 6.8547], [93.8964, 6.8414], [93.9088, 6.8382], [93.9058, 6.8256], [93.9022, 6.8137], [93.8957, 6.8044], [93.8871, 6.7969], [93.8781, 6.8033], [93.8697, 6.8122], [93.8576, 6.8158], [93.8484, 6.808], [93.8483, 6.7931], [93.8468, 6.7788], [93.8391, 6.7703], [93.8364, 6.7578], [93.8233, 6.7554], [93.8115, 6.7597], [93.804, 6.7679], [93.811, 6.7767], [93.8086, 6.7897], [93.8086, 6.805], [93.8158, 6.8136], [93.7986, 6.8161], [93.7928, 6.8256], [93.7859, 6.8338], [93.7914, 6.8447], [93.7883, 6.8567], [93.7773, 6.861], [93.7739, 6.8733], [93.7797, 6.8828], [93.7739, 6.8931], [93.7678, 6.9022], [93.7644, 6.9164], [93.7564, 6.9092], [93.7471, 6.9153], [93.7419, 6.9267], [93.7514, 6.9322], [93.7503, 6.9464], [93.7467, 6.9578], [93.735, 6.9624], [93.7331, 6.9758], [93.7279, 6.986], [93.7187, 6.9932], [93.7067, 6.9897], [93.7047, 7.0031], [93.6983, 7.0122], [93.6881, 7.0175], [93.6767, 7.0131], [93.6716, 7.003], [93.6639, 7.0106], [93.6703, 7.02], [93.6727, 7.0334], [93.6653, 7.0419], [93.6676, 7.0551], [93.6633, 7.0669], [93.6681, 7.0781], [93.6606, 7.0858], [93.6574, 7.0977], [93.6664, 7.1042], [93.6744, 7.1117], [93.6592, 7.1118], [93.6558, 7.1247], [93.665, 7.1312], [93.6736, 7.1381], [93.6778, 7.1492], [93.6743, 7.1619], [93.6731, 7.1758], [93.6819, 7.1828], [93.6894, 7.1908], [93.7033, 7.1897], [93.7179, 7.1904], [93.7297, 7.1872], [93.7397, 7.1925], [93.7477, 7.2006], [93.7539, 7.2097], [93.765, 7.2139], [93.7731, 7.2069], [93.7826, 7.2126], [93.7952, 7.2099], [93.8025, 7.2014], [93.8078, 7.2112], [93.8085, 7.226], [93.8164, 7.2335], [93.8271, 7.2381], [93.8392, 7.2414], [93.848053, 7.24028]]], [[[93.848747, 7.289869], [93.848747, 7.289869]]], [[[93.663696, 7.384032], [93.663696, 7.384032]]], [[[93.768608, 7.402219], [93.768608, 7.402219]]], [[[93.689445, 7.409722], [93.6947, 7.4], [93.6833, 7.4039], [93.689445, 7.409722]]], [[[93.713058, 7.443611], [93.7192, 7.4319], [93.7214, 7.4175], [93.7214, 7.4022], [93.7289, 7.3944], [93.7392, 7.3864], [93.7497, 7.3806], [93.7565, 7.3715], [93.7539, 7.3586], [93.7467, 7.3506], [93.7397, 7.3425], [93.7358, 7.3308], [93.7292, 7.3211], [93.725, 7.31], [93.7133, 7.3053], [93.7047, 7.2986], [93.6956, 7.2925], [93.685, 7.2881], [93.6772, 7.2808], [93.6717, 7.2692], [93.6672, 7.2561], [93.6578, 7.2492], [93.649, 7.2429], [93.6406, 7.2497], [93.635, 7.2614], [93.6342, 7.2764], [93.6331, 7.2903], [93.6291, 7.3015], [93.6211, 7.3094], [93.6303, 7.3158], [93.6364, 7.325], [93.6325, 7.3364], [93.6319, 7.3514], [93.6319, 7.3669], [93.6411, 7.3736], [93.6553, 7.3728], [93.6631, 7.3808], [93.6717, 7.3736], [93.6811, 7.3794], [93.6875, 7.3881], [93.6981, 7.3936], [93.7133, 7.3925], [93.705, 7.4006], [93.7072, 7.4139], [93.7064, 7.4283], [93.7047, 7.4431], [93.713058, 7.443611]]], [[[93.647781, 7.476669], [93.647781, 7.476669]]], [[[93.634453, 7.477782], [93.634453, 7.477782]]], [[[93.543602, 7.525001], [93.5502, 7.5161], [93.5403, 7.5214], [93.543602, 7.525001]]], [[[93.34156, 7.90646], [93.34156, 7.90646]]], [[[93.33963, 7.91115], [93.33963, 7.91115]]], [[[93.379997, 8.024722], [93.39, 8.0197], [93.4006, 8.015], [93.4092, 8.0075], [93.4036, 7.9981], [93.4047, 7.9842], [93.4061, 7.9706], [93.4142, 7.96], [93.4281, 7.9661], [93.435, 7.9578], [93.4442, 7.95], [93.4533, 7.9419], [93.4625, 7.9344], [93.4664, 7.9225], [93.4683, 7.9092], [93.4725, 7.8983], [93.4708, 7.8836], [93.4639, 7.8739], [93.4522, 7.8772], [93.4483, 7.8883], [93.4414, 7.8989], [93.4314, 7.9039], [93.4186, 7.9069], [93.4081, 7.9019], [93.3953, 7.8994], [93.3886, 7.8892], [93.3803, 7.8825], [93.3694, 7.8867], [93.3564, 7.8889], [93.3489, 7.8969], [93.3469, 7.91], [93.3478, 7.9256], [93.3525, 7.9361], [93.3372, 7.9361], [93.3328, 7.9253], [93.3214, 7.9292], [93.3186, 7.9417], [93.3119, 7.9506], [93.3139, 7.9649], [93.3211, 7.9728], [93.3231, 7.9897], [93.3264, 8.0017], [93.3334, 8.0098], [93.3456, 8.0139], [93.3547, 8.0078], [93.3647, 8.0133], [93.3714, 8.0222], [93.379997, 8.024722]]], [[[93.547287, 8.028052], [93.5594, 8.0247], [93.5669, 8.0172], [93.5725, 8.0078], [93.5781, 7.9981], [93.5819, 7.9867], [93.5831, 7.9714], [93.5814, 7.9575], [93.5806, 7.9428], [93.5767, 7.9317], [93.5656, 7.9358], [93.5572, 7.9444], [93.5481, 7.9511], [93.5381, 7.9583], [93.5303, 7.9658], [93.5203, 7.9717], [93.5133, 7.9803], [93.5078, 7.99], [93.52, 7.9944], [93.5269, 8.0025], [93.5303, 8.0156], [93.5422, 8.0125], [93.5478, 8.0017], [93.5479, 8.0167], [93.547287, 8.028052]]], [[[93.578613, 8.125279], [93.5849, 8.1163], [93.5892, 8.105], [93.5908, 8.0914], [93.5925, 8.0778], [93.5933, 8.0633], [93.5989, 8.0539], [93.5972, 8.0406], [93.5869, 8.0458], [93.5811, 8.0551], [93.5733, 8.0625], [93.5769, 8.0739], [93.5744, 8.0872], [93.5706, 8.0986], [93.5751, 8.1093], [93.5642, 8.1144], [93.5708, 8.1231], [93.578613, 8.125279]]], [[[93.526489, 8.231271], [93.5392, 8.2283], [93.5456, 8.2194], [93.5461, 8.2044], [93.5417, 8.1922], [93.5361, 8.1825], [93.5275, 8.1733], [93.5339, 8.1822], [93.5242, 8.1758], [93.515, 8.1699], [93.5119, 8.1578], [93.5056, 8.1485], [93.5111, 8.1389], [93.5181, 8.1303], [93.5242, 8.1211], [93.5289, 8.1106], [93.5342, 8.0969], [93.5432, 8.0907], [93.55, 8.0822], [93.5522, 8.0692], [93.5494, 8.0567], [93.5497, 8.0408], [93.5369, 8.0436], [93.5278, 8.0372], [93.5146, 8.0341], [93.5063, 8.027], [93.5119, 8.0169], [93.5072, 8.0064], [93.5008, 7.9972], [93.4905, 8.0036], [93.4864, 8.0147], [93.4856, 8.0294], [93.4853, 8.0444], [93.4975, 8.0414], [93.5075, 8.0467], [93.5092, 8.0606], [93.5139, 8.05], [93.5256, 8.0536], [93.5294, 8.065], [93.5272, 8.0783], [93.5167, 8.0833], [93.5103, 8.0739], [93.5008, 8.0667], [93.4939, 8.0583], [93.4861, 8.0508], [93.4844, 8.0642], [93.4831, 8.0783], [93.4886, 8.0889], [93.4763, 8.0929], [93.4697, 8.1014], [93.4639, 8.1147], [93.4592, 8.125], [93.4622, 8.1375], [93.4556, 8.1483], [93.455, 8.1628], [93.4567, 8.1767], [93.4692, 8.1811], [93.4782, 8.1873], [93.4853, 8.1956], [93.4914, 8.2053], [93.4922, 8.2197], [93.5024, 8.2253], [93.5144, 8.2288], [93.526489, 8.231271]]], [[[93.235283, 8.26556], [93.2411, 8.2564], [93.2467, 8.2467], [93.2511, 8.2353], [93.2475, 8.2239], [93.2342, 8.2261], [93.2261, 8.2353], [93.2201, 8.2451], [93.2226, 8.2577], [93.232, 8.2635], [93.235283, 8.26556]]], [[[93.126274, 8.355864], [93.1358, 8.3489], [93.1431, 8.3411], [93.1406, 8.3286], [93.135, 8.3192], [93.133, 8.3059], [93.1308, 8.2931], [93.1264, 8.2819], [93.1297, 8.27], [93.1367, 8.2606], [93.1443, 8.2531], [93.1522, 8.2453], [93.1619, 8.2397], [93.1722, 8.2346], [93.1817, 8.2289], [93.1935, 8.2252], [93.2017, 8.2181], [93.2042, 8.2056], [93.1994, 8.1939], [93.1847, 8.1947], [93.1751, 8.2005], [93.1609, 8.2022], [93.1527, 8.2092], [93.1417, 8.2133], [93.1319, 8.2194], [93.1197, 8.2236], [93.1139, 8.2329], [93.1051, 8.2401], [93.1, 8.2501], [93.0937, 8.2607], [93.0872, 8.2694], [93.0839, 8.2819], [93.0841, 8.2972], [93.0871, 8.3115], [93.0922, 8.3214], [93.0939, 8.3358], [93.1011, 8.3439], [93.1136, 8.3481], [93.1233, 8.3537], [93.126274, 8.355864]]], [[[93.652496, 8.394445], [93.652496, 8.394445]]], [[[93.634918, 8.394644], [93.634918, 8.394644]]], [[[93.043892, 8.473333], [93.0521, 8.4658], [93.0575, 8.4558], [93.0608, 8.4431], [93.0503, 8.4386], [93.0397, 8.4431], [93.0347, 8.4556], [93.0389, 8.4667], [93.043892, 8.473333]]], [[[93.611877, 8.484542], [93.611877, 8.484542]]], [[[93.615997, 8.573626], [93.6206, 8.5622], [93.6198, 8.5474], [93.6222, 8.5347], [93.6292, 8.5264], [93.6346, 8.5166], [93.6349, 8.501], [93.6378, 8.4874], [93.6409, 8.4755], [93.6311, 8.47], [93.6253, 8.4606], [93.6231, 8.4478], [93.6278, 8.4369], [93.6247, 8.4242], [93.6174, 8.4333], [93.6199, 8.4465], [93.6228, 8.4611], [93.6197, 8.4731], [93.625, 8.4831], [93.6243, 8.4975], [93.6246, 8.5122], [93.6221, 8.525], [93.617, 8.5351], [93.6101, 8.5443], [93.612, 8.5585], [93.613, 8.5727], [93.615997, 8.573626]]], [[[93.609444, 8.581667], [93.609444, 8.581667]]], [[[92.859169, 8.820131], [92.8528, 8.8306], [92.863, 8.8251], [92.859169, 8.820131]]], [[[92.793327, 9.118891], [92.793327, 9.118891]]], [[[92.804169, 9.120833], [92.804169, 9.120833]]], [[[92.814163, 9.126944], [92.814163, 9.126944]]], [[[92.787781, 9.244166], [92.7961, 9.2367], [92.8033, 9.2289], [92.8125, 9.2214], [92.8194, 9.2122], [92.8233, 9.2002], [92.8544, 9.2092], [92.8255, 9.1921], [92.8271, 9.1779], [92.8317, 9.1665], [92.829, 9.154], [92.8302, 9.1399], [92.8185, 9.1354], [92.812, 9.1264], [92.8026, 9.1206], [92.7887, 9.119], [92.7762, 9.1222], [92.7622, 9.1236], [92.7485, 9.1256], [92.7353, 9.1233], [92.7266, 9.1302], [92.7226, 9.1413], [92.7185, 9.1526], [92.7195, 9.1671], [92.7211, 9.1828], [92.7214, 9.1983], [92.7206, 9.2125], [92.7294, 9.2197], [92.7419, 9.2167], [92.7561, 9.2153], [92.7692, 9.2175], [92.7736, 9.2286], [92.7775, 9.2402], [92.775, 9.2539], [92.7844, 9.2476], [92.787781, 9.244166]]], [[[92.515831, 10.897641], [92.5264, 10.8914], [92.53, 10.8792], [92.5308, 10.865], [92.5317, 10.8797], [92.5433, 10.8761], [92.5528, 10.8692], [92.5594, 10.8608], [92.5565, 10.8453], [92.5606, 10.8342], [92.5611, 10.8192], [92.5644, 10.8075], [92.5733, 10.8014], [92.5794, 10.7924], [92.5878, 10.7856], [92.5867, 10.7706], [92.5833, 10.7589], [92.5828, 10.7425], [92.5881, 10.7325], [92.5897, 10.7189], [92.5955, 10.7084], [92.5974, 10.6952], [92.5973, 10.6802], [92.5836, 10.6786], [92.5759, 10.6708], [92.5789, 10.6582], [92.5692, 10.6517], [92.5594, 10.6442], [92.5511, 10.6358], [92.5453, 10.6263], [92.5408, 10.6147], [92.5414, 10.6], [92.5485, 10.5917], [92.56, 10.5881], [92.5692, 10.5814], [92.5639, 10.5706], [92.5576, 10.5614], [92.5486, 10.5547], [92.5442, 10.5434], [92.5374, 10.5343], [92.5339, 10.5225], [92.5245, 10.5163], [92.5131, 10.5117], [92.4981, 10.5119], [92.4867, 10.5164], [92.4769, 10.5222], [92.4681, 10.5291], [92.4608, 10.5369], [92.4525, 10.5436], [92.4397, 10.546], [92.4278, 10.5491], [92.4169, 10.5447], [92.4083, 10.5347], [92.395, 10.5311], [92.3833, 10.5347], [92.3894, 10.5483], [92.3933, 10.5601], [92.3994, 10.5692], [92.4061, 10.5778], [92.41, 10.5892], [92.4128, 10.6017], [92.4183, 10.6112], [92.4176, 10.6258], [92.4134, 10.637], [92.4089, 10.6475], [92.4022, 10.6572], [92.395, 10.6664], [92.3806, 10.6672], [92.3822, 10.6817], [92.3799, 10.6947], [92.3803, 10.7103], [92.3818, 10.7241], [92.3785, 10.7361], [92.3781, 10.7508], [92.3811, 10.7633], [92.3761, 10.7733], [92.3808, 10.7875], [92.3906, 10.7817], [92.3933, 10.7692], [92.3972, 10.7804], [92.4081, 10.785], [92.4161, 10.7925], [92.4216, 10.802], [92.4261, 10.8128], [92.4328, 10.8218], [92.4414, 10.8294], [92.4481, 10.8378], [92.4586, 10.8425], [92.4572, 10.8581], [92.4656, 10.8656], [92.4757, 10.8709], [92.4861, 10.8797], [92.4925, 10.8892], [92.5051, 10.8864], [92.5115, 10.8775], [92.5068, 10.8894], [92.514, 10.8974], [92.515831, 10.897641]]], [[[92.608887, 10.93861], [92.619, 10.9328], [92.6061, 10.9356], [92.608887, 10.93861]]], [[[92.226738, 10.98229], [92.2208, 10.9725], [92.226, 10.9824], [92.226738, 10.98229]]], [[[92.663353, 10.9818], [92.663353, 10.9818]]], [[[92.725662, 11.144218], [92.725662, 11.144218]]], [[[92.731941, 11.149731], [92.731941, 11.149731]]], [[[92.676941, 11.183611], [92.676941, 11.183611]]], [[[92.705978, 11.289166], [92.7064, 11.2744], [92.7039, 11.2611], [92.6947, 11.2522], [92.6895, 11.2422], [92.6922, 11.2547], [92.695, 11.2678], [92.6925, 11.2808], [92.7017, 11.2883], [92.705978, 11.289166]]], [[[92.700546, 11.31139], [92.7111, 11.3067], [92.6975, 11.3092], [92.700546, 11.31139]]], [[[92.723053, 11.316388], [92.7147, 11.3081], [92.7161, 11.3225], [92.7211, 11.3328], [92.7234, 11.32], [92.723053, 11.316388]]], [[[92.548332, 11.393029], [92.548332, 11.393029]]], [[[92.557579, 11.390937], [92.557579, 11.390937]]], [[[92.673462, 11.48752], [92.673462, 11.48752]]], [[[92.610489, 11.50405], [92.610489, 11.50405]]], [[[92.644447, 11.51303], [92.644447, 11.51303]]], [[[92.641457, 11.51014], [92.6466, 11.5002], [92.6561, 11.4942], [92.6682, 11.4904], [92.6713, 11.4783], [92.677, 11.4688], [92.6797, 11.4564], [92.6834, 11.4448], [92.6814, 11.4316], [92.6717, 11.4259], [92.6678, 11.4144], [92.6565, 11.4105], [92.6633, 11.402], [92.6754, 11.399], [92.6823, 11.3906], [92.6939, 11.387], [92.6913, 11.374], [92.6838, 11.3664], [92.6721, 11.3629], [92.6649, 11.3551], [92.6518, 11.357], [92.6423, 11.3513], [92.6289, 11.3494], [92.6134, 11.3484], [92.5998, 11.3467], [92.5905, 11.3524], [92.5847, 11.3616], [92.5881, 11.3737], [92.5918, 11.385], [92.5887, 11.3971], [92.6003, 11.4009], [92.6152, 11.4007], [92.6239, 11.4073], [92.625, 11.4216], [92.6198, 11.4315], [92.6191, 11.4459], [92.6131, 11.4552], [92.6134, 11.4704], [92.6159, 11.4834], [92.6203, 11.4944], [92.6266, 11.5033], [92.6318, 11.5135], [92.641457, 11.51014]]], [[[92.271797, 11.515991], [92.271797, 11.515991]]], [[[92.604652, 11.534582], [92.604652, 11.534582]]], [[[92.560356, 11.537991], [92.5668, 11.5286], [92.563, 11.5167], [92.5564, 11.5254], [92.5517, 11.536], [92.560356, 11.537991]]], [[[92.627975, 11.542162], [92.627975, 11.542162]]], [[[92.610001, 11.558889], [92.6203, 11.5542], [92.6185, 11.5407], [92.6108, 11.5321], [92.606, 11.5424], [92.6016, 11.5535], [92.6071, 11.5632], [92.610001, 11.558889]]], [[[92.574516, 11.562572], [92.574516, 11.562572]]], [[[92.567513, 11.570818], [92.567513, 11.570818]]], [[[92.597183, 11.54167], [92.5894, 11.5341], [92.5858, 11.5456], [92.5881, 11.559], [92.5891, 11.5734], [92.5958, 11.5651], [92.5971, 11.5509], [92.597183, 11.54167]]], [[[92.578262, 11.581805], [92.578262, 11.581805]]], [[[92.611023, 11.58826], [92.6178, 11.5796], [92.6167, 11.5654], [92.6061, 11.5703], [92.6011, 11.5808], [92.609, 11.5881], [92.611023, 11.58826]]], [[[92.218933, 11.592323], [92.2293, 11.5875], [92.2402, 11.5918], [92.2542, 11.5903], [92.2663, 11.5873], [92.2708, 11.5764], [92.2691, 11.5631], [92.2702, 11.5487], [92.2745, 11.5374], [92.2708, 11.526], [92.2628, 11.519], [92.2533, 11.5247], [92.239, 11.5256], [92.2266, 11.5286], [92.2148, 11.5318], [92.2108, 11.5429], [92.2083, 11.5557], [92.2125, 11.5666], [92.2113, 11.5805], [92.2165, 11.5908], [92.218933, 11.592323]]], [[[92.539757, 11.60332], [92.5452, 11.5936], [92.5583, 11.5917], [92.5622, 11.58], [92.5578, 11.5691], [92.5504, 11.561], [92.5364, 11.5596], [92.5326, 11.571], [92.5349, 11.5839], [92.5327, 11.5969], [92.539757, 11.60332]]], [[[92.69957, 11.664451], [92.69957, 11.664451]]], [[[92.762253, 11.6697], [92.7664, 11.6806], [92.762253, 11.6697]]], [[[92.724983, 11.689121], [92.724983, 11.689121]]], [[[92.550919, 11.72124], [92.550919, 11.72124]]], [[[93.082977, 11.77968], [93.082977, 11.77968]]], [[[93.020836, 11.843331], [93.0311, 11.8378], [93.0436, 11.8409], [93.0556, 11.844], [93.0684, 11.8417], [93.0675, 11.8276], [93.0621, 11.8174], [93.0517, 11.8125], [93.0411, 11.8169], [93.0315, 11.8227], [93.0217, 11.8286], [93.0137, 11.8361], [93.020836, 11.843331]]], [[[92.596947, 11.90529], [92.6, 11.9178], [92.5969, 11.9056], [92.596947, 11.90529]]], [[[92.565659, 11.949772], [92.565659, 11.949772]]], [[[92.732437, 11.954223], [92.7289, 11.9426], [92.7231, 11.9522], [92.7319, 11.9588], [92.732437, 11.954223]]], [[[92.74308, 11.964511], [92.74308, 11.964511]]], [[[92.750137, 11.96834], [92.7631, 11.9663], [92.7667, 11.9548], [92.7573, 11.9492], [92.7463, 11.9448], [92.7369, 11.951], [92.7416, 11.9617], [92.750137, 11.96834]]], [[[92.596107, 11.976109], [92.6028, 11.9672], [92.6053, 11.9544], [92.6094, 11.9428], [92.6022, 11.9347], [92.5969, 11.9453], [92.5964, 11.9608], [92.5914, 11.9711], [92.596107, 11.976109]]], [[[92.582756, 11.975982], [92.582756, 11.975982]]], [[[92.776047, 12.01771], [92.776047, 12.01771]]], [[[92.969536, 12.03368], [92.9775, 12.0422], [92.9884, 12.0375], [92.999, 12.0329], [93.0061, 12.0247], [93.0101, 12.0131], [93.0072, 12.0003], [93.0122, 11.9901], [93.0169, 11.9795], [93.0225, 11.9697], [93.0264, 11.9581], [93.0318, 11.9485], [93.0397, 11.9408], [93.0443, 11.9303], [93.0476, 11.9185], [93.0508, 11.9066], [93.0522, 11.8928], [93.046, 11.884], [93.0311, 11.8844], [93.0239, 11.8923], [93.0201, 11.9042], [93.0145, 11.9138], [93.0086, 11.9231], [93.0022, 11.9318], [92.9947, 11.94], [93.0019, 11.948], [92.9898, 11.9509], [92.9785, 11.9472], [92.97, 11.9541], [92.966, 11.9656], [92.9616, 11.9763], [92.9537, 11.9837], [92.9406, 11.986], [92.9309, 11.9919], [92.9318, 12.006], [92.9447, 12.0086], [92.9519, 12.0166], [92.9584, 12.0256], [92.9628, 12.0364], [92.965, 12.0497], [92.9677, 12.0371], [92.969536, 12.03368]]], [[[92.969826, 12.064007], [92.969826, 12.064007]]], [[[92.991364, 12.108928], [93.0027, 12.105], [93.0019, 12.0894], [93.0016, 12.0744], [93.0008, 12.06], [92.9988, 12.0467], [92.985, 12.0494], [92.9774, 12.0575], [92.9711, 12.0669], [92.9618, 12.0728], [92.9649, 12.085], [92.9617, 12.0971], [92.9653, 12.1087], [92.974, 12.1023], [92.9834, 12.1083], [92.991364, 12.108928]]], [[[92.993881, 12.10994], [92.993881, 12.10994]]], [[[92.742851, 12.115], [92.742851, 12.115]]], [[[92.948631, 12.115841], [92.9552, 12.1067], [92.9528, 12.0922], [92.9494, 12.1038], [92.948631, 12.115841]]], [[[92.628845, 12.112456], [92.628845, 12.112456]]], [[[92.630623, 12.11791], [92.630623, 12.11791]]], [[[93.097931, 12.137192], [93.097931, 12.137192]]], [[[93.120529, 12.14835], [93.1188, 12.1348], [93.1097, 12.1411], [93.1188, 12.148], [93.120529, 12.14835]]], [[[92.845848, 12.147562], [92.845848, 12.147562]]], [[[93.027779, 12.156941], [93.0269, 12.1421], [93.0314, 12.1311], [93.032, 12.1164], [93.0347, 12.1036], [93.0394, 12.0931], [93.0464, 12.0842], [93.0536, 12.0761], [93.0533, 12.0606], [93.0482, 12.0489], [93.0372, 12.0533], [93.0292, 12.0658], [93.02, 12.0719], [93.0078, 12.0748], [93.0072, 12.0897], [93.0083, 12.1036], [93.0004, 12.1113], [92.9869, 12.1131], [92.9758, 12.1172], [92.9643, 12.1209], [92.9596, 12.1316], [92.9557, 12.1429], [92.9633, 12.1508], [92.9759, 12.148], [92.9884, 12.1448], [92.9936, 12.1349], [92.9989, 12.1239], [93.0039, 12.1133], [93.0028, 12.1293], [93.0055, 12.1419], [93.0112, 12.1515], [93.0208, 12.1572], [93.0271, 12.1663], [93.027779, 12.156941]]], [[[92.758957, 12.181311], [92.758957, 12.181311]]], [[[92.720291, 12.180438], [92.720291, 12.180438]]], [[[92.731377, 12.187581], [92.731377, 12.187581]]], [[[93.068604, 12.211334], [93.0777, 12.205], [93.0835, 12.1957], [93.0875, 12.1847], [93.0897, 12.1719], [93.0855, 12.1608], [93.0911, 12.1513], [93.0936, 12.1386], [93.0882, 12.1288], [93.0923, 12.1178], [93.0914, 12.1025], [93.0855, 12.0931], [93.0786, 12.0847], [93.0686, 12.0903], [93.0631, 12.1006], [93.055, 12.1078], [93.0544, 12.1224], [93.0452, 12.1283], [93.0378, 12.1361], [93.0405, 12.1489], [93.0442, 12.1605], [93.0489, 12.1713], [93.0533, 12.1822], [93.0575, 12.1931], [93.0633, 12.2025], [93.068604, 12.211334]]], [[[92.683029, 12.214901], [92.683029, 12.214901]]], [[[93.01989, 12.22516], [93.01989, 12.22516]]], [[[92.93898, 12.223861], [92.9355, 12.2119], [92.9346, 12.1978], [92.9275, 12.2059], [92.9272, 12.2211], [92.93898, 12.223861]]], [[[92.700867, 12.235609], [92.7063, 12.2259], [92.7097, 12.214], [92.7085, 12.2002], [92.708, 12.1854], [92.7047, 12.1732], [92.7124, 12.1659], [92.7178, 12.1759], [92.7286, 12.1806], [92.7436, 12.1803], [92.7561, 12.1778], [92.7577, 12.1641], [92.7548, 12.1516], [92.7505, 12.1407], [92.7456, 12.1301], [92.7423, 12.1178], [92.7366, 12.1081], [92.7353, 12.0943], [92.7371, 12.0809], [92.7353, 12.0661], [92.7424, 12.0744], [92.7533, 12.07], [92.752, 12.0563], [92.7621, 12.0512], [92.7729, 12.0468], [92.7761, 12.0346], [92.7701, 12.0248], [92.7567, 12.0264], [92.7487, 12.0338], [92.7404, 12.0409], [92.7405, 12.0258], [92.7473, 12.0168], [92.7502, 12.0046], [92.7608, 12.0091], [92.7681, 12.0006], [92.7569, 11.9967], [92.744, 11.9938], [92.755, 11.9897], [92.7511, 11.9785], [92.7372, 11.9772], [92.7372, 11.9923], [92.7283, 11.9862], [92.7238, 11.9755], [92.733, 11.9693], [92.7242, 11.9631], [92.7178, 11.954], [92.7185, 11.9396], [92.7246, 11.9306], [92.7248, 11.9155], [92.7223, 11.903], [92.7259, 11.891], [92.7236, 11.8782], [92.7267, 11.8663], [92.7248, 11.8528], [92.7205, 11.8415], [92.7159, 11.8306], [92.7109, 11.8202], [92.7017, 11.8142], [92.6888, 11.8163], [92.7002, 11.8123], [92.7116, 11.8163], [92.7183, 11.8248], [92.7223, 11.8364], [92.7269, 11.8468], [92.7318, 11.8571], [92.7314, 11.8718], [92.7317, 11.8869], [92.7325, 11.9014], [92.7361, 11.9131], [92.7421, 11.9222], [92.7471, 11.9322], [92.7588, 11.9357], [92.7704, 11.9398], [92.782, 11.9361], [92.7871, 11.926], [92.7854, 11.9121], [92.7835, 11.8986], [92.7857, 11.8853], [92.7864, 11.8709], [92.7836, 11.8582], [92.7801, 11.8462], [92.7766, 11.8343], [92.7759, 11.8197], [92.773, 11.8074], [92.7703, 11.7948], [92.7687, 11.7813], [92.7662, 11.7687], [92.7657, 11.7539], [92.761, 11.7435], [92.7591, 11.7302], [92.7558, 11.7184], [92.7558, 11.7032], [92.7472, 11.7103], [92.744, 11.698], [92.7297, 11.6972], [92.7201, 11.7027], [92.7123, 11.695], [92.7064, 11.7045], [92.7022, 11.6936], [92.7017, 11.6787], [92.7082, 11.6701], [92.6972, 11.6661], [92.6856, 11.6622], [92.6814, 11.6514], [92.6689, 11.6539], [92.6683, 11.6394], [92.6738, 11.6298], [92.6815, 11.6375], [92.6903, 11.6312], [92.6974, 11.6393], [92.6948, 11.6519], [92.7064, 11.6478], [92.7165, 11.6529], [92.7277, 11.657], [92.7191, 11.6637], [92.7159, 11.6756], [92.7212, 11.6859], [92.7303, 11.6798], [92.742, 11.6762], [92.7488, 11.6677], [92.7545, 11.6583], [92.753, 11.6444], [92.7517, 11.6305], [92.7547, 11.6183], [92.7506, 11.6071], [92.7442, 11.598], [92.7436, 11.5833], [92.7393, 11.5719], [92.7331, 11.5629], [92.7336, 11.5481], [92.7282, 11.5383], [92.7236, 11.5277], [92.728, 11.5169], [92.7215, 11.5081], [92.7165, 11.4978], [92.7122, 11.487], [92.7046, 11.4946], [92.7002, 11.5056], [92.6875, 11.5084], [92.6744, 11.5061], [92.6622, 11.5091], [92.6535, 11.5155], [92.6462, 11.5236], [92.6449, 11.5374], [92.65, 11.5477], [92.6439, 11.5567], [92.6463, 11.5702], [92.6376, 11.5768], [92.6281, 11.5711], [92.6214, 11.5624], [92.6203, 11.5766], [92.6151, 11.587], [92.6074, 11.5948], [92.6058, 11.6082], [92.609, 11.621], [92.6221, 11.6185], [92.6346, 11.6158], [92.6426, 11.6229], [92.6444, 11.6363], [92.6378, 11.6447], [92.6323, 11.635], [92.6194, 11.6327], [92.6081, 11.6365], [92.6034, 11.6474], [92.5986, 11.6582], [92.5922, 11.6669], [92.5978, 11.677], [92.5996, 11.6905], [92.5947, 11.7008], [92.5917, 11.7133], [92.5794, 11.7165], [92.5738, 11.707], [92.5688, 11.6965], [92.5591, 11.7022], [92.5551, 11.7135], [92.5526, 11.7262], [92.5541, 11.7403], [92.5528, 11.7546], [92.5561, 11.7668], [92.5546, 11.7805], [92.5535, 11.7946], [92.5507, 11.8075], [92.5467, 11.8185], [92.5464, 11.8337], [92.5321, 11.8329], [92.5239, 11.8261], [92.5177, 11.8352], [92.5139, 11.8469], [92.5186, 11.8573], [92.5221, 11.8689], [92.5259, 11.8805], [92.5264, 11.895], [92.5361, 11.9005], [92.5375, 11.9149], [92.5441, 11.9239], [92.5553, 11.9278], [92.5597, 11.9389], [92.5694, 11.9336], [92.5781, 11.9272], [92.5816, 11.9156], [92.5839, 11.9027], [92.5857, 11.8893], [92.5932, 11.8977], [92.6012, 11.8902], [92.6019, 11.8754], [92.6025, 11.8608], [92.6084, 11.8703], [92.6106, 11.8833], [92.6103, 11.8983], [92.6115, 11.9124], [92.6062, 11.9222], [92.61, 11.9338], [92.6084, 11.9478], [92.6123, 11.9593], [92.6122, 11.9743], [92.6131, 11.9885], [92.6132, 12.0036], [92.6157, 12.0161], [92.6219, 12.0269], [92.6198, 12.04], [92.6214, 12.0542], [92.62, 12.0679], [92.6217, 12.0825], [92.6231, 12.0967], [92.6265, 12.1084], [92.6328, 12.1173], [92.6337, 12.1317], [92.6374, 12.1431], [92.6409, 12.1549], [92.6436, 12.1676], [92.6465, 12.1801], [92.652, 12.19], [92.6562, 12.201], [92.6606, 12.212], [92.659, 12.1982], [92.6552, 12.187], [92.6622, 12.1951], [92.668, 12.2044], [92.6732, 12.2145], [92.678, 12.2039], [92.6832, 12.2137], [92.6861, 12.2259], [92.6914, 12.2357], [92.700867, 12.235609]]], [[[92.730614, 12.242454], [92.7304, 12.2255], [92.7329, 12.2124], [92.7379, 12.2224], [92.7431, 12.2122], [92.7404, 12.2252], [92.7523, 12.2288], [92.7626, 12.2241], [92.7628, 12.2089], [92.7682, 12.1988], [92.7662, 12.185], [92.7537, 12.1825], [92.7392, 12.1844], [92.7318, 12.1922], [92.7226, 12.1986], [92.7229, 12.2138], [92.7223, 12.2283], [92.7256, 12.2402], [92.730614, 12.242454]]], [[[92.880547, 12.25], [92.880547, 12.25]]], [[[92.866463, 12.235621], [92.8619, 12.2465], [92.8669, 12.2364], [92.866463, 12.235621]]], [[[92.698906, 12.244838], [92.698906, 12.244838]]], [[[92.901672, 12.25585], [92.9074, 12.2465], [92.9122, 12.2359], [92.9036, 12.229], [92.8931, 12.2339], [92.8847, 12.2271], [92.8819, 12.2148], [92.8745, 12.2227], [92.8708, 12.2342], [92.8728, 12.2478], [92.88, 12.2397], [92.8859, 12.2495], [92.8952, 12.2558], [92.901672, 12.25585]]], [[[93.077774, 12.261945], [93.0847, 12.2536], [93.085, 12.2386], [93.0958, 12.2433], [93.0992, 12.2553], [93.1064, 12.2442], [93.1017, 12.2339], [93.1036, 12.2206], [93.1025, 12.2064], [93.0925, 12.2122], [93.0886, 12.2242], [93.0746, 12.2255], [93.0633, 12.2297], [93.0664, 12.2417], [93.0709, 12.2523], [93.0775, 12.2617], [93.077774, 12.261945]]], [[[92.901436, 12.262152], [92.901436, 12.262152]]], [[[92.73761, 12.271333], [92.73761, 12.271333]]], [[[93.029663, 12.280171], [93.029663, 12.280171]]], [[[92.750084, 12.287695], [92.747, 12.2757], [92.7443, 12.2613], [92.7376, 12.2527], [92.739, 12.2677], [92.7398, 12.2822], [92.7489, 12.2885], [92.750084, 12.287695]]], [[[92.737061, 12.285181], [92.737061, 12.285181]]], [[[92.766739, 12.270321], [92.755, 12.2743], [92.7582, 12.2865], [92.7675, 12.2806], [92.766739, 12.270321]]], [[[92.754448, 12.294723], [92.754448, 12.294723]]], [[[92.771187, 12.294924], [92.771187, 12.294924]]], [[[92.878059, 12.29365], [92.878059, 12.29365]]], [[[92.711418, 12.29607], [92.7235, 12.2929], [92.7207, 12.2806], [92.7175, 12.2685], [92.7156, 12.2551], [92.7122, 12.2432], [92.7045, 12.251], [92.7018, 12.2637], [92.7028, 12.2777], [92.7038, 12.2923], [92.711418, 12.29607]]], [[[92.765907, 12.29907], [92.765907, 12.29907]]], [[[92.941399, 12.280802], [92.9377, 12.2694], [92.9316, 12.2604], [92.9276, 12.2494], [92.9267, 12.2352], [92.9185, 12.244], [92.9221, 12.2558], [92.9164, 12.2652], [92.9095, 12.2739], [92.9019, 12.2813], [92.9066, 12.2917], [92.919, 12.2889], [92.9257, 12.2806], [92.9291, 12.2926], [92.9307, 12.3064], [92.9357, 12.2963], [92.938, 12.2831], [92.941399, 12.280802]]], [[[92.776573, 12.310281], [92.7898, 12.3082], [92.8026, 12.3109], [92.817, 12.31], [92.8259, 12.3033], [92.8408, 12.3038], [92.855, 12.3046], [92.8672, 12.3011], [92.8731, 12.2908], [92.8856, 12.2875], [92.8797, 12.2778], [92.8825, 12.2652], [92.8796, 12.2528], [92.8657, 12.2515], [92.8614, 12.2403], [92.8678, 12.2315], [92.8731, 12.2214], [92.8736, 12.2068], [92.8817, 12.1999], [92.8701, 12.1964], [92.8597, 12.2014], [92.8466, 12.1977], [92.8546, 12.1905], [92.8514, 12.1782], [92.8498, 12.1643], [92.837, 12.1666], [92.8226, 12.1655], [92.8261, 12.1538], [92.819, 12.1458], [92.8149, 12.1346], [92.8025, 12.1314], [92.8097, 12.1208], [92.8128, 12.1075], [92.7986, 12.1086], [92.7889, 12.1028], [92.7944, 12.0928], [92.79, 12.0819], [92.7801, 12.0767], [92.7722, 12.0689], [92.7587, 12.0712], [92.7469, 12.0749], [92.7395, 12.083], [92.7394, 12.0984], [92.7437, 12.1097], [92.7471, 12.1216], [92.7508, 12.1335], [92.7543, 12.1453], [92.7588, 12.156], [92.7617, 12.1683], [92.7651, 12.1801], [92.7669, 12.1935], [92.7656, 12.2074], [92.767, 12.2214], [92.7694, 12.2344], [92.7554, 12.2333], [92.7486, 12.242], [92.7453, 12.2537], [92.7484, 12.2661], [92.7629, 12.265], [92.7711, 12.2722], [92.7787, 12.2799], [92.7754, 12.2924], [92.768, 12.3001], [92.7711, 12.3121], [92.776573, 12.310281]]], [[[93.072563, 12.319044], [93.072563, 12.319044]]], [[[93.839699, 12.32082], [93.8577, 12.2931], [93.8736, 12.2897], [93.8778, 12.2789], [93.8724, 12.2678], [93.8759, 12.2554], [93.8807, 12.2366], [93.8681, 12.2336], [93.8625, 12.2658], [93.8617, 12.2338], [93.8405, 12.2369], [93.8521, 12.2674], [93.8267, 12.2449], [93.8155, 12.2708], [93.8148, 12.2853], [93.8187, 12.3004], [93.8482, 12.2856], [93.829, 12.3123], [93.839699, 12.32082]]], [[[92.912781, 12.331666], [92.912781, 12.331666]]], [[[92.905937, 12.338508], [92.905937, 12.338508]]], [[[92.911736, 12.337952], [92.912, 12.3531], [92.911736, 12.337952]]], [[[92.896935, 12.392077], [92.896935, 12.392077]]], [[[92.852905, 12.408831], [92.8642, 12.4044], [92.8763, 12.4008], [92.8862, 12.4064], [92.8942, 12.399], [92.8876, 12.3906], [92.8855, 12.3775], [92.8757, 12.3831], [92.8648, 12.3789], [92.8592, 12.3888], [92.8492, 12.3939], [92.8505, 12.4078], [92.852905, 12.408831]]], [[[92.89917, 12.4075], [92.89917, 12.4075]]], [[[92.889351, 12.412851], [92.889351, 12.412851]]], [[[92.865875, 12.421003], [92.865875, 12.421003]]], [[[92.903236, 12.42019], [92.903236, 12.42019]]], [[[92.831734, 12.426822], [92.8419, 12.4211], [92.8292, 12.4236], [92.831734, 12.426822]]], [[[92.95536, 12.41469], [92.948, 12.4069], [92.9433, 12.3965], [92.9422, 12.3823], [92.9361, 12.3731], [92.9331, 12.3609], [92.9215, 12.3644], [92.9217, 12.3795], [92.9247, 12.3921], [92.9267, 12.4052], [92.9311, 12.4162], [92.9406, 12.4219], [92.9484, 12.4144], [92.9492, 12.4286], [92.9595, 12.4232], [92.95536, 12.41469]]], [[[92.875031, 12.445083], [92.875031, 12.445083]]], [[[92.679459, 12.541128], [92.6794, 12.5257], [92.6694, 12.5308], [92.6734, 12.5419], [92.679459, 12.541128]]], [[[92.702423, 12.63787], [92.702423, 12.63787]]], [[[92.731445, 12.703124], [92.731445, 12.703124]]], [[[92.724258, 12.73673], [92.724258, 12.73673]]], [[[92.7267, 12.75138], [92.7267, 12.75138]]], [[[92.655846, 12.768959], [92.655846, 12.768959]]], [[[92.717079, 12.77478], [92.717079, 12.77478]]], [[[92.724998, 12.761666], [92.7178, 12.7714], [92.7172, 12.7861], [92.7225, 12.7764], [92.7247, 12.7636], [92.724998, 12.761666]]], [[[92.716187, 12.797293], [92.716187, 12.797293]]], [[[92.716766, 12.800591], [92.716766, 12.800591]]], [[[92.717606, 12.803103], [92.717606, 12.803103]]], [[[92.710968, 12.82903], [92.7128, 12.8156], [92.7128, 12.7964], [92.7129, 12.7813], [92.7167, 12.7697], [92.7225, 12.76], [92.7254, 12.7474], [92.7184, 12.7391], [92.7197, 12.7252], [92.7095, 12.7203], [92.7106, 12.7344], [92.7113, 12.7488], [92.7103, 12.7633], [92.7084, 12.7769], [92.7013, 12.785], [92.6953, 12.7942], [92.6991, 12.8056], [92.7039, 12.8158], [92.7075, 12.8274], [92.710968, 12.82903]]], [[[92.727631, 12.836472], [92.727631, 12.836472]]], [[[92.731781, 12.85643], [92.731781, 12.85643]]], [[[92.728615, 12.864446], [92.7247, 12.8531], [92.7211, 12.8417], [92.715, 12.8325], [92.7114, 12.8439], [92.7167, 12.8542], [92.7228, 12.8644], [92.728615, 12.864446]]], [[[92.778564, 12.864758], [92.778564, 12.864758]]], [[[92.765472, 12.854721], [92.7619, 12.8662], [92.7668, 12.856], [92.765472, 12.854721]]], [[[92.759598, 12.87759], [92.759598, 12.87759]]], [[[92.785553, 12.893334], [92.785553, 12.893334]]], [[[92.893707, 12.898564], [92.893707, 12.898564]]], [[[92.755081, 12.912811], [92.757, 12.8981], [92.754, 12.9106], [92.755081, 12.912811]]], [[[92.864761, 12.912481], [92.864761, 12.912481]]], [[[92.794983, 12.911259], [92.7989, 12.8999], [92.7901, 12.8932], [92.787, 12.9052], [92.775, 12.9082], [92.7862, 12.9122], [92.794983, 12.911259]]], [[[92.913078, 12.91729], [92.913078, 12.91729]]], [[[92.76815, 12.917541], [92.76815, 12.917541]]], [[[92.935318, 12.91809], [92.935318, 12.91809]]], [[[92.767021, 12.924702], [92.767021, 12.924702]]], [[[92.898888, 12.915831], [92.9083, 12.9103], [92.9209, 12.913], [92.9132, 12.9055], [92.9089, 12.8942], [92.9153, 12.8853], [92.9283, 12.8828], [92.9286, 12.868], [92.9329, 12.8567], [92.9389, 12.8471], [92.9448, 12.8378], [92.946, 12.8236], [92.9513, 12.8133], [92.9497, 12.7997], [92.9439, 12.7902], [92.9365, 12.7825], [92.9381, 12.769], [92.9489, 12.7647], [92.9561, 12.7564], [92.9625, 12.7472], [92.9675, 12.7371], [92.9655, 12.7239], [92.9759, 12.7186], [92.9696, 12.7099], [92.9638, 12.7001], [92.9634, 12.6849], [92.9625, 12.6705], [92.9617, 12.6562], [92.9586, 12.6441], [92.9579, 12.6298], [92.9575, 12.6151], [92.9563, 12.6012], [92.9593, 12.5888], [92.9619, 12.5762], [92.9666, 12.5657], [92.9716, 12.5554], [92.9751, 12.5435], [92.9739, 12.5297], [92.97, 12.5183], [92.9655, 12.5047], [92.9637, 12.491], [92.9517, 12.4944], [92.9422, 12.4886], [92.9336, 12.4817], [92.9328, 12.4672], [92.9447, 12.4705], [92.9544, 12.4761], [92.9503, 12.4647], [92.9451, 12.4549], [92.9376, 12.4473], [92.9257, 12.4436], [92.9214, 12.4326], [92.9179, 12.4202], [92.9156, 12.4074], [92.9091, 12.4159], [92.9039, 12.4259], [92.8952, 12.4323], [92.8872, 12.4398], [92.8859, 12.4535], [92.8774, 12.447], [92.8649, 12.4501], [92.8566, 12.4569], [92.8475, 12.465], [92.8442, 12.4767], [92.8379, 12.4855], [92.8323, 12.4956], [92.8386, 12.4831], [92.8417, 12.4706], [92.8474, 12.4612], [92.8552, 12.4536], [92.864, 12.4467], [92.8733, 12.4407], [92.8845, 12.4368], [92.8923, 12.4296], [92.8981, 12.4199], [92.8861, 12.4231], [92.8772, 12.4163], [92.8681, 12.4229], [92.8537, 12.4236], [92.8414, 12.4272], [92.8304, 12.4316], [92.8201, 12.4373], [92.8068, 12.4395], [92.7957, 12.4437], [92.7997, 12.4548], [92.7964, 12.4667], [92.7975, 12.4525], [92.7936, 12.4409], [92.8063, 12.438], [92.8163, 12.4325], [92.828, 12.4291], [92.8324, 12.4178], [92.8386, 12.4085], [92.8397, 12.3936], [92.8477, 12.3862], [92.8533, 12.3767], [92.8581, 12.3664], [92.8689, 12.3619], [92.8768, 12.3545], [92.8886, 12.3511], [92.895, 12.3389], [92.8841, 12.3431], [92.8877, 12.3317], [92.897, 12.3258], [92.8848, 12.3226], [92.8785, 12.3136], [92.8638, 12.3132], [92.8508, 12.3111], [92.8399, 12.3067], [92.8253, 12.3073], [92.8153, 12.3127], [92.8009, 12.3113], [92.7871, 12.3128], [92.7749, 12.3158], [92.7669, 12.3084], [92.7575, 12.3025], [92.7455, 12.2993], [92.7356, 12.3053], [92.7239, 12.3017], [92.7162, 12.3094], [92.7078, 12.3161], [92.7063, 12.3301], [92.7008, 12.3398], [92.7007, 12.3548], [92.7021, 12.3689], [92.6992, 12.3812], [92.6983, 12.3999], [92.6992, 12.414], [92.7003, 12.4282], [92.7028, 12.4407], [92.7065, 12.452], [92.7024, 12.463], [92.7027, 12.4779], [92.7069, 12.4891], [92.7021, 12.4995], [92.6988, 12.5119], [92.6976, 12.5257], [92.699, 12.5397], [92.7065, 12.5474], [92.7077, 12.5617], [92.7086, 12.5761], [92.7042, 12.5873], [92.7013, 12.5997], [92.6884, 12.6019], [92.6858, 12.6147], [92.694, 12.6075], [92.7061, 12.6106], [92.7112, 12.6212], [92.7142, 12.6334], [92.7193, 12.6438], [92.7219, 12.6313], [92.7319, 12.6367], [92.7335, 12.6502], [92.7395, 12.6595], [92.7466, 12.6678], [92.7613, 12.6683], [92.7764, 12.6679], [92.7792, 12.6554], [92.7791, 12.6404], [92.7816, 12.6275], [92.7819, 12.6427], [92.7838, 12.6563], [92.7863, 12.6694], [92.7866, 12.6843], [92.7868, 12.6992], [92.7827, 12.7104], [92.7848, 12.6973], [92.7797, 12.6873], [92.7736, 12.6781], [92.7653, 12.671], [92.7535, 12.6745], [92.7405, 12.6722], [92.7361, 12.6829], [92.7297, 12.6917], [92.7383, 12.6992], [92.7397, 12.713], [92.7458, 12.7219], [92.7402, 12.7315], [92.7337, 12.7404], [92.7311, 12.753], [92.7272, 12.7642], [92.7241, 12.7762], [92.7211, 12.7886], [92.7209, 12.8036], [92.7222, 12.8175], [92.7262, 12.8287], [92.735, 12.8223], [92.7397, 12.8327], [92.746, 12.8415], [92.7549, 12.8477], [92.7595, 12.8584], [92.7664, 12.8493], [92.7742, 12.8414], [92.7761, 12.8277], [92.7814, 12.8176], [92.7769, 12.8283], [92.7753, 12.8422], [92.7688, 12.8511], [92.7719, 12.8632], [92.7811, 12.8564], [92.7908, 12.8622], [92.7931, 12.8753], [92.7913, 12.889], [92.8004, 12.8949], [92.8141, 12.8964], [92.8255, 12.8928], [92.8328, 12.885], [92.842, 12.8911], [92.8402, 12.8778], [92.8546, 12.8771], [92.8668, 12.8803], [92.8714, 12.8908], [92.8828, 12.8945], [92.895, 12.8978], [92.8983, 12.9099], [92.8975, 12.9243], [92.898888, 12.915831]]], [[[92.7742, 12.931133], [92.7721, 12.9178], [92.7742, 12.931133]]], [[[92.877022, 12.932061], [92.8858, 12.9256], [92.8744, 12.922], [92.8608, 12.9242], [92.8668, 12.9333], [92.877022, 12.932061]]], [[[92.765617, 12.932524], [92.765617, 12.932524]]], [[[92.892776, 12.937221], [92.892776, 12.937221]]], [[[92.901428, 12.94115], [92.901428, 12.94115]]], [[[92.671509, 12.948341], [92.671509, 12.948341]]], [[[92.668953, 12.95335], [92.668953, 12.95335]]], [[[92.695656, 12.991959], [92.7065, 12.9875], [92.7157, 12.9811], [92.7198, 12.9694], [92.7179, 12.9561], [92.7146, 12.9436], [92.7207, 12.9339], [92.7165, 12.9231], [92.7201, 12.9114], [92.722, 12.8978], [92.7205, 12.8831], [92.7173, 12.8712], [92.7126, 12.8606], [92.7048, 12.8528], [92.7012, 12.8412], [92.692, 12.8353], [92.6793, 12.8384], [92.6767, 12.8259], [92.687, 12.82], [92.6826, 12.8092], [92.6743, 12.8023], [92.671, 12.7906], [92.6607, 12.7956], [92.6665, 12.8058], [92.6618, 12.8164], [92.6598, 12.8295], [92.6538, 12.8392], [92.6512, 12.8523], [92.6512, 12.8678], [92.6601, 12.874], [92.6299, 12.8808], [92.6585, 12.8808], [92.6665, 12.8884], [92.6663, 12.9034], [92.6366, 12.9133], [92.6682, 12.9186], [92.6735, 12.9284], [92.6778, 12.9392], [92.6738, 12.9506], [92.6696, 12.9617], [92.6762, 12.9712], [92.6818, 12.9814], [92.689, 12.9895], [92.695656, 12.991959]]], [[[93.006737, 12.9969], [92.9992, 12.9881], [92.9911, 12.9806], [92.9847, 12.9719], [92.98, 12.9614], [92.988, 12.9539], [92.98, 12.9464], [92.9775, 12.9333], [92.9723, 12.9431], [92.9569, 12.9417], [92.9675, 12.9473], [92.9606, 12.9556], [92.9539, 12.9642], [92.9606, 12.9725], [92.9525, 12.9797], [92.9592, 12.9881], [92.9686, 12.9825], [92.9715, 12.9692], [92.9798, 12.9761], [92.9861, 12.985], [92.9945, 12.9917], [93.0046, 12.9967], [93.006737, 12.9969]]], [[[92.988052, 12.998051], [92.988052, 12.998051]]], [[[92.912498, 13.0025], [92.912498, 13.0025]]], [[[92.949722, 13.021111], [92.949722, 13.021111]]], [[[92.926392, 13.024168], [92.9383, 13.0208], [92.9403, 13.0069], [92.9362, 12.9958], [92.9256, 13.0003], [92.9181, 13.0078], [92.9214, 13.0197], [92.926392, 13.024168]]], [[[92.91861, 13.040001], [92.91861, 13.040001]]], [[[92.933609, 13.049443], [92.933609, 13.049443]]], [[[92.916817, 13.057892], [92.916817, 13.057892]]], [[[92.730553, 13.095691], [92.730553, 13.095691]]], [[[92.71917, 13.098891], [92.7119, 13.09], [92.7051, 13.0815], [92.6964, 13.0881], [92.7017, 13.0981], [92.7167, 13.0983], [92.71917, 13.098891]]], [[[92.794998, 13.17111], [92.794998, 13.17111]]], [[[93.061386, 13.221388], [93.061386, 13.221388]]], [[[93.01667, 13.284167], [93.01667, 13.284167]]], [[[93.074509, 13.303334], [93.074509, 13.303334]]], [[[93.018677, 13.329631], [93.0214, 13.3173], [93.0139, 13.3089], [93.016, 13.3221], [93.018677, 13.329631]]], [[[92.968063, 13.3325], [92.968063, 13.3325]]], [[[93.016113, 13.339089], [93.016113, 13.339089]]], [[[93.037498, 13.340562], [93.037498, 13.340562]]], [[[93.07724, 13.364816], [93.07724, 13.364816]]], [[[93.082573, 13.366872], [93.082573, 13.366872]]], [[[93.062317, 13.383298], [93.062317, 13.383298]]], [[[92.865837, 13.41361], [92.865837, 13.41361]]], [[[92.813057, 13.419723], [92.8168, 13.4077], [92.8119, 13.4183], [92.813057, 13.419723]]], [[[93.09449, 13.417631], [93.09449, 13.417631]]], [[[93.072052, 13.426082], [93.069, 13.4133], [93.0701, 13.4278], [93.072052, 13.426082]]], [[[93.099022, 13.435761], [93.099022, 13.435761]]], [[[92.84333, 13.440832], [92.8425, 13.4264], [92.8339, 13.42], [92.8217, 13.4228], [92.8233, 13.4364], [92.8361, 13.4394], [92.84333, 13.440832]]], [[[94.273331, 13.464444], [94.277, 13.4524], [94.2744, 13.4397], [94.2656, 13.4333], [94.2522, 13.4353], [94.2528, 13.45], [94.2597, 13.4586], [94.2695, 13.4641], [94.273331, 13.464444]]], [[[92.874443, 13.51221], [92.874443, 13.51221]]], [[[92.918892, 13.51557], [92.918892, 13.51557]]], [[[92.910004, 13.537222], [92.910004, 13.537222]]], [[[92.875, 13.540834], [92.875, 13.540834]]], [[[93.007858, 13.555363], [93.007858, 13.555363]]], [[[93.057343, 13.566251], [93.057343, 13.566251]]], [[[93.029442, 13.573334], [93.0339, 13.5628], [93.0383, 13.5511], [93.0413, 13.5377], [93.0447, 13.5261], [93.0433, 13.5122], [93.0403, 13.4997], [93.0389, 13.4858], [93.0347, 13.4742], [93.0278, 13.4658], [93.0339, 13.4563], [93.0358, 13.4428], [93.03, 13.4333], [93.0387, 13.4269], [93.0417, 13.4133], [93.0478, 13.4042], [93.0558, 13.4114], [93.0614, 13.4211], [93.06, 13.407], [93.0689, 13.4002], [93.0625, 13.3914], [93.0517, 13.3869], [93.0486, 13.3744], [93.0343, 13.3755], [93.048, 13.3739], [93.0547, 13.3822], [93.0597, 13.3719], [93.0636, 13.3603], [93.0697, 13.3511], [93.0775, 13.3431], [93.0894, 13.3395], [93.0806, 13.3314], [93.0728, 13.3242], [93.0708, 13.31], [93.0611, 13.3161], [93.0572, 13.3294], [93.0478, 13.3217], [93.0408, 13.3306], [93.0444, 13.3425], [93.0419, 13.3569], [93.0344, 13.3492], [93.02, 13.35], [93.0075, 13.3531], [92.9967, 13.3481], [92.989, 13.3403], [92.985, 13.3291], [92.9795, 13.3386], [92.9756, 13.3498], [92.9705, 13.36], [92.9603, 13.3544], [92.955, 13.3445], [92.9564, 13.3309], [92.9651, 13.3245], [92.9792, 13.3234], [92.9886, 13.3172], [92.9995, 13.3107], [93.0058, 13.3197], [93.0117, 13.3083], [93.0164, 13.2978], [93.0139, 13.285], [93.0264, 13.2823], [93.0401, 13.2805], [93.0425, 13.2664], [93.0567, 13.2656], [93.0658, 13.2731], [93.0611, 13.2625], [93.0578, 13.2497], [93.0567, 13.2347], [93.05, 13.2264], [93.0444, 13.217], [93.0414, 13.2047], [93.0367, 13.1928], [93.0331, 13.1808], [93.0369, 13.1694], [93.0342, 13.1568], [93.0365, 13.144], [93.033, 13.1319], [93.0322, 13.1174], [93.0337, 13.1039], [93.036, 13.0912], [93.0312, 13.0807], [93.0297, 13.0669], [93.0239, 13.0572], [93.0156, 13.0503], [93.0108, 13.0396], [93.005, 13.0295], [92.9955, 13.0351], [92.9893, 13.0257], [92.9769, 13.0286], [92.9674, 13.0347], [92.969, 13.021], [92.9598, 13.0151], [92.9537, 13.0245], [92.9458, 13.0319], [92.9373, 13.0387], [92.9394, 13.0517], [92.9419, 13.0642], [92.9386, 13.0762], [92.9358, 13.0637], [92.9259, 13.0585], [92.9178, 13.0658], [92.9079, 13.0604], [92.8944, 13.0567], [92.8882, 13.0475], [92.8958, 13.0556], [92.9101, 13.0566], [92.9139, 13.0453], [92.9097, 13.034], [92.9044, 13.0241], [92.9061, 13.0105], [92.91, 12.9989], [92.9177, 12.9912], [92.9319, 12.9899], [92.9375, 12.9801], [92.9354, 12.9669], [92.9284, 12.9583], [92.9166, 12.9545], [92.9096, 12.9626], [92.906, 12.9744], [92.9024, 12.9859], [92.8889, 12.9843], [92.882, 12.9755], [92.8767, 12.9657], [92.8739, 12.9532], [92.8725, 12.939], [92.8619, 12.9343], [92.8544, 12.9267], [92.8558, 12.9129], [92.8608, 12.9025], [92.87, 12.9087], [92.8708, 12.8944], [92.8683, 12.8816], [92.8561, 12.8785], [92.843, 12.8763], [92.8435, 12.891], [92.8325, 12.887], [92.8258, 12.8958], [92.8141, 12.8991], [92.8013, 12.9016], [92.7964, 12.9122], [92.7951, 12.9264], [92.8011, 12.9359], [92.799, 12.9489], [92.7917, 12.9567], [92.7966, 12.9671], [92.7933, 12.9793], [92.7984, 12.9898], [92.8081, 12.9831], [92.8189, 12.9878], [92.8087, 12.9936], [92.8178, 13.0], [92.8239, 13.0092], [92.8094, 13.0086], [92.7967, 13.0111], [92.7886, 13.0181], [92.7936, 13.0294], [92.7944, 13.0456], [92.7936, 13.0631], [92.7958, 13.0764], [92.7975, 13.09], [92.8028, 13.08], [92.8067, 13.0914], [92.8117, 13.1033], [92.8203, 13.0967], [92.8219, 13.1103], [92.8147, 13.1183], [92.8194, 13.1286], [92.8314, 13.1256], [92.8433, 13.1292], [92.8475, 13.1403], [92.8378, 13.1458], [92.8228, 13.1456], [92.8142, 13.1522], [92.8136, 13.1667], [92.8228, 13.1736], [92.8228, 13.1894], [92.8181, 13.2003], [92.8261, 13.2083], [92.8283, 13.2217], [92.8278, 13.2367], [92.8364, 13.2436], [92.8456, 13.2375], [92.8517, 13.2469], [92.8492, 13.2614], [92.8367, 13.2642], [92.8267, 13.2694], [92.8255, 13.2836], [92.8378, 13.2864], [92.8419, 13.3011], [92.8297, 13.3058], [92.8275, 13.3186], [92.8292, 13.3319], [92.8344, 13.3419], [92.8356, 13.3561], [92.8383, 13.3689], [92.8453, 13.3769], [92.8578, 13.3794], [92.8669, 13.3856], [92.8528, 13.3869], [92.8439, 13.3931], [92.845, 13.4075], [92.8583, 13.4092], [92.8655, 13.4014], [92.8711, 13.4108], [92.8714, 13.4256], [92.8831, 13.4292], [92.8811, 13.4425], [92.8739, 13.4508], [92.8719, 13.4639], [92.8767, 13.475], [92.8919, 13.4775], [92.9022, 13.4822], [92.9034, 13.4967], [92.9154, 13.4997], [92.9294, 13.5017], [92.9233, 13.5122], [92.9178, 13.5219], [92.9181, 13.5367], [92.9311, 13.5389], [92.9442, 13.5369], [92.9531, 13.5431], [92.9683, 13.5425], [92.9744, 13.5333], [92.9833, 13.5267], [92.9917, 13.5347], [92.9866, 13.545], [92.9851, 13.5592], [92.9875, 13.5719], [92.9961, 13.5647], [93.0042, 13.5575], [93.0077, 13.5457], [93.0147, 13.554], [93.0166, 13.5678], [93.0244, 13.575], [93.029442, 13.573334]]], [[[92.896942, 13.601671], [92.895, 13.5881], [92.8894, 13.5786], [92.8867, 13.5922], [92.8944, 13.6006], [92.896942, 13.601671]]], [[[93.063889, 13.654166], [93.0575, 13.6453], [93.0536, 13.6333], [93.0483, 13.6233], [93.0431, 13.6339], [93.0503, 13.6447], [93.0565, 13.6542], [93.063889, 13.654166]]], [[[93.023613, 13.670861], [93.023613, 13.670861]]], [[[93.015831, 13.676112], [93.0219, 13.6672], [93.0256, 13.6556], [93.0283, 13.6431], [93.0317, 13.63], [93.0183, 13.6325], [93.0117, 13.6439], [93.0011, 13.6494], [92.9906, 13.6444], [92.9817, 13.6506], [92.9822, 13.6656], [92.995, 13.6681], [93.0072, 13.6714], [93.015831, 13.676112]]], [[[93.224426, 14.015831], [93.2253, 14.0014], [93.2299, 13.9906], [93.2309, 13.9762], [93.219, 13.9796], [93.2208, 13.9936], [93.2203, 14.0083], [93.224426, 14.015831]]], [[[93.366669, 14.0475], [93.366669, 14.0475]]], [[[93.383606, 14.12778], [93.383606, 14.12778]]], [[[93.366249, 14.156381], [93.377, 14.1486], [93.3694, 14.1411], [93.3725, 14.1283], [93.3772, 14.1175], [93.375, 14.1044], [93.3733, 14.0908], [93.3697, 14.0789], [93.3664, 14.0667], [93.3567, 14.0722], [93.3594, 14.0858], [93.3636, 14.0967], [93.3619, 14.1104], [93.36, 14.1236], [93.3567, 14.1356], [93.3536, 14.1483], [93.3633, 14.1556], [93.366249, 14.156381]]], [[[93.356941, 14.1925], [93.356941, 14.1925]]], [[[93.370277, 14.193335], [93.3672, 14.1789], [93.36, 14.1869], [93.3698, 14.1932], [93.370277, 14.193335]]], [[[93.550552, 14.78392], [93.550552, 14.78392]]], [[[93.570831, 14.846321], [93.570831, 14.846321]]], [[[93.57222, 14.859444], [93.57222, 14.859444]]], [[[93.572746, 14.870361], [93.572746, 14.870361]]], [[[93.641388, 14.902499], [93.6372, 14.8914], [93.6356, 14.8778], [93.6278, 14.87], [93.6211, 14.8617], [93.6158, 14.8517], [93.6122, 14.8397], [93.6107, 14.8533], [93.6122, 14.8669], [93.6169, 14.8781], [93.6222, 14.8881], [93.6281, 14.9008], [93.641388, 14.902499]]], [[[93.648407, 14.93487], [93.648407, 14.93487]]]]}}, {"type": "Feature", "properties": {"ID_0": 105, "ISO": "IND", "NAME_0": "India", "ID_1": 2, "NAME_1": "Andhra Pradesh", "NL_NAME_1": "", "VARNAME_1": "", "TYPE_1": "State", "ENGTYPE_1": "State", "filename": "", "filename_1": "", "filename_2": "", "filename_3": "", "filename_4": ""}, "geometry": {"type": "MultiPolygon", "coordinates": [[[[80.274582, 13.459583], [80.2832, 13.4532], [80.2737, 13.4593], [80.274582, 13.459583]]], [[[80.227356, 13.494032], [80.227356, 13.494032]]], [[[80.232361, 13.494583], [80.232361, 13.494583]]], [[[80.265419, 13.519583], [80.2671, 13.5049], [80.2643, 13.5174], [80.265419, 13.519583]]], [[[80.192642, 13.520696], [80.192642, 13.520696]]], [[[80.18486, 13.535421], [80.18486, 13.535421]]], [[[80.053467, 13.589311], [80.053467, 13.589311]]], [[[80.149025, 13.618473], [80.1546, 13.6088], [80.1623, 13.5996], [80.1676, 13.5899], [80.161, 13.5815], [80.1588, 13.5682], [80.1546, 13.5574], [80.1485, 13.5485], [80.1379, 13.5532], [80.1404, 13.5657], [80.1335, 13.5746], [80.1265, 13.5826], [80.1351, 13.589], [80.1482, 13.591], [80.1387, 13.5974], [80.1268, 13.6007], [80.1307, 13.5896], [80.1229, 13.5971], [80.1312, 13.606], [80.1426, 13.6096], [80.149025, 13.618473]]], [[[80.097076, 13.641531], [80.097076, 13.641531]]], [[[80.106529, 13.65292], [80.1046, 13.6396], [80.106529, 13.65292]]], [[[80.102638, 13.677641], [80.102638, 13.677641]]], [[[80.05986, 15.199862], [80.05986, 15.199862]]], [[[80.210693, 15.501531], [80.210693, 15.501531]]], [[[81.027916, 15.765694], [81.021, 15.7574], [81.027916, 15.765694]]], [[[80.782913, 15.83764], [80.791, 15.8307], [80.7821, 15.8368], [80.782913, 15.83764]]], [[[80.787918, 15.843194], [80.787918, 15.843194]]], [[[80.785973, 15.856529], [80.785973, 15.856529]]], [[[80.773483, 15.86181], [80.7779, 15.851], [80.7718, 15.8601], [80.773483, 15.86181]]], [[[81.541809, 16.355421], [81.5318, 16.3488], [81.5149, 16.3496], [81.5287, 16.351], [81.5399, 16.3551], [81.541809, 16.355421]]], [[[81.535141, 16.355972], [81.535141, 16.355972]]], [[[82.317352, 16.57653], [82.317352, 16.57653]]], [[[82.26236, 16.677917], [82.26236, 16.677917]]], [[[82.299515, 16.714333], [82.299515, 16.714333]]], [[[82.307907, 16.71653], [82.307907, 16.71653]]], [[[82.314857, 16.725973], [82.314857, 16.725973]]], [[[82.332077, 16.724861], [82.332077, 16.724861]]], [[[82.332077, 16.724861], [82.3374, 16.7151], [82.3443, 16.706], [82.336, 16.6993], [82.3487, 16.7018], [82.3426, 16.711], [82.3543, 16.7143], [82.3649, 16.719], [82.3579, 16.7271], [82.3676, 16.7218], [82.3624, 16.7118], [82.3551, 16.7035], [82.3482, 16.6951], [82.341, 16.6871], [82.334, 16.6787], [82.3279, 16.6696], [82.3229, 16.6596], [82.3193, 16.6479], [82.3176, 16.6343], [82.314, 16.646], [82.3151, 16.6321], [82.319, 16.6207], [82.3154, 16.609], [82.3007, 16.6093], [82.2946, 16.6187], [82.2899, 16.629], [82.2849, 16.639], [82.2738, 16.6429], [82.2618, 16.646], [82.256, 16.6554], [82.2615, 16.6651], [82.2651, 16.6765], [82.2607, 16.6874], [82.2763, 16.6931], [82.2876, 16.6976], [82.3037, 16.699], [82.3143, 16.7035], [82.3226, 16.7107], [82.3268, 16.7218], [82.332077, 16.724861]]], [[[83.172073, 17.569031], [83.172073, 17.569031]]], [[[83.305695, 17.684584], [83.305695, 17.684584]]], [[[83.31208, 17.68486], [83.3018, 17.6801], [83.31208, 17.68486]]], [[[83.269859, 17.70875], [83.269859, 17.70875]]], [[[82.299515, 16.714333], [82.3011, 16.7333], [82.2937, 16.743], [82.2851, 16.7345], [82.2807, 16.7228], [82.2637, 16.7194], [82.2449, 16.719], [82.227, 16.7172], [82.2148, 16.7252], [82.2198, 16.7449], [82.1968, 16.7365], [82.1888, 16.7272], [82.1746, 16.7251], [82.1936, 16.7084], [82.2154, 16.7098], [82.2274, 16.7047], [82.2465, 16.6914], [82.2588, 16.6871], [82.2599, 16.6729], [82.2562, 16.6615], [82.2571, 16.6474], [82.2665, 16.6418], [82.2768, 16.6371], [82.2832, 16.6285], [82.2876, 16.6179], [82.2924, 16.6076], [82.2835, 16.6013], [82.271, 16.5982], [82.2632, 16.591], [82.2729, 16.5968], [82.2857, 16.6004], [82.2974, 16.5968], [82.2965, 16.5826], [82.2904, 16.5735], [82.2779, 16.571], [82.2685, 16.5651], [82.279, 16.5601], [82.2904, 16.564], [82.3018, 16.5679], [82.2932, 16.5613], [82.2824, 16.5565], [82.2704, 16.5532], [82.2582, 16.5499], [82.2465, 16.546], [82.2357, 16.5418], [82.2243, 16.5379], [82.2143, 16.5326], [82.2035, 16.5279], [82.1929, 16.5229], [82.1829, 16.5176], [82.1726, 16.5124], [82.1626, 16.5071], [82.1526, 16.5018], [82.1415, 16.4974], [82.1321, 16.4918], [82.1212, 16.4876], [82.1115, 16.4821], [82.1007, 16.4774], [82.091, 16.4721], [82.081, 16.4671], [82.0713, 16.4618], [82.0615, 16.4565], [82.0518, 16.451], [82.0413, 16.4465], [82.0301, 16.4426], [82.0229, 16.4346], [82.0126, 16.4296], [82.0024, 16.4243], [81.9926, 16.419], [81.9818, 16.414], [81.9718, 16.4088], [81.961, 16.4043], [81.9507, 16.3993], [81.9388, 16.3946], [81.9246, 16.3938], [81.9129, 16.3904], [81.9001, 16.3879], [81.8874, 16.3849], [81.8751, 16.3813], [81.8629, 16.3779], [81.8515, 16.3732], [81.8401, 16.3687], [81.8301, 16.3635], [81.8196, 16.3587], [81.809, 16.3538], [81.7999, 16.3479], [81.7901, 16.3426], [81.7799, 16.3374], [81.7696, 16.3326], [81.759, 16.3279], [81.7479, 16.3235], [81.7368, 16.319], [81.7268, 16.3138], [81.7176, 16.3199], [81.7051, 16.3226], [81.6951, 16.3276], [81.6846, 16.3324], [81.6687, 16.3335], [81.654, 16.3343], [81.639, 16.3354], [81.6246, 16.3371], [81.6107, 16.3393], [81.5976, 16.3412], [81.5843, 16.3432], [81.5687, 16.3446], [81.5596, 16.3507], [81.5479, 16.354], [81.5379, 16.359], [81.5265, 16.354], [81.5107, 16.3546], [81.4987, 16.3515], [81.4849, 16.3529], [81.4701, 16.3532], [81.4543, 16.3518], [81.4407, 16.3501], [81.4271, 16.3479], [81.4149, 16.3451], [81.4029, 16.3482], [81.3901, 16.351], [81.3832, 16.3593], [81.3699, 16.3618], [81.3615, 16.3551], [81.3576, 16.3437], [81.351, 16.3351], [81.3607, 16.3407], [81.371, 16.346], [81.3757, 16.3568], [81.3876, 16.3532], [81.3926, 16.3421], [81.381, 16.3379], [81.3693, 16.334], [81.3571, 16.3299], [81.3465, 16.3254], [81.336, 16.3207], [81.3254, 16.3163], [81.3154, 16.311], [81.306, 16.3054], [81.2968, 16.2996], [81.2871, 16.2938], [81.2793, 16.2865], [81.2704, 16.2801], [81.2626, 16.2712], [81.2551, 16.2635], [81.2476, 16.2557], [81.2407, 16.2474], [81.2346, 16.2382], [81.2288, 16.2288], [81.2232, 16.2193], [81.2182, 16.209], [81.2138, 16.1982], [81.2104, 16.1865], [81.2054, 16.176], [81.2032, 16.1632], [81.2037, 16.1485], [81.1904, 16.1429], [81.201, 16.1382], [81.1976, 16.1265], [81.1935, 16.1154], [81.1896, 16.1043], [81.1846, 16.0943], [81.179, 16.0849], [81.1738, 16.0751], [81.1685, 16.0654], [81.1629, 16.056], [81.1576, 16.0462], [81.1524, 16.036], [81.1462, 16.0271], [81.141, 16.0168], [81.1396, 16.0032], [81.141, 15.9888], [81.1451, 15.9776], [81.1335, 15.974], [81.1285, 15.964], [81.1204, 15.9571], [81.1124, 15.9501], [81.1043, 15.9429], [81.096, 15.936], [81.0876, 15.929], [81.0801, 15.9213], [81.0729, 15.9135], [81.0657, 15.9057], [81.0587, 15.8976], [81.0518, 15.8893], [81.0446, 15.8813], [81.0371, 15.8737], [81.0296, 15.866], [81.0221, 15.8582], [81.016, 15.849], [81.0104, 15.8393], [81.0026, 15.8315], [80.996, 15.8229], [80.9938, 15.8101], [80.9976, 15.7988], [81.0018, 15.7879], [81.0096, 15.7804], [81.0076, 15.7674], [81.004, 15.7557], [80.9957, 15.7488], [80.9865, 15.7429], [80.9768, 15.7374], [80.9671, 15.7321], [80.9565, 15.7276], [80.9465, 15.7224], [80.9326, 15.7238], [80.9193, 15.7213], [80.9068, 15.7188], [80.8929, 15.7163], [80.879, 15.7135], [80.8621, 15.7118], [80.8482, 15.7101], [80.8332, 15.7104], [80.8215, 15.714], [80.8151, 15.7229], [80.809, 15.7321], [80.801, 15.7393], [80.7957, 15.749], [80.7913, 15.7596], [80.7857, 15.7693], [80.781, 15.7804], [80.7887, 15.7726], [80.7921, 15.7607], [80.7982, 15.7515], [80.8046, 15.7426], [80.8127, 15.7499], [80.811, 15.7637], [80.8057, 15.7735], [80.803, 15.786], [80.7982, 15.7963], [80.7946, 15.8079], [80.801, 15.8165], [80.8104, 15.8224], [80.8096, 15.8371], [80.8029, 15.8454], [80.7943, 15.8524], [80.7862, 15.8596], [80.776, 15.8646], [80.7624, 15.8663], [80.751, 15.8707], [80.7393, 15.874], [80.7262, 15.8765], [80.7138, 15.8793], [80.7004, 15.881], [80.6868, 15.8826], [80.669, 15.8801], [80.6546, 15.8788], [80.6413, 15.8768], [80.6285, 15.8743], [80.6135, 15.8721], [80.6012, 15.8693], [80.5888, 15.8665], [80.5765, 15.8632], [80.5643, 15.8599], [80.5535, 15.8557], [80.5415, 15.8521], [80.53, 15.8474], [80.5188, 15.8432], [80.5074, 15.8396], [80.4968, 15.8351], [80.486, 15.8307], [80.4749, 15.8263], [80.464, 15.8213], [80.4532, 15.8163], [80.4432, 15.811], [80.4332, 15.806], [80.4238, 15.8004], [80.414, 15.7951], [80.404, 15.7896], [80.3943, 15.7837], [80.3846, 15.7779], [80.3751, 15.7718], [80.366, 15.7657], [80.3568, 15.7599], [80.349, 15.7526], [80.3393, 15.7471], [80.3324, 15.739], [80.324, 15.7324], [80.3165, 15.7249], [80.309, 15.7174], [80.3018, 15.7096], [80.2951, 15.7013], [80.2882, 15.6932], [80.2815, 15.6849], [80.274, 15.6771], [80.2682, 15.6676], [80.2629, 15.656], [80.2582, 15.6457], [80.2529, 15.636], [80.2476, 15.626], [80.2429, 15.6154], [80.2387, 15.6024], [80.2351, 15.5901], [80.2318, 15.5779], [80.229, 15.5651], [80.2262, 15.5526], [80.2254, 15.5379], [80.2213, 15.5268], [80.2162, 15.5168], [80.2132, 15.5046], [80.2035, 15.4993], [80.2104, 15.4907], [80.2071, 15.4785], [80.2018, 15.4688], [80.1963, 15.4593], [80.1899, 15.4507], [80.1829, 15.4424], [80.176, 15.4343], [80.1687, 15.4265], [80.1612, 15.4188], [80.154, 15.4104], [80.1471, 15.4021], [80.1407, 15.3935], [80.134, 15.3851], [80.1276, 15.376], [80.1215, 15.3665], [80.1157, 15.3571], [80.1107, 15.3468], [80.1065, 15.3357], [80.1024, 15.3246], [80.0979, 15.314], [80.0837, 15.3151], [80.0949, 15.3104], [80.0929, 15.2974], [80.089, 15.2863], [80.0851, 15.2749], [80.0829, 15.2538], [80.0863, 15.2418], [80.0876, 15.2274], [80.0874, 15.2118], [80.0849, 15.1993], [80.079, 15.1901], [80.0685, 15.1949], [80.0599, 15.2021], [80.0504, 15.2082], [80.0565, 15.1993], [80.0638, 15.1915], [80.0731, 15.1843], [80.0726, 15.1696], [80.0676, 15.1593], [80.0635, 15.1476], [80.0599, 15.1354], [80.056, 15.1238], [80.0524, 15.1124], [80.0496, 15.1001], [80.0479, 15.0773], [80.0485, 15.0626], [80.0493, 15.0457], [80.0507, 15.0279], [80.0529, 15.0149], [80.0546, 14.9999], [80.0574, 14.9871], [80.0599, 14.974], [80.0629, 14.9615], [80.0646, 14.9471], [80.0679, 14.9338], [80.0715, 14.9224], [80.0762, 14.9115], [80.0796, 14.8996], [80.0829, 14.8876], [80.0851, 14.874], [80.086, 14.8599], [80.0865, 14.8449], [80.0874, 14.8307], [80.0885, 14.816], [80.0738, 14.8157], [80.0635, 14.8207], [80.0724, 14.814], [80.0815, 14.8079], [80.0932, 14.8046], [80.096, 14.791], [80.0987, 14.7785], [80.1024, 14.7671], [80.1065, 14.756], [80.1113, 14.7457], [80.1151, 14.7343], [80.1254, 14.7287], [80.1321, 14.7201], [80.1365, 14.709], [80.1335, 14.6963], [80.1401, 14.706], [80.136, 14.7171], [80.1418, 14.7063], [80.1454, 14.6926], [80.1488, 14.6804], [80.1521, 14.6682], [80.156, 14.6562], [80.1585, 14.6432], [80.1626, 14.6321], [80.1668, 14.6212], [80.1721, 14.6113], [80.1799, 14.604], [80.1918, 14.6007], [80.1974, 14.5901], [80.196, 14.5763], [80.1924, 14.5649], [80.1885, 14.5532], [80.1851, 14.541], [80.1771, 14.5338], [80.1813, 14.5215], [80.1793, 14.5057], [80.1782, 14.4907], [80.1768, 14.4749], [80.1757, 14.461], [80.1749, 14.4437], [80.1735, 14.4257], [80.1726, 14.4057], [80.1724, 14.3901], [80.171, 14.376], [80.1699, 14.3607], [80.1668, 14.3482], [80.1629, 14.3365], [80.1576, 14.326], [80.1529, 14.3154], [80.1488, 14.3043], [80.1446, 14.2935], [80.1413, 14.281], [80.1385, 14.2668], [80.1374, 14.2526], [80.1349, 14.2399], [80.1312, 14.2276], [80.1287, 14.2149], [80.1276, 14.1996], [80.1271, 14.1846], [80.1268, 14.1696], [80.1265, 14.1543], [80.1282, 14.1407], [80.1296, 14.1271], [80.1237, 14.1179], [80.1318, 14.1074], [80.134, 14.0935], [80.1365, 14.0807], [80.141, 14.0699], [80.1426, 14.0565], [80.1454, 14.0443], [80.1485, 14.0302], [80.1549, 14.0213], [80.1568, 14.0082], [80.1604, 13.9968], [80.1637, 13.9851], [80.1676, 13.974], [80.1718, 13.9632], [80.169, 13.976], [80.166, 13.9882], [80.1621, 14.0001], [80.1574, 14.0107], [80.1635, 14.0015], [80.1679, 13.9907], [80.1726, 13.9801], [80.1779, 13.9699], [80.1824, 13.9593], [80.1868, 13.9476], [80.1915, 13.9371], [80.1954, 13.9246], [80.2004, 13.9146], [80.2057, 13.9046], [80.2113, 13.8951], [80.2162, 13.8846], [80.221, 13.8743], [80.2243, 13.8618], [80.2279, 13.8501], [80.2326, 13.8387], [80.2376, 13.8285], [80.2443, 13.8199], [80.2468, 13.8068], [80.2501, 13.7937], [80.2521, 13.7804], [80.2496, 13.7679], [80.2465, 13.7557], [80.2429, 13.7438], [80.2399, 13.7315], [80.2374, 13.719], [80.2354, 13.7035], [80.2337, 13.6893], [80.2335, 13.6732], [80.2343, 13.6579], [80.236, 13.6415], [80.2385, 13.6287], [80.2421, 13.6163], [80.2471, 13.6062], [80.2526, 13.5965], [80.2574, 13.5862], [80.2624, 13.5757], [80.2674, 13.5651], [80.2721, 13.5546], [80.2763, 13.5437], [80.2807, 13.5329], [80.2849, 13.5218], [80.2887, 13.5101], [80.2924, 13.4979], [80.2962, 13.4865], [80.301, 13.476], [80.3074, 13.4671], [80.3115, 13.4551], [80.3151, 13.4435], [80.3107, 13.4326], [80.3024, 13.4393], [80.294, 13.446], [80.2893, 13.4568], [80.2879, 13.4707], [80.2838, 13.4818], [80.2818, 13.4999], [80.2779, 13.5124], [80.2754, 13.5251], [80.2685, 13.5335], [80.266, 13.5465], [80.2646, 13.5601], [80.2574, 13.5679], [80.2513, 13.5776], [80.2443, 13.5862], [80.2404, 13.5974], [80.2318, 13.6043], [80.2246, 13.6126], [80.2188, 13.6218], [80.2107, 13.6287], [80.2004, 13.6337], [80.1918, 13.6404], [80.1879, 13.6515], [80.1896, 13.6649], [80.1832, 13.6738], [80.1751, 13.6815], [80.166, 13.6876], [80.1599, 13.6968], [80.1493, 13.7026], [80.1404, 13.7088], [80.1451, 13.7193], [80.1365, 13.726], [80.1307, 13.7135], [80.1385, 13.7062], [80.1415, 13.694], [80.1426, 13.6713], [80.1471, 13.6607], [80.1468, 13.646], [80.1443, 13.6335], [80.1415, 13.6213], [80.1365, 13.6113], [80.124, 13.614], [80.1196, 13.6254], [80.1132, 13.634], [80.1087, 13.6454], [80.1124, 13.6582], [80.1199, 13.6501], [80.1118, 13.6429], [80.1207, 13.649], [80.1196, 13.6632], [80.1251, 13.6732], [80.1112, 13.6718], [80.1071, 13.6832], [80.1113, 13.6946], [80.1079, 13.7062], [80.1012, 13.6976], [80.101, 13.679], [80.1035, 13.6654], [80.0976, 13.6526], [80.0965, 13.6668], [80.086, 13.6621], [80.0801, 13.6526], [80.0932, 13.6488], [80.0824, 13.6446], [80.0738, 13.6382], [80.0718, 13.6247], [80.0754, 13.6132], [80.0701, 13.6029], [80.0615, 13.5963], [80.0524, 13.5904], [80.0565, 13.5793], [80.0651, 13.5729], [80.0707, 13.5635], [80.0771, 13.5546], [80.0879, 13.5501], [80.0951, 13.5415], [80.099, 13.5304], [80.1068, 13.5232], [80.116, 13.5174], [80.1201, 13.506], [80.1251, 13.516], [80.1382, 13.5124], [80.1446, 13.5035], [80.151, 13.4949], [80.161, 13.4899], [80.1732, 13.4932], [80.1876, 13.4915], [80.2007, 13.4893], [80.214, 13.4865], [80.2279, 13.4851], [80.2407, 13.4826], [80.2471, 13.4735], [80.2615, 13.4729], [80.2671, 13.4629], [80.271, 13.4515], [80.2765, 13.4418], [80.2738, 13.429], [80.2688, 13.4182], [80.274, 13.4282], [80.2826, 13.4357], [80.2937, 13.4313], [80.3012, 13.4238], [80.3126, 13.4282], [80.3128, 13.4059], [80.3148, 13.3918], [80.3165, 13.3764], [80.3018, 13.3779], [80.2821, 13.3855], [80.2739, 13.3977], [80.2716, 13.4132], [80.2649, 13.4283], [80.2599, 13.4474], [80.252, 13.4589], [80.2442, 13.467], [80.235, 13.4739], [80.222, 13.4803], [80.2037, 13.478], [80.1818, 13.4778], [80.1658, 13.4778], [80.1507, 13.48], [80.1376, 13.4912], [80.1289, 13.4976], [80.1069, 13.5039], [80.0957, 13.5098], [80.0887, 13.5255], [80.0728, 13.5339], [80.051, 13.5305], [80.0341, 13.5218], [80.0175, 13.5251], [80.0077, 13.5324], [79.9941, 13.5296], [79.9893, 13.519], [80.0004, 13.5124], [80.0136, 13.5039], [80.0328, 13.5018], [80.036, 13.4845], [80.0189, 13.4864], [80.0044, 13.4783], [79.9954, 13.4595], [79.9683, 13.4564], [79.9622, 13.4441], [79.961, 13.4277], [79.9585, 13.4129], [79.9443, 13.4108], [79.9325, 13.4044], [79.9356, 13.3906], [79.9503, 13.382], [79.948, 13.3672], [79.94, 13.3581], [79.9287, 13.3435], [79.9107, 13.3437], [79.9039, 13.3333], [79.8918, 13.3246], [79.8802, 13.3204], [79.8706, 13.3118], [79.8557, 13.3081], [79.8391, 13.3033], [79.824, 13.3023], [79.8085, 13.3051], [79.795, 13.2986], [79.7873, 13.2846], [79.7684, 13.2896], [79.7541, 13.3028], [79.7498, 13.2909], [79.7415, 13.2767], [79.7213, 13.2722], [79.7394, 13.2544], [79.7528, 13.2438], [79.7754, 13.2341], [79.7849, 13.2235], [79.7736, 13.2175], [79.7633, 13.2089], [79.7518, 13.2048], [79.7444, 13.1949], [79.7375, 13.2055], [79.7265, 13.2174], [79.7114, 13.2105], [79.6996, 13.2027], [79.6888, 13.2074], [79.6957, 13.2238], [79.6919, 13.2385], [79.6807, 13.2284], [79.6711, 13.2358], [79.6843, 13.2567], [79.6793, 13.2693], [79.6685, 13.2819], [79.6626, 13.2681], [79.6534, 13.2746], [79.6385, 13.2762], [79.6307, 13.2682], [79.6208, 13.259], [79.6108, 13.2646], [79.5949, 13.263], [79.5864, 13.2535], [79.571, 13.2474], [79.5548, 13.2592], [79.5463, 13.2741], [79.5392, 13.2898], [79.5358, 13.3111], [79.5227, 13.3159], [79.4978, 13.3148], [79.4793, 13.3215], [79.4546, 13.3243], [79.4289, 13.3236], [79.4014, 13.3158], [79.3746, 13.303], [79.3856, 13.2947], [79.399, 13.2892], [79.4218, 13.2867], [79.4184, 13.2746], [79.4123, 13.2575], [79.4073, 13.2377], [79.4087, 13.2196], [79.417, 13.2122], [79.4269, 13.2227], [79.4361, 13.2298], [79.4454, 13.2217], [79.4216, 13.2085], [79.4216, 13.1932], [79.4133, 13.1858], [79.3979, 13.1864], [79.3844, 13.1847], [79.369, 13.1763], [79.3649, 13.1604], [79.3478, 13.163], [79.3478, 13.1438], [79.3546, 13.1298], [79.3444, 13.1236], [79.3307, 13.1212], [79.3167, 13.1194], [79.3097, 13.1069], [79.2975, 13.0974], [79.2988, 13.1148], [79.2849, 13.1228], [79.2727, 13.1267], [79.2674, 13.1412], [79.2565, 13.1365], [79.2472, 13.1481], [79.2433, 13.1334], [79.233, 13.1277], [79.2183, 13.1356], [79.2183, 13.1204], [79.2183, 13.1039], [79.2074, 13.0914], [79.1933, 13.0897], [79.187, 13.077], [79.1807, 13.067], [79.1694, 13.053], [79.1765, 13.0383], [79.1744, 13.0252], [79.1612, 13.0118], [79.1416, 13.0098], [79.1311, 13.0168], [79.1193, 13.0226], [79.1044, 13.0242], [79.0828, 13.0125], [79.0691, 13.0142], [79.0606, 13.0208], [79.0533, 13.038], [79.0439, 13.0437], [79.0259, 13.0496], [79.0114, 13.0578], [78.9952, 13.063], [78.9883, 13.0727], [78.9717, 13.0751], [78.9592, 13.0654], [78.9458, 13.0635], [78.9366, 13.07], [78.9144, 13.0678], [78.9108, 13.0561], [78.8935, 13.0351], [78.9174, 13.0326], [78.9275, 13.0235], [78.8901, 13.0198], [78.8794, 13.0255], [78.8809, 13.0443], [78.8804, 13.0696], [78.8835, 13.082], [78.8703, 13.0869], [78.8607, 13.0795], [78.8439, 13.0715], [78.8134, 13.0746], [78.7942, 13.0698], [78.7866, 13.0622], [78.7775, 13.0532], [78.7545, 13.047], [78.7395, 13.0455], [78.7255, 13.0528], [78.7024, 13.0562], [78.696, 13.0125], [78.6794, 13.009], [78.6511, 13.0179], [78.645, 13.0073], [78.6373, 12.9968], [78.6284, 12.9897], [78.6205, 12.9825], [78.6379, 12.9544], [78.6357, 12.9383], [78.6467, 12.919], [78.6307, 12.916], [78.6197, 12.9021], [78.6122, 12.8886], [78.606, 12.8737], [78.6044, 12.8574], [78.5916, 12.8385], [78.5956, 12.8155], [78.5882, 12.8048], [78.5825, 12.7853], [78.5819, 12.7708], [78.5657, 12.759], [78.5541, 12.7461], [78.5456, 12.7286], [78.5482, 12.715], [78.5493, 12.7007], [78.5477, 12.6856], [78.5313, 12.6799], [78.5202, 12.687], [78.5275, 12.6973], [78.516, 12.7035], [78.5109, 12.7217], [78.5036, 12.7134], [78.4971, 12.7241], [78.4889, 12.732], [78.4915, 12.7171], [78.509, 12.7049], [78.5039, 12.6933], [78.4949, 12.7037], [78.4875, 12.6926], [78.4934, 12.681], [78.4886, 12.6633], [78.4741, 12.6592], [78.4577, 12.6623], [78.4594, 12.6388], [78.4601, 12.6205], [78.4474, 12.6165], [78.4249, 12.6149], [78.4123, 12.6183], [78.3998, 12.6133], [78.3742, 12.6131], [78.3606, 12.6151], [78.3484, 12.6236], [78.3388, 12.6319], [78.3294, 12.6384], [78.3088, 12.65], [78.295, 12.6542], [78.2842, 12.6676], [78.2672, 12.6874], [78.2391, 12.6924], [78.2266, 12.6801], [78.214, 12.6748], [78.1968, 12.6786], [78.1947, 12.6953], [78.2098, 12.6993], [78.2272, 12.7152], [78.2193, 12.747], [78.2295, 12.762], [78.2354, 12.7876], [78.2402, 12.8031], [78.2411, 12.8474], [78.2581, 12.8556], [78.2706, 12.8506], [78.3031, 12.8472], [78.3041, 12.8658], [78.3216, 12.8628], [78.3275, 12.874], [78.3109, 12.8738], [78.3135, 12.8886], [78.3383, 12.9065], [78.344, 12.9181], [78.361, 12.9116], [78.3687, 12.9018], [78.3783, 12.8952], [78.3884, 12.9055], [78.3995, 12.8962], [78.4115, 12.8909], [78.4247, 12.8934], [78.4358, 12.9007], [78.4383, 12.8862], [78.4464, 12.8747], [78.4527, 12.8655], [78.4583, 12.8797], [78.4561, 12.8928], [78.4429, 12.9041], [78.4259, 12.9171], [78.4204, 12.929], [78.4198, 12.9467], [78.4219, 12.9627], [78.4336, 12.9688], [78.4579, 12.9632], [78.4614, 12.9791], [78.4554, 12.9901], [78.4523, 13.0038], [78.4499, 13.0258], [78.4611, 13.032], [78.467, 13.0414], [78.4811, 13.0444], [78.5046, 13.0528], [78.4986, 13.0698], [78.5019, 13.0817], [78.5148, 13.0911], [78.528, 13.0974], [78.5162, 13.1008], [78.5087, 13.1133], [78.5214, 13.1291], [78.5354, 13.1307], [78.5337, 13.1461], [78.5469, 13.1534], [78.5613, 13.1557], [78.5657, 13.1718], [78.5565, 13.1798], [78.5409, 13.1873], [78.5584, 13.1922], [78.5659, 13.2009], [78.5572, 13.212], [78.5589, 13.2271], [78.5632, 13.2384], [78.5722, 13.2486], [78.5775, 13.2621], [78.5672, 13.2718], [78.5616, 13.288], [78.5557, 13.2994], [78.5532, 13.2846], [78.5472, 13.2727], [78.5356, 13.2761], [78.5256, 13.2693], [78.5208, 13.2556], [78.5083, 13.2695], [78.4952, 13.2792], [78.4835, 13.2881], [78.4702, 13.2939], [78.4717, 13.3079], [78.4542, 13.3041], [78.4413, 13.2995], [78.4303, 13.3078], [78.4245, 13.3191], [78.4071, 13.3101], [78.3913, 13.3037], [78.3829, 13.3141], [78.367, 13.32], [78.3713, 13.3324], [78.379, 13.3245], [78.3884, 13.3185], [78.3974, 13.3323], [78.3849, 13.3382], [78.3748, 13.3464], [78.3584, 13.3468], [78.3598, 13.3643], [78.3687, 13.3798], [78.3713, 13.3972], [78.3673, 13.415], [78.367, 13.4313], [78.3642, 13.4456], [78.3673, 13.4669], [78.3674, 13.482], [78.3696, 13.4999], [78.3731, 13.5123], [78.3855, 13.5317], [78.3978, 13.5662], [78.3908, 13.5781], [78.3671, 13.5803], [78.3437, 13.5778], [78.3228, 13.583], [78.2918, 13.5788], [78.2654, 13.5782], [78.2497, 13.5743], [78.2366, 13.5845], [78.2226, 13.5771], [78.2085, 13.5819], [78.2024, 13.568], [78.189, 13.5564], [78.1801, 13.5642], [78.1795, 13.5789], [78.1886, 13.5884], [78.1954, 13.6015], [78.1939, 13.6162], [78.1656, 13.621], [78.159, 13.6452], [78.1462, 13.6497], [78.1291, 13.6483], [78.1159, 13.6456], [78.0939, 13.6403], [78.0807, 13.6353], [78.08, 13.6504], [78.0659, 13.6645], [78.0654, 13.6801], [78.0852, 13.6806], [78.0999, 13.6826], [78.1072, 13.6984], [78.1055, 13.7146], [78.0974, 13.7232], [78.0849, 13.7335], [78.0953, 13.7503], [78.1065, 13.7568], [78.1182, 13.7769], [78.109, 13.7984], [78.1173, 13.8218], [78.1135, 13.8409], [78.106, 13.8535], [78.0884, 13.8549], [78.0709, 13.872], [78.0603, 13.8768], [78.0483, 13.8845], [78.0427, 13.8734], [78.0413, 13.8581], [78.0156, 13.8544], [78.0048, 13.8617], [77.9852, 13.8617], [77.9812, 13.8488], [77.9704, 13.8266], [77.9446, 13.82], [77.9457, 13.8398], [77.9418, 13.8711], [77.9495, 13.8845], [77.9716, 13.8886], [77.9747, 13.9053], [77.9734, 13.9199], [77.978, 13.9376], [77.9664, 13.9506], [77.9553, 13.9419], [77.9508, 13.9279], [77.9389, 13.9246], [77.9297, 13.9088], [77.9198, 13.8987], [77.9005, 13.9023], [77.8897, 13.9114], [77.8879, 13.9277], [77.8624, 13.9268], [77.846, 13.9283], [77.8301, 13.9272], [77.8183, 13.9349], [77.8085, 13.9226], [77.8064, 13.9086], [77.8111, 13.8947], [77.821, 13.8892], [77.8272, 13.8716], [77.8108, 13.8521], [77.8028, 13.8407], [77.7864, 13.8399], [77.7741, 13.8317], [77.7803, 13.82], [77.7692, 13.8085], [77.7482, 13.8062], [77.7336, 13.8034], [77.7185, 13.7927], [77.7128, 13.7747], [77.7142, 13.7608], [77.7135, 13.7462], [77.7087, 13.7327], [77.6955, 13.7614], [77.6788, 13.7557], [77.6637, 13.7523], [77.6698, 13.7626], [77.6702, 13.7775], [77.6491, 13.7758], [77.6143, 13.7603], [77.6126, 13.7469], [77.6338, 13.7413], [77.6285, 13.7299], [77.6043, 13.7426], [77.5869, 13.7368], [77.5736, 13.7266], [77.5561, 13.7165], [77.5451, 13.7282], [77.5395, 13.7437], [77.5197, 13.7439], [77.5227, 13.7311], [77.5275, 13.719], [77.5256, 13.6972], [77.5123, 13.6857], [77.5068, 13.7005], [77.4873, 13.7068], [77.4835, 13.6917], [77.4765, 13.6776], [77.4498, 13.6758], [77.4448, 13.6958], [77.4534, 13.7041], [77.4581, 13.723], [77.4626, 13.7436], [77.454, 13.778], [77.4575, 13.7971], [77.4468, 13.802], [77.4287, 13.788], [77.4195, 13.7958], [77.4082, 13.8025], [77.4151, 13.8154], [77.4247, 13.8267], [77.4039, 13.8314], [77.3898, 13.8329], [77.3729, 13.8313], [77.3675, 13.8432], [77.3522, 13.8444], [77.3399, 13.8348], [77.3272, 13.8248], [77.3162, 13.8397], [77.3109, 13.8511], [77.296, 13.8536], [77.2855, 13.846], [77.256, 13.8395], [77.253, 13.8561], [77.2407, 13.8659], [77.2388, 13.8815], [77.2338, 13.8949], [77.2219, 13.8888], [77.217, 13.8693], [77.2081, 13.8604], [77.2088, 13.8784], [77.201, 13.8665], [77.1927, 13.8562], [77.1788, 13.8598], [77.1796, 13.8783], [77.1822, 13.9013], [77.177, 13.9174], [77.1596, 13.9085], [77.157, 13.8913], [77.1624, 13.8763], [77.1625, 13.857], [77.1482, 13.8598], [77.1302, 13.8499], [77.1405, 13.8379], [77.1479, 13.8289], [77.1622, 13.8207], [77.1562, 13.8113], [77.156, 13.7933], [77.1641, 13.7804], [77.1713, 13.7721], [77.1666, 13.7547], [77.1467, 13.7548], [77.1235, 13.7509], [77.1109, 13.7546], [77.0953, 13.7609], [77.0852, 13.7546], [77.0806, 13.7374], [77.06, 13.7389], [77.0473, 13.7561], [77.0352, 13.7693], [77.0199, 13.7699], [77.0138, 13.7475], [77.0114, 13.7327], [76.9939, 13.7415], [76.9901, 13.7531], [76.9863, 13.7665], [76.9812, 13.7858], [76.9837, 13.8042], [76.9688, 13.8102], [76.9765, 13.8214], [76.9863, 13.8392], [77.006, 13.8501], [77.0123, 13.8641], [77.0166, 13.8877], [77.0278, 13.8972], [77.0358, 13.9256], [77.0186, 13.9348], [77.0081, 13.9474], [76.9951, 13.9527], [76.9902, 13.9703], [76.9944, 13.9815], [76.985, 13.9875], [76.9752, 13.9966], [76.9642, 14.0022], [76.9486, 14.0068], [76.9408, 14.0206], [76.9337, 14.0407], [76.9433, 14.0472], [76.9715, 14.0524], [76.975, 14.0653], [76.9681, 14.0797], [76.9514, 14.0854], [76.9466, 14.103], [76.9374, 14.1152], [76.927, 14.1272], [76.9125, 14.1221], [76.8985, 14.1269], [76.8837, 14.131], [76.8892, 14.1509], [76.8968, 14.1619], [76.9172, 14.1577], [76.937, 14.1659], [76.9415, 14.178], [76.9538, 14.181], [76.9657, 14.1743], [76.9863, 14.1725], [77.0061, 14.1749], [77.0198, 14.1727], [77.016, 14.1527], [77.0149, 14.1322], [77.0203, 14.1223], [77.0166, 14.1061], [77.0083, 14.0981], [77.0147, 14.0887], [77.0245, 14.0772], [77.0202, 14.0614], [77.0285, 14.052], [77.0432, 14.0517], [77.069, 14.0472], [77.0765, 14.0381], [77.0967, 14.0407], [77.1211, 14.0422], [77.1278, 14.0186], [77.134, 14.0097], [77.1395, 13.9972], [77.1544, 13.9906], [77.1628, 13.9978], [77.1714, 14.0086], [77.1946, 14.0029], [77.2077, 14.0049], [77.2273, 14.008], [77.2426, 14.0063], [77.2558, 14.021], [77.2715, 14.0281], [77.2726, 14.008], [77.2852, 14.0115], [77.298, 14.023], [77.3135, 14.0248], [77.3202, 14.0093], [77.3301, 13.9949], [77.3457, 13.9856], [77.3534, 13.9763], [77.3469, 13.9606], [77.362, 13.9455], [77.3526, 13.9285], [77.3426, 13.9122], [77.3483, 13.8965], [77.3904, 13.8977], [77.3919, 13.8799], [77.4085, 13.8888], [77.419, 13.8949], [77.4274, 13.9092], [77.4102, 13.9146], [77.4077, 13.9361], [77.4226, 13.939], [77.429, 13.9564], [77.4266, 13.9733], [77.4102, 13.9769], [77.3865, 13.974], [77.3757, 13.9691], [77.3732, 13.9817], [77.3799, 13.9933], [77.3834, 14.0074], [77.3623, 14.016], [77.3441, 14.0191], [77.3262, 14.0229], [77.3313, 14.0398], [77.338, 14.0538], [77.3586, 14.0589], [77.3724, 14.0719], [77.3797, 14.0904], [77.3954, 14.1034], [77.3897, 14.1186], [77.3733, 14.1126], [77.3589, 14.1087], [77.3485, 14.0993], [77.3465, 14.1179], [77.365, 14.1271], [77.3787, 14.1383], [77.3896, 14.1535], [77.3975, 14.1665], [77.4097, 14.1697], [77.4235, 14.1651], [77.4539, 14.163], [77.4885, 14.1531], [77.5027, 14.1571], [77.5104, 14.172], [77.5011, 14.1932], [77.4931, 14.214], [77.4901, 14.2276], [77.4963, 14.2404], [77.4994, 14.2605], [77.4921, 14.2713], [77.4793, 14.2848], [77.4684, 14.2794], [77.4547, 14.2722], [77.4436, 14.2776], [77.4423, 14.3098], [77.4275, 14.3049], [77.4259, 14.3208], [77.4093, 14.3271], [77.3949, 14.3292], [77.3788, 14.3171], [77.3739, 14.3051], [77.3812, 14.283], [77.3843, 14.2656], [77.401, 14.2604], [77.4048, 14.2486], [77.4091, 14.2236], [77.4157, 14.212], [77.3912, 14.1909], [77.3801, 14.2026], [77.3766, 14.2167], [77.3643, 14.2233], [77.3554, 14.23], [77.3592, 14.2436], [77.3583, 14.2603], [77.3534, 14.2707], [77.3206, 14.2735], [77.2955, 14.2765], [77.2796, 14.2761], [77.2819, 14.2905], [77.2811, 14.3311], [77.2673, 14.327], [77.2513, 14.3206], [77.232, 14.3111], [77.2098, 14.313], [77.1795, 14.3264], [77.1642, 14.3305], [77.1522, 14.3377], [77.1355, 14.334], [77.1309, 14.3138], [77.1258, 14.3015], [77.1173, 14.2914], [77.1105, 14.2749], [77.1069, 14.2618], [77.1116, 14.2485], [77.1105, 14.232], [77.1051, 14.2133], [77.0849, 14.2084], [77.0676, 14.2179], [77.0553, 14.2323], [77.0406, 14.2408], [77.0246, 14.2367], [77.0041, 14.2316], [76.9894, 14.2364], [76.9697, 14.2352], [76.9514, 14.2342], [76.9378, 14.2401], [76.9336, 14.2535], [76.9258, 14.2644], [76.9355, 14.2766], [76.9487, 14.2868], [76.9467, 14.3004], [76.9366, 14.3084], [76.9168, 14.3123], [76.899, 14.3192], [76.8854, 14.3396], [76.8786, 14.3514], [76.8831, 14.3903], [76.8966, 14.3945], [76.9131, 14.4136], [76.9368, 14.4013], [76.9447, 14.4089], [76.9443, 14.4252], [76.9427, 14.4398], [76.9586, 14.4454], [76.9742, 14.4704], [76.9558, 14.4796], [76.9065, 14.4842], [76.8943, 14.4808], [76.8803, 14.4705], [76.8638, 14.4747], [76.8604, 14.4871], [76.8542, 14.4989], [76.8439, 14.5091], [76.8321, 14.5151], [76.8197, 14.5203], [76.8051, 14.5249], [76.7947, 14.5407], [76.7862, 14.5531], [76.7782, 14.5793], [76.7744, 14.5906], [76.7609, 14.5963], [76.763, 14.6119], [76.7695, 14.6563], [76.7713, 14.6738], [76.7811, 14.6905], [76.7855, 14.7071], [76.7981, 14.7346], [76.7881, 14.7518], [76.7813, 14.7743], [76.811, 14.7814], [76.8264, 14.787], [76.835, 14.8001], [76.8487, 14.804], [76.8445, 14.8156], [76.8403, 14.8281], [76.8494, 14.8387], [76.8541, 14.8614], [76.8491, 14.8799], [76.8603, 14.8912], [76.8639, 14.9117], [76.8655, 14.9376], [76.8637, 14.9552], [76.8412, 14.9612], [76.8325, 14.9535], [76.8203, 14.9592], [76.7969, 14.9629], [76.7721, 14.9686], [76.7619, 14.9753], [76.7652, 14.9891], [76.7695, 15.0006], [76.7797, 15.0059], [76.7846, 15.0167], [76.7808, 15.0342], [76.775, 15.044], [76.7708, 15.0583], [76.7757, 15.0692], [76.7822, 15.0788], [76.7969, 15.0908], [76.8119, 15.0802], [76.8294, 15.0743], [76.8432, 15.0662], [76.8606, 15.0567], [76.8698, 15.044], [76.8767, 15.0287], [76.8887, 15.0318], [76.9054, 15.0293], [76.9317, 15.0263], [76.9507, 15.0244], [76.9668, 15.0132], [76.9818, 15.0104], [76.9957, 15.0237], [77.0093, 15.0296], [77.023, 15.0277], [77.0469, 15.0292], [77.041, 15.0055], [77.0615, 15.0015], [77.0788, 15.0], [77.0821, 15.0223], [77.1017, 15.0273], [77.1116, 15.0381], [77.1184, 15.0506], [77.1255, 15.0682], [77.1276, 15.0936], [77.1394, 15.0999], [77.1477, 15.1073], [77.154, 15.1205], [77.1354, 15.136], [77.1455, 15.1507], [77.1593, 15.1521], [77.1645, 15.1685], [77.1615, 15.1822], [77.1558, 15.1943], [77.15, 15.2079], [77.1414, 15.2181], [77.1209, 15.2212], [77.1327, 15.2346], [77.1403, 15.2516], [77.1579, 15.2514], [77.1499, 15.2669], [77.1479, 15.2857], [77.1237, 15.2876], [77.1134, 15.3191], [77.0993, 15.3266], [77.0691, 15.3195], [77.0629, 15.3379], [77.0426, 15.3522], [77.0423, 15.3748], [77.041, 15.3915], [77.0285, 15.4013], [77.031, 15.4183], [77.0274, 15.4352], [77.0153, 15.4411], [77.0061, 15.4482], [77.0007, 15.4617], [76.989, 15.4732], [76.9761, 15.482], [76.9701, 15.495], [76.9817, 15.5048], [76.996, 15.4997], [77.0266, 15.5], [77.0289, 15.5251], [77.0237, 15.5764], [77.0289, 15.5983], [77.0271, 15.6294], [77.0689, 15.6409], [77.0814, 15.6528], [77.0959, 15.6441], [77.1039, 15.6339], [77.1162, 15.6251], [77.1209, 15.6372], [77.125, 15.6591], [77.1105, 15.6713], [77.1008, 15.6789], [77.0759, 15.6909], [77.0844, 15.709], [77.0763, 15.7214], [77.063, 15.7237], [77.0471, 15.725], [77.0467, 15.7513], [77.0497, 15.7641], [77.0566, 15.7723], [77.0672, 15.796], [77.0639, 15.8232], [77.0499, 15.8201], [77.0384, 15.8255], [77.0244, 15.8295], [77.029, 15.8449], [77.041, 15.864], [77.0525, 15.8763], [77.0582, 15.8872], [77.066, 15.8993], [77.0768, 15.9097], [77.0901, 15.9179], [77.1046, 15.9245], [77.1207, 15.9288], [77.1368, 15.9362], [77.1571, 15.9445], [77.1806, 15.9501], [77.203, 15.9499], [77.2187, 15.9516], [77.2361, 15.9527], [77.2489, 15.9577], [77.2632, 15.9514], [77.2824, 15.9474], [77.3002, 15.9505], [77.3148, 15.9452], [77.3352, 15.9433], [77.3536, 15.9437], [77.3681, 15.936], [77.3856, 15.9345], [77.4, 15.9355], [77.4164, 15.938], [77.4365, 15.939], [77.4525, 15.9315], [77.467, 15.9276], [77.4833, 15.9281], [77.4973, 15.9263], [77.5095, 15.9209], [77.5146, 15.9434], [77.5159, 15.9575], [77.509, 15.9674], [77.5084, 15.9958], [77.5017, 16.0055], [77.4921, 16.0256], [77.4957, 16.0477], [77.5029, 16.0732], [77.493, 16.0796], [77.4979, 16.0972], [77.5094, 16.1035], [77.4954, 16.1147], [77.4886, 16.1265], [77.4881, 16.1474], [77.4836, 16.1586], [77.4884, 16.1787], [77.4949, 16.1954], [77.4953, 16.213], [77.5088, 16.2149], [77.5022, 16.2248], [77.4889, 16.2418], [77.499, 16.2579], [77.5131, 16.2707], [77.5258, 16.267], [77.5398, 16.2826], [77.5495, 16.2907], [77.565, 16.2977], [77.5743, 16.2889], [77.5903, 16.2869], [77.591, 16.3046], [77.5866, 16.3205], [77.5916, 16.3375], [77.5718, 16.336], [77.5545, 16.3416], [77.5443, 16.3498], [77.5286, 16.3584], [77.5189, 16.3701], [77.4945, 16.3758], [77.4814, 16.3778], [77.4613, 16.3754], [77.4381, 16.3744], [77.4278, 16.3651], [77.4117, 16.3627], [77.3881, 16.3718], [77.3732, 16.3799], [77.3525, 16.3766], [77.3327, 16.3883], [77.307, 16.394], [77.2946, 16.3996], [77.2782, 16.4107], [77.2693, 16.4231], [77.2582, 16.4473], [77.2352, 16.4681], [77.2515, 16.4679], [77.2854, 16.4715], [77.2958, 16.4813], [77.3091, 16.4893], [77.3244, 16.4809], [77.3437, 16.4821], [77.3582, 16.4831], [77.3673, 16.4938], [77.3729, 16.506], [77.3887, 16.5121], [77.4006, 16.516], [77.4153, 16.5178], [77.4157, 16.544], [77.4016, 16.5468], [77.3948, 16.5582], [77.4021, 16.5663], [77.4173, 16.5639], [77.4367, 16.5812], [77.4564, 16.581], [77.4603, 16.5956], [77.4539, 16.6074], [77.4613, 16.6248], [77.4659, 16.6359], [77.4614, 16.6488], [77.4485, 16.6388], [77.4329, 16.6376], [77.4281, 16.6501], [77.4168, 16.6548], [77.4372, 16.6666], [77.4464, 16.6742], [77.4617, 16.6724], [77.4675, 16.6968], [77.4668, 16.7119], [77.4485, 16.7136], [77.4374, 16.7075], [77.4254, 16.7118], [77.4257, 16.7271], [77.4353, 16.7495], [77.4372, 16.7631], [77.4353, 16.7776], [77.4673, 16.7766], [77.4718, 16.7963], [77.4627, 16.8045], [77.4594, 16.8178], [77.4604, 16.8441], [77.4576, 16.8793], [77.4558, 16.9047], [77.4654, 16.9141], [77.4635, 16.929], [77.4647, 16.9464], [77.4737, 16.9595], [77.48, 16.9752], [77.4784, 16.9902], [77.4936, 17.0058], [77.492, 17.0217], [77.4919, 17.0388], [77.4831, 17.0534], [77.4754, 17.0699], [77.4684, 17.0811], [77.4603, 17.0928], [77.4524, 17.1076], [77.4386, 17.1146], [77.4235, 17.1141], [77.4118, 17.1205], [77.3989, 17.1319], [77.3763, 17.1379], [77.3669, 17.1513], [77.36, 17.1616], [77.3684, 17.1765], [77.3708, 17.1901], [77.3915, 17.1924], [77.3934, 17.2069], [77.3813, 17.2163], [77.3923, 17.2286], [77.4055, 17.2374], [77.4149, 17.2299], [77.42, 17.2416], [77.4374, 17.2614], [77.4497, 17.2699], [77.4528, 17.2866], [77.434, 17.2883], [77.4404, 17.2978], [77.448, 17.3135], [77.4514, 17.3272], [77.4564, 17.345], [77.4499, 17.3631], [77.4793, 17.3696], [77.4745, 17.3592], [77.4924, 17.3555], [77.5098, 17.3593], [77.528, 17.3721], [77.5213, 17.3863], [77.5336, 17.3988], [77.5107, 17.4125], [77.5101, 17.4273], [77.5234, 17.4367], [77.5488, 17.4349], [77.5726, 17.4295], [77.5732, 17.4542], [77.5904, 17.4481], [77.6045, 17.4431], [77.6114, 17.4529], [77.6109, 17.4699], [77.6266, 17.4712], [77.6404, 17.476], [77.6442, 17.4949], [77.6528, 17.5033], [77.649, 17.4916], [77.6649, 17.4763], [77.684, 17.4729], [77.687, 17.4916], [77.6856, 17.5056], [77.6661, 17.51], [77.6566, 17.5213], [77.6332, 17.5231], [77.6166, 17.5294], [77.5993, 17.534], [77.5925, 17.5491], [77.5898, 17.5628], [77.5608, 17.5535], [77.5484, 17.5495], [77.5367, 17.5713], [77.5139, 17.5572], [77.5016, 17.5409], [77.4956, 17.55], [77.49, 17.5663], [77.4741, 17.5651], [77.4652, 17.5747], [77.4399, 17.5815], [77.4421, 17.5958], [77.4465, 17.6072], [77.4488, 17.6228], [77.4475, 17.6471], [77.4491, 17.6661], [77.451, 17.6809], [77.4546, 17.6941], [77.4716, 17.704], [77.4893, 17.7068], [77.5054, 17.7145], [77.5226, 17.724], [77.5394, 17.7254], [77.5519, 17.7344], [77.562, 17.7471], [77.566, 17.7641], [77.537, 17.7705], [77.5276, 17.7767], [77.5093, 17.7801], [77.507, 17.793], [77.5181, 17.8077], [77.526, 17.8268], [77.5437, 17.8263], [77.5592, 17.8386], [77.566, 17.8496], [77.5674, 17.8661], [77.5777, 17.8712], [77.5928, 17.8698], [77.5852, 17.8925], [77.5852, 17.9082], [77.5998, 17.9037], [77.6166, 17.9029], [77.6187, 17.9218], [77.6168, 17.9381], [77.6289, 17.9485], [77.6297, 17.963], [77.6356, 17.9505], [77.6443, 17.9627], [77.6534, 17.9694], [77.6498, 17.9859], [77.6423, 17.9959], [77.6288, 17.9925], [77.6223, 18.0047], [77.6101, 18.0105], [77.5995, 18.0157], [77.585, 18.0248], [77.5745, 18.0307], [77.5578, 18.0352], [77.5521, 18.0469], [77.5474, 18.0636], [77.5605, 18.0711], [77.5774, 18.0769], [77.5898, 18.0803], [77.6006, 18.0994], [77.5966, 18.121], [77.5978, 18.1518], [77.5794, 18.1621], [77.5725, 18.1789], [77.5643, 18.19], [77.5744, 18.1999], [77.585, 18.2167], [77.5768, 18.2331], [77.5815, 18.2563], [77.5919, 18.2618], [77.599, 18.2729], [77.5838, 18.2831], [77.5746, 18.2893], [77.561, 18.2831], [77.55, 18.2913], [77.5702, 18.3082], [77.5534, 18.3312], [77.5273, 18.3394], [77.5195, 18.3493], [77.5214, 18.3647], [77.5305, 18.3758], [77.5416, 18.3852], [77.5552, 18.4179], [77.5352, 18.4212], [77.5259, 18.4274], [77.5285, 18.4405], [77.5464, 18.4406], [77.5602, 18.435], [77.5741, 18.4393], [77.5852, 18.4455], [77.5591, 18.458], [77.5462, 18.4634], [77.5604, 18.4675], [77.5765, 18.4838], [77.5908, 18.4811], [77.6011, 18.4742], [77.6028, 18.4914], [77.5863, 18.5029], [77.5965, 18.515], [77.5933, 18.528], [77.5973, 18.5475], [77.6133, 18.5424], [77.6291, 18.5506], [77.6488, 18.5526], [77.6453, 18.5363], [77.6576, 18.5272], [77.6759, 18.5413], [77.7124, 18.5544], [77.7279, 18.5515], [77.7354, 18.5632], [77.7472, 18.5891], [77.7481, 18.6053], [77.743, 18.6214], [77.736, 18.6309], [77.7297, 18.6427], [77.7332, 18.6557], [77.7329, 18.676], [77.7447, 18.6839], [77.7499, 18.6978], [77.7576, 18.7071], [77.7688, 18.7016], [77.7864, 18.6841], [77.8022, 18.7161], [77.8104, 18.7402], [77.8232, 18.7685], [77.8276, 18.786], [77.8375, 18.8075], [77.8592, 18.8141], [77.9076, 18.8295], [77.9287, 18.8217], [77.9452, 18.8321], [77.9296, 18.8465], [77.9253, 18.8592], [77.9061, 18.8673], [77.8987, 18.8837], [77.8826, 18.8964], [77.8693, 18.9103], [77.8566, 18.9061], [77.8405, 18.9113], [77.8443, 18.9303], [77.8537, 18.9523], [77.8305, 18.9502], [77.8127, 18.9495], [77.8171, 18.9824], [77.7871, 18.9843], [77.7674, 18.9814], [77.7684, 18.9994], [77.7653, 19.0154], [77.7574, 19.0286], [77.7609, 19.0512], [77.771, 19.0562], [77.7911, 19.0507], [77.7972, 19.0649], [77.8013, 19.0844], [77.8002, 19.0989], [77.8152, 19.1037], [77.8255, 19.0917], [77.8422, 19.0868], [77.8452, 19.1142], [77.8339, 19.1327], [77.8492, 19.1553], [77.8539, 19.1694], [77.8584, 19.1808], [77.8445, 19.1882], [77.8527, 19.2046], [77.8585, 19.2185], [77.8623, 19.234], [77.8681, 19.2461], [77.8846, 19.2602], [77.9004, 19.2561], [77.9057, 19.2672], [77.8931, 19.2784], [77.8754, 19.2798], [77.8619, 19.2841], [77.8609, 19.3021], [77.8752, 19.3089], [77.888, 19.3124], [77.8995, 19.3178], [77.922, 19.3259], [77.9372, 19.3358], [77.9489, 19.3413], [77.9627, 19.3318], [77.9769, 19.3211], [77.9855, 19.309], [78.0116, 19.3011], [78.0273, 19.2787], [78.0457, 19.2709], [78.0476, 19.2556], [78.0511, 19.2418], [78.0751, 19.2465], [78.0823, 19.2548], [78.0951, 19.2499], [78.1267, 19.2464], [78.1393, 19.2394], [78.1497, 19.2301], [78.1701, 19.2363], [78.1833, 19.2415], [78.1833, 19.2612], [78.1832, 19.279], [78.1932, 19.3029], [78.1951, 19.325], [78.1871, 19.3386], [78.1796, 19.353], [78.1845, 19.3682], [78.187, 19.3845], [78.1822, 19.4118], [78.1981, 19.4075], [78.2151, 19.4271], [78.2243, 19.434], [78.2458, 19.429], [78.2618, 19.4401], [78.2732, 19.4538], [78.2912, 19.4488], [78.3089, 19.4564], [78.312, 19.4793], [78.3036, 19.4938], [78.2987, 19.5136], [78.2955, 19.5308], [78.2915, 19.5431], [78.2791, 19.5582], [78.2965, 19.5584], [78.3061, 19.5674], [78.312, 19.5786], [78.311, 19.6042], [78.299, 19.6234], [78.2924, 19.6442], [78.2876, 19.6545], [78.2727, 19.6602], [78.2858, 19.6897], [78.3049, 19.6884], [78.3201, 19.6967], [78.3325, 19.7085], [78.3453, 19.7136], [78.3454, 19.7344], [78.3608, 19.754], [78.3648, 19.7673], [78.3677, 19.7811], [78.3605, 19.8057], [78.3392, 19.8135], [78.3414, 19.8329], [78.3032, 19.8458], [78.2942, 19.8556], [78.2977, 19.8733], [78.3076, 19.9085], [78.3195, 19.9155], [78.3351, 19.9101], [78.3266, 19.8994], [78.3363, 19.8832], [78.3658, 19.8829], [78.3841, 19.8792], [78.3842, 19.8636], [78.3892, 19.8462], [78.3977, 19.8364], [78.409, 19.8299], [78.4287, 19.8231], [78.4446, 19.8192], [78.4647, 19.8162], [78.4843, 19.8072], [78.4939, 19.7932], [78.5096, 19.8012], [78.5124, 19.8143], [78.5263, 19.8217], [78.5579, 19.8156], [78.5737, 19.8138], [78.5918, 19.8154], [78.6143, 19.8133], [78.6352, 19.8038], [78.6483, 19.8015], [78.6864, 19.7899], [78.7018, 19.7856], [78.7092, 19.7727], [78.7247, 19.769], [78.7383, 19.7794], [78.7522, 19.7773], [78.7732, 19.7794], [78.797, 19.7686], [78.8076, 19.758], [78.8253, 19.7604], [78.8443, 19.759], [78.8536, 19.738], [78.8574, 19.7197], [78.8617, 19.7059], [78.864, 19.6867], [78.8591, 19.6689], [78.8779, 19.6568], [78.9038, 19.6646], [78.9159, 19.6677], [78.935, 19.6622], [78.9542, 19.6634], [78.969, 19.6492], [78.9647, 19.6296], [78.9656, 19.6045], [78.9783, 19.5904], [78.969, 19.5735], [78.9545, 19.5627], [78.9649, 19.5503], [78.9864, 19.5571], [79.0001, 19.5594], [79.0122, 19.5438], [79.0388, 19.545], [79.0601, 19.5387], [79.0738, 19.5286], [79.0966, 19.5305], [79.1024, 19.5194], [79.1128, 19.5098], [79.1265, 19.5065], [79.1403, 19.5011], [79.157, 19.4855], [79.1691, 19.4678], [79.1778, 19.4607], [79.2187, 19.4645], [79.2088, 19.4848], [79.2157, 19.5106], [79.232, 19.5207], [79.2384, 19.5328], [79.2382, 19.5509], [79.2501, 19.5777], [79.2438, 19.5933], [79.2371, 19.6095], [79.2552, 19.6112], [79.2679, 19.6067], [79.2932, 19.5967], [79.3048, 19.5902], [79.3143, 19.5655], [79.3297, 19.5737], [79.369, 19.5712], [79.3807, 19.5559], [79.389, 19.5489], [79.4018, 19.5398], [79.4136, 19.5335], [79.4303, 19.5351], [79.4582, 19.519], [79.4651, 19.509], [79.4704, 19.4975], [79.48, 19.5038], [79.5134, 19.5181], [79.516, 19.5368], [79.5262, 19.5461], [79.5427, 19.5485], [79.5452, 19.534], [79.5525, 19.52], [79.5656, 19.5109], [79.5827, 19.5031], [79.5981, 19.5038], [79.6024, 19.5145], [79.6072, 19.5395], [79.6158, 19.5586], [79.6397, 19.575], [79.665, 19.5772], [79.6848, 19.5792], [79.7051, 19.5812], [79.7299, 19.5966], [79.7403, 19.6031], [79.7663, 19.6002], [79.7854, 19.5936], [79.7933, 19.5801], [79.8052, 19.5768], [79.8166, 19.569], [79.8206, 19.5524], [79.8282, 19.537], [79.8562, 19.5171], [79.8702, 19.505], [79.9022, 19.4965], [79.9178, 19.4855], [79.9329, 19.4691], [79.945, 19.4588], [79.9458, 19.4408], [79.9592, 19.4259], [79.97, 19.4095], [79.9726, 19.3916], [79.9672, 19.3746], [79.9645, 19.3507], [79.9572, 19.3346], [79.9636, 19.3065], [79.949, 19.2889], [79.9319, 19.2593], [79.9202, 19.2264], [79.9225, 19.2034], [79.9353, 19.1839], [79.9424, 19.1759], [79.9261, 19.1609], [79.906, 19.1418], [79.8712, 19.1227], [79.858, 19.1041], [79.8601, 19.091], [79.8611, 19.06], [79.857, 19.0422], [79.871, 19.0355], [79.8811, 19.0414], [79.9029, 19.048], [79.926, 19.0425], [79.9331, 19.0297], [79.9328, 18.9957], [79.9313, 18.9748], [79.9359, 18.9576], [79.9409, 18.9377], [79.9414, 18.9158], [79.9401, 18.8967], [79.9409, 18.8774], [79.939, 18.8589], [79.9333, 18.845], [79.9255, 18.8375], [79.9041, 18.8349], [79.9091, 18.8067], [79.9163, 18.7973], [79.932, 18.7844], [79.9501, 18.7799], [79.9815, 18.7743], [80.0091, 18.7686], [80.0165, 18.757], [80.0297, 18.7487], [80.0464, 18.7209], [80.0619, 18.7165], [80.0747, 18.7026], [80.087, 18.6976], [80.1005, 18.685], [80.1108, 18.6762], [80.1213, 18.6812], [80.1366, 18.6868], [80.1487, 18.6932], [80.1646, 18.6903], [80.171, 18.6773], [80.189, 18.6756], [80.1941, 18.6885], [80.2019, 18.6974], [80.2144, 18.7011], [80.2253, 18.6961], [80.2417, 18.7002], [80.2604, 18.7141], [80.2779, 18.711], [80.2888, 18.695], [80.2963, 18.6856], [80.3078, 18.6523], [80.315, 18.6363], [80.3193, 18.6217], [80.3315, 18.5966], [80.3388, 18.5882], [80.3529, 18.5909], [80.3597, 18.6022], [80.3816, 18.5936], [80.3933, 18.603], [80.407, 18.6077], [80.4502, 18.6263], [80.463, 18.6227], [80.4801, 18.6276], [80.4981, 18.6177], [80.5138, 18.6131], [80.5218, 18.6008], [80.5293, 18.5898], [80.5404, 18.583], [80.5578, 18.5728], [80.5679, 18.5615], [80.5815, 18.5575], [80.5956, 18.5491], [80.604, 18.5407], [80.6138, 18.5261], [80.627, 18.5182], [80.6356, 18.5116], [80.6368, 18.494], [80.6449, 18.4835], [80.6508, 18.4723], [80.6624, 18.4657], [80.6715, 18.4597], [80.6805, 18.4535], [80.6919, 18.4405], [80.691, 18.4194], [80.713, 18.4057], [80.7265, 18.409], [80.724, 18.3952], [80.7157, 18.3873], [80.7227, 18.3758], [80.7241, 18.3574], [80.7348, 18.3387], [80.7429, 18.3222], [80.7453, 18.3051], [80.7529, 18.2913], [80.7595, 18.2826], [80.7734, 18.2649], [80.7849, 18.2581], [80.7843, 18.2433], [80.7694, 18.2364], [80.7569, 18.2295], [80.7333, 18.2188], [80.7325, 18.1942], [80.7346, 18.1717], [80.7451, 18.1648], [80.7624, 18.163], [80.7869, 18.1642], [80.8109, 18.1785], [80.8179, 18.1871], [80.8177, 18.2128], [80.8189, 18.231], [80.8342, 18.2333], [80.8591, 18.226], [80.8675, 18.2073], [80.8565, 18.1984], [80.8522, 18.1835], [80.8517, 18.1684], [80.8558, 18.1517], [80.8584, 18.1391], [80.8811, 18.1325], [80.9007, 18.1347], [80.912, 18.1385], [80.932, 18.1494], [80.9442, 18.1571], [80.9542, 18.167], [80.9737, 18.1682], [80.9748, 18.1519], [80.9675, 18.138], [80.9494, 18.1232], [80.9498, 18.1037], [80.946, 18.0842], [80.9524, 18.0719], [80.9635, 18.0498], [80.9623, 18.0315], [80.9662, 18.0186], [80.9699, 18.0031], [80.9731, 17.9864], [80.976, 17.9629], [80.9781, 17.9496], [80.9833, 17.935], [80.992, 17.9194], [80.9972, 17.8952], [81.0019, 17.8647], [81.0033, 17.8492], [81.0126, 17.8167], [81.0324, 17.7897], [81.0452, 17.784], [81.0613, 17.7836], [81.0765, 17.7905], [81.0871, 17.8033], [81.0977, 17.8171], [81.109, 17.8231], [81.1212, 17.8283], [81.1596, 17.8526], [81.1764, 17.8491], [81.192, 17.8471], [81.2135, 17.8331], [81.2279, 17.8263], [81.254, 17.8121], [81.2981, 17.8099], [81.3151, 17.8123], [81.3354, 17.8113], [81.3575, 17.8104], [81.3744, 17.8053], [81.3943, 17.8081], [81.4093, 17.8048], [81.4143, 17.8164], [81.4259, 17.8213], [81.4376, 17.8153], [81.4594, 17.8247], [81.4727, 17.8179], [81.4787, 17.8047], [81.4963, 17.8065], [81.5113, 17.8066], [81.5257, 17.8109], [81.5539, 17.8164], [81.5646, 17.8257], [81.594, 17.8191], [81.6112, 17.8154], [81.624, 17.8244], [81.6366, 17.8363], [81.6461, 17.8469], [81.6491, 17.8625], [81.657, 17.8728], [81.6681, 17.8784], [81.6832, 17.8795], [81.6979, 17.8755], [81.7032, 17.8611], [81.7263, 17.8741], [81.7583, 17.8934], [81.7757, 17.9048], [81.786, 17.9136], [81.7941, 17.9297], [81.8198, 17.9455], [81.8333, 17.951], [81.8741, 17.9598], [81.8851, 17.9658], [81.8993, 17.9686], [81.9137, 17.9799], [81.9361, 17.9841], [81.9518, 17.9921], [81.964, 17.9999], [81.9805, 18.0113], [81.9889, 18.0203], [82.0017, 18.0237], [82.0016, 18.0448], [82.0168, 18.0551], [82.0326, 18.0517], [82.0452, 18.0456], [82.0597, 18.0451], [82.0644, 18.0584], [82.0722, 18.0656], [82.0892, 18.0574], [82.108, 18.054], [82.1271, 18.051], [82.1324, 18.0356], [82.1423, 18.0436], [82.1603, 18.0436], [82.1731, 18.0256], [82.1774, 18.0106], [82.191, 18.009], [82.2078, 18.0007], [82.2182, 17.9942], [82.237, 17.992], [82.2417, 17.9798], [82.2611, 17.9824], [82.2689, 17.992], [82.2708, 18.0107], [82.2662, 18.0257], [82.2582, 18.0349], [82.2651, 18.0431], [82.2789, 18.0549], [82.2979, 18.062], [82.2965, 18.0461], [82.3055, 18.0378], [82.3157, 18.0467], [82.3298, 18.0404], [82.3369, 18.0491], [82.3432, 18.0678], [82.3406, 18.0871], [82.3322, 18.0941], [82.3303, 18.119], [82.3334, 18.1424], [82.3449, 18.1346], [82.3576, 18.1251], [82.3643, 18.1349], [82.359, 18.1491], [82.3487, 18.1618], [82.333, 18.1634], [82.3193, 18.1714], [82.3082, 18.1813], [82.3061, 18.1957], [82.3197, 18.201], [82.3328, 18.2158], [82.3213, 18.2225], [82.3302, 18.2313], [82.3318, 18.2468], [82.3369, 18.2662], [82.3671, 18.2709], [82.3822, 18.2843], [82.3874, 18.3006], [82.3844, 18.3187], [82.3692, 18.3178], [82.358, 18.3082], [82.3429, 18.3073], [82.3344, 18.3171], [82.3454, 18.3218], [82.3566, 18.3336], [82.3695, 18.3504], [82.3797, 18.3574], [82.3844, 18.3691], [82.3784, 18.3781], [82.3749, 18.3928], [82.366, 18.4034], [82.3717, 18.4202], [82.3807, 18.4264], [82.3974, 18.4516], [82.4122, 18.4647], [82.4269, 18.477], [82.4371, 18.4973], [82.4499, 18.5114], [82.474, 18.5368], [82.4815, 18.5151], [82.4982, 18.506], [82.5143, 18.5036], [82.5232, 18.4935], [82.5275, 18.4777], [82.5218, 18.4618], [82.5212, 18.4471], [82.5302, 18.4343], [82.5384, 18.4432], [82.5501, 18.4389], [82.5461, 18.4241], [82.5376, 18.4122], [82.5326, 18.3968], [82.5423, 18.3891], [82.5652, 18.384], [82.5773, 18.3773], [82.5936, 18.3705], [82.5993, 18.36], [82.6087, 18.3512], [82.5992, 18.3424], [82.6038, 18.3204], [82.5897, 18.3195], [82.5781, 18.3094], [82.5878, 18.302], [82.5903, 18.2878], [82.5843, 18.2732], [82.5887, 18.2621], [82.5983, 18.2545], [82.6095, 18.2492], [82.6164, 18.2381], [82.6269, 18.2287], [82.6372, 18.2349], [82.6476, 18.2447], [82.6449, 18.2571], [82.6522, 18.2721], [82.6588, 18.2866], [82.6726, 18.2922], [82.6903, 18.2971], [82.7017, 18.3048], [82.7109, 18.3128], [82.7253, 18.3116], [82.7378, 18.3199], [82.7506, 18.3233], [82.7618, 18.3278], [82.7714, 18.3397], [82.7842, 18.3542], [82.7779, 18.3709], [82.7876, 18.3782], [82.7933, 18.395], [82.7812, 18.3995], [82.7762, 18.4155], [82.7871, 18.4267], [82.7992, 18.4394], [82.8184, 18.4385], [82.8301, 18.4261], [82.837, 18.4143], [82.856, 18.4108], [82.87, 18.4062], [82.8794, 18.4146], [82.8884, 18.4063], [82.891, 18.3922], [82.8849, 18.3786], [82.8919, 18.3669], [82.9027, 18.3559], [82.9201, 18.3597], [82.9327, 18.3514], [82.9482, 18.3521], [82.9598, 18.3572], [82.9764, 18.3549], [82.9812, 18.3658], [82.992, 18.375], [83.0116, 18.3782], [83.0319, 18.3733], [83.0534, 18.3753], [83.0658, 18.3894], [83.059, 18.399], [83.0604, 18.4134], [83.0598, 18.4286], [83.0426, 18.4183], [83.039, 18.432], [83.0248, 18.4367], [83.0154, 18.4444], [83.0246, 18.4537], [83.0341, 18.4608], [83.0438, 18.4721], [83.0552, 18.4881], [83.0651, 18.4976], [83.0732, 18.5147], [83.0823, 18.5272], [83.0893, 18.5379], [83.0715, 18.5425], [83.0574, 18.5347], [83.0451, 18.5393], [83.0325, 18.5479], [83.0255, 18.5643], [83.0338, 18.5757], [83.0511, 18.5831], [83.0411, 18.5967], [83.0311, 18.5836], [83.0159, 18.5848], [83.0203, 18.6054], [83.0174, 18.6234], [83.0093, 18.6315], [83.0226, 18.6444], [83.0362, 18.6477], [83.051, 18.6542], [83.0558, 18.6671], [83.0708, 18.6893], [83.0779, 18.7053], [83.0881, 18.7124], [83.0955, 18.7231], [83.106, 18.7385], [83.1165, 18.748], [83.133, 18.7724], [83.1449, 18.7669], [83.1562, 18.7573], [83.1739, 18.7568], [83.1808, 18.7483], [83.1918, 18.7418], [83.2019, 18.7361], [83.2033, 18.7196], [83.2125, 18.7345], [83.2203, 18.742], [83.2173, 18.759], [83.2265, 18.7649], [83.2396, 18.7588], [83.2554, 18.7588], [83.2699, 18.7598], [83.2699, 18.7753], [83.2753, 18.7854], [83.2921, 18.7925], [83.3042, 18.7989], [83.3183, 18.7958], [83.3333, 18.7927], [83.3393, 18.8031], [83.3525, 18.8002], [83.3501, 18.8216], [83.3589, 18.832], [83.3728, 18.8212], [83.3831, 18.8261], [83.3963, 18.8307], [83.3969, 18.8492], [83.4088, 18.8544], [83.4043, 18.866], [83.3878, 18.871], [83.3789, 18.8803], [83.3725, 18.8898], [83.3833, 18.8972], [83.3672, 18.9004], [83.3565, 18.9048], [83.3502, 18.9159], [83.3479, 18.9321], [83.3628, 18.9301], [83.371, 18.9171], [83.3802, 18.9233], [83.3674, 18.9335], [83.3608, 18.9481], [83.349, 18.9561], [83.3448, 18.9453], [83.3398, 18.9332], [83.3414, 18.9184], [83.322, 18.9232], [83.3311, 18.9376], [83.326, 18.9502], [83.3206, 18.961], [83.3096, 18.9768], [83.3043, 18.987], [83.3164, 18.9904], [83.3312, 18.9901], [83.335, 19.0067], [83.355, 19.0094], [83.3623, 18.9947], [83.3847, 18.9973], [83.4014, 18.9964], [83.4114, 18.9887], [83.4329, 18.9614], [83.44, 18.9502], [83.4512, 18.9445], [83.4623, 18.9592], [83.4583, 18.9725], [83.4502, 18.9824], [83.4482, 18.9959], [83.4585, 19.0021], [83.4718, 18.999], [83.4751, 19.0115], [83.4774, 19.0255], [83.4654, 19.0362], [83.4633, 19.0526], [83.4591, 19.0635], [83.4703, 19.0703], [83.4925, 19.055], [83.5029, 19.0647], [83.5085, 19.0499], [83.5101, 19.0362], [83.5082, 19.022], [83.4936, 19.0268], [83.4954, 19.0111], [83.5153, 19.0049], [83.5314, 19.0054], [83.5331, 19.0194], [83.5428, 19.0368], [83.5523, 19.0472], [83.5449, 19.0621], [83.5515, 19.0779], [83.5607, 19.0662], [83.5577, 19.0514], [83.5788, 19.0498], [83.5818, 19.0628], [83.5845, 19.0797], [83.5999, 19.0848], [83.5968, 19.1052], [83.5943, 19.1203], [83.6052, 19.131], [83.6191, 19.1419], [83.6233, 19.1536], [83.6302, 19.1448], [83.6284, 19.1315], [83.6456, 19.1231], [83.6478, 19.1059], [83.6575, 19.0878], [83.6597, 19.0697], [83.6764, 19.0525], [83.6844, 19.0439], [83.6942, 19.0211], [83.7168, 19.0144], [83.7094, 19.002], [83.7057, 18.9852], [83.7263, 18.9756], [83.73, 18.9602], [83.7365, 18.939], [83.7421, 18.9231], [83.7561, 18.9167], [83.7628, 18.9065], [83.7774, 18.9044], [83.7699, 18.933], [83.7615, 18.9446], [83.7484, 18.9514], [83.7417, 18.9671], [83.7411, 18.9839], [83.7506, 18.9924], [83.7617, 18.9968], [83.7711, 19.0026], [83.7789, 19.01], [83.7889, 18.9983], [83.8025, 18.9818], [83.8081, 18.9684], [83.8148, 18.9532], [83.8134, 18.9336], [83.8212, 18.922], [83.8169, 18.9094], [83.8349, 18.9093], [83.8416, 18.8976], [83.8367, 18.8727], [83.8437, 18.8514], [83.8591, 18.843], [83.8669, 18.8235], [83.8832, 18.8197], [83.8869, 18.8054], [83.8955, 18.8149], [83.9206, 18.8116], [83.9336, 18.8069], [83.9398, 18.7966], [83.9556, 18.8031], [83.9823, 18.8], [84.0, 18.8048], [84.0125, 18.8006], [84.0271, 18.8022], [84.0343, 18.7901], [84.0479, 18.7835], [84.0536, 18.7684], [84.0658, 18.7517], [84.0793, 18.7461], [84.1007, 18.7527], [84.1141, 18.7551], [84.1229, 18.7483], [84.1279, 18.7613], [84.1404, 18.7677], [84.1514, 18.7758], [84.1626, 18.7686], [84.1798, 18.769], [84.1865, 18.7796], [84.2038, 18.7826], [84.2167, 18.7873], [84.2307, 18.7856], [84.246, 18.7734], [84.2642, 18.7805], [84.2753, 18.7872], [84.3004, 18.7817], [84.3157, 18.7862], [84.3322, 18.792], [84.3295, 18.8045], [84.3441, 18.8119], [84.3452, 18.8268], [84.3381, 18.8362], [84.3341, 18.8516], [84.336, 18.8667], [84.347, 18.86], [84.3541, 18.8515], [84.3693, 18.859], [84.3662, 18.8717], [84.3538, 18.8751], [84.3714, 18.8754], [84.3832, 18.8693], [84.3861, 18.883], [84.3742, 18.8889], [84.3653, 18.8963], [84.3785, 18.8932], [84.394, 18.8859], [84.4098, 18.8906], [84.4062, 18.9061], [84.418, 18.9007], [84.4294, 18.9137], [84.42, 18.9297], [84.4203, 18.9494], [84.4345, 18.9632], [84.428, 18.9826], [84.4253, 18.9953], [84.418, 19.005], [84.4298, 19.0012], [84.4441, 18.9946], [84.4628, 18.9833], [84.4757, 18.9917], [84.4778, 19.0079], [84.4894, 19.0209], [84.5031, 19.0293], [84.5272, 19.0387], [84.5477, 19.0461], [84.5597, 19.0596], [84.5764, 19.0646], [84.5751, 19.0375], [84.5781, 19.0189], [84.5877, 19.013], [84.597, 19.0197], [84.6005, 19.0329], [84.6076, 19.0454], [84.6233, 19.0557], [84.6477, 19.0561], [84.659, 19.0636], [84.6542, 19.081], [84.6347, 19.0787], [84.6198, 19.0765], [84.6168, 19.09], [84.6029, 19.0966], [84.5958, 19.1152], [84.6094, 19.1175], [84.6255, 19.1183], [84.6404, 19.1222], [84.6573, 19.1214], [84.6659, 19.1353], [84.665, 19.1567], [84.6781, 19.1535], [84.6921, 19.1517], [84.7052, 19.149], [84.6973, 19.1251], [84.6983, 19.1103], [84.7119, 19.1], [84.721, 19.0938], [84.761, 19.0713], [84.7549, 19.0615], [84.7485, 19.0529], [84.7421, 19.0443], [84.7354, 19.0357], [84.7288, 19.0268], [84.7221, 19.0185], [84.7149, 19.0104], [84.7085, 19.0015], [84.7026, 18.9924], [84.696, 18.984], [84.6896, 18.9754], [84.6749, 18.9696], [84.6646, 18.9643], [84.6776, 18.9665], [84.6721, 18.9563], [84.6651, 18.9482], [84.6571, 18.941], [84.649, 18.934], [84.6413, 18.9265], [84.6332, 18.9196], [84.6257, 18.9121], [84.6182, 18.9046], [84.6101, 18.8976], [84.6035, 18.889], [84.5965, 18.881], [84.589, 18.8729], [84.5826, 18.864], [84.5785, 18.8526], [84.5757, 18.8401], [84.569, 18.8315], [84.5618, 18.8232], [84.5565, 18.8126], [84.554, 18.7985], [84.5485, 18.7888], [84.541, 18.7813], [84.5332, 18.7737], [84.524, 18.7674], [84.5157, 18.7607], [84.5071, 18.7543], [84.4987, 18.7474], [84.491, 18.7399], [84.4849, 18.731], [84.4768, 18.7237], [84.4693, 18.7157], [84.4624, 18.7074], [84.4565, 18.6982], [84.4493, 18.6901], [84.4424, 18.6818], [84.4401, 18.6685], [84.4349, 18.6585], [84.4271, 18.6513], [84.4196, 18.6437], [84.4115, 18.6365], [84.4035, 18.6293], [84.3957, 18.6221], [84.3876, 18.6146], [84.3796, 18.6074], [84.3724, 18.5996], [84.3657, 18.5912], [84.3599, 18.5818], [84.3557, 18.5696], [84.3482, 18.5621], [84.3401, 18.5551], [84.3504, 18.5604], [84.3463, 18.5493], [84.3377, 18.5426], [84.3296, 18.5357], [84.321, 18.529], [84.3124, 18.5221], [84.304, 18.5154], [84.2954, 18.5088], [84.2871, 18.5021], [84.279, 18.4951], [84.2707, 18.4882], [84.2626, 18.4813], [84.2546, 18.474], [84.2465, 18.4668], [84.2385, 18.4596], [84.2307, 18.4524], [84.2229, 18.4451], [84.2151, 18.4376], [84.2071, 18.4301], [84.199, 18.4229], [84.191, 18.4154], [84.1837, 18.4076], [84.176, 18.4001], [84.1687, 18.3921], [84.1612, 18.3843], [84.1535, 18.3768], [84.1471, 18.3682], [84.1421, 18.3582], [84.136, 18.349], [84.1263, 18.3429], [84.1254, 18.3288], [84.1293, 18.3176], [84.1229, 18.3087], [84.1132, 18.3032], [84.1038, 18.2976], [84.094, 18.2921], [84.0854, 18.2854], [84.0768, 18.2787], [84.0662, 18.274], [84.0554, 18.2693], [84.0449, 18.2643], [84.0346, 18.2596], [84.0243, 18.2549], [84.0126, 18.2504], [84.0029, 18.2449], [83.9932, 18.2396], [83.9826, 18.2346], [83.9726, 18.2293], [83.9624, 18.224], [83.9529, 18.2185], [83.9424, 18.214], [83.9324, 18.209], [83.9193, 18.2063], [83.9076, 18.2029], [83.896, 18.199], [83.8849, 18.1946], [83.8763, 18.1882], [83.8696, 18.1799], [83.8599, 18.1746], [83.8487, 18.1707], [83.8368, 18.1671], [83.8257, 18.1629], [83.8149, 18.1585], [83.804, 18.154], [83.7929, 18.1499], [83.7821, 18.1457], [83.7724, 18.1401], [83.7618, 18.1354], [83.7515, 18.1304], [83.7415, 18.1249], [83.7315, 18.1199], [83.7213, 18.1146], [83.7115, 18.1093], [83.7021, 18.1035], [83.6924, 18.0979], [83.6832, 18.0921], [83.6732, 18.0868], [83.6654, 18.0796], [83.6565, 18.0729], [83.6474, 18.0668], [83.639, 18.0602], [83.6304, 18.0538], [83.621, 18.0482], [83.6107, 18.0426], [83.6024, 18.0357], [83.5943, 18.0287], [83.5857, 18.0221], [83.5757, 18.0168], [83.5649, 18.0113], [83.5604, 18.0004], [83.5593, 17.9862], [83.5529, 17.9774], [83.5462, 17.969], [83.5399, 17.9601], [83.5324, 17.9524], [83.5232, 17.9465], [83.5137, 17.9407], [83.5049, 17.9343], [83.4949, 17.9293], [83.4857, 17.9235], [83.4765, 17.9176], [83.4674, 17.9115], [83.4593, 17.9185], [83.4576, 17.9049], [83.4521, 17.8951], [83.449, 17.8829], [83.444, 17.8726], [83.4337, 17.8676], [83.4249, 17.8612], [83.4168, 17.8538], [83.4107, 17.8449], [83.4157, 17.8337], [83.4143, 17.8199], [83.4093, 17.8099], [83.4015, 17.8026], [83.3932, 17.7954], [83.3865, 17.7868], [83.3821, 17.7757], [83.3735, 17.7693], [83.3635, 17.7643], [83.3551, 17.7576], [83.3504, 17.7471], [83.3435, 17.7385], [83.3429, 17.724], [83.3326, 17.7187], [83.3224, 17.7135], [83.3135, 17.7074], [83.3057, 17.6982], [83.2982, 17.6907], [83.2843, 17.6885], [83.2787, 17.6993], [83.2726, 17.709], [83.2765, 17.6979], [83.2818, 17.6882], [83.2946, 17.686], [83.2929, 17.6724], [83.2846, 17.6657], [83.2765, 17.6585], [83.2665, 17.6532], [83.2601, 17.644], [83.2501, 17.6388], [83.2401, 17.6335], [83.2332, 17.6251], [83.236, 17.6126], [83.2276, 17.6057], [83.2179, 17.6001], [83.2118, 17.5907], [83.2004, 17.5868], [83.1901, 17.5818], [83.1796, 17.5771], [83.1704, 17.5713], [83.1643, 17.5624], [83.1532, 17.5585], [83.1407, 17.5551], [83.1287, 17.5518], [83.1165, 17.5485], [83.1051, 17.5443], [83.0943, 17.5396], [83.0863, 17.5326], [83.0743, 17.5296], [83.0635, 17.5254], [83.0526, 17.521], [83.0415, 17.5168], [83.0307, 17.5124], [83.021, 17.5071], [83.0113, 17.5018], [83.0043, 17.4935], [82.9993, 17.4835], [82.9938, 17.474], [82.9835, 17.4693], [82.9724, 17.4654], [82.9607, 17.4618], [82.9501, 17.4571], [82.941, 17.451], [82.931, 17.446], [82.9201, 17.4418], [82.9093, 17.4374], [82.8988, 17.4326], [82.8879, 17.4282], [82.8793, 17.4215], [82.8804, 17.4354], [82.8718, 17.4285], [82.8693, 17.4157], [82.8571, 17.4124], [82.8463, 17.4082], [82.8352, 17.4043], [82.8249, 17.3996], [82.8143, 17.3949], [82.8037, 17.3901], [82.7932, 17.3854], [82.7824, 17.3807], [82.7721, 17.376], [82.7613, 17.3715], [82.751, 17.3665], [82.7401, 17.3615], [82.7301, 17.3563], [82.7199, 17.3515], [82.7101, 17.3463], [82.6999, 17.3415], [82.6899, 17.3365], [82.6799, 17.3313], [82.6704, 17.3257], [82.6607, 17.3201], [82.6507, 17.3146], [82.641, 17.3093], [82.6318, 17.3035], [82.6221, 17.2982], [82.6126, 17.2926], [82.6024, 17.2871], [82.5932, 17.2812], [82.5835, 17.2757], [82.5743, 17.2699], [82.5649, 17.264], [82.5557, 17.2582], [82.5468, 17.2521], [82.5376, 17.2462], [82.5285, 17.2399], [82.5193, 17.234], [82.5104, 17.2274], [82.5013, 17.2215], [82.4926, 17.2151], [82.4835, 17.2087], [82.4751, 17.2018], [82.4668, 17.1949], [82.4582, 17.1882], [82.4499, 17.1815], [82.4418, 17.1746], [82.434, 17.1674], [82.426, 17.1604], [82.4185, 17.1526], [82.4101, 17.1457], [82.4021, 17.1385], [82.3943, 17.131], [82.3868, 17.1235], [82.3793, 17.116], [82.3715, 17.1087], [82.3626, 17.1024], [82.3554, 17.0943], [82.3474, 17.0871], [82.3396, 17.0799], [82.3318, 17.0726], [82.3243, 17.0649], [82.3171, 17.0571], [82.3101, 17.049], [82.3029, 17.041], [82.2971, 17.0318], [82.2921, 17.0218], [82.2868, 17.0121], [82.2829, 17.0004], [82.2785, 16.9893], [82.2757, 16.9771], [82.2724, 16.9646], [82.2693, 16.9518], [82.2637, 16.939], [82.2518, 16.9354], [82.2499, 16.9223], [82.2493, 16.9076], [82.256, 16.8987], [82.2604, 16.8876], [82.2688, 16.8804], [82.2818, 16.8776], [82.2915, 16.8715], [82.301, 16.8654], [82.3085, 16.8576], [82.314, 16.8479], [82.3232, 16.854], [82.336, 16.8568], [82.3468, 16.8524], [82.3557, 16.859], [82.3574, 16.8724], [82.3615, 16.8835], [82.3618, 16.901], [82.3624, 16.9174], [82.361, 16.9312], [82.3587, 16.9443], [82.3551, 16.9563], [82.346, 16.9624], [82.3385, 16.9704], [82.3329, 16.9799], [82.3249, 16.9871], [82.3396, 16.9865], [82.3479, 16.9796], [82.3538, 16.9701], [82.3587, 16.9582], [82.361, 16.9446], [82.3629, 16.9299], [82.3649, 16.9168], [82.3657, 16.9021], [82.364, 16.8868], [82.3601, 16.8743], [82.3579, 16.8596], [82.3582, 16.8446], [82.3543, 16.8326], [82.3524, 16.8193], [82.3482, 16.8085], [82.3535, 16.8185], [82.3535, 16.8035], [82.351, 16.7901], [82.3463, 16.7793], [82.344, 16.7665], [82.3415, 16.7535], [82.3424, 16.7393], [82.3299, 16.7351], [82.3174, 16.7326], [82.3107, 16.7238], [82.3035, 16.716], [82.299515, 16.714333]]]]}}, {"type": "Feature", "properties": {"ID_0": 105, "ISO": "IND", "NAME_0": "India", "ID_1": 3, "NAME_1": "Arunachal Pradesh", "NL_NAME_1": "", "VARNAME_1": "Agence de la Frontire du Nord-Est(French-obsolete)|North East Frontier Agency", "TYPE_1": "State", "ENGTYPE_1": "State", "filename": "", "filename_1": "", "filename_2": "", "filename_3": "", "filename_4": ""}, "geometry": {"type": "Polygon", "coordinates": [[[96.157776, 29.383101], [96.1752, 29.3645], [96.1858, 29.3445], [96.1831, 29.3093], [96.1972, 29.2981], [96.2075, 29.2818], [96.2262, 29.2598], [96.2342, 29.2435], [96.2436, 29.2351], [96.2657, 29.2366], [96.2828, 29.2353], [96.3126, 29.2591], [96.3453, 29.2674], [96.3584, 29.2815], [96.369, 29.2863], [96.3821, 29.2764], [96.3875, 29.2638], [96.3918, 29.2462], [96.3877, 29.2337], [96.3714, 29.218], [96.3663, 29.2075], [96.3585, 29.1816], [96.3464, 29.171], [96.3326, 29.1695], [96.31, 29.1685], [96.2906, 29.1621], [96.2725, 29.1607], [96.2555, 29.1542], [96.2388, 29.1485], [96.2175, 29.1381], [96.2087, 29.1207], [96.2003, 29.1059], [96.1856, 29.0946], [96.1695, 29.0876], [96.1555, 29.0857], [96.1242, 29.0807], [96.1367, 29.0645], [96.1504, 29.0531], [96.1608, 29.0365], [96.1652, 29.0201], [96.1756, 29.0035], [96.1849, 28.9881], [96.1804, 28.9685], [96.1622, 28.9597], [96.1541, 28.9465], [96.1452, 28.9375], [96.1553, 28.9283], [96.1656, 28.914], [96.1747, 28.9043], [96.186, 28.912], [96.2047, 28.9192], [96.2281, 28.9293], [96.2483, 28.9428], [96.2557, 28.9593], [96.2682, 28.9713], [96.2819, 28.9837], [96.2937, 28.9987], [96.3091, 29.0056], [96.3215, 29.0128], [96.3373, 29.0245], [96.3467, 29.0323], [96.3687, 29.0349], [96.389, 29.0341], [96.4044, 29.0354], [96.4209, 29.037], [96.4358, 29.0376], [96.4498, 29.0423], [96.4649, 29.0523], [96.4772, 29.0601], [96.4916, 29.0658], [96.5082, 29.0738], [96.5186, 29.0785], [96.5117, 29.0526], [96.5054, 29.0419], [96.4988, 29.0313], [96.4928, 29.0203], [96.4843, 29.0053], [96.4774, 28.994], [96.4812, 28.9823], [96.4875, 28.9653], [96.5134, 28.9703], [96.5226, 28.9555], [96.5303, 28.937], [96.5379, 28.9232], [96.5361, 28.8972], [96.5423, 28.8792], [96.5526, 28.8641], [96.5598, 28.8559], [96.567, 28.8419], [96.5759, 28.8305], [96.5843, 28.8215], [96.5951, 28.8152], [96.6038, 28.8044], [96.6112, 28.79], [96.616, 28.7786], [96.6136, 28.7598], [96.5982, 28.738], [96.5859, 28.7216], [96.5723, 28.7147], [96.56, 28.7119], [96.5322, 28.7115], [96.508, 28.7011], [96.4984, 28.6926], [96.4843, 28.6883], [96.4705, 28.6846], [96.4784, 28.6729], [96.4868, 28.6588], [96.4952, 28.6438], [96.4842, 28.6315], [96.4729, 28.6225], [96.4583, 28.6139], [96.4444, 28.606], [96.435, 28.597], [96.4281, 28.5871], [96.4074, 28.5944], [96.4062, 28.5779], [96.4008, 28.5624], [96.3864, 28.5637], [96.3708, 28.5642], [96.3546, 28.5606], [96.3432, 28.5511], [96.3348, 28.5385], [96.3243, 28.5303], [96.3421, 28.5212], [96.353, 28.5149], [96.3666, 28.5047], [96.373, 28.487], [96.3414, 28.47], [96.3239, 28.455], [96.3096, 28.4457], [96.2971, 28.4391], [96.2848, 28.4308], [96.2745, 28.424], [96.266, 28.417], [96.277, 28.4089], [96.2993, 28.4067], [96.3081, 28.4004], [96.3153, 28.3884], [96.3305, 28.3878], [96.3618, 28.3938], [96.3748, 28.3873], [96.38, 28.3641], [96.3994, 28.3445], [96.4127, 28.3467], [96.427, 28.3634], [96.4299, 28.381], [96.4391, 28.401], [96.4538, 28.4156], [96.4697, 28.4228], [96.4967, 28.4236], [96.5103, 28.4183], [96.5339, 28.4346], [96.5511, 28.4422], [96.5595, 28.453], [96.5796, 28.4631], [96.5987, 28.4662], [96.6214, 28.4644], [96.6392, 28.4641], [96.6601, 28.4664], [96.6754, 28.4568], [96.6873, 28.4483], [96.7062, 28.4375], [96.7169, 28.4329], [96.734, 28.4308], [96.7511, 28.4217], [96.7632, 28.4042], [96.7673, 28.3897], [96.7744, 28.3741], [96.7971, 28.3705], [96.8116, 28.3681], [96.8265, 28.3672], [96.8522, 28.3684], [96.8625, 28.3783], [96.88, 28.3828], [96.894, 28.3861], [96.9042, 28.3799], [96.92, 28.3634], [96.9259, 28.345], [96.9423, 28.3421], [96.9619, 28.332], [96.9741, 28.3237], [96.9965, 28.3162], [97.0227, 28.3263], [97.0364, 28.3387], [97.0414, 28.3492], [97.0518, 28.3581], [97.0661, 28.3595], [97.0793, 28.3651], [97.0926, 28.3697], [97.1042, 28.363], [97.121, 28.358], [97.1298, 28.3514], [97.139, 28.3444], [97.152, 28.334], [97.1654, 28.313], [97.1739, 28.2991], [97.1926, 28.2944], [97.214, 28.2991], [97.228, 28.2945], [97.2342, 28.2808], [97.2544, 28.2765], [97.2681, 28.2783], [97.2821, 28.2763], [97.2926, 28.2706], [97.3063, 28.264], [97.313, 28.2518], [97.3274, 28.2508], [97.3417, 28.2422], [97.3514, 28.2343], [97.365, 28.2316], [97.3747, 28.2256], [97.3897, 28.2124], [97.4006, 28.2005], [97.3922, 28.1912], [97.3822, 28.1965], [97.3636, 28.1965], [97.3518, 28.1815], [97.3413, 28.1723], [97.3308, 28.163], [97.3247, 28.1482], [97.3317, 28.1357], [97.34, 28.1245], [97.3272, 28.1095], [97.3175, 28.101], [97.3102, 28.0933], [97.3077, 28.0771], [97.3189, 28.0671], [97.3453, 28.0666], [97.366, 28.0681], [97.368, 28.0524], [97.3771, 28.0391], [97.3986, 28.0341], [97.4116, 28.0273], [97.4022, 28.013], [97.3888, 28.0062], [97.3833, 27.9937], [97.3782, 27.9818], [97.3785, 27.9632], [97.3756, 27.9444], [97.3827, 27.9361], [97.3811, 27.9211], [97.3876, 27.9037], [97.3785, 27.8931], [97.3648, 27.8851], [97.35, 27.8913], [97.3356, 27.8932], [97.3212, 27.8895], [97.3229, 27.9034], [97.3147, 27.9252], [97.2881, 27.9218], [97.2565, 27.9095], [97.2412, 27.8955], [97.2265, 27.8822], [97.2124, 27.872], [97.2026, 27.8644], [97.1954, 27.8562], [97.1879, 27.8476], [97.1744, 27.8384], [97.164, 27.8268], [97.1523, 27.8192], [97.1374, 27.8151], [97.1279, 27.8011], [97.1149, 27.7959], [97.0984, 27.7886], [97.1048, 27.7752], [97.0981, 27.7573], [97.0914, 27.7485], [97.0675, 27.7597], [97.0566, 27.752], [97.0374, 27.7522], [97.0157, 27.7406], [97.0103, 27.7255], [97.0032, 27.7105], [96.9888, 27.6969], [96.9826, 27.6798], [96.9587, 27.6743], [96.9423, 27.6674], [96.929, 27.656], [96.927, 27.6419], [96.9203, 27.6327], [96.9006, 27.6243], [96.8991, 27.6005], [96.9101, 27.5899], [96.9132, 27.5763], [96.9154, 27.5604], [96.9245, 27.5513], [96.9336, 27.5372], [96.9364, 27.5233], [96.9308, 27.5119], [96.9219, 27.4994], [96.9139, 27.4884], [96.9108, 27.4746], [96.9176, 27.4589], [96.9333, 27.4505], [96.9414, 27.427], [96.9655, 27.4154], [96.9689, 27.4018], [96.969, 27.3863], [96.977, 27.3768], [96.985, 27.3626], [96.9975, 27.3551], [97.0003, 27.34], [97.0096, 27.3256], [97.0403, 27.3079], [97.0436, 27.2898], [97.0567, 27.2856], [97.0633, 27.2722], [97.0737, 27.2619], [97.0818, 27.2539], [97.0941, 27.2479], [97.0951, 27.2214], [97.108, 27.2131], [97.1202, 27.2046], [97.1257, 27.1924], [97.1336, 27.181], [97.1499, 27.1783], [97.156, 27.1622], [97.1672, 27.1555], [97.1722, 27.1444], [97.1663, 27.1326], [97.1559, 27.1264], [97.1501, 27.1115], [97.1399, 27.1013], [97.1223, 27.112], [97.1147, 27.1199], [97.0992, 27.1186], [97.0843, 27.112], [97.0715, 27.1092], [97.0589, 27.1141], [97.0479, 27.1237], [97.035, 27.1371], [97.021, 27.1455], [97.0068, 27.1498], [96.9926, 27.1612], [96.9735, 27.1711], [96.9553, 27.1737], [96.928, 27.1751], [96.9027, 27.1808], [96.883, 27.1905], [96.8662, 27.1997], [96.8636, 27.2122], [96.8741, 27.2267], [96.8852, 27.2326], [96.8927, 27.2476], [96.8879, 27.2594], [96.8751, 27.2672], [96.8617, 27.2725], [96.8538, 27.2907], [96.8497, 27.3063], [96.8363, 27.3105], [96.8249, 27.3205], [96.8171, 27.3295], [96.8086, 27.3449], [96.8024, 27.3544], [96.7853, 27.3588], [96.773, 27.365], [96.7542, 27.3628], [96.7407, 27.3645], [96.7284, 27.3724], [96.7125, 27.3807], [96.7064, 27.3712], [96.6937, 27.3655], [96.6762, 27.3709], [96.6608, 27.3714], [96.6461, 27.3678], [96.6304, 27.3718], [96.6125, 27.3694], [96.6026, 27.3607], [96.599, 27.3489], [96.5917, 27.3409], [96.5799, 27.3337], [96.566, 27.3267], [96.5562, 27.3206], [96.5453, 27.3097], [96.5307, 27.298], [96.517, 27.3006], [96.5054, 27.3076], [96.486, 27.3052], [96.4707, 27.3125], [96.4525, 27.3098], [96.4335, 27.3099], [96.4161, 27.2999], [96.4017, 27.2986], [96.3828, 27.2975], [96.3641, 27.3002], [96.3552, 27.2899], [96.3412, 27.2916], [96.3204, 27.298], [96.3033, 27.2992], [96.2904, 27.2941], [96.2822, 27.286], [96.2674, 27.2778], [96.2542, 27.281], [96.2414, 27.2843], [96.2271, 27.2806], [96.2181, 27.2696], [96.2059, 27.2661], [96.1919, 27.2618], [96.1821, 27.2542], [96.1637, 27.2545], [96.1504, 27.2495], [96.1145, 27.2333], [96.099, 27.2314], [96.0873, 27.2186], [96.069, 27.2132], [96.0573, 27.2028], [96.0364, 27.1961], [96.027, 27.179], [96.023, 27.1664], [96.0169, 27.1548], [96.0043, 27.1404], [95.9896, 27.1252], [95.9792, 27.1107], [95.9719, 27.0988], [95.9631, 27.082], [95.9571, 27.0682], [95.946, 27.0597], [95.9362, 27.053], [95.9232, 27.0489], [95.9092, 27.0403], [95.9007, 27.0318], [95.8892, 27.0279], [95.8771, 27.0205], [95.8578, 27.0224], [95.838, 27.0153], [95.8153, 27.0222], [95.8049, 27.012], [95.7796, 26.99], [95.7717, 26.9786], [95.7609, 26.964], [95.7637, 26.945], [95.7525, 26.9302], [95.7581, 26.9149], [95.7451, 26.9009], [95.736, 26.8927], [95.7211, 26.8836], [95.7035, 26.8872], [95.6923, 26.8999], [95.6813, 26.905], [95.6682, 26.9083], [95.6578, 26.8981], [95.651, 26.8838], [95.6368, 26.8793], [95.6336, 26.8551], [95.6281, 26.8438], [95.618, 26.8299], [95.6115, 26.8212], [95.5923, 26.823], [95.5748, 26.8257], [95.5656, 26.8338], [95.5548, 26.8396], [95.5328, 26.8312], [95.525, 26.8199], [95.5148, 26.8132], [95.5065, 26.7966], [95.5022, 26.7827], [95.4959, 26.7719], [95.4891, 26.7617], [95.4796, 26.7537], [95.4657, 26.7504], [95.4585, 26.7377], [95.4463, 26.7274], [95.4398, 26.718], [95.4324, 26.7036], [95.4233, 26.6967], [95.4064, 26.6966], [95.3946, 26.691], [95.3781, 26.6834], [95.3659, 26.6776], [95.3466, 26.6779], [95.3244, 26.6691], [95.3084, 26.6577], [95.2931, 26.6612], [95.272, 26.6628], [95.262, 26.6737], [95.2565, 26.6893], [95.244, 26.6939], [95.2361, 26.7122], [95.2282, 26.7238], [95.2161, 26.7353], [95.221, 26.7474], [95.2241, 26.7617], [95.2332, 26.7719], [95.2425, 26.7845], [95.2275, 26.7923], [95.2151, 26.7984], [95.2068, 26.8117], [95.2026, 26.8288], [95.2005, 26.8429], [95.2086, 26.8507], [95.193, 26.8512], [95.1858, 26.8596], [95.2064, 26.8779], [95.2178, 26.8869], [95.2339, 26.8908], [95.2338, 26.9059], [95.2318, 26.9261], [95.2171, 26.9342], [95.2092, 26.9567], [95.2137, 26.9681], [95.2066, 26.9788], [95.1952, 26.99], [95.2001, 27.0062], [95.1979, 27.0198], [95.1955, 27.043], [95.2077, 27.0348], [95.2226, 27.0409], [95.2379, 27.0432], [95.2482, 27.0303], [95.2607, 27.0373], [95.271, 27.0451], [95.2794, 27.0539], [95.2879, 27.0663], [95.2966, 27.0729], [95.3097, 27.0811], [95.3233, 27.0896], [95.3351, 27.0959], [95.3486, 27.1048], [95.3665, 27.1129], [95.3727, 27.1017], [95.3855, 27.1051], [95.3961, 27.1145], [95.4203, 27.1308], [95.441, 27.1328], [95.4508, 27.1388], [95.4637, 27.1504], [95.4587, 27.1633], [95.468, 27.1723], [95.4686, 27.1905], [95.4621, 27.203], [95.4694, 27.2183], [95.4806, 27.2323], [95.4872, 27.246], [95.5063, 27.2546], [95.5109, 27.2663], [95.5259, 27.2663], [95.5542, 27.2593], [95.5633, 27.2525], [95.5783, 27.2471], [95.5901, 27.2295], [95.6074, 27.2314], [95.6191, 27.2366], [95.6341, 27.2398], [95.6792, 27.2539], [95.6954, 27.2581], [95.7155, 27.2591], [95.7319, 27.2665], [95.757, 27.2744], [95.7847, 27.2791], [95.8008, 27.2887], [95.8102, 27.2809], [95.8379, 27.2871], [95.8502, 27.2932], [95.8606, 27.2834], [95.8724, 27.2669], [95.8877, 27.2633], [95.9012, 27.2764], [95.9064, 27.2919], [95.9187, 27.2992], [95.9406, 27.3096], [95.9632, 27.3171], [95.969, 27.3284], [95.9842, 27.3343], [95.97, 27.337], [95.9937, 27.3514], [95.997, 27.3635], [96.0132, 27.364], [96.0106, 27.3813], [96.0021, 27.3935], [95.9946, 27.4124], [95.9795, 27.4218], [95.9778, 27.4355], [95.968, 27.4241], [95.9636, 27.4355], [95.9535, 27.4408], [95.943, 27.4464], [95.9168, 27.4432], [95.908, 27.4326], [95.9001, 27.4113], [95.89, 27.4264], [95.8887, 27.4441], [95.8758, 27.4354], [95.8649, 27.429], [95.858, 27.4207], [95.8493, 27.4303], [95.8529, 27.4448], [95.8638, 27.452], [95.8612, 27.4663], [95.8763, 27.4711], [95.8813, 27.4874], [95.886, 27.5036], [95.8818, 27.5151], [95.8799, 27.5298], [95.8814, 27.5458], [95.867, 27.5511], [95.8521, 27.5657], [95.8363, 27.5712], [95.8277, 27.5818], [95.8198, 27.5903], [95.8242, 27.603], [95.8096, 27.6053], [95.7961, 27.6182], [95.785, 27.6274], [95.7974, 27.6359], [95.8015, 27.649], [95.7862, 27.6557], [95.7778, 27.6663], [95.7804, 27.6792], [95.7945, 27.6842], [95.7788, 27.6944], [95.7734, 27.7054], [95.7704, 27.72], [95.7587, 27.7267], [95.7719, 27.7345], [95.7848, 27.7398], [95.7805, 27.7582], [95.7888, 27.7651], [95.8009, 27.7769], [95.8076, 27.7899], [95.8231, 27.8092], [95.835, 27.8158], [95.846, 27.8301], [95.8663, 27.8385], [95.8921, 27.857], [95.8976, 27.8675], [95.9062, 27.8772], [95.9187, 27.8828], [95.9286, 27.8905], [95.9383, 27.9033], [95.9525, 27.9228], [95.9575, 27.9329], [95.9652, 27.9526], [95.9775, 27.9685], [95.9569, 27.9691], [95.8259, 27.9774], [95.6067, 27.9578], [95.5969, 27.9511], [95.5887, 27.9416], [95.5712, 27.9424], [95.5663, 27.9316], [95.5438, 27.9135], [95.533, 27.9004], [95.516, 27.8818], [95.3843, 27.842], [95.3166, 27.8711], [95.2925, 27.865], [95.2365, 27.8484], [95.1949, 27.8345], [95.0518, 27.7902], [95.0388, 27.7777], [95.0191, 27.7725], [94.9979, 27.7766], [94.987, 27.7709], [94.93, 27.7567], [94.8839, 27.7421], [94.8609, 27.7395], [94.8536, 27.7316], [94.8488, 27.7107], [94.8394, 27.7035], [94.8213, 27.6962], [94.8002, 27.6971], [94.791, 27.6888], [94.7765, 27.6834], [94.7643, 27.6746], [94.7559, 27.6665], [94.7427, 27.6634], [94.7277, 27.6679], [94.7166, 27.6617], [94.6981, 27.6671], [94.6839, 27.6633], [94.6825, 27.6496], [94.6646, 27.6479], [94.6484, 27.6421], [94.6398, 27.631], [94.625, 27.6301], [94.6141, 27.6257], [94.6006, 27.6219], [94.5863, 27.6201], [94.5735, 27.607], [94.5561, 27.6032], [94.5366, 27.597], [94.5157, 27.5847], [94.5002, 27.5773], [94.4831, 27.5772], [94.4693, 27.564], [94.4597, 27.5577], [94.4535, 27.5709], [94.4424, 27.5795], [94.4306, 27.5965], [94.4032, 27.5872], [94.3876, 27.5893], [94.3758, 27.5846], [94.3675, 27.5768], [94.3488, 27.5795], [94.3291, 27.5884], [94.3124, 27.5897], [94.3016, 27.5999], [94.2885, 27.5945], [94.2752, 27.5974], [94.2619, 27.6101], [94.2672, 27.6279], [94.2591, 27.637], [94.2451, 27.6359], [94.226, 27.618], [94.2174, 27.609], [94.2251, 27.5985], [94.2255, 27.5811], [94.2341, 27.5715], [94.2565, 27.5574], [94.2569, 27.5405], [94.2625, 27.5274], [94.2217, 27.507], [94.2123, 27.4979], [94.1952, 27.4975], [94.1747, 27.4841], [94.1572, 27.478], [94.1545, 27.4605], [94.1408, 27.4485], [94.1233, 27.435], [94.1065, 27.4181], [94.0933, 27.4109], [94.0724, 27.383], [94.0631, 27.3689], [94.0483, 27.3587], [94.0301, 27.348], [94.0098, 27.3389], [94.0007, 27.3301], [93.9902, 27.3246], [93.9809, 27.3138], [93.9565, 27.2948], [93.9389, 27.2733], [93.9189, 27.2571], [93.901, 27.2415], [93.893, 27.231], [93.8674, 27.1988], [93.8575, 27.1911], [93.8472, 27.1798], [93.837, 27.1721], [93.817, 27.1582], [93.8073, 27.1501], [93.8014, 27.1379], [93.8135, 27.132], [93.822, 27.122], [93.8272, 27.1119], [93.8313, 27.0924], [93.8367, 27.0782], [93.8282, 27.069], [93.8157, 27.0655], [93.8021, 27.0618], [93.7912, 27.0546], [93.7832, 27.0672], [93.7792, 27.0533], [93.7724, 27.0623], [93.7685, 27.0433], [93.7464, 27.0324], [93.7339, 27.0272], [93.7189, 27.0192], [93.7056, 27.0083], [93.701, 26.9971], [93.6758, 26.9711], [93.6551, 26.9665], [93.6402, 26.9648], [93.6245, 26.9642], [93.5958, 26.9552], [93.5708, 26.9541], [93.5455, 26.9517], [93.5258, 26.9486], [93.4894, 26.9385], [93.4681, 26.9389], [93.4479, 26.9542], [93.3907, 26.96], [93.3742, 26.9604], [93.3479, 26.9632], [93.2669, 26.956], [93.2224, 26.9491], [93.1843, 26.9387], [93.109, 26.9273], [93.0919, 26.9155], [93.0764, 26.9199], [93.0602, 26.9212], [93.0382, 26.9179], [93.0194, 26.9168], [92.9974, 26.9303], [92.9827, 26.9359], [92.9616, 26.9459], [92.9328, 26.9569], [92.9217, 26.9619], [92.9167, 26.9847], [92.8998, 26.9963], [92.8875, 27.0002], [92.8724, 27.0077], [92.8366, 27.0135], [92.8244, 27.0185], [92.7853, 27.0307], [92.7691, 27.033], [92.7275, 27.0284], [92.7137, 27.0261], [92.6824, 27.0317], [92.6589, 27.0385], [92.6505, 27.0248], [92.6391, 27.0185], [92.6442, 27.0025], [92.6455, 26.9874], [92.5852, 26.9619], [92.5536, 26.9591], [92.5318, 26.9633], [92.5154, 26.9644], [92.4906, 26.9647], [92.4663, 26.9631], [92.4462, 26.9606], [92.4258, 26.9435], [92.3998, 26.9263], [92.3673, 26.9316], [92.353, 26.9356], [92.3201, 26.9284], [92.3029, 26.9242], [92.3037, 26.9095], [92.2901, 26.9055], [92.2764, 26.9025], [92.2651, 26.9076], [92.2546, 26.9122], [92.2094, 26.8969], [92.1948, 26.891], [92.1772, 26.8925], [92.1479, 26.8909], [92.1295, 26.8907], [92.1079, 26.8938], [92.1136, 26.9195], [92.1171, 26.9324], [92.1119, 26.9494], [92.1174, 26.9602], [92.1132, 26.9757], [92.1021, 26.983], [92.1033, 27.0078], [92.0882, 27.017], [92.0788, 27.0328], [92.0706, 27.0454], [92.0537, 27.0522], [92.0418, 27.0604], [92.0362, 27.0702], [92.0278, 27.0786], [92.0275, 27.0972], [92.0225, 27.1082], [92.0282, 27.1235], [92.0344, 27.1325], [92.0306, 27.1472], [92.0234, 27.1623], [92.0354, 27.1768], [92.051, 27.1843], [92.0573, 27.2031], [92.0667, 27.2149], [92.0683, 27.2342], [92.0615, 27.2477], [92.0497, 27.2566], [92.0396, 27.2667], [92.07, 27.2774], [92.0831, 27.2721], [92.1016, 27.2691], [92.1152, 27.2733], [92.1206, 27.2876], [92.1071, 27.299], [92.078, 27.3103], [92.0672, 27.3183], [92.0588, 27.3272], [92.0602, 27.3453], [92.0484, 27.3583], [92.0461, 27.3793], [92.0545, 27.4001], [92.0421, 27.4128], [92.0428, 27.431], [92.033, 27.4375], [92.0192, 27.4476], [92.0198, 27.4681], [92.0112, 27.4818], [91.9967, 27.4774], [91.9822, 27.4676], [91.9654, 27.4668], [91.9547, 27.4614], [91.9394, 27.4606], [91.9227, 27.4714], [91.8985, 27.4683], [91.8722, 27.4728], [91.863, 27.4821], [91.8396, 27.4757], [91.8285, 27.469], [91.8094, 27.4726], [91.7886, 27.4692], [91.7738, 27.4645], [91.7566, 27.4733], [91.7419, 27.4739], [91.72, 27.4704], [91.7126, 27.483], [91.7, 27.4955], [91.6901, 27.5027], [91.6744, 27.4944], [91.6611, 27.4867], [91.6474, 27.4847], [91.6441, 27.499], [91.6282, 27.5081], [91.616, 27.5224], [91.6093, 27.5416], [91.5944, 27.5396], [91.5815, 27.5623], [91.5668, 27.575], [91.5768, 27.5996], [91.5711, 27.6129], [91.5631, 27.62], [91.5577, 27.6335], [91.5668, 27.6525], [91.5897, 27.6718], [91.5985, 27.6866], [91.6101, 27.6929], [91.6161, 27.702], [91.6234, 27.7153], [91.6291, 27.7318], [91.6296, 27.747], [91.64, 27.758], [91.6311, 27.7716], [91.6296, 27.7941], [91.6193, 27.8083], [91.5988, 27.8209], [91.5842, 27.8188], [91.573, 27.8127], [91.5605, 27.8214], [91.5458, 27.8469], [91.5525, 27.8586], [91.5644, 27.8527], [91.5771, 27.862], [91.5941, 27.8621], [91.6074, 27.854], [91.6216, 27.8577], [91.6378, 27.8545], [91.6541, 27.8571], [91.6693, 27.8567], [91.6796, 27.8441], [91.6895, 27.8291], [91.7022, 27.8168], [91.7212, 27.8105], [91.7463, 27.8033], [91.7711, 27.8012], [91.7886, 27.8046], [91.8041, 27.8089], [91.8153, 27.8034], [91.8242, 27.8103], [91.8289, 27.7967], [91.8335, 27.7799], [91.8452, 27.7757], [91.8512, 27.7651], [91.8576, 27.7423], [91.8704, 27.7345], [91.8786, 27.7218], [91.9023, 27.7271], [91.915, 27.7182], [91.934, 27.7216], [91.9451, 27.7287], [91.9498, 27.7395], [91.9556, 27.7507], [91.9729, 27.7599], [91.9839, 27.77], [92.0003, 27.7675], [92.0378, 27.7572], [92.0554, 27.7591], [92.0676, 27.7679], [92.0846, 27.7798], [92.0992, 27.7934], [92.12, 27.8106], [92.1389, 27.8245], [92.1561, 27.837], [92.1709, 27.8429], [92.1893, 27.8521], [92.2003, 27.8571], [92.2342, 27.8626], [92.2552, 27.8622], [92.2674, 27.8539], [92.2774, 27.8252], [92.2847, 27.8076], [92.3074, 27.7792], [92.3289, 27.7835], [92.3503, 27.7907], [92.3642, 27.7936], [92.3798, 27.795], [92.383, 27.8156], [92.398, 27.8205], [92.4139, 27.823], [92.4274, 27.812], [92.4438, 27.8008], [92.4595, 27.8076], [92.467, 27.8152], [92.4767, 27.8215], [92.4925, 27.8368], [92.5151, 27.8402], [92.5264, 27.8311], [92.5439, 27.8175], [92.5607, 27.821], [92.5762, 27.8418], [92.5857, 27.8569], [92.6051, 27.8775], [92.6204, 27.8845], [92.6516, 27.893], [92.6692, 27.9001], [92.6864, 27.9195], [92.7013, 27.9338], [92.7139, 27.9493], [92.7298, 27.9719], [92.7395, 27.9894], [92.7278, 28.0015], [92.7221, 28.0145], [92.7095, 28.0333], [92.6954, 28.0484], [92.6813, 28.0586], [92.6629, 28.0628], [92.6673, 28.0783], [92.6731, 28.0967], [92.6776, 28.1104], [92.6849, 28.1234], [92.6942, 28.1298], [92.7046, 28.1366], [92.7209, 28.145], [92.7366, 28.1516], [92.7583, 28.1669], [92.783, 28.1837], [92.7996, 28.2022], [92.8162, 28.2016], [92.8177, 28.1843], [92.8265, 28.172], [92.8394, 28.1792], [92.8526, 28.1852], [92.8728, 28.1944], [92.8953, 28.2046], [92.9053, 28.2152], [92.9129, 28.235], [92.9229, 28.2426], [92.9417, 28.2487], [92.9555, 28.2583], [92.9745, 28.2596], [92.986, 28.2513], [92.99, 28.2344], [93.0099, 28.2399], [93.0203, 28.2523], [93.0338, 28.2631], [93.0257, 28.2866], [93.0219, 28.2999], [93.0459, 28.3025], [93.0617, 28.3069], [93.0871, 28.3062], [93.1107, 28.3148], [93.1248, 28.3268], [93.155, 28.3185], [93.1798, 28.3172], [93.2069, 28.3233], [93.219, 28.3337], [93.2203, 28.3555], [93.2223, 28.3779], [93.2315, 28.4007], [93.2161, 28.4137], [93.2046, 28.4193], [93.1904, 28.426], [93.1811, 28.4327], [93.1903, 28.4442], [93.2009, 28.449], [93.2136, 28.4582], [93.2224, 28.4703], [93.2353, 28.4827], [93.254, 28.4916], [93.2696, 28.5011], [93.2793, 28.5138], [93.2889, 28.5434], [93.2974, 28.5576], [93.3053, 28.5663], [93.2975, 28.592], [93.3064, 28.601], [93.3196, 28.607], [93.3299, 28.6156], [93.3323, 28.6337], [93.3419, 28.6401], [93.3618, 28.6408], [93.3897, 28.6495], [93.4052, 28.6519], [93.4298, 28.6623], [93.4413, 28.6726], [93.4567, 28.6684], [93.4626, 28.657], [93.4755, 28.6623], [93.4792, 28.675], [93.4911, 28.684], [93.5092, 28.6798], [93.5184, 28.6738], [93.5245, 28.6613], [93.5613, 28.6596], [93.607, 28.6559], [93.6349, 28.661], [93.6536, 28.6668], [93.6694, 28.672], [93.6855, 28.6793], [93.7138, 28.6839], [93.725, 28.6882], [93.7436, 28.6846], [93.7613, 28.6746], [93.7752, 28.6685], [93.7974, 28.6803], [93.8188, 28.6949], [93.8356, 28.7045], [93.8497, 28.707], [93.8653, 28.7037], [93.9041, 28.6767], [93.9196, 28.6704], [93.9346, 28.6771], [93.9435, 28.6892], [93.957, 28.7047], [93.9625, 28.7187], [93.9651, 28.743], [93.9776, 28.7593], [93.9904, 28.7656], [94.0014, 28.7755], [93.9984, 28.788], [93.9853, 28.7983], [94.0, 28.8198], [93.9949, 28.8414], [94.0148, 28.8512], [94.0301, 28.8535], [94.044, 28.8738], [94.0569, 28.8864], [94.0665, 28.8961], [94.0788, 28.9058], [94.0942, 28.9151], [94.1205, 28.9303], [94.1365, 28.9404], [94.1551, 28.9548], [94.1583, 28.9741], [94.1668, 28.9812], [94.1729, 28.9918], [94.1719, 29.007], [94.1752, 29.0205], [94.185, 29.0391], [94.192, 29.0488], [94.199, 29.0601], [94.2058, 29.0694], [94.2147, 29.0841], [94.2247, 29.09], [94.2381, 29.1005], [94.2458, 29.108], [94.2577, 29.1168], [94.2689, 29.1271], [94.2776, 29.1354], [94.2877, 29.1481], [94.3075, 29.1509], [94.3313, 29.1503], [94.3502, 29.1502], [94.3637, 29.1572], [94.3701, 29.1818], [94.3768, 29.1945], [94.3971, 29.2038], [94.4139, 29.2127], [94.4257, 29.2236], [94.4415, 29.2254], [94.4669, 29.2217], [94.4945, 29.2167], [94.514, 29.2172], [94.5331, 29.2187], [94.5458, 29.2233], [94.5579, 29.2289], [94.5674, 29.2408], [94.5726, 29.2565], [94.5739, 29.2752], [94.5838, 29.2827], [94.5939, 29.2898], [94.6054, 29.297], [94.619, 29.3128], [94.6237, 29.3368], [94.6282, 29.3486], [94.6496, 29.3419], [94.666, 29.3318], [94.6772, 29.3278], [94.691, 29.3167], [94.7045, 29.3078], [94.7159, 29.3001], [94.7307, 29.2872], [94.7482, 29.2663], [94.7665, 29.2528], [94.7774, 29.2411], [94.7908, 29.2262], [94.7979, 29.21], [94.7965, 29.1955], [94.7929, 29.1804], [94.798, 29.1646], [94.8203, 29.171], [94.8326, 29.1767], [94.8466, 29.183], [94.8718, 29.1843], [94.8926, 29.176], [94.907, 29.1665], [94.9188, 29.1623], [94.9382, 29.161], [94.9569, 29.1604], [94.971, 29.1562], [94.9816, 29.15], [94.9951, 29.141], [95.005, 29.1358], [95.0228, 29.1306], [95.0182, 29.143], [95.0104, 29.1519], [94.992, 29.1658], [95.0049, 29.1705], [95.0203, 29.1611], [95.0397, 29.1524], [95.0537, 29.1502], [95.0781, 29.1456], [95.0921, 29.1444], [95.1089, 29.129], [95.1218, 29.1163], [95.1459, 29.1156], [95.1775, 29.1086], [95.1966, 29.1076], [95.2136, 29.1083], [95.2405, 29.1107], [95.2479, 29.0938], [95.2506, 29.0814], [95.2575, 29.062], [95.2724, 29.0586], [95.2862, 29.0622], [95.3028, 29.0629], [95.3183, 29.0551], [95.3311, 29.0515], [95.3455, 29.0461], [95.3739, 29.0413], [95.4, 29.0354], [95.4165, 29.0382], [95.4294, 29.0413], [95.4474, 29.036], [95.4593, 29.0431], [95.4649, 29.0546], [95.474, 29.0659], [95.4859, 29.0763], [95.4891, 29.0897], [95.4919, 29.1092], [95.495, 29.1353], [95.5035, 29.143], [95.5278, 29.1347], [95.5468, 29.1287], [95.5466, 29.1457], [95.5463, 29.1681], [95.5416, 29.197], [95.5372, 29.2082], [95.545, 29.2156], [95.5604, 29.2165], [95.5797, 29.2174], [95.5856, 29.2282], [95.5876, 29.2424], [95.593, 29.2542], [95.6051, 29.2625], [95.6206, 29.255], [95.6312, 29.249], [95.6429, 29.256], [95.6602, 29.2652], [95.6732, 29.2711], [95.6832, 29.2773], [95.6923, 29.2865], [95.7019, 29.3004], [95.7152, 29.2983], [95.7271, 29.3025], [95.7435, 29.3163], [95.7651, 29.3446], [95.7729, 29.3518], [95.787, 29.3474], [95.7965, 29.3363], [95.8101, 29.3451], [95.8193, 29.3521], [95.8403, 29.3537], [95.8589, 29.3675], [95.8752, 29.3856], [95.8893, 29.3914], [95.9096, 29.3881], [95.9354, 29.3843], [95.9571, 29.3827], [95.978, 29.4004], [95.9872, 29.4069], [96.0025, 29.4121], [96.0145, 29.4214], [96.0256, 29.4334], [96.0347, 29.443], [96.0441, 29.4505], [96.0556, 29.4584], [96.0695, 29.4623], [96.0872, 29.4616], [96.1012, 29.4453], [96.1132, 29.4275], [96.1239, 29.4176], [96.1392, 29.4078], [96.15, 29.3993], [96.157776, 29.383101]]]}}, {"type": "Feature", "properties": {"ID_0": 105, "ISO": "IND", "NAME_0": "India", "ID_1": 4, "NAME_1": "Assam", "NL_NAME_1": "", "VARNAME_1": "", "TYPE_1": "State", "ENGTYPE_1": "State", "filename": "", "filename_1": "", "filename_2": "", "filename_3": "", "filename_4": ""}, "geometry": {"type": "MultiPolygon", "coordinates": [[[[89.871452, 25.537298], [89.8703, 25.5215], [89.8756, 25.5055], [89.88, 25.4886], [89.8718, 25.4789], [89.8596, 25.4734], [89.8548, 25.4847], [89.859, 25.4964], [89.8641, 25.5102], [89.8592, 25.5274], [89.8653, 25.5396], [89.871452, 25.537298]]], [[[89.871452, 25.537298], [89.871452, 25.537298]]], [[[95.952316, 27.941841], [95.9553, 27.9268], [95.9435, 27.9126], [95.9286, 27.9029], [95.9274, 27.8873], [95.914, 27.8808], [95.9072, 27.8686], [95.8942, 27.861], [95.8766, 27.8418], [95.8521, 27.8341], [95.8434, 27.8215], [95.8289, 27.8137], [95.8113, 27.7937], [95.8064, 27.7836], [95.7954, 27.7726], [95.7805, 27.7582], [95.7878, 27.742], [95.7719, 27.7345], [95.7582, 27.7311], [95.7704, 27.72], [95.7734, 27.7054], [95.7788, 27.6944], [95.7931, 27.6923], [95.7855, 27.6833], [95.7785, 27.6724], [95.7862, 27.6557], [95.8015, 27.649], [95.7974, 27.6359], [95.785, 27.6274], [95.7961, 27.6182], [95.8096, 27.6053], [95.8242, 27.603], [95.8198, 27.5903], [95.8277, 27.5818], [95.8363, 27.5712], [95.8521, 27.5657], [95.8624, 27.5526], [95.8813, 27.5532], [95.8799, 27.5298], [95.8818, 27.5151], [95.8896, 27.5062], [95.8791, 27.4992], [95.8784, 27.4756], [95.8661, 27.469], [95.8638, 27.452], [95.8529, 27.4448], [95.8493, 27.4303], [95.858, 27.4207], [95.8649, 27.429], [95.8758, 27.4354], [95.8826, 27.4441], [95.8894, 27.4316], [95.8944, 27.4183], [95.9061, 27.4233], [95.9112, 27.44], [95.9333, 27.4467], [95.9499, 27.445], [95.9573, 27.4329], [95.968, 27.4241], [95.9733, 27.4367], [95.9809, 27.4261], [95.9912, 27.4194], [96.001, 27.4035], [96.0084, 27.3872], [96.0149, 27.3755], [96.0031, 27.3645], [95.9937, 27.3514], [95.9773, 27.3423], [95.9687, 27.3318], [95.9632, 27.3171], [95.9406, 27.3096], [95.9187, 27.2992], [95.9064, 27.2919], [95.9012, 27.2764], [95.8981, 27.2643], [95.8824, 27.2669], [95.8654, 27.2767], [95.8619, 27.29], [95.8379, 27.2871], [95.8102, 27.2809], [95.8008, 27.2887], [95.7847, 27.2791], [95.757, 27.2744], [95.7399, 27.2699], [95.7255, 27.2592], [95.7019, 27.2556], [95.6844, 27.2574], [95.637, 27.2369], [95.6191, 27.2366], [95.6074, 27.2314], [95.5901, 27.2295], [95.5779, 27.2422], [95.5633, 27.2525], [95.5542, 27.2593], [95.5348, 27.2706], [95.5205, 27.2637], [95.5063, 27.2546], [95.491, 27.2487], [95.4806, 27.2323], [95.4739, 27.2236], [95.4597, 27.2134], [95.4658, 27.1974], [95.4637, 27.1821], [95.4638, 27.167], [95.4637, 27.1504], [95.4578, 27.1356], [95.441, 27.1328], [95.4203, 27.1308], [95.4063, 27.1183], [95.3861, 27.1117], [95.377, 27.1022], [95.3678, 27.1097], [95.3486, 27.1048], [95.3351, 27.0959], [95.3233, 27.0896], [95.3097, 27.0811], [95.2966, 27.0729], [95.2879, 27.0663], [95.2778, 27.0568], [95.271, 27.0451], [95.2599, 27.039], [95.2482, 27.0303], [95.2379, 27.0432], [95.2226, 27.0409], [95.2138, 27.0335], [95.2038, 27.043], [95.1545, 27.006], [95.1428, 26.9983], [95.1264, 26.9869], [95.1135, 26.9776], [95.0869, 26.9527], [95.0653, 26.9482], [95.0546, 26.9409], [95.038, 26.9385], [95.0286, 26.9325], [95.0166, 26.9244], [94.9995, 26.9243], [94.9894, 26.9178], [94.9797, 26.9246], [94.9679, 26.9315], [94.9573, 26.9435], [94.9412, 26.9393], [94.9282, 26.9521], [94.918, 26.9451], [94.9013, 26.9403], [94.8862, 26.9325], [94.8696, 26.915], [94.859, 26.8933], [94.8515, 26.8813], [94.8388, 26.874], [94.8323, 26.8627], [94.8211, 26.8545], [94.8167, 26.8415], [94.8131, 26.8248], [94.7966, 26.8185], [94.8054, 26.8122], [94.795, 26.8037], [94.7731, 26.795], [94.7683, 26.7834], [94.76, 26.7766], [94.7458, 26.7821], [94.7377, 26.7689], [94.7197, 26.758], [94.6969, 26.7397], [94.6866, 26.7326], [94.6651, 26.7278], [94.6534, 26.7236], [94.632, 26.7197], [94.6201, 26.7267], [94.6104, 26.7359], [94.5952, 26.7299], [94.6046, 26.7199], [94.595, 26.7124], [94.589, 26.7024], [94.5715, 26.6962], [94.5647, 26.706], [94.5504, 26.7102], [94.5278, 26.7013], [94.5155, 26.6873], [94.503, 26.6777], [94.4928, 26.6723], [94.4679, 26.6698], [94.4586, 26.6553], [94.4645, 26.6404], [94.4345, 26.6254], [94.4099, 26.6164], [94.406, 26.6019], [94.4148, 26.5833], [94.4093, 26.569], [94.4048, 26.5552], [94.4025, 26.5388], [94.3966, 26.5297], [94.3783, 26.5253], [94.3692, 26.51], [94.3511, 26.5086], [94.3496, 26.4928], [94.3369, 26.4848], [94.3239, 26.4794], [94.3165, 26.4629], [94.3033, 26.4673], [94.2939, 26.4807], [94.2902, 26.496], [94.2872, 26.5085], [94.2891, 26.5252], [94.2849, 26.5403], [94.2848, 26.5554], [94.2626, 26.5439], [94.2533, 26.5325], [94.2448, 26.5169], [94.2289, 26.5033], [94.2115, 26.4898], [94.2011, 26.4699], [94.1865, 26.4605], [94.1758, 26.4318], [94.1768, 26.4134], [94.1791, 26.3887], [94.174, 26.3778], [94.1645, 26.3601], [94.1753, 26.3551], [94.1645, 26.3393], [94.1493, 26.3391], [94.124, 26.3359], [94.1287, 26.3233], [94.1113, 26.326], [94.1027, 26.3087], [94.0903, 26.2971], [94.0801, 26.2888], [94.0778, 26.2754], [94.0705, 26.26], [94.0529, 26.2558], [94.0442, 26.24], [94.0382, 26.2295], [94.0368, 26.2097], [94.0311, 26.1994], [94.022, 26.1915], [94.0088, 26.1805], [94.0039, 26.1694], [93.9997, 26.1582], [94.0064, 26.1472], [93.9997, 26.1365], [93.9965, 26.1224], [94.0022, 26.1114], [93.9922, 26.0978], [93.9864, 26.0883], [93.9894, 26.0741], [93.9808, 26.0586], [93.9726, 26.045], [93.9631, 26.0334], [93.9584, 26.0119], [93.9606, 25.997], [93.958, 25.9816], [93.9692, 25.9608], [93.9711, 25.9449], [93.9827, 25.9263], [93.972, 25.9175], [93.9608, 25.9059], [93.9484, 25.9012], [93.9346, 25.8914], [93.9159, 25.8877], [93.9018, 25.871], [93.8916, 25.8586], [93.8827, 25.8459], [93.8687, 25.8554], [93.8517, 25.863], [93.8327, 25.8563], [93.8243, 25.8471], [93.8214, 25.8324], [93.8116, 25.8213], [93.7958, 25.8144], [93.7888, 25.826], [93.7826, 25.8382], [93.7836, 25.8539], [93.7858, 25.8669], [93.7915, 25.8901], [93.7957, 25.9012], [93.7963, 25.9182], [93.7932, 25.931], [93.7907, 25.9442], [93.7852, 25.9583], [93.773, 25.966], [93.7703, 25.9535], [93.7588, 25.9487], [93.7494, 25.9421], [93.7365, 25.9305], [93.7165, 25.9217], [93.6977, 25.9171], [93.6877, 25.9094], [93.6909, 25.8893], [93.7064, 25.8533], [93.6938, 25.8472], [93.6825, 25.8407], [93.6781, 25.8289], [93.6608, 25.8244], [93.6444, 25.8196], [93.6341, 25.81], [93.6275, 25.7986], [93.6211, 25.7852], [93.6114, 25.7765], [93.5983, 25.7684], [93.5872, 25.7595], [93.5733, 25.7608], [93.5655, 25.7413], [93.5499, 25.7324], [93.5488, 25.7147], [93.5436, 25.7017], [93.5315, 25.694], [93.5168, 25.6881], [93.5102, 25.671], [93.5021, 25.662], [93.4902, 25.656], [93.4834, 25.6458], [93.4685, 25.6438], [93.4586, 25.6384], [93.4415, 25.6348], [93.431, 25.6292], [93.4225, 25.6223], [93.4123, 25.6137], [93.4092, 25.6004], [93.3901, 25.5947], [93.3824, 25.5848], [93.3768, 25.5737], [93.3652, 25.5698], [93.3544, 25.5652], [93.3413, 25.5549], [93.3317, 25.5468], [93.3404, 25.5373], [93.3542, 25.5312], [93.36, 25.5203], [93.365, 25.5101], [93.3718, 25.5011], [93.3864, 25.4934], [93.3913, 25.4814], [93.3959, 25.4641], [93.4171, 25.4528], [93.435, 25.4548], [93.4569, 25.4419], [93.4651, 25.4234], [93.4672, 25.4031], [93.4739, 25.3931], [93.4782, 25.3799], [93.4663, 25.3617], [93.4537, 25.3481], [93.4619, 25.3366], [93.4567, 25.3253], [93.468, 25.3138], [93.4656, 25.2991], [93.452, 25.2947], [93.4386, 25.2866], [93.4264, 25.2811], [93.4207, 25.2663], [93.4063, 25.2641], [93.3946, 25.2503], [93.3871, 25.2424], [93.3855, 25.2286], [93.3781, 25.2161], [93.3696, 25.2081], [93.3622, 25.1956], [93.3531, 25.1818], [93.3492, 25.1667], [93.351, 25.1445], [93.3461, 25.1299], [93.3444, 25.1162], [93.3392, 25.1064], [93.3295, 25.0945], [93.3127, 25.078], [93.3061, 25.0644], [93.3046, 25.048], [93.2869, 25.0468], [93.2682, 25.0497], [93.2639, 25.0389], [93.2556, 25.0287], [93.2488, 25.0188], [93.2467, 25.0042], [93.2599, 25.0065], [93.2553, 24.9924], [93.2529, 24.9751], [93.2632, 24.9664], [93.2624, 24.9514], [93.2492, 24.9551], [93.2541, 24.9426], [93.24, 24.9388], [93.2502, 24.9301], [93.2505, 24.9151], [93.2434, 24.9037], [93.2334, 24.8987], [93.2291, 24.8848], [93.2219, 24.871], [93.2143, 24.862], [93.2058, 24.8553], [93.2016, 24.8439], [93.193, 24.8364], [93.1916, 24.8226], [93.1974, 24.8113], [93.1859, 24.805], [93.1788, 24.7961], [93.1687, 24.8011], [93.1572, 24.7923], [93.1443, 24.7998], [93.1371, 24.8111], [93.1213, 24.8085], [93.1085, 24.7909], [93.1013, 24.7783], [93.1043, 24.7632], [93.1, 24.7507], [93.1072, 24.7419], [93.0973, 24.7318], [93.093, 24.7155], [93.0787, 24.7142], [93.0831, 24.7016], [93.0903, 24.6929], [93.0918, 24.6778], [93.1047, 24.6753], [93.0976, 24.6628], [93.0891, 24.6527], [93.0893, 24.6339], [93.0794, 24.6263], [93.0867, 24.6138], [93.0768, 24.6038], [93.0885, 24.59], [93.1044, 24.5876], [93.0962, 24.5802], [93.0871, 24.5712], [93.0712, 24.5761], [93.0727, 24.5611], [93.0655, 24.5473], [93.0527, 24.5447], [93.0485, 24.5309], [93.0528, 24.5196], [93.0414, 24.5146], [93.0358, 24.4969], [93.0457, 24.4818], [93.0483, 24.464], [93.0367, 24.4439], [93.0322, 24.4289], [93.0393, 24.4176], [93.0292, 24.4063], [93.016, 24.4025], [93.0064, 24.4119], [92.998, 24.4016], [92.9883, 24.4077], [92.9708, 24.4012], [92.9603, 24.3959], [92.9539, 24.4046], [92.9406, 24.4011], [92.9276, 24.3986], [92.9115, 24.4129], [92.9057, 24.3991], [92.8944, 24.3953], [92.8842, 24.403], [92.8739, 24.3973], [92.8591, 24.3984], [92.8491, 24.3861], [92.8327, 24.3764], [92.8254, 24.3884], [92.8317, 24.3993], [92.8211, 24.4068], [92.8111, 24.4136], [92.8008, 24.419], [92.7978, 24.4347], [92.7899, 24.4561], [92.7844, 24.4712], [92.7791, 24.4865], [92.7652, 24.5208], [92.7592, 24.5118], [92.7545, 24.5011], [92.7488, 24.4885], [92.7436, 24.4746], [92.7305, 24.4528], [92.7238, 24.4359], [92.7181, 24.4162], [92.7074, 24.3924], [92.7041, 24.3762], [92.695, 24.3696], [92.6917, 24.3564], [92.6838, 24.3475], [92.667, 24.3456], [92.6565, 24.3391], [92.6494, 24.3308], [92.6365, 24.3342], [92.6234, 24.3308], [92.6194, 24.3115], [92.6168, 24.2912], [92.6168, 24.2753], [92.6131, 24.2558], [92.596, 24.2493], [92.5818, 24.2454], [92.5646, 24.2501], [92.5506, 24.2459], [92.5478, 24.2319], [92.5422, 24.2142], [92.5373, 24.2019], [92.5315, 24.1835], [92.5254, 24.1729], [92.5137, 24.1693], [92.5025, 24.1621], [92.4859, 24.1622], [92.4807, 24.1523], [92.4748, 24.1429], [92.4668, 24.135], [92.4572, 24.1435], [92.4439, 24.1531], [92.4352, 24.1626], [92.4342, 24.1814], [92.4222, 24.1885], [92.4197, 24.2025], [92.4202, 24.2179], [92.4201, 24.2352], [92.4225, 24.2482], [92.4068, 24.2519], [92.3765, 24.2513], [92.3141, 24.2526], [92.2966, 24.2517], [92.2596, 24.2504], [92.2405, 24.2506], [92.2129, 24.2493], [92.2641, 24.3622], [92.2683, 24.3748], [92.2727, 24.3862], [92.2642, 24.3976], [92.2593, 24.4135], [92.2575, 24.4325], [92.2392, 24.4473], [92.2323, 24.4584], [92.2289, 24.472], [92.2338, 24.4847], [92.2346, 24.4993], [92.2314, 24.5194], [92.2329, 24.533], [92.2333, 24.5511], [92.2351, 24.5704], [92.2374, 24.5916], [92.242, 24.6083], [92.2461, 24.6193], [92.2511, 24.636], [92.2532, 24.6491], [92.256, 24.6637], [92.2595, 24.6752], [92.2627, 24.6886], [92.2726, 24.6993], [92.2787, 24.7097], [92.286, 24.7204], [92.2937, 24.7286], [92.2886, 24.7408], [92.2922, 24.7597], [92.2867, 24.7694], [92.2931, 24.7836], [92.2849, 24.7952], [92.2814, 24.8144], [92.2797, 24.828], [92.2668, 24.8321], [92.2573, 24.8413], [92.2441, 24.8494], [92.2419, 24.8661], [92.25, 24.8746], [92.249, 24.8888], [92.2416, 24.8966], [92.2452, 24.9103], [92.2578, 24.9069], [92.2709, 24.9113], [92.2831, 24.9048], [92.2897, 24.9158], [92.3053, 24.913], [92.3152, 24.9038], [92.3249, 24.8949], [92.3389, 24.8886], [92.3434, 24.8775], [92.348, 24.894], [92.3555, 24.8805], [92.3707, 24.8717], [92.3836, 24.8672], [92.3875, 24.8511], [92.4045, 24.8548], [92.4165, 24.8628], [92.4249, 24.8543], [92.4375, 24.861], [92.4502, 24.8715], [92.4666, 24.8722], [92.486, 24.8743], [92.4977, 24.8804], [92.4943, 24.8944], [92.5047, 24.9044], [92.4972, 24.9152], [92.4938, 24.9269], [92.4888, 24.9384], [92.4893, 24.9544], [92.4801, 24.9453], [92.4644, 24.9464], [92.4521, 24.9534], [92.4716, 24.956], [92.4671, 24.9686], [92.4545, 24.9732], [92.44, 24.9668], [92.4285, 24.9726], [92.4236, 24.9961], [92.4295, 25.0097], [92.4322, 25.0251], [92.4418, 25.0399], [92.4542, 25.0366], [92.4647, 25.0472], [92.4675, 25.0614], [92.4746, 25.0708], [92.4802, 25.0858], [92.4843, 25.1081], [92.5098, 25.1055], [92.5265, 25.1059], [92.538, 25.0993], [92.5331, 25.1121], [92.5252, 25.1256], [92.5275, 25.1399], [92.5399, 25.1373], [92.5532, 25.1307], [92.568, 25.1301], [92.5817, 25.1319], [92.5944, 25.1283], [92.61, 25.1241], [92.6216, 25.1177], [92.63, 25.125], [92.638, 25.1452], [92.6483, 25.1527], [92.6595, 25.1591], [92.663, 25.173], [92.677, 25.1822], [92.6939, 25.1814], [92.7046, 25.1905], [92.7162, 25.1942], [92.7333, 25.2032], [92.7471, 25.2078], [92.7589, 25.204], [92.7796, 25.2031], [92.7929, 25.2124], [92.8036, 25.2172], [92.7943, 25.226], [92.7722, 25.2333], [92.7646, 25.2493], [92.7767, 25.2605], [92.7698, 25.2689], [92.7821, 25.2759], [92.7922, 25.2852], [92.7869, 25.3007], [92.788, 25.3176], [92.7844, 25.3325], [92.7725, 25.3396], [92.7606, 25.3353], [92.7512, 25.3485], [92.7457, 25.3611], [92.7361, 25.3738], [92.7254, 25.3804], [92.7129, 25.3845], [92.7004, 25.3878], [92.6935, 25.4], [92.68, 25.4086], [92.6709, 25.4167], [92.6601, 25.4104], [92.6537, 25.4239], [92.6416, 25.4195], [92.6327, 25.4331], [92.6206, 25.4237], [92.6118, 25.4161], [92.607, 25.4272], [92.6053, 25.4419], [92.6002, 25.4539], [92.5982, 25.4717], [92.5854, 25.4676], [92.5715, 25.4641], [92.5666, 25.4751], [92.5756, 25.4904], [92.5895, 25.4995], [92.6056, 25.5081], [92.6216, 25.5158], [92.6376, 25.5285], [92.6447, 25.5374], [92.6499, 25.56], [92.6607, 25.5703], [92.6576, 25.5891], [92.6406, 25.5874], [92.6332, 25.5748], [92.6211, 25.5683], [92.6035, 25.5611], [92.5935, 25.5539], [92.5814, 25.5598], [92.5695, 25.5645], [92.561, 25.5743], [92.5563, 25.5928], [92.5586, 25.609], [92.5445, 25.6142], [92.5173, 25.6201], [92.5017, 25.6229], [92.4933, 25.6361], [92.4883, 25.65], [92.4813, 25.6639], [92.4747, 25.6733], [92.4654, 25.6825], [92.4513, 25.6866], [92.4343, 25.6875], [92.4315, 25.7042], [92.4364, 25.7156], [92.4332, 25.7315], [92.417, 25.7297], [92.4107, 25.7431], [92.3948, 25.7415], [92.3835, 25.7474], [92.3675, 25.7424], [92.3518, 25.7349], [92.339, 25.7269], [92.3177, 25.7238], [92.2936, 25.7173], [92.2705, 25.7109], [92.2536, 25.7101], [92.2368, 25.7084], [92.229, 25.7162], [92.2106, 25.6959], [92.2016, 25.6897], [92.1879, 25.6834], [92.175, 25.6702], [92.1607, 25.6719], [92.1644, 25.6849], [92.161, 25.6973], [92.1559, 25.7091], [92.151, 25.7194], [92.1609, 25.7263], [92.1648, 25.7448], [92.1582, 25.7572], [92.1541, 25.7729], [92.1512, 25.7875], [92.1531, 25.8128], [92.1631, 25.8218], [92.1693, 25.8353], [92.1752, 25.8465], [92.1808, 25.8632], [92.1869, 25.8748], [92.2033, 25.8901], [92.2156, 25.8938], [92.2238, 25.9007], [92.2175, 25.9099], [92.2006, 25.9082], [92.192, 25.9158], [92.1809, 25.9086], [92.1637, 25.9118], [92.1602, 25.926], [92.1575, 25.9393], [92.1608, 25.9515], [92.1655, 25.9644], [92.1731, 25.9722], [92.1916, 25.9852], [92.2074, 25.9882], [92.2152, 25.9963], [92.2557, 26.0289], [92.3016, 26.0765], [92.2901, 26.0728], [92.2737, 26.065], [92.2515, 26.0644], [92.2283, 26.0676], [92.2136, 26.0697], [92.1894, 26.0669], [92.1809, 26.0762], [92.1547, 26.0681], [92.1462, 26.0586], [92.1331, 26.0459], [92.1162, 26.0466], [92.0934, 26.0485], [92.0811, 26.0436], [92.0705, 26.0378], [92.0529, 26.0328], [92.0396, 26.0362], [92.0279, 26.0399], [92.0082, 26.0394], [91.9911, 26.041], [91.9842, 26.0305], [91.9578, 26.0189], [91.9463, 26.0145], [91.9268, 26.0016], [91.9157, 26.0103], [91.9117, 26.0238], [91.892, 26.0296], [91.8702, 26.0522], [91.8752, 26.0846], [91.8647, 26.1003], [91.8538, 26.1048], [91.8266, 26.1181], [91.8156, 26.1114], [91.8081, 26.1038], [91.7904, 26.087], [91.7785, 26.0912], [91.7595, 26.0713], [91.7313, 26.0592], [91.7264, 26.0469], [91.7232, 26.0303], [91.7212, 26.0018], [91.7198, 25.9783], [91.7216, 25.9651], [91.7139, 25.9472], [91.7009, 25.9419], [91.6923, 25.9291], [91.6786, 25.9173], [91.6693, 25.9054], [91.6515, 25.9077], [91.6328, 25.9258], [91.6228, 25.931], [91.6112, 25.9399], [91.6246, 25.946], [91.6341, 25.9605], [91.628, 25.977], [91.6287, 25.9951], [91.6321, 26.014], [91.6261, 26.024], [91.6019, 26.0226], [91.5881, 26.0301], [91.5758, 26.0331], [91.5688, 26.0217], [91.5651, 26.0075], [91.5548, 25.9866], [91.5513, 25.9749], [91.5373, 25.9684], [91.5258, 25.9613], [91.5182, 25.9528], [91.5163, 25.9383], [91.5016, 25.9208], [91.5169, 25.92], [91.5359, 25.934], [91.5248, 25.9208], [91.5085, 25.9098], [91.5012, 25.8985], [91.4885, 25.8949], [91.4787, 25.8847], [91.4748, 25.8712], [91.4937, 25.8655], [91.5078, 25.8674], [91.5173, 25.8747], [91.5222, 25.8859], [91.5254, 25.8729], [91.5128, 25.8666], [91.496, 25.8623], [91.4784, 25.8577], [91.455, 25.8513], [91.4444, 25.841], [91.4308, 25.8478], [91.4189, 25.8547], [91.4051, 25.8499], [91.3885, 25.8473], [91.3705, 25.8443], [91.3569, 25.8415], [91.3425, 25.8361], [91.325, 25.8238], [91.3063, 25.7964], [91.2969, 25.7782], [91.2873, 25.7641], [91.2796, 25.7567], [91.2623, 25.7493], [91.2325, 25.7292], [91.2159, 25.7239], [91.198, 25.731], [91.1887, 25.7389], [91.1892, 25.7635], [91.1812, 25.7734], [91.1847, 25.795], [91.191, 25.8107], [91.1943, 25.8264], [91.2026, 25.8405], [91.1981, 25.8548], [91.1855, 25.85], [91.1682, 25.8456], [91.1529, 25.8501], [91.1379, 25.8421], [91.1263, 25.8382], [91.0814, 25.8293], [91.0665, 25.8258], [91.0499, 25.8289], [91.0618, 25.8361], [91.073, 25.8425], [91.0785, 25.8526], [91.0659, 25.8464], [91.0491, 25.8488], [91.042, 25.8394], [91.0249, 25.8276], [91.0127, 25.8211], [91.0016, 25.8258], [91.0087, 25.8382], [91.0131, 25.8572], [91.0265, 25.8666], [91.0291, 25.8799], [91.0206, 25.8873], [91.0013, 25.8865], [90.9848, 25.8899], [90.9713, 25.8877], [90.9669, 25.9053], [90.9606, 25.9277], [90.9539, 25.9367], [90.9427, 25.9476], [90.9321, 25.9397], [90.9183, 25.9432], [90.9163, 25.9281], [90.9191, 25.9133], [90.9012, 25.9296], [90.8924, 25.9391], [90.883, 25.9518], [90.8724, 25.9467], [90.8568, 25.9443], [90.841, 25.9432], [90.828, 25.9474], [90.8099, 25.9522], [90.7971, 25.9415], [90.7817, 25.9212], [90.7781, 25.9083], [90.7577, 25.9111], [90.7501, 25.9192], [90.7526, 25.934], [90.7403, 25.9409], [90.746, 25.9526], [90.7254, 25.9488], [90.7131, 25.9522], [90.686, 25.9508], [90.6757, 25.9365], [90.654, 25.9297], [90.6378, 25.9233], [90.6273, 25.917], [90.6267, 25.9014], [90.6107, 25.9075], [90.6076, 25.9196], [90.629, 25.9374], [90.6054, 25.947], [90.5918, 25.9521], [90.5825, 25.9598], [90.5728, 25.9482], [90.5632, 25.9356], [90.5534, 25.9291], [90.5468, 25.9199], [90.5336, 25.9088], [90.5255, 25.901], [90.5125, 25.8962], [90.5185, 25.9094], [90.5262, 25.9283], [90.5338, 25.9363], [90.5345, 25.958], [90.5241, 25.9699], [90.5136, 25.9824], [90.5057, 25.996], [90.4979, 26.0037], [90.4812, 26.014], [90.4653, 26.0072], [90.4575, 25.9996], [90.4286, 25.989], [90.4165, 25.9969], [90.4076, 26.0076], [90.3965, 26.0142], [90.3808, 26.0116], [90.365, 26.0103], [90.3467, 26.003], [90.3369, 25.9902], [90.3291, 25.9827], [90.2866, 25.9639], [90.2274, 25.9551], [90.2128, 25.9539], [90.194, 25.957], [90.1857, 25.9456], [90.1761, 25.9571], [90.1584, 25.9583], [90.1474, 25.9645], [90.1341, 25.9578], [90.1187, 25.9613], [90.1079, 25.9506], [90.1005, 25.9421], [90.088, 25.9362], [90.0807, 25.9245], [90.0676, 25.9162], [90.0551, 25.9081], [90.0421, 25.8908], [90.0279, 25.8943], [90.0153, 25.8886], [90.0047, 25.8787], [90.0144, 25.8718], [90.0208, 25.8616], [90.0115, 25.8497], [89.9976, 25.8467], [89.9908, 25.8355], [89.9759, 25.834], [89.968, 25.8262], [89.9506, 25.8249], [89.952, 25.8109], [89.9508, 25.792], [89.9552, 25.7745], [89.9467, 25.7647], [89.9337, 25.7525], [89.9279, 25.7414], [89.9114, 25.7416], [89.8954, 25.7441], [89.8942, 25.7272], [89.9049, 25.7148], [89.9126, 25.7071], [89.9195, 25.6968], [89.9323, 25.69], [89.9417, 25.6781], [89.947, 25.6588], [89.9804, 25.6376], [89.9953, 25.623], [90.0184, 25.6084], [90.0111, 25.5984], [90.0058, 25.5884], [89.9895, 25.5888], [89.9751, 25.5835], [89.9665, 25.5717], [89.9494, 25.5683], [89.9358, 25.5627], [89.9181, 25.5626], [89.9044, 25.5595], [89.8864, 25.5579], [89.8776, 25.5489], [89.8718, 25.5599], [89.8767, 25.5716], [89.8787, 25.5878], [89.885, 25.603], [89.8867, 25.6211], [89.8831, 25.6363], [89.878, 25.6485], [89.8722, 25.6582], [89.8629, 25.673], [89.8544, 25.6843], [89.856, 25.7026], [89.8462, 25.7104], [89.8347, 25.7175], [89.8308, 25.7296], [89.8382, 25.743], [89.8442, 25.755], [89.8423, 25.7727], [89.8377, 25.7842], [89.8332, 25.7954], [89.8301, 25.8075], [89.8211, 25.8144], [89.8255, 25.8292], [89.8304, 25.8521], [89.839, 25.8593], [89.8435, 25.8745], [89.8506, 25.8866], [89.8582, 25.8949], [89.8696, 25.9087], [89.8786, 25.9166], [89.8838, 25.928], [89.8904, 25.9402], [89.8773, 25.9431], [89.8607, 25.9406], [89.8473, 25.936], [89.8368, 25.9416], [89.8465, 25.9471], [89.8434, 25.9612], [89.8561, 25.9669], [89.8721, 25.9694], [89.8678, 25.9803], [89.8577, 25.9856], [89.8497, 25.9947], [89.8449, 26.0066], [89.835, 25.9996], [89.8391, 25.9848], [89.8264, 25.9822], [89.8177, 25.9923], [89.8242, 26.0036], [89.82, 26.018], [89.8174, 26.0325], [89.811, 26.0429], [89.8072, 26.0308], [89.7993, 26.0192], [89.8032, 26.0338], [89.7916, 26.0385], [89.7803, 26.0337], [89.7866, 26.044], [89.7912, 26.0562], [89.8038, 26.0593], [89.7997, 26.0708], [89.7975, 26.0862], [89.7879, 26.0922], [89.7838, 26.1063], [89.7691, 26.1079], [89.7706, 26.1242], [89.7663, 26.1356], [89.7571, 26.1441], [89.7509, 26.1556], [89.7364, 26.1578], [89.7245, 26.1547], [89.7188, 26.166], [89.7271, 26.1739], [89.7116, 26.1735], [89.7002, 26.1848], [89.7141, 26.1894], [89.7116, 26.2032], [89.7257, 26.2061], [89.7155, 26.2148], [89.7002, 26.2138], [89.7102, 26.2191], [89.7182, 26.2316], [89.7288, 26.2382], [89.7157, 26.2464], [89.7114, 26.258], [89.7048, 26.2699], [89.7173, 26.2592], [89.7323, 26.2603], [89.7375, 26.2711], [89.7292, 26.2829], [89.7171, 26.2931], [89.7203, 26.3081], [89.7234, 26.2948], [89.7423, 26.2952], [89.7571, 26.2885], [89.7509, 26.3062], [89.7505, 26.3215], [89.762, 26.3171], [89.7777, 26.3278], [89.7792, 26.3432], [89.7903, 26.3581], [89.804, 26.3623], [89.8204, 26.3706], [89.8127, 26.3624], [89.8201, 26.3504], [89.8271, 26.3666], [89.8279, 26.3811], [89.8409, 26.3778], [89.8513, 26.384], [89.8503, 26.3983], [89.8404, 26.3908], [89.828, 26.3935], [89.8333, 26.4123], [89.8498, 26.4142], [89.8552, 26.434], [89.8695, 26.4484], [89.8702, 26.464], [89.861, 26.4748], [89.8527, 26.4878], [89.8556, 26.5051], [89.8544, 26.5211], [89.8618, 26.5305], [89.8646, 26.5483], [89.8655, 26.5658], [89.862, 26.5779], [89.8775, 26.5842], [89.8721, 26.5947], [89.8766, 26.6063], [89.8618, 26.6151], [89.8573, 26.6321], [89.8737, 26.6435], [89.8681, 26.6566], [89.8693, 26.671], [89.8614, 26.7004], [89.8582, 26.7202], [89.8624, 26.737], [89.8735, 26.7317], [89.8894, 26.7244], [89.9063, 26.7237], [89.9208, 26.7226], [89.9399, 26.723], [89.9578, 26.7232], [89.9847, 26.7268], [89.9975, 26.7318], [90.0197, 26.7305], [90.0452, 26.729], [90.0676, 26.7321], [90.0857, 26.7375], [90.1143, 26.7451], [90.1278, 26.749], [90.1461, 26.7549], [90.1609, 26.7605], [90.1735, 26.7651], [90.1887, 26.7706], [90.1853, 26.7872], [90.1826, 26.8041], [90.1919, 26.8273], [90.2045, 26.8436], [90.2148, 26.8537], [90.2262, 26.8582], [90.2443, 26.8579], [90.2623, 26.8554], [90.2773, 26.8521], [90.2904, 26.8485], [90.3063, 26.8495], [90.3409, 26.8721], [90.3494, 26.8877], [90.364, 26.8981], [90.3801, 26.8992], [90.3997, 26.901], [90.4221, 26.8981], [90.4411, 26.8829], [90.454, 26.8724], [90.4636, 26.8659], [90.4831, 26.8531], [90.4999, 26.8425], [90.5138, 26.8333], [90.5288, 26.8235], [90.5388, 26.8163], [90.5538, 26.8058], [90.5638, 26.7996], [90.5807, 26.7976], [90.6015, 26.7975], [90.615, 26.7951], [90.6303, 26.7917], [90.6491, 26.7743], [90.6625, 26.7786], [90.6794, 26.7802], [90.6936, 26.7713], [90.7123, 26.7676], [90.729, 26.7684], [90.741, 26.775], [90.7624, 26.7736], [90.7867, 26.7742], [90.8021, 26.774], [90.8182, 26.7753], [90.8369, 26.7767], [90.8707, 26.7796], [90.8969, 26.7786], [90.927, 26.7821], [90.9548, 26.7838], [90.9706, 26.7851], [90.9874, 26.7875], [91.0032, 26.7867], [91.0309, 26.7809], [91.054, 26.7795], [91.0756, 26.8005], [91.0891, 26.8184], [91.1058, 26.8142], [91.1297, 26.8085], [91.1803, 26.8114], [91.2023, 26.8087], [91.2173, 26.8089], [91.2369, 26.8089], [91.2623, 26.805], [91.2769, 26.7969], [91.2896, 26.7889], [91.31, 26.7833], [91.3275, 26.7805], [91.3412, 26.7818], [91.3596, 26.7895], [91.3727, 26.7962], [91.3847, 26.8093], [91.398, 26.8299], [91.4083, 26.8356], [91.4204, 26.8278], [91.4366, 26.8173], [91.4475, 26.8119], [91.4678, 26.798], [91.4782, 26.7918], [91.4928, 26.7898], [91.5109, 26.7928], [91.5309, 26.7958], [91.5602, 26.7999], [91.5908, 26.8048], [91.6027, 26.8102], [91.6122, 26.8168], [91.6238, 26.8213], [91.6536, 26.8151], [91.6793, 26.8047], [91.6972, 26.8119], [91.719, 26.8115], [91.7579, 26.8288], [91.7749, 26.8388], [91.802, 26.8521], [91.8175, 26.8637], [91.8318, 26.8764], [91.8535, 26.9123], [91.8739, 26.9151], [91.8889, 26.9165], [91.9093, 26.9104], [91.9234, 26.9036], [91.942, 26.8949], [91.954, 26.8877], [91.9599, 26.8776], [91.9698, 26.8705], [91.9786, 26.8629], [91.9942, 26.8553], [92.017, 26.8511], [92.0455, 26.8475], [92.0609, 26.8502], [92.0709, 26.8567], [92.0825, 26.8621], [92.0974, 26.8686], [92.1019, 26.8874], [92.1204, 26.8903], [92.1479, 26.8909], [92.1624, 26.8927], [92.1948, 26.891], [92.2094, 26.8969], [92.2546, 26.9122], [92.2651, 26.9076], [92.2764, 26.9025], [92.2901, 26.9055], [92.3037, 26.9095], [92.3029, 26.9242], [92.3201, 26.9284], [92.3468, 26.9335], [92.3644, 26.9327], [92.3998, 26.9263], [92.4119, 26.9442], [92.4422, 26.955], [92.4596, 26.9633], [92.4838, 26.9647], [92.505, 26.9668], [92.5318, 26.9633], [92.5536, 26.9591], [92.5852, 26.9619], [92.6455, 26.9874], [92.6442, 27.0025], [92.6391, 27.0185], [92.6505, 27.0248], [92.657, 27.0376], [92.6824, 27.0317], [92.7023, 27.0276], [92.7275, 27.0284], [92.7691, 27.033], [92.7853, 27.0307], [92.8244, 27.0185], [92.8366, 27.0135], [92.8724, 27.0077], [92.8834, 27.0023], [92.8998, 26.9963], [92.9167, 26.9847], [92.9149, 26.9698], [92.9264, 26.9607], [92.9514, 26.9489], [92.973, 26.9408], [92.9867, 26.9338], [93.0194, 26.9168], [93.0382, 26.9179], [93.0602, 26.9212], [93.0764, 26.9199], [93.0919, 26.9155], [93.109, 26.9273], [93.1843, 26.9387], [93.2224, 26.9491], [93.2669, 26.956], [93.3479, 26.9632], [93.3742, 26.9604], [93.3907, 26.96], [93.4367, 26.9561], [93.4638, 26.9435], [93.4803, 26.9402], [93.5258, 26.9486], [93.5455, 26.9517], [93.5708, 26.9541], [93.5958, 26.9552], [93.6245, 26.9642], [93.6402, 26.9648], [93.6551, 26.9665], [93.6758, 26.9711], [93.6966, 26.9924], [93.7057, 27.0037], [93.7189, 27.0192], [93.7339, 27.0272], [93.7464, 27.0324], [93.7685, 27.0433], [93.7718, 27.0555], [93.7823, 27.0669], [93.7861, 27.0554], [93.7971, 27.0709], [93.8049, 27.0614], [93.8129, 27.0707], [93.8271, 27.0689], [93.8367, 27.0782], [93.8313, 27.0924], [93.8272, 27.1119], [93.822, 27.122], [93.8142, 27.1308], [93.8002, 27.1326], [93.8068, 27.1472], [93.817, 27.1582], [93.8267, 27.1694], [93.8399, 27.1735], [93.8575, 27.1911], [93.8674, 27.1988], [93.8856, 27.2244], [93.901, 27.2415], [93.9189, 27.2571], [93.9339, 27.2683], [93.9565, 27.2948], [93.9727, 27.3083], [93.9857, 27.3206], [93.996, 27.3279], [94.0098, 27.3389], [94.0258, 27.3477], [94.0416, 27.3533], [94.0548, 27.3628], [94.0686, 27.3744], [94.0863, 27.4046], [94.0999, 27.4139], [94.1171, 27.431], [94.1359, 27.4459], [94.1545, 27.4605], [94.1572, 27.478], [94.1679, 27.4842], [94.1869, 27.4908], [94.2107, 27.4979], [94.2217, 27.507], [94.2591, 27.5226], [94.2569, 27.5405], [94.2565, 27.5574], [94.2406, 27.5704], [94.2265, 27.5756], [94.2214, 27.5879], [94.2135, 27.6044], [94.226, 27.618], [94.2351, 27.6325], [94.2473, 27.6358], [94.2628, 27.636], [94.2571, 27.6191], [94.2725, 27.6035], [94.2877, 27.5918], [94.298, 27.6043], [94.3084, 27.5956], [94.3197, 27.5901], [94.3381, 27.581], [94.3557, 27.5774], [94.3723, 27.5793], [94.3844, 27.5865], [94.4032, 27.5872], [94.4209, 27.6013], [94.436, 27.5844], [94.4496, 27.575], [94.4562, 27.5629], [94.4792, 27.577], [94.5002, 27.5773], [94.5094, 27.5841], [94.5263, 27.5958], [94.5464, 27.6035], [94.5639, 27.607], [94.5819, 27.6167], [94.5915, 27.6228], [94.6094, 27.6226], [94.625, 27.6301], [94.6398, 27.631], [94.6484, 27.6421], [94.6646, 27.6479], [94.6825, 27.6496], [94.6839, 27.6633], [94.6981, 27.6671], [94.7131, 27.6603], [94.7207, 27.67], [94.737, 27.6656], [94.7559, 27.6665], [94.7643, 27.6746], [94.7722, 27.684], [94.791, 27.6888], [94.7976, 27.6989], [94.818, 27.6968], [94.8394, 27.7035], [94.8488, 27.7107], [94.8536, 27.7316], [94.866, 27.7362], [94.8839, 27.7421], [94.93, 27.7567], [94.987, 27.7709], [94.9979, 27.7766], [95.0191, 27.7725], [95.0388, 27.7777], [95.0489, 27.7865], [95.1949, 27.8345], [95.2365, 27.8484], [95.2925, 27.865], [95.3085, 27.8678], [95.3843, 27.842], [95.516, 27.8818], [95.5262, 27.8979], [95.5435, 27.9023], [95.565, 27.9225], [95.5712, 27.9424], [95.5887, 27.9416], [95.5969, 27.9511], [95.6067, 27.9578], [95.8259, 27.9774], [95.9569, 27.9691], [95.9775, 27.9685], [95.9652, 27.9526], [95.952316, 27.941841]]]]}}, {"type": "Feature", "properties": {"ID_0": 105, "ISO": "IND", "NAME_0": "India", "ID_1": 5, "NAME_1": "Bihar", "NL_NAME_1": "", "VARNAME_1": "", "TYPE_1": "State", "ENGTYPE_1": "State", "filename": "", "filename_1": "", "filename_2": "", "filename_3": "", "filename_4": ""}, "geometry": {"type": "MultiPolygon", "coordinates": [[[[88.105476, 26.53904], [88.105476, 26.53904]]], [[[84.11972, 27.513521], [84.1409, 27.5176], [84.152, 27.5123], [84.1475, 27.496], [84.154, 27.4858], [84.1693, 27.4816], [84.1777, 27.4739], [84.1909, 27.4719], [84.2079, 27.4694], [84.2099, 27.4561], [84.2217, 27.4402], [84.2275, 27.4505], [84.2413, 27.4523], [84.2562, 27.4519], [84.2609, 27.4398], [84.2702, 27.4315], [84.2757, 27.4211], [84.2797, 27.4095], [84.2787, 27.3952], [84.2934, 27.385], [84.3068, 27.3877], [84.3184, 27.3828], [84.3308, 27.3801], [84.3487, 27.375], [84.3744, 27.3758], [84.3897, 27.3721], [84.4082, 27.3701], [84.4264, 27.3717], [84.4433, 27.37], [84.4543, 27.363], [84.4669, 27.3596], [84.488, 27.3583], [84.5045, 27.3556], [84.5167, 27.3526], [84.5357, 27.3499], [84.5672, 27.3473], [84.5887, 27.341], [84.6037, 27.3384], [84.6178, 27.3373], [84.6452, 27.306], [84.6841, 27.2364], [84.6917, 27.2223], [84.6895, 27.2088], [84.6828, 27.2004], [84.6826, 27.1856], [84.6779, 27.1701], [84.6836, 27.159], [84.6856, 27.1451], [84.6806, 27.1349], [84.6775, 27.1226], [84.6721, 27.1099], [84.6764, 27.0955], [84.6682, 27.0874], [84.657, 27.0834], [84.6508, 27.0745], [84.6451, 27.0595], [84.6542, 27.0431], [84.6659, 27.0382], [84.6841, 27.0314], [84.7036, 27.0268], [84.7162, 27.0213], [84.7251, 27.0135], [84.7402, 27.0112], [84.7545, 27.0047], [84.7662, 27.0131], [84.7847, 27.014], [84.79, 27.0029], [84.8047, 27.0048], [84.8127, 27.0126], [84.8222, 27.0204], [84.8393, 27.0145], [84.8569, 27.008], [84.8597, 26.9955], [84.8684, 26.9835], [84.8908, 26.9772], [84.9009, 26.9705], [84.9194, 26.9687], [84.9457, 26.9636], [84.9585, 26.9606], [84.9718, 26.9519], [84.9805, 26.94], [84.9723, 26.9287], [84.9698, 26.916], [84.9913, 26.9134], [85.0039, 26.9096], [84.9951, 26.9025], [85.0061, 26.8948], [85.0219, 26.8928], [85.0441, 26.8912], [85.0551, 26.8864], [85.0481, 26.8782], [85.0316, 26.875], [85.031, 26.8592], [85.0461, 26.8507], [85.0597, 26.8489], [85.0776, 26.8563], [85.0897, 26.8533], [85.091, 26.8676], [85.1125, 26.8714], [85.1269, 26.8703], [85.1433, 26.8708], [85.1677, 26.8683], [85.1869, 26.8695], [85.1931, 26.8497], [85.1926, 26.8295], [85.1792, 26.8149], [85.1843, 26.7995], [85.1951, 26.7908], [85.1997, 26.7693], [85.2083, 26.7611], [85.2304, 26.7613], [85.2505, 26.7598], [85.2625, 26.755], [85.2858, 26.7537], [85.3025, 26.7521], [85.3201, 26.7489], [85.3363, 26.7414], [85.3572, 26.7602], [85.3717, 26.7581], [85.3803, 26.765], [85.3942, 26.7752], [85.4046, 26.7827], [85.4116, 26.7909], [85.4274, 26.7858], [85.4487, 26.7835], [85.4662, 26.7888], [85.4801, 26.7932], [85.4878, 26.8005], [85.4992, 26.808], [85.5104, 26.816], [85.5323, 26.8246], [85.5451, 26.8379], [85.5599, 26.8437], [85.5743, 26.8566], [85.5886, 26.8523], [85.6021, 26.8538], [85.6216, 26.8693], [85.6367, 26.8719], [85.6446, 26.8529], [85.6825, 26.843], [85.7048, 26.8326], [85.7233, 26.82], [85.731, 26.8078], [85.7367, 26.7956], [85.7373, 26.7777], [85.731, 26.7497], [85.7364, 26.7372], [85.7318, 26.725], [85.7271, 26.7094], [85.7256, 26.6864], [85.7288, 26.6736], [85.7386, 26.6637], [85.7492, 26.6396], [85.7619, 26.6359], [85.7718, 26.6296], [85.8022, 26.6244], [85.8119, 26.6093], [85.8326, 26.6013], [85.8421, 26.6103], [85.8556, 26.6047], [85.86, 26.5896], [85.8507, 26.5765], [85.8606, 26.5708], [85.8729, 26.5794], [85.8858, 26.5825], [85.8932, 26.5945], [85.903, 26.6004], [85.9148, 26.604], [85.9241, 26.6097], [85.9402, 26.6158], [85.9517, 26.6244], [85.9547, 26.6372], [85.9588, 26.649], [85.9723, 26.6548], [85.987, 26.6568], [86.0022, 26.6546], [86.0147, 26.6586], [86.0307, 26.6664], [86.0504, 26.6613], [86.065, 26.6581], [86.0762, 26.6495], [86.09, 26.643], [86.12, 26.6304], [86.1407, 26.6287], [86.1391, 26.608], [86.1574, 26.6096], [86.1693, 26.6139], [86.1849, 26.6134], [86.1978, 26.6077], [86.1994, 26.5933], [86.2137, 26.5925], [86.2302, 26.591], [86.2381, 26.5983], [86.2458, 26.6057], [86.2546, 26.6168], [86.2738, 26.6166], [86.289, 26.6144], [86.308, 26.6186], [86.3248, 26.6194], [86.3466, 26.6159], [86.355, 26.6043], [86.3875, 26.5967], [86.3994, 26.5928], [86.4327, 26.5727], [86.448, 26.5697], [86.4883, 26.5494], [86.5011, 26.5416], [86.5182, 26.5388], [86.5306, 26.5425], [86.5442, 26.5381], [86.5529, 26.5299], [86.558, 26.5177], [86.5666, 26.5015], [86.5806, 26.4948], [86.5982, 26.4906], [86.6147, 26.4861], [86.6256, 26.4816], [86.6286, 26.4694], [86.6409, 26.4652], [86.6792, 26.4537], [86.6926, 26.4506], [86.7009, 26.4424], [86.7102, 26.4361], [86.7282, 26.4254], [86.7431, 26.4243], [86.7495, 26.4332], [86.7559, 26.4461], [86.7666, 26.4509], [86.7826, 26.4544], [86.8032, 26.4471], [86.8238, 26.4418], [86.8358, 26.4387], [86.8495, 26.4421], [86.8595, 26.4512], [86.8732, 26.4552], [86.8848, 26.4593], [86.8976, 26.467], [86.8926, 26.4814], [86.9065, 26.4879], [86.9322, 26.4893], [86.9351, 26.5165], [86.9492, 26.5205], [86.9637, 26.5235], [86.9776, 26.5197], [86.9932, 26.5228], [87.0177, 26.5318], [87.0359, 26.5566], [87.0448, 26.5679], [87.0473, 26.587], [87.0743, 26.5855], [87.0751, 26.5416], [87.0822, 26.5229], [87.0881, 26.4853], [87.0939, 26.45], [87.1116, 26.4368], [87.1302, 26.423], [87.1415, 26.4146], [87.1637, 26.4044], [87.1915, 26.4051], [87.2038, 26.4133], [87.2167, 26.408], [87.2293, 26.411], [87.2476, 26.414], [87.2642, 26.4078], [87.2681, 26.3908], [87.2683, 26.3744], [87.2861, 26.3731], [87.2995, 26.3687], [87.3148, 26.3711], [87.3243, 26.3599], [87.3383, 26.3515], [87.3556, 26.3561], [87.3559, 26.3718], [87.3589, 26.3879], [87.3713, 26.4078], [87.3851, 26.413], [87.4143, 26.4215], [87.4302, 26.422], [87.4455, 26.4327], [87.4647, 26.4389], [87.4871, 26.437], [87.5189, 26.4306], [87.5393, 26.4207], [87.5553, 26.4054], [87.5736, 26.3968], [87.5902, 26.3922], [87.6084, 26.3806], [87.6146, 26.3898], [87.6304, 26.3935], [87.6458, 26.3933], [87.6528, 26.4055], [87.6808, 26.4154], [87.6802, 26.4351], [87.7006, 26.4283], [87.7159, 26.4253], [87.7249, 26.4189], [87.7361, 26.4075], [87.7416, 26.4172], [87.7557, 26.4089], [87.7689, 26.4121], [87.7788, 26.4215], [87.7803, 26.4356], [87.7764, 26.4501], [87.7866, 26.4577], [87.7922, 26.4689], [87.814, 26.4616], [87.8277, 26.4519], [87.8307, 26.4398], [87.8443, 26.4374], [87.8535, 26.4449], [87.8637, 26.4497], [87.8608, 26.4634], [87.8881, 26.4762], [87.9025, 26.4771], [87.9089, 26.4643], [87.9035, 26.4503], [87.926, 26.4465], [87.92, 26.4346], [87.9285, 26.4274], [87.935, 26.4177], [87.9683, 26.3968], [87.9933, 26.3925], [87.995, 26.3694], [88.0067, 26.3644], [88.0326, 26.3646], [88.0308, 26.3787], [88.037, 26.3882], [88.045, 26.3952], [88.0549, 26.4007], [88.0626, 26.4094], [88.0811, 26.4198], [88.0874, 26.43], [88.0974, 26.4374], [88.0994, 26.4521], [88.0944, 26.4627], [88.1059, 26.4667], [88.1029, 26.4794], [88.1083, 26.4891], [88.1013, 26.5054], [88.1055, 26.5182], [88.1061, 26.5356], [88.1235, 26.5201], [88.1322, 26.5126], [88.1477, 26.5166], [88.1654, 26.5216], [88.1683, 26.5374], [88.1787, 26.5309], [88.1824, 26.5429], [88.199, 26.5418], [88.2146, 26.5356], [88.2208, 26.5463], [88.2154, 26.5573], [88.2312, 26.552], [88.2334, 26.5324], [88.2187, 26.5237], [88.2067, 26.515], [88.1939, 26.508], [88.1863, 26.5001], [88.179, 26.4906], [88.1916, 26.4831], [88.2148, 26.4697], [88.2262, 26.4763], [88.2153, 26.4657], [88.2246, 26.4557], [88.2339, 26.4463], [88.2484, 26.4388], [88.2596, 26.4307], [88.2679, 26.4218], [88.2554, 26.4159], [88.2358, 26.3962], [88.2317, 26.3849], [88.2376, 26.3754], [88.2549, 26.3745], [88.2676, 26.3812], [88.2819, 26.3601], [88.2919, 26.3539], [88.2793, 26.3464], [88.2763, 26.3325], [88.2653, 26.3365], [88.2563, 26.3301], [88.2447, 26.3163], [88.2365, 26.3054], [88.2268, 26.2966], [88.219, 26.2857], [88.2041, 26.2796], [88.1945, 26.2741], [88.1769, 26.2617], [88.1631, 26.2575], [88.1444, 26.2528], [88.1374, 26.2438], [88.1358, 26.2282], [88.12, 26.2279], [88.1084, 26.2171], [88.0972, 26.2064], [88.0876, 26.198], [88.073, 26.1854], [88.0634, 26.1767], [88.0523, 26.1717], [88.0405, 26.1768], [88.0285, 26.1673], [88.0175, 26.1556], [88.0151, 26.1429], [87.9991, 26.1404], [87.9884, 26.1486], [87.9821, 26.1592], [87.9695, 26.1544], [87.9688, 26.1394], [87.9571, 26.1289], [87.9756, 26.1216], [87.9694, 26.1093], [87.9549, 26.1057], [87.9627, 26.0947], [87.9722, 26.0848], [87.9505, 26.083], [87.9369, 26.0798], [87.9311, 26.069], [87.9219, 26.0769], [87.9175, 26.088], [87.8957, 26.0799], [87.8883, 26.0719], [87.8761, 26.0662], [87.8633, 26.0561], [87.8492, 26.045], [87.8417, 26.0323], [87.8333, 26.0011], [87.826, 25.9883], [87.8299, 25.9719], [87.8254, 25.9587], [87.8248, 25.9437], [87.8179, 25.933], [87.8057, 25.9284], [87.8036, 25.9139], [87.8173, 25.9092], [87.8203, 25.8938], [87.8228, 25.8715], [87.8431, 25.8687], [87.8559, 25.8647], [87.8707, 25.866], [87.8787, 25.8585], [87.8995, 25.8598], [87.9109, 25.8517], [87.8973, 25.8396], [87.8876, 25.8329], [87.898, 25.8276], [87.9045, 25.8189], [87.8967, 25.8111], [87.9031, 25.8019], [87.9009, 25.7803], [87.9187, 25.774], [87.9286, 25.7679], [87.9375, 25.7583], [87.9439, 25.7481], [87.951, 25.7386], [87.9605, 25.7321], [87.9717, 25.7201], [87.9878, 25.7237], [87.9972, 25.7119], [88.0167, 25.7047], [88.0224, 25.6915], [88.0302, 25.6988], [88.0433, 25.6947], [88.0508, 25.6858], [88.0431, 25.6739], [88.0454, 25.6598], [88.0485, 25.6439], [88.0358, 25.641], [88.0435, 25.6321], [88.0369, 25.622], [88.0404, 25.6105], [88.0297, 25.6], [88.0265, 25.5859], [88.03, 25.5743], [88.0382, 25.5639], [88.027, 25.5533], [88.0379, 25.5462], [88.0425, 25.5321], [88.056, 25.5299], [88.0669, 25.5164], [88.0713, 25.5049], [88.0682, 25.4898], [88.0558, 25.4839], [88.0421, 25.4854], [88.0276, 25.4861], [88.0203, 25.4954], [88.0099, 25.501], [87.9984, 25.4954], [87.9866, 25.5026], [87.9806, 25.5159], [87.9876, 25.5239], [87.9723, 25.5232], [87.9641, 25.5331], [87.9524, 25.5365], [87.938, 25.5353], [87.9196, 25.5308], [87.9082, 25.5241], [87.9027, 25.5112], [87.8882, 25.5128], [87.8699, 25.503], [87.8635, 25.4934], [87.8605, 25.4778], [87.8635, 25.4654], [87.8507, 25.4683], [87.8338, 25.4646], [87.8256, 25.4575], [87.8217, 25.443], [87.8086, 25.4342], [87.7983, 25.4419], [87.7865, 25.4487], [87.7796, 25.4366], [87.7701, 25.4288], [87.7724, 25.4149], [87.7597, 25.4101], [87.7631, 25.3956], [87.7657, 25.378], [87.7767, 25.3709], [87.7874, 25.3549], [87.7816, 25.3384], [87.7914, 25.3223], [87.8111, 25.3192], [87.8204, 25.3128], [87.8289, 25.3034], [87.8404, 25.2984], [87.8514, 25.2925], [87.8565, 25.2778], [87.85, 25.2673], [87.8473, 25.2523], [87.8323, 25.2447], [87.8249, 25.2366], [87.8338, 25.2134], [87.8366, 25.1993], [87.8212, 25.2081], [87.8013, 25.2182], [87.7876, 25.2205], [87.7854, 25.2363], [87.7691, 25.2467], [87.7309, 25.2532], [87.7078, 25.2564], [87.708, 25.2714], [87.6964, 25.2789], [87.6903, 25.2912], [87.6935, 25.3031], [87.6809, 25.3077], [87.6588, 25.3097], [87.634, 25.3124], [87.6136, 25.3155], [87.5893, 25.3219], [87.5805, 25.3323], [87.5877, 25.3405], [87.5801, 25.3484], [87.5714, 25.3405], [87.5474, 25.3309], [87.5411, 25.3043], [87.5397, 25.2816], [87.5129, 25.2921], [87.4901, 25.3052], [87.4815, 25.2952], [87.4876, 25.2776], [87.4956, 25.2653], [87.4726, 25.2409], [87.4718, 25.2224], [87.4722, 25.1947], [87.4578, 25.1978], [87.4166, 25.2149], [87.4022, 25.2214], [87.3918, 25.2275], [87.3771, 25.2226], [87.3699, 25.205], [87.358, 25.2112], [87.3305, 25.2171], [87.3183, 25.2012], [87.316, 25.1863], [87.3106, 25.1698], [87.3096, 25.1536], [87.3023, 25.1453], [87.2979, 25.1347], [87.2933, 25.1144], [87.2954, 25.0997], [87.2856, 25.0909], [87.2702, 25.0936], [87.2588, 25.1046], [87.2453, 25.0991], [87.2339, 25.0858], [87.218, 25.0885], [87.1999, 25.0794], [87.1878, 25.067], [87.1738, 25.058], [87.165, 25.0459], [87.1583, 25.031], [87.1468, 25.0243], [87.1439, 25.0108], [87.1537, 24.991], [87.152, 24.9744], [87.1508, 24.9557], [87.1486, 24.9421], [87.1553, 24.9317], [87.1497, 24.9212], [87.1488, 24.9051], [87.157, 24.8961], [87.1565, 24.8807], [87.1496, 24.8724], [87.151, 24.8584], [87.1327, 24.8596], [87.1233, 24.853], [87.1095, 24.8508], [87.1024, 24.8393], [87.095, 24.8262], [87.0804, 24.8244], [87.0771, 24.8118], [87.0863, 24.8059], [87.0957, 24.7976], [87.088, 24.7852], [87.0825, 24.773], [87.0863, 24.7583], [87.0798, 24.7466], [87.0812, 24.7327], [87.0777, 24.7188], [87.0713, 24.7074], [87.0693, 24.6913], [87.0613, 24.6815], [87.0547, 24.6706], [87.0524, 24.6555], [87.0488, 24.637], [87.0444, 24.624], [87.0483, 24.6101], [87.0326, 24.6099], [87.0264, 24.6201], [87.0156, 24.6133], [86.9926, 24.6192], [86.9801, 24.6247], [86.9656, 24.6319], [86.9535, 24.6277], [86.9486, 24.6428], [86.9301, 24.6428], [86.9361, 24.6304], [86.9239, 24.6243], [86.919, 24.6135], [86.91, 24.6011], [86.9012, 24.5916], [86.9007, 24.5762], [86.9064, 24.5634], [86.9072, 24.5434], [86.8984, 24.5498], [86.8867, 24.554], [86.8791, 24.5631], [86.8616, 24.5603], [86.8546, 24.5505], [86.8388, 24.5541], [86.8371, 24.5683], [86.8215, 24.5683], [86.8087, 24.5638], [86.8012, 24.572], [86.8049, 24.5854], [86.8018, 24.5975], [86.7966, 24.6085], [86.7856, 24.6172], [86.7925, 24.6052], [86.7809, 24.6148], [86.7541, 24.6148], [86.7446, 24.6029], [86.7395, 24.5865], [86.7316, 24.5758], [86.7186, 24.5782], [86.6954, 24.5689], [86.6815, 24.5651], [86.6684, 24.5606], [86.6559, 24.5632], [86.6413, 24.5761], [86.6272, 24.5796], [86.6189, 24.5947], [86.6079, 24.5993], [86.5949, 24.5971], [86.5839, 24.5853], [86.5782, 24.5679], [86.568, 24.5628], [86.5546, 24.5593], [86.5513, 24.5434], [86.5406, 24.5366], [86.5235, 24.5357], [86.5057, 24.5177], [86.4975, 24.498], [86.4903, 24.4844], [86.4897, 24.4676], [86.491, 24.447], [86.4882, 24.4339], [86.4821, 24.425], [86.4658, 24.4219], [86.4637, 24.4078], [86.4671, 24.3952], [86.4618, 24.3767], [86.4522, 24.3686], [86.4342, 24.3769], [86.4156, 24.3792], [86.401, 24.3963], [86.3812, 24.4123], [86.3679, 24.4243], [86.3535, 24.4421], [86.3327, 24.4402], [86.3156, 24.4439], [86.2996, 24.449], [86.2791, 24.462], [86.2856, 24.4768], [86.2977, 24.4825], [86.3035, 24.4983], [86.3124, 24.5085], [86.3075, 24.5264], [86.3082, 24.5408], [86.304, 24.5583], [86.311, 24.5682], [86.3186, 24.5789], [86.3017, 24.5832], [86.2804, 24.5842], [86.2735, 24.5756], [86.2575, 24.5831], [86.2429, 24.5921], [86.2303, 24.6023], [86.2174, 24.6118], [86.2157, 24.5912], [86.1949, 24.5852], [86.1657, 24.5837], [86.1523, 24.5997], [86.1333, 24.6035], [86.1256, 24.6118], [86.122, 24.6239], [86.1182, 24.6419], [86.1263, 24.6542], [86.1259, 24.6708], [86.132, 24.6804], [86.1244, 24.7052], [86.116, 24.7189], [86.1093, 24.7322], [86.0866, 24.7463], [86.0632, 24.7517], [86.0427, 24.7439], [86.0498, 24.7558], [86.0526, 24.7732], [86.039, 24.7767], [86.0278, 24.7703], [86.014, 24.769], [86.0, 24.7514], [85.9773, 24.7476], [85.9727, 24.7363], [85.9606, 24.7317], [85.9427, 24.7344], [85.9277, 24.7405], [85.9105, 24.7537], [85.9017, 24.7699], [85.8872, 24.7856], [85.8778, 24.8003], [85.864, 24.8054], [85.8419, 24.8081], [85.8272, 24.8096], [85.8126, 24.7994], [85.7857, 24.7987], [85.7694, 24.8029], [85.7608, 24.8151], [85.7473, 24.8199], [85.7325, 24.8165], [85.7283, 24.8007], [85.721, 24.787], [85.7098, 24.781], [85.7048, 24.7688], [85.7055, 24.7516], [85.7048, 24.7287], [85.6964, 24.7173], [85.6871, 24.7009], [85.6495, 24.687], [85.66, 24.6747], [85.6637, 24.661], [85.6612, 24.6466], [85.669, 24.6305], [85.6706, 24.5994], [85.6647, 24.5819], [85.6443, 24.5783], [85.622, 24.5839], [85.6079, 24.5908], [85.5983, 24.5976], [85.582, 24.6001], [85.5652, 24.5967], [85.5614, 24.5837], [85.5658, 24.5717], [85.5566, 24.5606], [85.5438, 24.5645], [85.5404, 24.5503], [85.5365, 24.536], [85.5183, 24.5245], [85.5044, 24.5297], [85.5025, 24.5429], [85.4945, 24.5506], [85.4809, 24.5481], [85.4566, 24.5392], [85.4333, 24.5361], [85.411, 24.5451], [85.3952, 24.5413], [85.3834, 24.5352], [85.3703, 24.5296], [85.3458, 24.528], [85.3316, 24.5262], [85.3125, 24.5266], [85.2973, 24.5286], [85.2825, 24.5267], [85.2798, 24.5139], [85.281, 24.4997], [85.2544, 24.4979], [85.2394, 24.4888], [85.2285, 24.4794], [85.2158, 24.4725], [85.1992, 24.4674], [85.1826, 24.4687], [85.1699, 24.4661], [85.1529, 24.4641], [85.1587, 24.4513], [85.1648, 24.4358], [85.1579, 24.4242], [85.148, 24.4182], [85.1269, 24.4115], [85.1093, 24.3988], [85.0987, 24.3939], [85.0925, 24.3815], [85.0655, 24.3868], [85.071, 24.3997], [85.0738, 24.413], [85.0762, 24.4399], [85.0646, 24.4306], [85.0575, 24.4165], [85.0422, 24.4183], [85.0321, 24.4254], [85.0146, 24.4191], [84.9904, 24.4122], [84.9686, 24.3759], [84.9479, 24.3718], [84.935, 24.3765], [84.913, 24.3757], [84.898, 24.3721], [84.8982, 24.3938], [84.8823, 24.4171], [84.88, 24.432], [84.8802, 24.4628], [84.8674, 24.4669], [84.8597, 24.4566], [84.8475, 24.4659], [84.842, 24.4555], [84.8306, 24.4592], [84.8279, 24.486], [84.8326, 24.5115], [84.8195, 24.5248], [84.8016, 24.5211], [84.7837, 24.5177], [84.7799, 24.5049], [84.763, 24.5018], [84.742, 24.4965], [84.7249, 24.473], [84.7129, 24.4686], [84.6941, 24.4618], [84.6789, 24.4563], [84.674, 24.4411], [84.6662, 24.4312], [84.6678, 24.413], [84.6601, 24.396], [84.6431, 24.3986], [84.6289, 24.4002], [84.6152, 24.4038], [84.601, 24.401], [84.5818, 24.4015], [84.5725, 24.4123], [84.5612, 24.4018], [84.5643, 24.3899], [84.556, 24.3797], [84.5459, 24.3737], [84.5215, 24.3763], [84.528, 24.3648], [84.5188, 24.3532], [84.5255, 24.3395], [84.5142, 24.3236], [84.5032, 24.3154], [84.5012, 24.2988], [84.4935, 24.287], [84.4842, 24.2969], [84.4684, 24.3053], [84.462, 24.3176], [84.4545, 24.3387], [84.4174, 24.3314], [84.4225, 24.3591], [84.3949, 24.3678], [84.385, 24.3793], [84.3738, 24.391], [84.3614, 24.3866], [84.347, 24.3921], [84.338, 24.4013], [84.3259, 24.4109], [84.3182, 24.4202], [84.3275, 24.4277], [84.315, 24.4475], [84.2932, 24.4508], [84.2853, 24.4659], [84.2942, 24.4808], [84.3082, 24.4869], [84.3217, 24.4898], [84.3263, 24.5027], [84.3217, 24.5132], [84.3128, 24.5268], [84.3094, 24.5395], [84.302, 24.5473], [84.2974, 24.5631], [84.28, 24.5634], [84.2719, 24.554], [84.2694, 24.5414], [84.2571, 24.5308], [84.2483, 24.5388], [84.2343, 24.5436], [84.2207, 24.5503], [84.2175, 24.5352], [84.2062, 24.5453], [84.1999, 24.557], [84.187, 24.5493], [84.1729, 24.5471], [84.1824, 24.5236], [84.1793, 24.5104], [84.1611, 24.5126], [84.1557, 24.5243], [84.1644, 24.5337], [84.1496, 24.5403], [84.1363, 24.5294], [84.14, 24.5048], [84.129, 24.5007], [84.1226, 24.4867], [84.1098, 24.4814], [84.1009, 24.4879], [84.0891, 24.5041], [84.0897, 24.5339], [84.0783, 24.545], [84.0737, 24.5576], [84.0677, 24.571], [84.0627, 24.5837], [84.0514, 24.5915], [84.0479, 24.6065], [84.0382, 24.6194], [84.0268, 24.6277], [84.0145, 24.6316], [84.002, 24.6354], [83.9792, 24.6151], [83.9724, 24.5966], [83.9649, 24.5876], [83.9576, 24.5763], [83.9482, 24.5665], [83.9365, 24.5559], [83.9285, 24.5479], [83.9027, 24.5424], [83.8789, 24.5365], [83.8577, 24.5376], [83.8415, 24.5345], [83.8274, 24.5331], [83.809, 24.5289], [83.7945, 24.5294], [83.7817, 24.5236], [83.7487, 24.5105], [83.7307, 24.5088], [83.7167, 24.505], [83.7024, 24.5073], [83.6825, 24.5156], [83.6625, 24.5157], [83.6448, 24.5162], [83.6002, 24.5132], [83.5712, 24.517], [83.5473, 24.524], [83.5238, 24.5259], [83.5095, 24.5275], [83.4932, 24.5361], [83.505, 24.5444], [83.5172, 24.5492], [83.5246, 24.5673], [83.525, 24.585], [83.5172, 24.5987], [83.5256, 24.6137], [83.5384, 24.6216], [83.5207, 24.63], [83.5242, 24.6421], [83.5072, 24.6494], [83.497, 24.6592], [83.5022, 24.6716], [83.5132, 24.6789], [83.4999, 24.6945], [83.4921, 24.7052], [83.48, 24.7099], [83.4833, 24.7228], [83.4798, 24.7378], [83.467, 24.7345], [83.4531, 24.7333], [83.4447, 24.7404], [83.4342, 24.7568], [83.4254, 24.7631], [83.4113, 24.7753], [83.3941, 24.7795], [83.3885, 24.7915], [83.3956, 24.811], [83.3913, 24.8232], [83.3892, 24.8361], [83.3808, 24.843], [83.3683, 24.8632], [83.3558, 24.8686], [83.3632, 24.877], [83.3549, 24.8855], [83.3514, 24.9031], [83.358, 24.914], [83.3585, 24.9374], [83.357, 24.9554], [83.3463, 24.9629], [83.3405, 24.9748], [83.3459, 24.9921], [83.3439, 25.0105], [83.3277, 25.0163], [83.3161, 25.0273], [83.3178, 25.0417], [83.3219, 25.0558], [83.3321, 25.0505], [83.3312, 25.0734], [83.3367, 25.0863], [83.3403, 25.0986], [83.3429, 25.1125], [83.3574, 25.1242], [83.354, 25.1402], [83.3508, 25.1534], [83.3451, 25.1667], [83.3422, 25.1789], [83.3474, 25.193], [83.3603, 25.1963], [83.3721, 25.2011], [83.3796, 25.2117], [83.3911, 25.2156], [83.3973, 25.2252], [83.4023, 25.2376], [83.4093, 25.2493], [83.4225, 25.2522], [83.4314, 25.2445], [83.4398, 25.2592], [83.4536, 25.2513], [83.4704, 25.2627], [83.4803, 25.2824], [83.4913, 25.2866], [83.5081, 25.2862], [83.518, 25.2932], [83.5288, 25.3014], [83.5426, 25.3093], [83.5543, 25.3141], [83.5642, 25.3081], [83.5722, 25.3176], [83.5839, 25.3249], [83.6032, 25.3316], [83.6201, 25.3286], [83.6284, 25.3362], [83.6425, 25.3411], [83.6454, 25.3576], [83.6502, 25.368], [83.6648, 25.3669], [83.6863, 25.3695], [83.6768, 25.3768], [83.6894, 25.3859], [83.6946, 25.3961], [83.7014, 25.3859], [83.7095, 25.3953], [83.7253, 25.3977], [83.7325, 25.4106], [83.7378, 25.4009], [83.7507, 25.405], [83.7619, 25.3879], [83.7652, 25.3997], [83.7823, 25.3987], [83.7966, 25.4083], [83.8033, 25.4181], [83.7927, 25.4302], [83.8176, 25.4373], [83.8302, 25.4336], [83.8394, 25.4421], [83.8304, 25.4511], [83.8138, 25.4539], [83.8102, 25.4659], [83.8226, 25.462], [83.8479, 25.471], [83.8549, 25.4849], [83.8644, 25.4906], [83.8713, 25.5032], [83.873, 25.5204], [83.8881, 25.5232], [83.8994, 25.5318], [83.9136, 25.5543], [83.9253, 25.5632], [83.9397, 25.5654], [83.9559, 25.5754], [83.9916, 25.601], [84.0, 25.6077], [84.0142, 25.6161], [84.0282, 25.6227], [84.0568, 25.6322], [84.0765, 25.6375], [84.0797, 25.6527], [84.074, 25.6725], [84.0696, 25.6956], [84.0829, 25.7127], [84.0944, 25.7204], [84.1079, 25.7236], [84.1231, 25.7239], [84.1351, 25.7316], [84.1265, 25.7185], [84.1445, 25.7206], [84.1555, 25.7259], [84.1675, 25.7218], [84.1943, 25.7034], [84.1995, 25.6724], [84.2171, 25.6641], [84.2332, 25.664], [84.2476, 25.6628], [84.2684, 25.6633], [84.2856, 25.6615], [84.2822, 25.6746], [84.2988, 25.6718], [84.3134, 25.6689], [84.3207, 25.6821], [84.3236, 25.704], [84.3232, 25.7231], [84.3256, 25.7371], [84.3375, 25.7451], [84.3544, 25.7436], [84.3662, 25.7384], [84.38, 25.7487], [84.3845, 25.7377], [84.3936, 25.7289], [84.4004, 25.7169], [84.4019, 25.6995], [84.4236, 25.6951], [84.4242, 25.7117], [84.4386, 25.7107], [84.4552, 25.7103], [84.4588, 25.6984], [84.4665, 25.6855], [84.4893, 25.6911], [84.499, 25.6774], [84.5164, 25.6777], [84.5279, 25.7154], [84.5359, 25.7265], [84.5314, 25.6928], [84.5523, 25.684], [84.5586, 25.701], [84.559, 25.7217], [84.5556, 25.7364], [84.5955, 25.7391], [84.6131, 25.7307], [84.6306, 25.7283], [84.6263, 25.7416], [84.6149, 25.7528], [84.6032, 25.7576], [84.6029, 25.7724], [84.6208, 25.7724], [84.6191, 25.789], [84.6109, 25.8007], [84.5982, 25.8097], [84.5872, 25.8196], [84.5714, 25.8298], [84.5565, 25.8375], [84.5443, 25.83], [84.527, 25.8343], [84.5263, 25.8554], [84.5399, 25.8604], [84.5316, 25.8727], [84.5065, 25.8724], [84.4853, 25.8893], [84.4666, 25.8837], [84.4507, 25.8902], [84.4312, 25.8927], [84.4215, 25.9022], [84.4093, 25.9244], [84.3863, 25.9382], [84.365, 25.9505], [84.3514, 25.9593], [84.3139, 25.948], [84.2963, 25.947], [84.2837, 25.9556], [84.2646, 25.9673], [84.2446, 25.9768], [84.2352, 25.986], [84.2234, 25.9912], [84.2018, 26.0006], [84.1947, 25.9913], [84.1764, 25.9978], [84.1662, 25.9915], [84.1673, 26.0255], [84.159, 26.0322], [84.1367, 26.047], [84.1279, 26.0555], [84.1161, 26.0749], [84.1072, 26.0817], [84.091, 26.0965], [84.0692, 26.0991], [84.0491, 26.0997], [84.0422, 26.1116], [84.0424, 26.1316], [84.0181, 26.1451], [84.0273, 26.153], [84.0229, 26.1653], [84.003, 26.1782], [84.009, 26.1996], [84.0236, 26.2009], [84.0209, 26.2142], [84.0095, 26.2239], [84.0105, 26.2388], [84.0313, 26.2391], [84.0468, 26.2302], [84.0573, 26.2252], [84.0736, 26.2249], [84.0874, 26.2365], [84.1004, 26.2393], [84.1127, 26.2497], [84.1238, 26.2588], [84.1414, 26.2578], [84.1535, 26.2453], [84.1574, 26.2609], [84.1714, 26.2677], [84.171, 26.2866], [84.1715, 26.3037], [84.1794, 26.3118], [84.1672, 26.3381], [84.1672, 26.3602], [84.1714, 26.374], [84.1563, 26.3783], [84.1308, 26.3822], [84.1168, 26.3852], [84.0965, 26.3879], [84.0812, 26.3897], [84.0615, 26.3901], [84.0551, 26.4002], [84.045, 26.4053], [84.0306, 26.413], [84.0218, 26.425], [84.0149, 26.4395], [84.0017, 26.4436], [83.9904, 26.4476], [83.9835, 26.4349], [83.9613, 26.4371], [83.9463, 26.4381], [83.919, 26.4455], [83.9023, 26.4503], [83.9015, 26.4673], [83.905, 26.4943], [83.9018, 26.5104], [83.9147, 26.5202], [83.9305, 26.5248], [83.9458, 26.5184], [83.9562, 26.5082], [83.9666, 26.5209], [83.9742, 26.5319], [83.9903, 26.5301], [84.0007, 26.525], [84.0145, 26.532], [84.0308, 26.5356], [84.043, 26.541], [84.0488, 26.5503], [84.0547, 26.5677], [84.0629, 26.5797], [84.0703, 26.5893], [84.0825, 26.5996], [84.0828, 26.6151], [84.0838, 26.6314], [84.0941, 26.6383], [84.1043, 26.6327], [84.1156, 26.6374], [84.1374, 26.6365], [84.152, 26.6385], [84.1673, 26.6242], [84.1847, 26.6259], [84.202, 26.6243], [84.2157, 26.6187], [84.2287, 26.6132], [84.2506, 26.6079], [84.2629, 26.603], [84.2774, 26.6007], [84.2892, 26.607], [84.297, 26.6157], [84.3255, 26.6153], [84.3509, 26.6204], [84.3706, 26.6154], [84.3834, 26.6215], [84.395, 26.6257], [84.4144, 26.6272], [84.4074, 26.6381], [84.4022, 26.6712], [84.3668, 26.6788], [84.3501, 26.6814], [84.3257, 26.6843], [84.3185, 26.7162], [84.311, 26.7336], [84.298, 26.7533], [84.2786, 26.7512], [84.2668, 26.7421], [84.2545, 26.7343], [84.2423, 26.7308], [84.234, 26.7395], [84.2246, 26.7571], [84.2355, 26.767], [84.2485, 26.7927], [84.2523, 26.8087], [84.2485, 26.8209], [84.2504, 26.8378], [84.2456, 26.8587], [84.2354, 26.8643], [84.222, 26.8702], [84.1966, 26.8612], [84.1808, 26.8574], [84.1753, 26.8459], [84.1689, 26.8345], [84.1505, 26.8395], [84.1317, 26.8557], [84.1393, 26.874], [84.1408, 26.8876], [84.123, 26.889], [84.1094, 26.8944], [84.1006, 26.9008], [84.0968, 26.8863], [84.09, 26.8772], [84.0763, 26.8788], [84.0601, 26.8865], [84.049, 26.8999], [84.0424, 26.9091], [84.0477, 26.9318], [84.0387, 26.9383], [84.0249, 26.9427], [84.0351, 26.9487], [84.0442, 26.9609], [84.0435, 26.9804], [84.0495, 26.9908], [84.0427, 27.0031], [84.0304, 27.0118], [84.036, 27.029], [84.0408, 27.0447], [84.0243, 27.0447], [84.0122, 27.0538], [83.9949, 27.0613], [84.0056, 27.0719], [84.0119, 27.0813], [84.0189, 27.0934], [84.0116, 27.1049], [83.9975, 27.0985], [83.9812, 27.0938], [83.9549, 27.0861], [83.9408, 27.0896], [83.9386, 27.1073], [83.9414, 27.1198], [83.9508, 27.1263], [83.9586, 27.1487], [83.9666, 27.1608], [83.9797, 27.1734], [83.9788, 27.2004], [83.9646, 27.211], [83.9638, 27.2253], [83.9559, 27.2335], [83.9253, 27.2425], [83.9118, 27.2465], [83.9019, 27.2521], [83.8955, 27.2681], [83.9041, 27.2812], [83.9188, 27.2927], [83.9257, 27.3042], [83.9167, 27.3253], [83.8976, 27.3301], [83.8724, 27.3162], [83.8591, 27.3117], [83.8474, 27.3169], [83.8306, 27.3214], [83.8493, 27.3356], [83.8562, 27.3477], [83.8735, 27.3516], [83.8899, 27.3582], [83.8995, 27.37], [83.9084, 27.3843], [83.8883, 27.3906], [83.8768, 27.4003], [83.8735, 27.4122], [83.8694, 27.4254], [83.8828, 27.4345], [83.8976, 27.4376], [83.9155, 27.4412], [83.9331, 27.4494], [83.9463, 27.4458], [83.9647, 27.4438], [83.9798, 27.4422], [83.9936, 27.4439], [84.0058, 27.4411], [84.0179, 27.4346], [84.0289, 27.4389], [84.041, 27.4425], [84.0568, 27.4492], [84.0606, 27.461], [84.0687, 27.4694], [84.0723, 27.4809], [84.0861, 27.4831], [84.0975, 27.4894], [84.1008, 27.5023], [84.0998, 27.5168], [84.1107, 27.5215], [84.1196, 27.5141], [84.11972, 27.513521]]], [[[87.306213, 27.843216], [87.306801, 27.83659], [87.306175, 27.843218], [87.306213, 27.843216]]], [[[87.262917, 27.850716], [87.2525, 27.8429], [87.262917, 27.850716]]], [[[87.262917, 27.850716], [87.267212, 27.850117], [87.266281, 27.849453], [87.262917, 27.850716]]]]}}, {"type": "Feature", "properties": {"ID_0": 105, "ISO": "IND", "NAME_0": "India", "ID_1": 6, "NAME_1": "Chandigarh", "NL_NAME_1": "", "VARNAME_1": "", "TYPE_1": "Union Territor", "ENGTYPE_1": "Union Territory", "filename": "", "filename_1": "", "filename_2": "", "filename_3": "", "filename_4": ""}, "geometry": {"type": "Polygon", "coordinates": [[[76.819809, 30.685829], [76.8059, 30.6803], [76.7944, 30.6693], [76.7707, 30.6779], [76.745, 30.6905], [76.7329, 30.6972], [76.7269, 30.7076], [76.7152, 30.7133], [76.7161, 30.7286], [76.7013, 30.7453], [76.6933, 30.7527], [76.7079, 30.7701], [76.7227, 30.7707], [76.7305, 30.781], [76.7382, 30.7899], [76.7509, 30.7968], [76.7676, 30.7951], [76.7773, 30.7855], [76.7693, 30.777], [76.7887, 30.781], [76.8039, 30.779], [76.7914, 30.7695], [76.8015, 30.7628], [76.8282, 30.7638], [76.8227, 30.7401], [76.8344, 30.7244], [76.8283, 30.706], [76.8211, 30.6968], [76.819809, 30.685829]]]}}, {"type": "Feature", "properties": {"ID_0": 105, "ISO": "IND", "NAME_0": "India", "ID_1": 7, "NAME_1": "Chhattisgarh", "NL_NAME_1": "", "VARNAME_1": "", "TYPE_1": "State", "ENGTYPE_1": "State", "filename": "", "filename_1": "", "filename_2": "", "filename_3": "", "filename_4": ""}, "geometry": {"type": "Polygon", "coordinates": [[[83.327599, 24.099649], [83.3457, 24.0971], [83.3572, 24.1017], [83.3833, 24.0999], [83.4007, 24.0818], [83.4214, 24.0838], [83.4301, 24.074], [83.4313, 24.0579], [83.4476, 24.0425], [83.4684, 24.0407], [83.5012, 24.0307], [83.5148, 24.0158], [83.5075, 24.0014], [83.5077, 23.9795], [83.5124, 23.967], [83.5226, 23.9522], [83.5337, 23.9417], [83.5373, 23.9146], [83.5428, 23.8982], [83.5605, 23.8927], [83.5762, 23.8844], [83.5637, 23.8731], [83.5718, 23.8631], [83.5904, 23.8565], [83.6115, 23.8534], [83.63, 23.8474], [83.6496, 23.8481], [83.6576, 23.837], [83.6665, 23.8259], [83.682, 23.8258], [83.6954, 23.8207], [83.6999, 23.8016], [83.7108, 23.7895], [83.7124, 23.7723], [83.7271, 23.7599], [83.73, 23.7437], [83.7325, 23.724], [83.7321, 23.7047], [83.7243, 23.6968], [83.7151, 23.6902], [83.7213, 23.6737], [83.744, 23.6591], [83.7521, 23.649], [83.743, 23.6405], [83.7478, 23.6267], [83.7649, 23.6215], [83.7678, 23.6091], [83.7749, 23.5995], [83.7977, 23.5901], [83.8063, 23.5823], [83.8212, 23.5848], [83.8376, 23.5814], [83.8596, 23.5783], [83.8829, 23.5728], [83.8985, 23.5712], [83.9147, 23.5687], [83.9353, 23.563], [83.9296, 23.5937], [83.9315, 23.6114], [83.9379, 23.6224], [83.9627, 23.6262], [83.9755, 23.6308], [83.9927, 23.6331], [84.007, 23.6323], [84.0019, 23.6204], [84.0126, 23.6055], [84.0223, 23.5974], [84.0229, 23.5746], [84.0213, 23.5499], [84.0154, 23.5256], [84.0123, 23.5082], [84.0056, 23.4965], [83.9927, 23.4852], [83.9846, 23.4756], [83.9791, 23.4606], [83.9697, 23.4477], [83.9778, 23.4315], [83.9781, 23.4141], [83.9678, 23.393], [83.9669, 23.3742], [83.9749, 23.3648], [83.9928, 23.3559], [84.0065, 23.3528], [84.0115, 23.3634], [84.0207, 23.3755], [84.038, 23.3762], [84.0444, 23.3671], [84.0486, 23.3542], [84.0605, 23.3432], [84.068, 23.3341], [84.06, 23.3082], [84.0638, 23.2922], [84.0591, 23.2741], [84.0513, 23.2466], [84.054, 23.2342], [84.0524, 23.2164], [84.0584, 23.2036], [84.0509, 23.1896], [84.0393, 23.1785], [84.0338, 23.1678], [84.0291, 23.1539], [84.0334, 23.1427], [84.04, 23.1321], [84.0529, 23.1245], [84.0589, 23.1126], [84.0765, 23.1099], [84.0974, 23.1048], [84.1103, 23.0921], [84.1265, 23.0851], [84.1317, 23.0674], [84.1259, 23.0569], [84.1237, 23.0366], [84.1317, 23.0183], [84.1373, 23.0063], [84.1442, 22.9882], [84.148, 22.9639], [84.1679, 22.971], [84.1706, 22.9852], [84.1731, 22.9988], [84.1754, 23.0119], [84.1899, 23.0237], [84.1999, 23.0151], [84.2011, 22.9988], [84.212, 22.9864], [84.2268, 22.9801], [84.2415, 22.9729], [84.2621, 22.98], [84.2714, 22.9888], [84.2719, 22.9709], [84.2786, 22.9612], [84.3068, 22.9675], [84.3182, 22.9766], [84.3318, 22.9791], [84.3436, 22.9737], [84.3615, 22.9746], [84.3764, 22.9663], [84.3778, 22.9519], [84.3865, 22.9424], [84.3896, 22.9237], [84.3762, 22.9092], [84.3783, 22.8931], [84.3769, 22.8759], [84.3699, 22.8645], [84.3579, 22.8606], [84.3422, 22.8592], [84.3203, 22.8494], [84.3186, 22.8351], [84.3177, 22.8172], [84.3117, 22.8033], [84.3018, 22.7951], [84.2903, 22.7872], [84.2877, 22.7709], [84.2814, 22.7601], [84.2601, 22.7649], [84.2516, 22.7581], [84.2417, 22.7483], [84.2297, 22.7401], [84.2247, 22.7274], [84.2294, 22.7052], [84.2322, 22.6886], [84.2278, 22.677], [84.2206, 22.6689], [84.2097, 22.663], [84.1916, 22.6603], [84.1804, 22.6498], [84.1648, 22.6453], [84.1499, 22.6344], [84.1321, 22.6358], [84.1153, 22.6353], [84.0976, 22.633], [84.0804, 22.6366], [84.0593, 22.6074], [84.0481, 22.5941], [84.0336, 22.5913], [84.0213, 22.5872], [84.011, 22.575], [84.0039, 22.5619], [84.0021, 22.5466], [84.0049, 22.5301], [83.9858, 22.5255], [83.9766, 22.5184], [83.9761, 22.5022], [83.9904, 22.4944], [84.013, 22.4852], [84.0217, 22.4721], [84.0347, 22.4699], [84.0395, 22.4487], [84.04, 22.4329], [84.024, 22.4222], [84.0188, 22.4068], [84.0099, 22.3961], [84.0017, 22.3804], [84.0042, 22.3677], [83.9854, 22.3664], [83.967, 22.3578], [83.9523, 22.3612], [83.9296, 22.3563], [83.9155, 22.3597], [83.9053, 22.3526], [83.897, 22.3397], [83.8719, 22.3389], [83.861, 22.3438], [83.8476, 22.3308], [83.8294, 22.3239], [83.8225, 22.3156], [83.8208, 22.296], [83.8048, 22.2899], [83.7908, 22.2846], [83.7786, 22.2745], [83.7713, 22.2573], [83.7569, 22.2504], [83.7457, 22.2412], [83.719, 22.2433], [83.7004, 22.2459], [83.679, 22.2406], [83.6646, 22.232], [83.6546, 22.2239], [83.6263, 22.2059], [83.6193, 22.1964], [83.6118, 22.1771], [83.6059, 22.1576], [83.5925, 22.14], [83.5673, 22.1137], [83.5592, 22.1039], [83.5648, 22.094], [83.5831, 22.0805], [83.6003, 22.0655], [83.5906, 22.0593], [83.5656, 22.0568], [83.551, 22.0556], [83.5341, 22.0434], [83.5327, 22.0286], [83.5389, 22.0144], [83.5486, 22.0067], [83.5434, 21.9944], [83.5354, 21.9796], [83.5352, 21.9635], [83.5495, 21.9504], [83.554, 21.9363], [83.5878, 21.9261], [83.6005, 21.9108], [83.5926, 21.9008], [83.5832, 21.8941], [83.5781, 21.8798], [83.5841, 21.8528], [83.5795, 21.8371], [83.5645, 21.8304], [83.5485, 21.8352], [83.5312, 21.8319], [83.5364, 21.8183], [83.5387, 21.8006], [83.5222, 21.7941], [83.5061, 21.8004], [83.4909, 21.8145], [83.4855, 21.8032], [83.4743, 21.7861], [83.4779, 21.7646], [83.4739, 21.7496], [83.4841, 21.7416], [83.478, 21.728], [83.4669, 21.7106], [83.4576, 21.6997], [83.4497, 21.691], [83.4318, 21.6939], [83.4211, 21.6865], [83.4287, 21.6689], [83.4408, 21.6552], [83.4662, 21.6441], [83.4831, 21.6396], [83.4845, 21.6256], [83.4699, 21.6268], [83.463, 21.6055], [83.4487, 21.6082], [83.4413, 21.6181], [83.4476, 21.6446], [83.4265, 21.6435], [83.4135, 21.6363], [83.4018, 21.6268], [83.3898, 21.6205], [83.3807, 21.6128], [83.3682, 21.5971], [83.3623, 21.5725], [83.3669, 21.5593], [83.3543, 21.5353], [83.349, 21.516], [83.3378, 21.5026], [83.3421, 21.4853], [83.3434, 21.4649], [83.3503, 21.444], [83.3658, 21.4398], [83.3714, 21.4284], [83.3814, 21.4096], [83.3897, 21.4017], [83.3931, 21.3832], [83.3963, 21.3693], [83.4019, 21.3583], [83.3939, 21.3421], [83.3766, 21.3433], [83.3346, 21.3558], [83.3193, 21.3581], [83.3096, 21.3646], [83.2872, 21.3715], [83.2761, 21.3759], [83.2695, 21.3672], [83.2661, 21.3454], [83.255, 21.3319], [83.2541, 21.3124], [83.2727, 21.2961], [83.2713, 21.2805], [83.2677, 21.2686], [83.2573, 21.2756], [83.2424, 21.2764], [83.2319, 21.2653], [83.2184, 21.2601], [83.2147, 21.2404], [83.2191, 21.2237], [83.2076, 21.2014], [83.21, 21.1881], [83.202, 21.1774], [83.1994, 21.162], [83.1927, 21.1394], [83.183, 21.132], [83.1614, 21.1315], [83.1488, 21.1199], [83.1377, 21.1098], [83.1198, 21.1011], [83.1083, 21.1077], [83.0952, 21.1043], [83.0816, 21.1067], [83.0644, 21.1111], [83.0514, 21.1172], [83.0364, 21.1212], [83.0295, 21.1313], [83.0186, 21.1382], [83.0105, 21.1454], [82.993, 21.1543], [82.9834, 21.1483], [82.9716, 21.1563], [82.9596, 21.1739], [82.9423, 21.163], [82.928, 21.161], [82.908, 21.1603], [82.8874, 21.1538], [82.8729, 21.1511], [82.8595, 21.1573], [82.8471, 21.1627], [82.8125, 21.1586], [82.7956, 21.1506], [82.7888, 21.1393], [82.7575, 21.1586], [82.7354, 21.1579], [82.7212, 21.1589], [82.7055, 21.1549], [82.692, 21.1569], [82.662, 21.1508], [82.6458, 21.1517], [82.6328, 21.1427], [82.6384, 21.1316], [82.6478, 21.125], [82.6396, 21.117], [82.645, 21.1019], [82.6354, 21.092], [82.6259, 21.0768], [82.6094, 21.0712], [82.62, 21.0444], [82.6086, 21.0182], [82.6044, 21.0059], [82.5951, 20.9971], [82.5821, 20.9868], [82.5665, 20.967], [82.5529, 20.9415], [82.5359, 20.9295], [82.5192, 20.9247], [82.5031, 20.9139], [82.4857, 20.9035], [82.4847, 20.8796], [82.4814, 20.8615], [82.4776, 20.8467], [82.4634, 20.8397], [82.4591, 20.8238], [82.4411, 20.8238], [82.4229, 20.826], [82.4056, 20.8372], [82.4023, 20.8533], [82.3828, 20.8699], [82.368, 20.8641], [82.3559, 20.8699], [82.3592, 20.8827], [82.3412, 20.8681], [82.3369, 20.8493], [82.3355, 20.8278], [82.3357, 20.7974], [82.3369, 20.7793], [82.3351, 20.7585], [82.3404, 20.7467], [82.3459, 20.7287], [82.347, 20.7142], [82.3433, 20.6989], [82.3513, 20.6781], [82.3607, 20.6719], [82.3658, 20.6611], [82.3638, 20.6396], [82.3682, 20.6241], [82.3582, 20.6152], [82.348, 20.6016], [82.3387, 20.5943], [82.3425, 20.5752], [82.3372, 20.5652], [82.3275, 20.5579], [82.3361, 20.5432], [82.3488, 20.5229], [82.3585, 20.5162], [82.3805, 20.5099], [82.3838, 20.4827], [82.3896, 20.4654], [82.3973, 20.4519], [82.4064, 20.4661], [82.4194, 20.4573], [82.4177, 20.4383], [82.4277, 20.4321], [82.423, 20.4183], [82.4177, 20.4056], [82.4127, 20.3882], [82.4031, 20.3653], [82.398, 20.3468], [82.3938, 20.3355], [82.4005, 20.3247], [82.4163, 20.317], [82.424, 20.2965], [82.4292, 20.283], [82.4208, 20.2726], [82.4051, 20.2635], [82.4141, 20.2416], [82.4073, 20.2276], [82.4128, 20.2174], [82.4136, 20.2023], [82.4057, 20.179], [82.3905, 20.1673], [82.3872, 20.1489], [82.3823, 20.1382], [82.3878, 20.1269], [82.3926, 20.1083], [82.3947, 20.0892], [82.3926, 20.0733], [82.3909, 20.0596], [82.3958, 20.049], [82.4171, 20.0453], [82.4319, 20.039], [82.4515, 20.0353], [82.4641, 20.0315], [82.4816, 20.0246], [82.5021, 20.0135], [82.5242, 20.0104], [82.5436, 20.0121], [82.5759, 19.999], [82.5824, 19.9899], [82.5984, 19.9856], [82.6144, 19.987], [82.6209, 19.9956], [82.6318, 20.0001], [82.6505, 19.9994], [82.681, 19.9955], [82.698, 19.9927], [82.7109, 19.9833], [82.7095, 19.9467], [82.7065, 19.9335], [82.7043, 19.9183], [82.7004, 19.9066], [82.7027, 19.8858], [82.7094, 19.8701], [82.711, 19.8486], [82.7059, 19.8381], [82.6984, 19.8269], [82.6833, 19.8237], [82.6691, 19.8252], [82.6541, 19.8255], [82.6418, 19.8137], [82.6289, 19.8038], [82.623, 19.7893], [82.6081, 19.7851], [82.5983, 19.7752], [82.5851, 19.771], [82.5779, 19.7796], [82.5793, 19.7972], [82.5718, 19.8076], [82.5738, 19.8237], [82.5789, 19.8366], [82.5857, 19.8464], [82.5974, 19.8605], [82.5776, 19.8634], [82.5667, 19.8717], [82.5509, 19.8746], [82.5364, 19.8769], [82.5231, 19.8728], [82.5124, 19.8841], [82.4976, 19.8951], [82.4757, 19.9005], [82.4584, 19.8946], [82.4424, 19.903], [82.4249, 19.8976], [82.4104, 19.8934], [82.397, 19.8845], [82.3862, 19.8768], [82.378, 19.8687], [82.368, 19.8545], [82.3574, 19.8495], [82.3394, 19.83], [82.3268, 19.8383], [82.3213, 19.8519], [82.2982, 19.8835], [82.2953, 19.899], [82.2833, 19.9181], [82.2695, 19.9453], [82.2617, 19.9716], [82.2334, 19.9959], [82.2195, 19.9935], [82.2043, 19.9803], [82.1842, 19.9812], [82.1661, 19.9958], [82.1556, 20.0023], [82.1317, 20.0127], [82.1161, 20.0104], [82.1055, 20.0178], [82.0952, 20.0268], [82.083, 20.0327], [82.0763, 20.044], [82.0579, 20.0499], [82.049, 20.0352], [82.0388, 20.0289], [82.0316, 20.0167], [82.0148, 20.0195], [82.0143, 20.0364], [82.0069, 20.0473], [81.9866, 20.0521], [81.9785, 20.0692], [81.9626, 20.0856], [81.9442, 20.1016], [81.9256, 20.0901], [81.9154, 20.0738], [81.9014, 20.0591], [81.8942, 20.0482], [81.885, 20.0417], [81.8738, 20.0462], [81.8665, 20.036], [81.8602, 20.0234], [81.8576, 20.0091], [81.8521, 19.9972], [81.8503, 19.9826], [81.8469, 19.9704], [81.8403, 19.9551], [81.8465, 19.9414], [81.8457, 19.923], [81.8496, 19.9081], [81.8584, 19.8995], [81.8692, 19.8928], [81.8981, 19.8785], [81.9245, 19.8687], [81.9394, 19.8648], [81.9604, 19.8547], [81.9574, 19.836], [81.9615, 19.8244], [81.9702, 19.8127], [81.9801, 19.7958], [81.9993, 19.7983], [82.0242, 19.793], [82.0411, 19.7922], [82.0598, 19.7831], [82.0554, 19.761], [82.0466, 19.743], [82.0443, 19.7291], [82.0437, 19.7139], [82.0376, 19.7039], [82.0468, 19.6694], [82.046, 19.6536], [82.0473, 19.6383], [82.0513, 19.6244], [82.0447, 19.6108], [82.0373, 19.5979], [82.0349, 19.5833], [82.0422, 19.5709], [82.0404, 19.5522], [82.0461, 19.5386], [82.041, 19.5257], [82.0302, 19.5142], [82.0224, 19.5018], [82.0598, 19.5036], [82.0708, 19.5159], [82.0882, 19.5104], [82.091, 19.4941], [82.1018, 19.4737], [82.0969, 19.4611], [82.1072, 19.4526], [82.1193, 19.4239], [82.1341, 19.4248], [82.1607, 19.4295], [82.1793, 19.4191], [82.1778, 19.4056], [82.174, 19.3769], [82.1664, 19.3659], [82.1508, 19.3703], [82.1408, 19.3619], [82.1423, 19.3482], [82.1572, 19.3428], [82.169, 19.3372], [82.1803, 19.3322], [82.1832, 19.3197], [82.1701, 19.3025], [82.1584, 19.2815], [82.1517, 19.2655], [82.152, 19.2389], [82.1516, 19.2236], [82.1612, 19.2084], [82.1557, 19.1965], [82.1648, 19.1873], [82.1694, 19.1767], [82.173, 19.1648], [82.1641, 19.1546], [82.1724, 19.1476], [82.1647, 19.1395], [82.1598, 19.1265], [82.1648, 19.1147], [82.1762, 19.1251], [82.191, 19.1163], [82.1969, 19.1012], [82.2106, 19.0923], [82.2086, 19.0785], [82.1968, 19.0679], [82.2225, 19.0211], [82.2267, 18.994], [82.2396, 18.9105], [82.2277, 18.9067], [82.2138, 18.9121], [82.1987, 18.9055], [82.1854, 18.897], [82.1708, 18.8916], [82.1631, 18.8719], [82.1613, 18.8577], [82.1618, 18.8379], [82.1583, 18.8115], [82.1543, 18.7963], [82.1517, 18.7838], [82.1455, 18.7733], [82.1307, 18.7701], [82.1139, 18.7607], [82.0913, 18.7562], [82.0849, 18.7327], [82.0786, 18.7121], [82.0674, 18.7171], [82.0518, 18.7118], [82.0395, 18.717], [82.0156, 18.7135], [81.9977, 18.7005], [81.976, 18.6951], [81.9639, 18.6878], [81.9551, 18.6802], [81.9606, 18.6677], [81.9516, 18.661], [81.9459, 18.6464], [81.9483, 18.6328], [81.9155, 18.6358], [81.9049, 18.6464], [81.8948, 18.652], [81.8893, 18.6411], [81.8873, 18.6244], [81.8999, 18.6196], [81.913, 18.6129], [81.9262, 18.6032], [81.933, 18.5947], [81.9489, 18.5895], [81.9458, 18.5749], [81.9469, 18.5592], [81.9298, 18.558], [81.9132, 18.5612], [81.9008, 18.5572], [81.8976, 18.5427], [81.8968, 18.5284], [81.8787, 18.5263], [81.8708, 18.5176], [81.8579, 18.5131], [81.849, 18.5006], [81.8443, 18.4815], [81.8289, 18.4689], [81.7976, 18.4398], [81.7674, 18.4148], [81.7604, 18.3998], [81.7555, 18.3863], [81.7468, 18.3555], [81.7371, 18.3442], [81.7175, 18.3432], [81.6992, 18.3436], [81.6808, 18.341], [81.6581, 18.3393], [81.6492, 18.331], [81.6604, 18.3158], [81.6468, 18.3115], [81.6321, 18.308], [81.6159, 18.3008], [81.5969, 18.3021], [81.5905, 18.2933], [81.574, 18.2812], [81.5481, 18.2621], [81.528, 18.2591], [81.5258, 18.2365], [81.5111, 18.2019], [81.5048, 18.1838], [81.5149, 18.1722], [81.5226, 18.1573], [81.5158, 18.1399], [81.5107, 18.1039], [81.4968, 18.0727], [81.4947, 18.058], [81.4815, 18.0499], [81.4775, 18.0387], [81.4775, 18.02], [81.4789, 18.0037], [81.4745, 17.9887], [81.4767, 17.9739], [81.467, 17.9549], [81.4548, 17.9466], [81.4452, 17.9262], [81.4462, 17.9103], [81.4437, 17.8932], [81.4403, 17.8791], [81.4231, 17.8774], [81.4117, 17.8854], [81.399, 17.8885], [81.3905, 17.8743], [81.3899, 17.8594], [81.3981, 17.8468], [81.3933, 17.8358], [81.3844, 17.8258], [81.385, 17.8066], [81.3676, 17.8081], [81.3445, 17.8116], [81.326, 17.8124], [81.2981, 17.8099], [81.2634, 17.8105], [81.2279, 17.8263], [81.2135, 17.8331], [81.192, 17.8471], [81.1764, 17.8491], [81.1596, 17.8526], [81.1212, 17.8283], [81.109, 17.8231], [81.0977, 17.8171], [81.0871, 17.8033], [81.0796, 17.795], [81.0691, 17.7851], [81.056, 17.7828], [81.0377, 17.7862], [81.0126, 17.8167], [81.0043, 17.8383], [81.0019, 17.8647], [80.9972, 17.8952], [80.9943, 17.9142], [80.9847, 17.9229], [80.9806, 17.9399], [80.976, 17.9629], [80.9738, 17.9768], [80.9726, 17.9932], [80.9685, 18.0118], [80.9639, 18.0244], [80.966, 18.0435], [80.9524, 18.0719], [80.944, 18.081], [80.9498, 18.0983], [80.9475, 18.1168], [80.9675, 18.138], [80.9748, 18.1519], [80.9737, 18.1682], [80.9542, 18.167], [80.9442, 18.1571], [80.932, 18.1494], [80.912, 18.1385], [80.9007, 18.1347], [80.8811, 18.1325], [80.862, 18.1327], [80.8558, 18.1429], [80.8517, 18.1684], [80.8522, 18.1835], [80.8485, 18.1959], [80.8613, 18.1987], [80.8635, 18.2172], [80.8396, 18.228], [80.8296, 18.2341], [80.8172, 18.2252], [80.8187, 18.192], [80.8107, 18.1833], [80.7979, 18.1663], [80.7624, 18.163], [80.7451, 18.1648], [80.7346, 18.1717], [80.7325, 18.1942], [80.7333, 18.2188], [80.7569, 18.2295], [80.7694, 18.2364], [80.7843, 18.2433], [80.7849, 18.2581], [80.7734, 18.2649], [80.7664, 18.2782], [80.757, 18.2847], [80.7513, 18.2975], [80.7444, 18.3169], [80.7348, 18.3387], [80.7264, 18.3502], [80.7229, 18.3642], [80.7186, 18.3792], [80.724, 18.3952], [80.7265, 18.409], [80.713, 18.4057], [80.691, 18.4194], [80.6953, 18.4346], [80.6831, 18.4446], [80.6741, 18.4563], [80.6624, 18.4657], [80.6508, 18.4723], [80.6449, 18.4835], [80.6368, 18.494], [80.6356, 18.5116], [80.627, 18.5182], [80.6138, 18.5261], [80.604, 18.5407], [80.5956, 18.5491], [80.5815, 18.5575], [80.5679, 18.5615], [80.5578, 18.5728], [80.5404, 18.583], [80.53, 18.5888], [80.5218, 18.6008], [80.5138, 18.6131], [80.4981, 18.6177], [80.4884, 18.6267], [80.4722, 18.6237], [80.4552, 18.6249], [80.4176, 18.6107], [80.4021, 18.6072], [80.3894, 18.5993], [80.3705, 18.6031], [80.3575, 18.5983], [80.3485, 18.5885], [80.3315, 18.5966], [80.3193, 18.6217], [80.315, 18.6363], [80.3078, 18.6523], [80.2995, 18.6792], [80.2888, 18.695], [80.2779, 18.711], [80.2675, 18.718], [80.2575, 18.7313], [80.2475, 18.7436], [80.2396, 18.7522], [80.249, 18.7653], [80.2654, 18.7632], [80.2795, 18.7679], [80.2902, 18.7863], [80.2994, 18.7935], [80.3187, 18.796], [80.3347, 18.8061], [80.3462, 18.8111], [80.3485, 18.8239], [80.3396, 18.8483], [80.3257, 18.87], [80.3135, 18.8812], [80.2981, 18.9005], [80.2705, 18.9249], [80.2647, 18.9373], [80.2675, 18.9526], [80.2673, 18.9807], [80.2723, 18.9974], [80.2881, 19.0139], [80.2953, 19.0287], [80.2905, 19.04], [80.3022, 19.0556], [80.3158, 19.0646], [80.3221, 19.0749], [80.3199, 19.0882], [80.3315, 19.1011], [80.3224, 19.1202], [80.3249, 19.1415], [80.3355, 19.1476], [80.3406, 19.1589], [80.3624, 19.1693], [80.3729, 19.1751], [80.3867, 19.189], [80.3799, 19.2087], [80.3792, 19.2326], [80.3885, 19.2433], [80.4016, 19.2468], [80.4145, 19.2492], [80.4281, 19.2544], [80.437, 19.2611], [80.4454, 19.2699], [80.4568, 19.2992], [80.4645, 19.314], [80.4705, 19.3289], [80.4811, 19.3378], [80.5004, 19.3413], [80.5138, 19.3482], [80.5227, 19.3598], [80.5315, 19.3743], [80.5593, 19.3976], [80.5839, 19.3772], [80.5856, 19.353], [80.5927, 19.3352], [80.5985, 19.3247], [80.6039, 19.3118], [80.6177, 19.3048], [80.6353, 19.3128], [80.6579, 19.3243], [80.6719, 19.3264], [80.6842, 19.32], [80.6818, 19.2958], [80.6886, 19.2835], [80.7092, 19.2833], [80.7307, 19.284], [80.7492, 19.2867], [80.7597, 19.2998], [80.7781, 19.3185], [80.7879, 19.3241], [80.8028, 19.3323], [80.8128, 19.3381], [80.8264, 19.348], [80.8391, 19.3551], [80.835, 19.3707], [80.8232, 19.3747], [80.8127, 19.3827], [80.8085, 19.397], [80.798, 19.4117], [80.7925, 19.4227], [80.808, 19.4316], [80.8252, 19.4391], [80.8575, 19.4425], [80.876, 19.4479], [80.8856, 19.4565], [80.8921, 19.4657], [80.8922, 19.4815], [80.8897, 19.4992], [80.8791, 19.519], [80.8633, 19.522], [80.8454, 19.5292], [80.8374, 19.5406], [80.8335, 19.556], [80.8196, 19.5654], [80.7852, 19.5604], [80.7664, 19.5683], [80.7643, 19.5848], [80.721, 19.6084], [80.7078, 19.6105], [80.683, 19.6106], [80.662, 19.6087], [80.6561, 19.6252], [80.6622, 19.6626], [80.666, 19.6863], [80.6613, 19.6975], [80.6456, 19.7065], [80.6335, 19.7185], [80.6202, 19.7238], [80.5903, 19.7344], [80.5787, 19.7439], [80.5705, 19.7547], [80.5502, 19.7646], [80.5397, 19.7746], [80.5424, 19.7942], [80.5442, 19.8112], [80.5354, 19.8181], [80.5178, 19.8289], [80.4984, 19.8295], [80.476, 19.828], [80.4595, 19.8113], [80.4748, 19.8034], [80.4821, 19.7895], [80.4781, 19.7724], [80.4668, 19.7849], [80.4524, 19.7929], [80.4358, 19.7919], [80.4177, 19.7971], [80.4001, 19.7936], [80.3975, 19.8162], [80.4173, 19.8092], [80.4317, 19.8103], [80.447, 19.8203], [80.4603, 19.828], [80.4686, 19.8375], [80.475, 19.8571], [80.4876, 19.8651], [80.4969, 19.8772], [80.4917, 19.8905], [80.4827, 19.8989], [80.469, 19.9034], [80.4528, 19.9], [80.4358, 19.8955], [80.4147, 19.9029], [80.4027, 19.9096], [80.4058, 19.9255], [80.4206, 19.9362], [80.431, 19.9409], [80.4437, 19.9527], [80.453, 19.9452], [80.4688, 19.9403], [80.4805, 19.9278], [80.5017, 19.9248], [80.5204, 19.9309], [80.526, 19.9411], [80.5338, 19.953], [80.5324, 19.9671], [80.5442, 19.9815], [80.5399, 19.9977], [80.5354, 20.0112], [80.5416, 20.0372], [80.5452, 20.0596], [80.5418, 20.0767], [80.535, 20.0854], [80.5413, 20.1049], [80.5288, 20.1175], [80.5182, 20.1268], [80.5036, 20.1288], [80.498, 20.1389], [80.4829, 20.1379], [80.4668, 20.1427], [80.4513, 20.1449], [80.4441, 20.1303], [80.427, 20.1302], [80.4015, 20.1395], [80.3876, 20.1516], [80.3905, 20.1663], [80.3946, 20.1816], [80.4134, 20.1875], [80.412, 20.2022], [80.398, 20.2128], [80.388, 20.2306], [80.383, 20.2417], [80.4037, 20.2477], [80.4153, 20.2523], [80.4373, 20.2585], [80.4484, 20.2639], [80.4654, 20.2716], [80.4945, 20.2748], [80.5108, 20.2696], [80.5267, 20.2848], [80.5358, 20.2947], [80.542, 20.3068], [80.5842, 20.3193], [80.6054, 20.3202], [80.6167, 20.3257], [80.6107, 20.3453], [80.606, 20.3564], [80.6009, 20.3692], [80.5902, 20.3844], [80.586, 20.3956], [80.5898, 20.4128], [80.5999, 20.4269], [80.5972, 20.4421], [80.6017, 20.4573], [80.6049, 20.4812], [80.6072, 20.5039], [80.61, 20.532], [80.6118, 20.551], [80.6171, 20.5622], [80.6142, 20.5769], [80.6129, 20.5906], [80.6223, 20.6039], [80.609, 20.606], [80.5925, 20.6131], [80.5673, 20.6124], [80.5514, 20.5991], [80.5298, 20.5901], [80.5195, 20.5847], [80.5001, 20.5869], [80.4929, 20.6041], [80.4842, 20.612], [80.4816, 20.6298], [80.4896, 20.6399], [80.502, 20.6492], [80.5189, 20.6618], [80.5374, 20.664], [80.5474, 20.6713], [80.5668, 20.6729], [80.5783, 20.6788], [80.5777, 20.6941], [80.564, 20.7072], [80.5559, 20.7226], [80.5545, 20.7472], [80.5482, 20.7591], [80.5455, 20.7823], [80.5457, 20.8014], [80.5508, 20.8155], [80.5548, 20.8294], [80.5504, 20.8457], [80.5489, 20.8681], [80.5498, 20.8889], [80.5462, 20.9031], [80.5391, 20.9211], [80.5418, 20.9339], [80.5264, 20.9321], [80.5106, 20.9288], [80.4913, 20.9279], [80.4739, 20.9274], [80.4591, 20.9281], [80.4488, 20.9453], [80.4438, 20.961], [80.4389, 20.9716], [80.4381, 20.9921], [80.4295, 21.0026], [80.4325, 21.0171], [80.4386, 21.0272], [80.4473, 21.0366], [80.4482, 21.052], [80.444, 21.0632], [80.4425, 21.0774], [80.4381, 21.0888], [80.4367, 21.1027], [80.4437, 21.1117], [80.4407, 21.1255], [80.446, 21.1358], [80.4501, 21.1469], [80.4539, 21.1586], [80.4573, 21.1728], [80.4733, 21.1713], [80.486, 21.1772], [80.4955, 21.1833], [80.5103, 21.1865], [80.5162, 21.1983], [80.5279, 21.202], [80.5419, 21.1992], [80.5537, 21.2025], [80.564, 21.208], [80.5718, 21.2169], [80.5845, 21.2231], [80.5989, 21.2251], [80.6087, 21.2318], [80.6157, 21.24], [80.6277, 21.2457], [80.6374, 21.2527], [80.6419, 21.2644], [80.6468, 21.2781], [80.6548, 21.2895], [80.6683, 21.294], [80.6724, 21.3059], [80.667, 21.3162], [80.6599, 21.3278], [80.6649, 21.3409], [80.67, 21.3542], [80.6783, 21.3662], [80.6858, 21.3768], [80.6916, 21.3882], [80.6951, 21.4057], [80.6985, 21.4191], [80.7016, 21.4314], [80.7121, 21.4394], [80.7212, 21.4494], [80.7277, 21.4633], [80.7273, 21.4807], [80.7223, 21.4908], [80.7243, 21.506], [80.7258, 21.5222], [80.7308, 21.5354], [80.7241, 21.5467], [80.7149, 21.5546], [80.7192, 21.5681], [80.7137, 21.5813], [80.7091, 21.5924], [80.7108, 21.6062], [80.7199, 21.6146], [80.721, 21.6305], [80.7191, 21.6437], [80.7105, 21.6524], [80.71, 21.6677], [80.7151, 21.6787], [80.7221, 21.6906], [80.7249, 21.7043], [80.7239, 21.7197], [80.7289, 21.7352], [80.7348, 21.7476], [80.743, 21.758], [80.7587, 21.7572], [80.7698, 21.7521], [80.7771, 21.7409], [80.7926, 21.7432], [80.8081, 21.7464], [80.8106, 21.761], [80.8168, 21.7742], [80.8211, 21.787], [80.828, 21.7968], [80.8317, 21.8087], [80.8356, 21.8245], [80.8328, 21.8375], [80.8377, 21.8518], [80.8367, 21.867], [80.8341, 21.8825], [80.8241, 21.8894], [80.8254, 21.9039], [80.8301, 21.9184], [80.8359, 21.9279], [80.8334, 21.9466], [80.8212, 21.9506], [80.8318, 21.9579], [80.8458, 21.9609], [80.8504, 21.9728], [80.8546, 21.9872], [80.8593, 21.9978], [80.8686, 22.0112], [80.8689, 22.0336], [80.8774, 22.0507], [80.885, 22.0607], [80.8948, 22.0765], [80.8982, 22.1013], [80.9061, 22.1144], [80.9172, 22.1209], [80.9389, 22.119], [80.9505, 22.113], [80.9575, 22.0972], [80.9655, 22.082], [80.9621, 22.0619], [80.9718, 22.0543], [80.9826, 22.049], [80.9912, 22.0581], [81.0043, 22.07], [80.9974, 22.0809], [81.004, 22.0945], [80.9928, 22.1052], [80.9802, 22.1128], [80.9718, 22.1215], [80.9867, 22.1309], [81.0052, 22.1327], [81.0174, 22.1403], [81.0191, 22.1653], [81.0133, 22.1775], [81.0215, 22.187], [81.0235, 22.2028], [81.0158, 22.2141], [81.0194, 22.2292], [81.0363, 22.2377], [81.0489, 22.2442], [81.0628, 22.2469], [81.0847, 22.2467], [81.0918, 22.2679], [81.1138, 22.2944], [81.1147, 22.3126], [81.1093, 22.3296], [81.1157, 22.3441], [81.1069, 22.3622], [81.1009, 22.3832], [81.1047, 22.4108], [81.1049, 22.4328], [81.1228, 22.4476], [81.134, 22.452], [81.1481, 22.4559], [81.1578, 22.4745], [81.1707, 22.488], [81.1869, 22.4892], [81.1932, 22.4737], [81.2021, 22.4568], [81.2184, 22.4517], [81.2331, 22.4551], [81.2555, 22.4725], [81.2562, 22.4881], [81.2667, 22.4941], [81.2802, 22.4988], [81.2917, 22.4893], [81.304, 22.4818], [81.3159, 22.4897], [81.3148, 22.5159], [81.3229, 22.5243], [81.3479, 22.5141], [81.3618, 22.5154], [81.3733, 22.5108], [81.3796, 22.4979], [81.3848, 22.4778], [81.3831, 22.4626], [81.3889, 22.4448], [81.4141, 22.4485], [81.4206, 22.4594], [81.4176, 22.4736], [81.4318, 22.4805], [81.436, 22.4695], [81.4503, 22.4726], [81.4391, 22.4795], [81.4381, 22.4939], [81.4533, 22.491], [81.47, 22.494], [81.4857, 22.5033], [81.4918, 22.5173], [81.5029, 22.5268], [81.5147, 22.534], [81.528, 22.5398], [81.5422, 22.5299], [81.5569, 22.5322], [81.5574, 22.5469], [81.5697, 22.5501], [81.5832, 22.5445], [81.5927, 22.5377], [81.609, 22.5364], [81.6219, 22.5438], [81.6194, 22.5586], [81.6325, 22.562], [81.6457, 22.5659], [81.6444, 22.5834], [81.6414, 22.6075], [81.6484, 22.62], [81.6565, 22.632], [81.6786, 22.6489], [81.6989, 22.6459], [81.7141, 22.6556], [81.7196, 22.67], [81.7369, 22.669], [81.7405, 22.6481], [81.7627, 22.6636], [81.766, 22.6761], [81.7559, 22.6977], [81.7483, 22.7195], [81.7625, 22.7353], [81.7782, 22.758], [81.7813, 22.7747], [81.7744, 22.7856], [81.7759, 22.8001], [81.7616, 22.8293], [81.7693, 22.8512], [81.7694, 22.8735], [81.7859, 22.8771], [81.8207, 22.8829], [81.8356, 22.8865], [81.8563, 22.8909], [81.8619, 22.9046], [81.8705, 22.9118], [81.8803, 22.9199], [81.8949, 22.9282], [81.9057, 22.9405], [81.9139, 22.9482], [81.928, 22.9542], [81.9402, 22.9571], [81.9424, 22.9753], [81.9384, 22.9917], [81.9372, 23.0095], [81.9268, 23.0224], [81.9194, 23.0367], [81.9239, 23.0583], [81.935, 23.0669], [81.9526, 23.0765], [81.9651, 23.0804], [81.98, 23.0855], [81.9968, 23.0803], [82.0128, 23.0793], [82.0283, 23.0817], [82.0395, 23.0915], [82.0477, 23.1034], [82.0614, 23.1159], [82.0755, 23.1121], [82.1016, 23.1085], [82.1159, 23.1038], [82.1282, 23.1121], [82.131, 23.1289], [82.1511, 23.1417], [82.1538, 23.158], [82.1401, 23.1637], [82.141, 23.1785], [82.1406, 23.1981], [82.1467, 23.2095], [82.1429, 23.2224], [82.1537, 23.246], [82.1665, 23.2614], [82.174, 23.2725], [82.1864, 23.2777], [82.187, 23.295], [82.1888, 23.3087], [82.1859, 23.3254], [82.1601, 23.3322], [82.1536, 23.3425], [82.1452, 23.3492], [82.1378, 23.3618], [82.1184, 23.3545], [82.1045, 23.3632], [82.1052, 23.3828], [82.0988, 23.3947], [82.0851, 23.3933], [82.0693, 23.395], [82.054, 23.3905], [82.0492, 23.3787], [82.0329, 23.3854], [82.0145, 23.3879], [82.0199, 23.4009], [82.0184, 23.4211], [81.9995, 23.4128], [81.9874, 23.4195], [81.9789, 23.4115], [81.9716, 23.4197], [81.9751, 23.4318], [81.9719, 23.4452], [81.9612, 23.4598], [81.9503, 23.4661], [81.9489, 23.4967], [81.9344, 23.5055], [81.9277, 23.5175], [81.9164, 23.5321], [81.9039, 23.5351], [81.8845, 23.5225], [81.8697, 23.5146], [81.8551, 23.5165], [81.8341, 23.5122], [81.8165, 23.5149], [81.8102, 23.5263], [81.8046, 23.5458], [81.763, 23.5508], [81.7536, 23.5586], [81.7407, 23.5677], [81.726, 23.5624], [81.7168, 23.5483], [81.7064, 23.5336], [81.6931, 23.5233], [81.6819, 23.5272], [81.6672, 23.5319], [81.6531, 23.5277], [81.6477, 23.5024], [81.6352, 23.4984], [81.6282, 23.4904], [81.6172, 23.4949], [81.607, 23.5069], [81.6055, 23.5248], [81.6067, 23.545], [81.5869, 23.5545], [81.5755, 23.5587], [81.5704, 23.5798], [81.5751, 23.592], [81.5948, 23.5955], [81.6011, 23.6139], [81.6065, 23.6245], [81.6132, 23.661], [81.635, 23.659], [81.6464, 23.6632], [81.6495, 23.6835], [81.6732, 23.6934], [81.6846, 23.7136], [81.6775, 23.7346], [81.6783, 23.7489], [81.6693, 23.7574], [81.6535, 23.7643], [81.6397, 23.7711], [81.6435, 23.7918], [81.636, 23.8164], [81.6305, 23.8308], [81.6202, 23.8368], [81.6058, 23.8382], [81.5984, 23.8537], [81.6062, 23.864], [81.6149, 23.8728], [81.6002, 23.8834], [81.6056, 23.8959], [81.6105, 23.907], [81.6292, 23.9077], [81.6415, 23.9152], [81.6574, 23.9246], [81.6677, 23.9157], [81.6773, 23.9102], [81.6824, 23.8898], [81.6974, 23.886], [81.703, 23.8728], [81.7125, 23.863], [81.7238, 23.8569], [81.7184, 23.8434], [81.7305, 23.8394], [81.7452, 23.8309], [81.7726, 23.8142], [81.7875, 23.8119], [81.8056, 23.8104], [81.8241, 23.8164], [81.8529, 23.8243], [81.8621, 23.8348], [81.8784, 23.8379], [81.8941, 23.8441], [81.9043, 23.8585], [81.9147, 23.8719], [81.9316, 23.8679], [81.94, 23.8578], [81.9507, 23.8529], [81.9624, 23.8571], [81.9839, 23.862], [82.0007, 23.8631], [82.0076, 23.855], [82.0285, 23.8477], [82.031, 23.8319], [82.0405, 23.8263], [82.0633, 23.8191], [82.078, 23.8171], [82.1002, 23.8201], [82.1175, 23.8231], [82.1341, 23.8182], [82.1557, 23.822], [82.1697, 23.8247], [82.1725, 23.8379], [82.1893, 23.8437], [82.2039, 23.853], [82.2044, 23.8371], [82.2116, 23.8239], [82.2211, 23.8101], [82.2485, 23.8198], [82.2648, 23.8187], [82.2838, 23.8129], [82.2951, 23.8086], [82.3111, 23.8112], [82.3282, 23.8037], [82.347, 23.8037], [82.3683, 23.8111], [82.3799, 23.807], [82.3934, 23.8024], [82.4232, 23.8061], [82.4402, 23.8057], [82.46, 23.8114], [82.4827, 23.7975], [82.4918, 23.7857], [82.5067, 23.7855], [82.5288, 23.7913], [82.5445, 23.7942], [82.5409, 23.8102], [82.532, 23.8198], [82.5421, 23.8267], [82.5612, 23.8228], [82.5785, 23.8224], [82.6005, 23.8339], [82.6295, 23.839], [82.6377, 23.8499], [82.6435, 23.8596], [82.658, 23.8656], [82.6461, 23.8887], [82.6547, 23.9063], [82.6709, 23.9098], [82.6873, 23.9178], [82.7019, 23.9249], [82.7181, 23.9215], [82.7433, 23.9206], [82.7502, 23.9301], [82.7748, 23.9386], [82.7903, 23.9506], [82.7968, 23.9614], [82.8207, 23.965], [82.8413, 23.9502], [82.8552, 23.9388], [82.863, 23.9255], [82.8753, 23.9164], [82.8903, 23.9046], [82.9061, 23.8979], [82.9225, 23.8927], [82.9306, 23.882], [82.9495, 23.873], [82.984, 23.8796], [83.0205, 23.8827], [83.0364, 23.8831], [83.061, 23.8752], [83.0866, 23.8782], [83.1274, 23.89], [83.1353, 23.8985], [83.1452, 23.9099], [83.1579, 23.913], [83.1726, 23.9177], [83.1896, 23.9211], [83.2018, 23.9405], [83.2059, 23.9538], [83.2106, 23.9654], [83.2156, 23.9808], [83.2225, 23.9921], [83.2335, 23.9983], [83.237, 24.01], [83.247, 24.0152], [83.2589, 24.0116], [83.2705, 24.0203], [83.28, 24.0348], [83.2775, 24.05], [83.2842, 24.0647], [83.2924, 24.0772], [83.3111, 24.0928], [83.3149, 24.107], [83.327599, 24.099649]]]}}, {"type": "Feature", "properties": {"ID_0": 105, "ISO": "IND", "NAME_0": "India", "ID_1": 8, "NAME_1": "Dadra and Nagar Haveli", "NL_NAME_1": "", "VARNAME_1": "DAdra et Nagar Haveli|Dadra e Nagar Haveli", "TYPE_1": "Union Territor", "ENGTYPE_1": "Union Territory", "filename": "", "filename_1": "", "filename_2": "", "filename_3": "", "filename_4": ""}, "geometry": {"type": "Polygon", "coordinates": [[[72.990463, 20.292089], [73.0105, 20.2924], [73.0222, 20.2971], [73.0176, 20.3155], [73.027, 20.3038], [73.0373, 20.2906], [73.0476, 20.3045], [73.0505, 20.323], [73.0667, 20.3261], [73.0827, 20.3291], [73.0974, 20.3351], [73.1013, 20.356], [73.1142, 20.3528], [73.1215, 20.3364], [73.1165, 20.3127], [73.1291, 20.3058], [73.1402, 20.3147], [73.1614, 20.3172], [73.1707, 20.3105], [73.177, 20.3009], [73.1789, 20.2865], [73.1668, 20.2834], [73.1582, 20.2905], [73.1543, 20.2793], [73.1427, 20.2753], [73.1368, 20.2605], [73.1246, 20.2567], [73.1133, 20.2442], [73.1019, 20.2289], [73.0875, 20.234], [73.0704, 20.2215], [73.0642, 20.2032], [73.073, 20.1961], [73.0742, 20.1773], [73.0724, 20.1635], [73.0824, 20.1566], [73.0899, 20.1704], [73.1018, 20.1641], [73.113, 20.1584], [73.128, 20.1571], [73.1326, 20.1678], [73.147, 20.1711], [73.1484, 20.1855], [73.1416, 20.2019], [73.1635, 20.2015], [73.1802, 20.2086], [73.1885, 20.2006], [73.2044, 20.1983], [73.2162, 20.1928], [73.2278, 20.187], [73.2221, 20.1714], [73.1992, 20.1616], [73.196, 20.1399], [73.211, 20.1236], [73.2177, 20.1063], [73.2139, 20.0906], [73.2029, 20.0811], [73.1989, 20.0623], [73.1859, 20.0529], [73.1754, 20.0581], [73.1633, 20.0731], [73.1445, 20.0779], [73.1367, 20.0853], [73.1277, 20.0782], [73.1118, 20.083], [73.0984, 20.0937], [73.0782, 20.0953], [73.0606, 20.0991], [73.0592, 20.0679], [73.0453, 20.0718], [73.0318, 20.0844], [73.0247, 20.0963], [73.0102, 20.1104], [73.015, 20.1249], [73.0105, 20.1402], [73.0078, 20.1264], [72.9942, 20.1139], [72.9796, 20.1253], [72.986, 20.1575], [72.986, 20.1765], [72.9759, 20.1896], [72.9704, 20.2123], [72.9745, 20.2258], [72.9653, 20.2372], [72.9515, 20.2436], [72.9238, 20.2682], [72.9303, 20.284], [72.9414, 20.2921], [72.9575, 20.2877], [72.9698, 20.2747], [72.9841, 20.2717], [72.990463, 20.292089]]]}}, {"type": "Feature", "properties": {"ID_0": 105, "ISO": "IND", "NAME_0": "India", "ID_1": 9, "NAME_1": "Daman and Diu", "NL_NAME_1": "", "VARNAME_1": "", "TYPE_1": "Union Territor", "ENGTYPE_1": "Union Territory", "filename": "", "filename_1": "", "filename_2": "", "filename_3": "", "filename_4": ""}, "geometry": {"type": "MultiPolygon", "coordinates": [[[[72.860138, 20.470961], [72.8512, 20.4549], [72.8422, 20.445], [72.8366, 20.4284], [72.8416, 20.4171], [72.852, 20.412], [72.8689, 20.4059], [72.8745, 20.3935], [72.8608, 20.4032], [72.8451, 20.4071], [72.8324, 20.3707], [72.8229, 20.3763], [72.8271, 20.3874], [72.8288, 20.4035], [72.8293, 20.4212], [72.8293, 20.4363], [72.834, 20.4468], [72.8404, 20.4554], [72.8493, 20.4615], [72.8587, 20.4671], [72.860138, 20.470961]]], [[[70.888527, 20.709763], [70.888527, 20.709763]]], [[[70.948547, 20.733742], [70.962, 20.7292], [70.9746, 20.726], [70.9835, 20.7199], [70.9971, 20.7162], [70.9896, 20.7085], [70.9785, 20.7046], [70.964, 20.7054], [70.9488, 20.7049], [70.9379, 20.709], [70.9251, 20.7118], [70.9157, 20.7057], [70.9051, 20.7004], [70.8954, 20.706], [70.8969, 20.72], [70.9209, 20.7289], [70.934, 20.7359], [70.948547, 20.733742]]], [[[70.768028, 20.96196], [70.7768, 20.9685], [70.7892, 20.9599], [70.8079, 20.9644], [70.8215, 20.9597], [70.8328, 20.9685], [70.846, 20.9706], [70.855, 20.9612], [70.8691, 20.9571], [70.887, 20.9452], [70.8924, 20.93], [70.9016, 20.9033], [70.9002, 20.8857], [70.8843, 20.8732], [70.8652, 20.8654], [70.8464, 20.8606], [70.8258, 20.8589], [70.817, 20.8512], [70.8362, 20.8478], [70.8417, 20.8324], [70.873, 20.835], [70.8906, 20.8329], [70.8972, 20.8162], [70.8939, 20.7947], [70.8765, 20.7888], [70.8674, 20.795], [70.8629, 20.7818], [70.8672, 20.7695], [70.849, 20.7656], [70.8544, 20.7537], [70.8401, 20.7303], [70.8498, 20.7239], [70.8653, 20.727], [70.8704, 20.7154], [70.8654, 20.7049], [70.8512, 20.7082], [70.839, 20.7049], [70.8385, 20.6904], [70.8238, 20.6913], [70.8149, 20.6976], [70.8271, 20.7015], [70.8235, 20.7129], [70.8149, 20.7193], [70.809, 20.7101], [70.8018, 20.7021], [70.7943, 20.7099], [70.7829, 20.714], [70.7718, 20.7179], [70.761, 20.7221], [70.7471, 20.7193], [70.7363, 20.7238], [70.7268, 20.7293], [70.7162, 20.7337], [70.7051, 20.7382], [70.696, 20.7443], [70.686, 20.7493], [70.6774, 20.7557], [70.6752, 20.7705], [70.683, 20.7841], [70.682, 20.8011], [70.6763, 20.8188], [70.6774, 20.8352], [70.6845, 20.851], [70.6942, 20.883], [70.7027, 20.895], [70.7131, 20.9056], [70.7194, 20.937], [70.7307, 20.9601], [70.7386, 20.9687], [70.7345, 20.986], [70.7555, 20.9738], [70.7623, 20.9656], [70.768028, 20.96196]]]]}}, {"type": "Feature", "properties": {"ID_0": 105, "ISO": "IND", "NAME_0": "India", "ID_1": 10, "NAME_1": "Delhi", "NL_NAME_1": "", "VARNAME_1": "", "TYPE_1": "Union Territor", "ENGTYPE_1": "Union Territory", "filename": "", "filename_1": "", "filename_2": "", "filename_3": "", "filename_4": ""}, "geometry": {"type": "Polygon", "coordinates": [[[77.217323, 28.835279], [77.2136, 28.8135], [77.1946, 28.8154], [77.1969, 28.7953], [77.2084, 28.7872], [77.2247, 28.7876], [77.229, 28.7724], [77.238, 28.7592], [77.2532, 28.7528], [77.2562, 28.7399], [77.2711, 28.7382], [77.2807, 28.73], [77.2849, 28.7125], [77.3015, 28.7167], [77.3172, 28.7172], [77.3198, 28.7036], [77.3276, 28.6918], [77.3179, 28.6793], [77.3154, 28.6633], [77.3131, 28.6467], [77.321, 28.636], [77.3342, 28.627], [77.3362, 28.6089], [77.3169, 28.6], [77.2949, 28.5824], [77.2938, 28.5667], [77.3031, 28.5505], [77.3149, 28.5415], [77.3305, 28.5241], [77.3377, 28.509], [77.3267, 28.5035], [77.3149, 28.4946], [77.3009, 28.4901], [77.2858, 28.4963], [77.2711, 28.497], [77.2601, 28.4884], [77.2427, 28.4846], [77.2324, 28.4758], [77.2257, 28.464], [77.2399, 28.4536], [77.2443, 28.4417], [77.2406, 28.4289], [77.2227, 28.419], [77.2059, 28.4134], [77.1795, 28.4124], [77.1658, 28.4085], [77.1543, 28.4213], [77.1424, 28.4357], [77.1241, 28.4392], [77.1125, 28.4502], [77.106, 28.4659], [77.1015, 28.4765], [77.1077, 28.4939], [77.0903, 28.5055], [77.0725, 28.5203], [77.057, 28.5139], [77.0417, 28.519], [77.0331, 28.5283], [77.0196, 28.5333], [77.0061, 28.5428], [76.9959, 28.5369], [77.005, 28.5287], [77.0109, 28.518], [76.9903, 28.5198], [76.9765, 28.5238], [76.9446, 28.5136], [76.9227, 28.5193], [76.9085, 28.5149], [76.8937, 28.5161], [76.8794, 28.509], [76.8795, 28.524], [76.8592, 28.5419], [76.8376, 28.557], [76.8329, 28.5825], [76.8502, 28.5901], [76.8609, 28.6025], [76.8779, 28.6376], [76.8937, 28.6328], [76.904, 28.6379], [76.9237, 28.6287], [76.9339, 28.6377], [76.9182, 28.6533], [76.9231, 28.6692], [76.9426, 28.6751], [76.9484, 28.688], [76.9542, 28.7005], [76.9413, 28.717], [76.9507, 28.7365], [76.9474, 28.7511], [76.9382, 28.7596], [76.9466, 28.774], [76.9423, 28.7878], [76.9375, 28.8035], [76.9423, 28.8207], [76.958, 28.8303], [76.9706, 28.8251], [76.9796, 28.8367], [77.0066, 28.8353], [77.0247, 28.8363], [77.0377, 28.8528], [77.0498, 28.8732], [77.0657, 28.873], [77.0759, 28.8845], [77.0834, 28.8746], [77.0995, 28.8724], [77.1097, 28.8661], [77.1285, 28.8654], [77.1356, 28.8527], [77.1424, 28.8425], [77.1596, 28.8574], [77.1836, 28.8623], [77.1996, 28.8649], [77.2115, 28.8549], [77.217323, 28.835279]]]}}, {"type": "Feature", "properties": {"ID_0": 105, "ISO": "IND", "NAME_0": "India", "ID_1": 11, "NAME_1": "Goa", "NL_NAME_1": "", "VARNAME_1": "Ga", "TYPE_1": "State", "ENGTYPE_1": "State", "filename": "", "filename_1": "", "filename_2": "", "filename_3": "", "filename_4": ""}, "geometry": {"type": "MultiPolygon", "coordinates": [[[[73.781807, 15.355694], [73.7724, 15.3499], [73.7607, 15.354], [73.7774, 15.3543], [73.781807, 15.355694]]], [[[73.796516, 15.37903], [73.796516, 15.37903]]], [[[73.864296, 15.408481], [73.864296, 15.408481]]], [[[73.879868, 15.779212], [73.8869, 15.7703], [73.8826, 15.7567], [73.9086, 15.7423], [73.9242, 15.7428], [73.9454, 15.7415], [73.9508, 15.7232], [73.9589, 15.7113], [73.9572, 15.6967], [73.9713, 15.6873], [73.9716, 15.6684], [73.9742, 15.6547], [73.9693, 15.6443], [73.976, 15.6289], [73.9861, 15.6234], [73.9987, 15.6111], [74.0132, 15.6093], [74.0279, 15.6046], [74.0393, 15.6209], [74.0568, 15.6227], [74.0735, 15.6267], [74.1024, 15.639], [74.1228, 15.6452], [74.1428, 15.6471], [74.1632, 15.6486], [74.1754, 15.6702], [74.1901, 15.681], [74.1981, 15.6737], [74.2115, 15.661], [74.2241, 15.6503], [74.2316, 15.6665], [74.2553, 15.6542], [74.2572, 15.6339], [74.2625, 15.6229], [74.2685, 15.6096], [74.2652, 15.5902], [74.2564, 15.5826], [74.2543, 15.5658], [74.2646, 15.5608], [74.2789, 15.5487], [74.2856, 15.5342], [74.2828, 15.5205], [74.2681, 15.5059], [74.2572, 15.4968], [74.2726, 15.4652], [74.2799, 15.4508], [74.283, 15.4375], [74.2756, 15.4239], [74.2814, 15.409], [74.2826, 15.3886], [74.3057, 15.3805], [74.3284, 15.3673], [74.3226, 15.3573], [74.3284, 15.3434], [74.3233, 15.3296], [74.328, 15.3133], [74.3404, 15.2968], [74.3341, 15.2829], [74.3184, 15.2819], [74.3023, 15.2859], [74.2891, 15.2791], [74.2766, 15.2744], [74.2702, 15.2609], [74.2575, 15.2576], [74.2617, 15.2437], [74.2787, 15.2372], [74.2943, 15.232], [74.3067, 15.2232], [74.3107, 15.209], [74.3158, 15.1963], [74.3219, 15.1841], [74.3109, 15.162], [74.3014, 15.1499], [74.2896, 15.1431], [74.2914, 15.1233], [74.2882, 15.1056], [74.2783, 15.0959], [74.2872, 15.0694], [74.295, 15.0543], [74.3012, 15.0441], [74.2931, 15.0337], [74.2898, 15.0216], [74.2764, 15.0096], [74.271, 14.9988], [74.2617, 14.9908], [74.271, 14.9804], [74.2666, 14.9668], [74.2566, 14.9584], [74.2417, 14.9465], [74.2247, 14.9413], [74.2193, 14.9314], [74.2118, 14.9214], [74.2041, 14.9321], [74.1974, 14.9433], [74.1903, 14.9517], [74.1722, 14.951], [74.1661, 14.9394], [74.1738, 14.9179], [74.1634, 14.9133], [74.1492, 14.9185], [74.1334, 14.9159], [74.1173, 14.9096], [74.1042, 14.9038], [74.0971, 14.8957], [74.0857, 14.8993], [74.0807, 14.9093], [74.0671, 14.9074], [74.0582, 14.9138], [74.046, 14.9168], [74.0437, 14.9299], [74.0443, 14.9443], [74.0479, 14.9557], [74.0457, 14.9688], [74.0413, 14.9796], [74.0493, 14.9868], [74.0371, 14.9899], [74.0315, 14.9996], [74.0254, 15.0087], [74.0124, 15.0115], [74.0026, 15.0179], [73.9896, 15.0201], [73.9899, 15.0349], [73.9854, 15.0454], [73.9757, 15.0507], [73.9699, 15.0599], [73.9623, 15.0674], [73.9529, 15.0732], [73.9401, 15.0757], [73.9296, 15.0804], [73.9176, 15.0835], [73.9235, 15.0926], [73.9221, 15.1063], [73.931, 15.1126], [73.9399, 15.1193], [73.9371, 15.1315], [73.944, 15.1396], [73.9468, 15.1518], [73.9437, 15.1638], [73.9407, 15.1763], [73.9374, 15.189], [73.9346, 15.2024], [73.9307, 15.2154], [73.9276, 15.2274], [73.924, 15.2393], [73.9207, 15.2521], [73.9168, 15.2635], [73.9135, 15.2754], [73.9099, 15.2882], [73.9057, 15.2996], [73.9018, 15.311], [73.8976, 15.3224], [73.8938, 15.334], [73.8893, 15.3446], [73.884, 15.3549], [73.8779, 15.364], [73.8688, 15.3704], [73.854, 15.3663], [73.8432, 15.3604], [73.8351, 15.3679], [73.8221, 15.3707], [73.8126, 15.3762], [73.8074, 15.386], [73.801, 15.3946], [73.7893, 15.3982], [73.7838, 15.4079], [73.7904, 15.4168], [73.801, 15.4121], [73.8087, 15.4046], [73.8187, 15.411], [73.8271, 15.4043], [73.8374, 15.4101], [73.8443, 15.4018], [73.8576, 15.3999], [73.8718, 15.3988], [73.8849, 15.401], [73.8924, 15.4087], [73.8915, 15.4229], [73.8854, 15.4321], [73.871, 15.4315], [73.8602, 15.4376], [73.8538, 15.4463], [73.8432, 15.451], [73.8301, 15.4532], [73.8154, 15.4538], [73.804, 15.4499], [73.7954, 15.4565], [73.7871, 15.4643], [73.7988, 15.4601], [73.8057, 15.4688], [73.8063, 15.484], [73.8012, 15.4954], [73.7904, 15.4999], [73.7824, 15.4924], [73.7685, 15.4904], [73.7665, 15.5038], [73.7632, 15.5165], [73.7596, 15.5288], [73.756, 15.5404], [73.7526, 15.5521], [73.7465, 15.5615], [73.7412, 15.5712], [73.7368, 15.5835], [73.7335, 15.5962], [73.7376, 15.6088], [73.7518, 15.6099], [73.7482, 15.6218], [73.7379, 15.6171], [73.7293, 15.6237], [73.7226, 15.6324], [73.7176, 15.6426], [73.7143, 15.6549], [73.711, 15.6671], [73.7051, 15.6762], [73.7024, 15.6888], [73.6968, 15.6985], [73.6924, 15.7093], [73.6879, 15.7199], [73.6973, 15.7262], [73.711, 15.7202], [73.7276, 15.7225], [73.741, 15.7187], [73.7487, 15.7306], [73.7758, 15.7305], [73.7865, 15.7233], [73.8028, 15.7322], [73.816, 15.7353], [73.833, 15.7378], [73.8385, 15.7488], [73.8451, 15.7634], [73.8496, 15.776], [73.8601, 15.7878], [73.8655, 15.7975], [73.8748, 15.7863], [73.879868, 15.779212]]]]}}, {"type": "Feature", "properties": {"ID_0": 105, "ISO": "IND", "NAME_0": "India", "ID_1": 12, "NAME_1": "Gujarat", "NL_NAME_1": "", "VARNAME_1": "Goudjerate|Gujerat|Gujerate", "TYPE_1": "State", "ENGTYPE_1": "State", "filename": "", "filename_1": "", "filename_2": "", "filename_3": "", "filename_4": ""}, "geometry": {"type": "MultiPolygon", "coordinates": [[[[70.86097, 20.752918], [70.8599, 20.7388], [70.8654, 20.729], [70.8704, 20.7187], [70.8619, 20.7255], [70.8466, 20.7229], [70.851, 20.7445], [70.8582, 20.7524], [70.86097, 20.752918]]], [[[72.84597, 20.763201], [72.856, 20.7579], [72.844, 20.7615], [72.84597, 20.763201]]], [[[71.388474, 20.867085], [71.388474, 20.867085]]], [[[71.516251, 20.914305], [71.5246, 20.906], [71.5121, 20.9035], [71.516251, 20.914305]]], [[[71.649017, 20.977921], [71.649017, 20.977921]]], [[[71.686531, 20.996529], [71.6787, 20.9893], [71.686531, 20.996529]]], [[[71.703751, 20.999582], [71.703751, 20.999582]]], [[[71.710419, 20.999582], [71.710419, 20.999582]]], [[[72.647636, 21.076248], [72.6565, 21.069], [72.6462, 21.0738], [72.647636, 21.076248]]], [[[72.679306, 21.098751], [72.679306, 21.098751]]], [[[72.672081, 21.115141], [72.674, 21.1021], [72.6699, 21.1135], [72.672081, 21.115141]]], [[[72.70208, 21.12236], [72.70208, 21.12236]]], [[[72.676529, 21.155701], [72.6874, 21.1515], [72.6985, 21.1471], [72.7082, 21.1415], [72.704, 21.1304], [72.6985, 21.1207], [72.6974, 21.1063], [72.6915, 21.0971], [72.6799, 21.1007], [72.6743, 21.1101], [72.6724, 21.1232], [72.6682, 21.134], [72.6649, 21.1485], [72.6746, 21.1554], [72.676529, 21.155701]]], [[[72.102913, 21.274311], [72.102913, 21.274311]]], [[[72.587906, 21.33931], [72.587906, 21.33931]]], [[[72.583191, 21.365419], [72.583191, 21.365419]]], [[[72.600418, 21.387081], [72.5971, 21.3754], [72.5893, 21.3682], [72.5932, 21.3793], [72.600418, 21.387081]]], [[[72.628197, 21.41736], [72.6237, 21.4062], [72.6165, 21.3982], [72.6212, 21.4088], [72.628197, 21.41736]]], [[[72.635971, 21.417641], [72.635971, 21.417641]]], [[[72.675972, 21.44681], [72.6682, 21.439], [72.6757, 21.4465], [72.675972, 21.44681]]], [[[69.724297, 21.56403], [69.724297, 21.56403]]], [[[69.72847, 21.612083], [69.7354, 21.604], [69.7399, 21.5932], [69.7315, 21.5999], [69.7251, 21.6087], [69.72847, 21.612083]]], [[[72.353195, 21.61347], [72.3585, 21.6035], [72.3643, 21.5932], [72.3599, 21.5813], [72.3518, 21.589], [72.3479, 21.6001], [72.351, 21.6121], [72.353195, 21.61347]]], [[[72.584587, 21.62903], [72.584587, 21.62903]]], [[[72.609306, 21.62875], [72.609306, 21.62875]]], [[[72.611809, 21.632086], [72.611809, 21.632086]]], [[[72.617081, 21.638472], [72.617081, 21.638472]]], [[[72.595703, 21.63903], [72.6032, 21.6313], [72.6004, 21.6187], [72.5912, 21.6246], [72.5926, 21.6382], [72.595703, 21.63903]]], [[[72.619583, 21.639584], [72.619583, 21.639584]]], [[[72.602364, 21.64097], [72.602364, 21.64097]]], [[[72.722641, 21.665972], [72.7326, 21.661], [72.746, 21.6588], [72.7435, 21.6457], [72.7293, 21.6449], [72.7154, 21.6476], [72.7104, 21.6576], [72.7182, 21.6654], [72.722641, 21.665972]]], [[[72.274307, 21.749582], [72.2802, 21.7404], [72.2812, 21.726], [72.2849, 21.7146], [72.2771, 21.7224], [72.2704, 21.731], [72.2718, 21.7449], [72.274307, 21.749582]]], [[[72.354858, 21.943199], [72.3582, 21.9315], [72.3512, 21.9396], [72.354858, 21.943199]]], [[[72.214027, 22.005421], [72.214027, 22.005421]]], [[[72.472641, 22.208195], [72.472641, 22.208195]]], [[[72.384308, 22.215694], [72.384308, 22.215694]]], [[[72.370697, 22.23514], [72.3701, 22.2201], [72.374, 22.209], [72.3637, 22.214], [72.3651, 22.2279], [72.370697, 22.23514]]], [[[69.310417, 22.306252], [69.310417, 22.306252]]], [[[69.452637, 22.358194], [69.4424, 22.3529], [69.452637, 22.358194]]], [[[69.184029, 22.36764], [69.184029, 22.36764]]], [[[69.195419, 22.374584], [69.195419, 22.374584]]], [[[69.213188, 22.384859], [69.213188, 22.384859]]], [[[69.200958, 22.386251], [69.200958, 22.386251]]], [[[69.335419, 22.38903], [69.3332, 22.3763], [69.3226, 22.381], [69.3326, 22.386], [69.335419, 22.38903]]], [[[69.483192, 22.398748], [69.483192, 22.398748]]], [[[69.280136, 22.417921], [69.280136, 22.417921]]], [[[69.279312, 22.420141], [69.279312, 22.420141]]], [[[69.142082, 22.45764], [69.142082, 22.45764]]], [[[69.62764, 22.459583], [69.6371, 22.4535], [69.6451, 22.4465], [69.6468, 22.4326], [69.6571, 22.4262], [69.6476, 22.4204], [69.6407, 22.4121], [69.6282, 22.4093], [69.6176, 22.4138], [69.6071, 22.4185], [69.5976, 22.4243], [69.5907, 22.4329], [69.5935, 22.4451], [69.6043, 22.4493], [69.6149, 22.4538], [69.6249, 22.459], [69.62764, 22.459583]]], [[[69.302086, 22.47403], [69.3151, 22.4721], [69.3254, 22.4674], [69.3238, 22.454], [69.3107, 22.4515], [69.2996, 22.4554], [69.2979, 22.469], [69.302086, 22.47403]]], [[[69.136803, 22.477638], [69.1485, 22.474], [69.1449, 22.4624], [69.1335, 22.466], [69.1199, 22.4676], [69.1099, 22.4624], [69.1085, 22.4488], [69.1062, 22.4351], [69.0951, 22.431], [69.0882, 22.4226], [69.0904, 22.4357], [69.0954, 22.446], [69.0924, 22.459], [69.1029, 22.464], [69.1132, 22.4688], [69.1232, 22.474], [69.1351, 22.4774], [69.136803, 22.477638]]], [[[69.089027, 22.490694], [69.089027, 22.490694]]], [[[69.324287, 22.527639], [69.3399, 22.5257], [69.354, 22.5243], [69.361, 22.5163], [69.3546, 22.5074], [69.3351, 22.5074], [69.3257, 22.5132], [69.3165, 22.5193], [69.324287, 22.527639]]], [[[69.944862, 22.53236], [69.944862, 22.53236]]], [[[69.405136, 22.53264], [69.405136, 22.53264]]], [[[69.957359, 22.535973], [69.957359, 22.535973]]], [[[69.960419, 22.543751], [69.960419, 22.543751]]], [[[69.95208, 22.55125], [69.9543, 22.5385], [69.9388, 22.5385], [69.9426, 22.5504], [69.95208, 22.55125]]], [[[69.918747, 22.553196], [69.9279, 22.5471], [69.9337, 22.5365], [69.9415, 22.5293], [69.9371, 22.5185], [69.9251, 22.5154], [69.9124, 22.5118], [69.8974, 22.514], [69.886, 22.5176], [69.874, 22.521], [69.8635, 22.526], [69.8768, 22.5285], [69.8882, 22.5243], [69.9007, 22.5271], [69.9004, 22.5424], [69.9107, 22.5474], [69.918747, 22.553196]]], [[[70.024307, 22.553196], [70.0137, 22.5485], [70.024307, 22.553196]]], [[[70.011253, 22.553751], [70.0004, 22.549], [70.011253, 22.553751]]], [[[70.023476, 22.558472], [70.014, 22.5526], [70.023476, 22.558472]]], [[[70.039581, 22.567921], [70.039581, 22.567921]]], [[[70.044586, 22.572359], [70.044586, 22.572359]]], [[[70.181808, 22.58375], [70.181808, 22.58375]]], [[[70.009033, 22.593201], [70.0199, 22.5888], [70.0265, 22.5804], [70.0249, 22.5668], [70.0165, 22.5601], [70.0068, 22.554], [69.9949, 22.5507], [69.9843, 22.5462], [69.9685, 22.546], [69.9576, 22.5507], [69.9582, 22.5654], [69.9629, 22.5757], [69.9743, 22.5793], [69.9851, 22.5835], [69.9951, 22.5885], [70.009033, 22.593201]]], [[[70.190407, 22.599859], [70.190407, 22.599859]]], [[[69.948471, 22.606251], [69.9601, 22.6024], [69.9476, 22.6051], [69.948471, 22.606251]]], [[[70.215973, 22.646811], [70.215973, 22.646811]]], [[[70.235695, 22.684584], [70.235695, 22.684584]]], [[[70.242638, 22.684584], [70.242638, 22.684584]]], [[[70.246803, 22.691805], [70.246803, 22.691805]]], [[[70.244026, 22.720139], [70.244026, 22.720139]]], [[[69.642639, 22.764862], [69.6513, 22.7585], [69.6629, 22.7549], [69.6482, 22.7563], [69.6374, 22.761], [69.642639, 22.764862]]], [[[69.636528, 22.779861], [69.636528, 22.779861]]], [[[70.455139, 22.995701], [70.4501, 22.9857], [70.441, 22.9796], [70.446, 22.9898], [70.455139, 22.995701]]], [[[70.441528, 23.049583], [70.4349, 23.041], [70.4276, 23.0332], [70.4187, 23.0268], [70.4215, 23.039], [70.429, 23.0465], [70.441, 23.0496], [70.441528, 23.049583]]], [[[70.448471, 23.052084], [70.4446, 23.0407], [70.4407, 23.0296], [70.4365, 23.0185], [70.431, 23.0088], [70.4246, 23.0001], [70.4171, 22.9921], [70.411, 23.0029], [70.4132, 23.0165], [70.4193, 23.0254], [70.4276, 23.0321], [70.4351, 23.0396], [70.4421, 23.0476], [70.448471, 23.052084]]], [[[70.452362, 23.052361], [70.452362, 23.052361]]], [[[70.45903, 23.05764], [70.454, 23.0474], [70.45903, 23.05764]]], [[[70.45208, 23.060696], [70.45208, 23.060696]]], [[[70.469582, 23.061251], [70.469582, 23.061251]]], [[[70.482361, 23.065418], [70.4765, 23.0563], [70.4679, 23.0496], [70.4596, 23.0412], [70.4538, 23.0315], [70.4551, 23.0454], [70.4618, 23.0537], [70.471, 23.0596], [70.4807, 23.0651], [70.482361, 23.065418]]], [[[68.609016, 23.231253], [68.609016, 23.231253]]], [[[68.594307, 23.262083], [68.594307, 23.262083]]], [[[68.65847, 23.27125], [68.65847, 23.27125]]], [[[68.628746, 23.29014], [68.628746, 23.29014]]], [[[68.705139, 23.31181], [68.705139, 23.31181]]], [[[68.558197, 23.313751], [68.5629, 23.3032], [68.5713, 23.2962], [68.5818, 23.3012], [68.5957, 23.2999], [68.6087, 23.2974], [68.6104, 23.2838], [68.6149, 23.2715], [68.6024, 23.2682], [68.5896, 23.2657], [68.5782, 23.2621], [68.5843, 23.2529], [68.5751, 23.2464], [68.5651, 23.2518], [68.5551, 23.2574], [68.546, 23.2635], [68.5385, 23.2712], [68.5404, 23.2843], [68.5499, 23.2774], [68.5643, 23.2785], [68.5587, 23.2882], [68.5535, 23.2996], [68.556, 23.3124], [68.558197, 23.313751]]], [[[68.642639, 23.31403], [68.6335, 23.3076], [68.6421, 23.314], [68.642639, 23.31403]]], [[[68.632637, 23.31764], [68.632637, 23.31764]]], [[[68.639862, 23.318472], [68.639862, 23.318472]]], [[[68.58847, 23.319031], [68.5999, 23.3154], [68.6104, 23.3107], [68.6174, 23.3024], [68.6035, 23.301], [68.5938, 23.3068], [68.5857, 23.3138], [68.58847, 23.319031]]], [[[68.631813, 23.321251], [68.631813, 23.321251]]], [[[68.627083, 23.321812], [68.627083, 23.321812]]], [[[68.626808, 23.325972], [68.626808, 23.325972]]], [[[68.542076, 23.34153], [68.542076, 23.34153]]], [[[68.55014, 23.34153], [68.55014, 23.34153]]], [[[68.556808, 23.34181], [68.556808, 23.34181]]], [[[68.505974, 23.342361], [68.5199, 23.341], [68.5285, 23.3335], [68.5343, 23.324], [68.5193, 23.3171], [68.5076, 23.3207], [68.5065, 23.3354], [68.505974, 23.342361]]], [[[68.525139, 23.34403], [68.525139, 23.34403]]], [[[68.563751, 23.344862], [68.563751, 23.344862]]], [[[68.631531, 23.351805], [68.631531, 23.351805]]], [[[68.473198, 23.35681], [68.473198, 23.35681]]], [[[68.573471, 23.360418], [68.573471, 23.360418]]], [[[68.597916, 23.360971], [68.597916, 23.360971]]], [[[68.589027, 23.374311], [68.5963, 23.3663], [68.6038, 23.3576], [68.616, 23.3546], [68.6179, 23.3404], [68.604, 23.3415], [68.5907, 23.3432], [68.5846, 23.3526], [68.5779, 23.3612], [68.5701, 23.3687], [68.5818, 23.3721], [68.589027, 23.374311]]], [[[68.540703, 23.37764], [68.540703, 23.37764]]], [[[68.502914, 23.383472], [68.502914, 23.383472]]], [[[68.504585, 23.384583], [68.504585, 23.384583]]], [[[68.536247, 23.38542], [68.536247, 23.38542]]], [[[68.579308, 23.38542], [68.5871, 23.3779], [68.5782, 23.384], [68.579308, 23.38542]]], [[[68.535141, 23.387638], [68.534, 23.3738], [68.535141, 23.387638]]], [[[68.554016, 23.404032], [68.554016, 23.404032]]], [[[68.537361, 23.404861], [68.5489, 23.401], [68.5537, 23.3904], [68.5579, 23.3788], [68.5593, 23.3649], [68.5501, 23.3712], [68.5524, 23.3843], [68.5468, 23.3938], [68.5329, 23.3926], [68.5393, 23.4013], [68.537361, 23.404861]]], [[[68.460983, 23.405142], [68.460983, 23.405142]]], [[[68.523476, 23.404581], [68.5265, 23.3924], [68.5226, 23.4037], [68.523476, 23.404581]]], [[[68.47097, 23.405701], [68.47097, 23.405701]]], [[[68.429863, 23.407085], [68.429863, 23.407085]]], [[[68.463196, 23.409031], [68.463196, 23.409031]]], [[[68.409027, 23.409309], [68.409027, 23.409309]]], [[[68.55764, 23.408751], [68.55764, 23.408751]]], [[[68.414581, 23.409861], [68.4215, 23.4013], [68.4132, 23.4096], [68.414581, 23.409861]]], [[[68.460693, 23.41264], [68.460693, 23.41264]]], [[[68.549576, 23.41375], [68.5424, 23.4057], [68.5493, 23.4143], [68.549576, 23.41375]]], [[[68.400421, 23.421249], [68.400421, 23.421249]]], [[[68.402084, 23.423197], [68.402084, 23.423197]]], [[[68.399864, 23.428473], [68.399864, 23.428473]]], [[[68.501808, 23.432081], [68.501808, 23.432081]]], [[[68.516808, 23.43292], [68.516808, 23.43292]]], [[[68.500687, 23.436251], [68.500687, 23.436251]]], [[[68.501251, 23.44375], [68.501251, 23.44375]]], [[[68.501251, 23.45348], [68.501251, 23.45348]]], [[[68.506813, 23.456541], [68.516, 23.4501], [68.5246, 23.4435], [68.5135, 23.4479], [68.5212, 23.4401], [68.5124, 23.4335], [68.5046, 23.4407], [68.5037, 23.4549], [68.506813, 23.456541]]], [[[68.407913, 23.45792], [68.407913, 23.45792]]], [[[68.499031, 23.475973], [68.5013, 23.4629], [68.496, 23.4729], [68.499031, 23.475973]]], [[[68.472862, 23.480419], [68.4837, 23.4763], [68.4882, 23.4657], [68.4946, 23.456], [68.4907, 23.4446], [68.4899, 23.4274], [68.4868, 23.4154], [68.4837, 23.4032], [68.4718, 23.4065], [68.4635, 23.4132], [68.4618, 23.4265], [68.4646, 23.439], [68.4618, 23.4513], [68.4726, 23.4557], [68.4593, 23.4538], [68.4488, 23.4493], [68.4412, 23.4415], [68.4315, 23.4332], [68.4201, 23.4399], [68.4285, 23.4332], [68.4212, 23.4254], [68.4127, 23.4321], [68.4157, 23.4443], [68.4287, 23.4407], [68.4354, 23.449], [68.4442, 23.456], [68.4529, 23.4624], [68.4604, 23.4746], [68.4707, 23.4793], [68.472862, 23.480419]]], [[[68.498466, 23.489031], [68.4951, 23.4771], [68.484, 23.4815], [68.4951, 23.4868], [68.498466, 23.489031]]], [[[68.506531, 23.492649], [68.506531, 23.492649]]], [[[68.510971, 23.492649], [68.510971, 23.492649]]], [[[68.486809, 23.495419], [68.486809, 23.495419]]], [[[68.46653, 23.497923], [68.4729, 23.4871], [68.4638, 23.4804], [68.4638, 23.4965], [68.46653, 23.497923]]], [[[68.437363, 23.50042], [68.437363, 23.50042]]], [[[68.480698, 23.501251], [68.4854, 23.4907], [68.4818, 23.479], [68.4746, 23.4868], [68.4824, 23.4954], [68.480698, 23.501251]]], [[[68.467918, 23.524033], [68.467918, 23.524033]]], [[[68.475136, 23.528761], [68.475136, 23.528761]]], [[[68.473473, 23.537083], [68.473473, 23.537083]]], [[[68.482361, 23.550423], [68.482361, 23.550423]]], [[[68.479309, 23.55542], [68.4762, 23.5435], [68.4674, 23.5371], [68.4587, 23.5307], [68.4604, 23.544], [68.4693, 23.5501], [68.479309, 23.55542]]], [[[68.223473, 23.58625], [68.223473, 23.58625]]], [[[68.255142, 23.590139], [68.255142, 23.590139]]], [[[68.216248, 23.591249], [68.216248, 23.591249]]], [[[68.482086, 23.596809], [68.4837, 23.5804], [68.4804, 23.5685], [68.4746, 23.5593], [68.4668, 23.5521], [68.4571, 23.5468], [68.4479, 23.541], [68.4415, 23.5324], [68.4351, 23.5232], [68.4326, 23.5077], [68.4307, 23.5215], [68.4301, 23.5429], [68.4343, 23.5537], [68.4421, 23.561], [68.454, 23.5646], [68.4596, 23.574], [68.4704, 23.5785], [68.4676, 23.591], [68.481, 23.5932], [68.482086, 23.596809]]], [[[68.458473, 23.600418], [68.4665, 23.5932], [68.4615, 23.5821], [68.4532, 23.5749], [68.4568, 23.5871], [68.458473, 23.600418]]], [[[68.482086, 23.606531], [68.482086, 23.606531]]], [[[68.456253, 23.624861], [68.4662, 23.6196], [68.4662, 23.6038], [68.4518, 23.6029], [68.4463, 23.5932], [68.441, 23.6035], [68.4357, 23.6135], [68.4437, 23.6212], [68.4554, 23.6246], [68.456253, 23.624861]]], [[[68.484581, 23.627918], [68.4899, 23.6182], [68.4907, 23.6038], [68.4779, 23.6001], [68.4696, 23.5932], [68.4685, 23.6079], [68.4732, 23.6185], [68.481, 23.6265], [68.484581, 23.627918]]], [[[68.477913, 23.722361], [68.477913, 23.722361]]], [[[68.449577, 23.73234], [68.449577, 23.73234]]], [[[68.467361, 23.739861], [68.4768, 23.7343], [68.4876, 23.7299], [68.4735, 23.7288], [68.4613, 23.726], [68.4632, 23.7393], [68.467361, 23.739861]]], [[[68.486809, 23.745972], [68.486809, 23.745972]]], [[[68.21653, 23.77931], [68.2226, 23.7701], [68.2196, 23.7579], [68.2149, 23.7682], [68.21653, 23.77931]]], [[[68.349312, 23.80014], [68.3482, 23.7857], [68.3404, 23.7771], [68.3424, 23.7904], [68.349, 23.8001], [68.349312, 23.80014]]], [[[68.358467, 23.80514], [68.3679, 23.7993], [68.3765, 23.7926], [68.3876, 23.7885], [68.4013, 23.7849], [68.4107, 23.7907], [68.4221, 23.7949], [68.4254, 23.7832], [68.4207, 23.7718], [68.4143, 23.7618], [68.4049, 23.756], [68.4168, 23.761], [68.4157, 23.746], [68.4176, 23.7326], [68.4168, 23.7182], [68.4115, 23.7085], [68.4074, 23.6976], [68.4032, 23.6863], [68.399, 23.6751], [68.3951, 23.6632], [68.3896, 23.6535], [68.3826, 23.6454], [68.3823, 23.6604], [68.3865, 23.6712], [68.3893, 23.6835], [68.3857, 23.6712], [68.3815, 23.6601], [68.3757, 23.6507], [68.3729, 23.6374], [68.3651, 23.6301], [68.3571, 23.6229], [68.3482, 23.6162], [68.3504, 23.6032], [68.3418, 23.5957], [68.3321, 23.5904], [68.3182, 23.589], [68.309, 23.5829], [68.3046, 23.5957], [68.3007, 23.5843], [68.291, 23.5788], [68.2801, 23.5832], [68.2743, 23.5938], [68.2829, 23.6004], [68.2812, 23.614], [68.2726, 23.6207], [68.2779, 23.6304], [68.291, 23.6276], [68.3046, 23.6301], [68.3126, 23.6229], [68.304, 23.6307], [68.2882, 23.6288], [68.2743, 23.6274], [68.2682, 23.6182], [68.2663, 23.6051], [68.2557, 23.6004], [68.2451, 23.6051], [68.251, 23.5938], [68.2376, 23.5957], [68.2274, 23.589], [68.2235, 23.6001], [68.2093, 23.6013], [68.199, 23.5965], [68.194, 23.6068], [68.1868, 23.6149], [68.1885, 23.6285], [68.1951, 23.6371], [68.2018, 23.6454], [68.2121, 23.6404], [68.2215, 23.6462], [68.2337, 23.6415], [68.2471, 23.6435], [68.2588, 23.6401], [68.2707, 23.6462], [68.2843, 23.649], [68.2996, 23.6474], [68.3118, 23.6504], [68.2899, 23.6482], [68.2765, 23.6501], [68.2637, 23.6471], [68.2476, 23.6454], [68.2329, 23.6426], [68.2438, 23.6474], [68.2585, 23.6479], [68.2696, 23.6521], [68.2754, 23.6615], [68.2818, 23.6701], [68.2904, 23.6765], [68.3029, 23.679], [68.3051, 23.6921], [68.3112, 23.701], [68.314, 23.7132], [68.3221, 23.7201], [68.3329, 23.7154], [68.3363, 23.7271], [68.3393, 23.7426], [68.3468, 23.7349], [68.341, 23.7449], [68.3365, 23.7557], [68.3407, 23.7665], [68.346, 23.7765], [68.3493, 23.7888], [68.3518, 23.8015], [68.358467, 23.80514]]], [[[68.605141, 23.809586], [68.6018, 23.7979], [68.605141, 23.809586]]], [[[68.596527, 23.812641], [68.596527, 23.812641]]], [[[68.307907, 23.82375], [68.3154, 23.8157], [68.3204, 23.8057], [68.3171, 23.7935], [68.3143, 23.781], [68.3151, 23.7665], [68.3185, 23.7543], [68.3221, 23.7426], [68.3146, 23.7318], [68.3024, 23.729], [68.2882, 23.7299], [68.294, 23.7393], [68.2887, 23.7493], [68.2865, 23.7362], [68.2915, 23.726], [68.2868, 23.7151], [68.2782, 23.7082], [68.2637, 23.7087], [68.2576, 23.7176], [68.2646, 23.7257], [68.2649, 23.7407], [68.2646, 23.7565], [68.2674, 23.7712], [68.2715, 23.7824], [68.2749, 23.7943], [68.2862, 23.799], [68.2971, 23.8032], [68.2926, 23.8138], [68.3004, 23.8213], [68.307907, 23.82375]]], [[[68.496529, 23.830973], [68.5074, 23.8265], [68.5151, 23.8185], [68.5201, 23.8079], [68.5163, 23.7965], [68.5051, 23.7926], [68.5129, 23.7849], [68.5199, 23.7768], [68.5193, 23.7618], [68.5129, 23.7521], [68.5013, 23.756], [68.4896, 23.7596], [68.501, 23.7551], [68.499, 23.7418], [68.4876, 23.7371], [68.486, 23.7507], [68.474, 23.7538], [68.4676, 23.7632], [68.4713, 23.7518], [68.479, 23.7443], [68.4646, 23.7432], [68.4507, 23.7415], [68.4374, 23.7393], [68.4418, 23.7501], [68.4479, 23.7593], [68.4532, 23.769], [68.4549, 23.784], [68.4496, 23.7938], [68.451, 23.8082], [68.4574, 23.8171], [68.4707, 23.8196], [68.4812, 23.8243], [68.4935, 23.8304], [68.496529, 23.830973]]], [[[68.707077, 23.85125], [68.707077, 23.85125]]], [[[68.699303, 23.853201], [68.699303, 23.853201]]], [[[68.533203, 23.873751], [68.5301, 23.8618], [68.533203, 23.873751]]], [[[68.395691, 23.878197], [68.406, 23.8735], [68.4179, 23.8701], [68.4254, 23.8624], [68.4279, 23.8499], [68.4351, 23.8421], [68.4346, 23.8271], [68.4279, 23.8188], [68.4229, 23.8087], [68.4093, 23.8101], [68.4146, 23.8001], [68.4062, 23.7932], [68.3979, 23.8001], [68.3918, 23.809], [68.3913, 23.8235], [68.3876, 23.8349], [68.3899, 23.8193], [68.3921, 23.8062], [68.3985, 23.7974], [68.389, 23.7915], [68.3785, 23.796], [68.3732, 23.806], [68.3621, 23.8101], [68.3485, 23.8085], [68.3401, 23.8018], [68.3335, 23.7932], [68.3349, 23.8071], [68.3432, 23.814], [68.3479, 23.8246], [68.3429, 23.8357], [68.3512, 23.8432], [68.359, 23.8504], [68.369, 23.8554], [68.3746, 23.8654], [68.3801, 23.8749], [68.3932, 23.8771], [68.395691, 23.878197]]], [[[68.248192, 23.880421], [68.254, 23.871], [68.2493, 23.8604], [68.2404, 23.854], [68.2346, 23.8446], [68.2185, 23.8471], [68.2154, 23.8593], [68.2207, 23.869], [68.2315, 23.8732], [68.2418, 23.8779], [68.248192, 23.880421]]], [[[68.449303, 23.938473], [68.4574, 23.9315], [68.4518, 23.9221], [68.4454, 23.9135], [68.4507, 23.9037], [68.4499, 23.8879], [68.4443, 23.8782], [68.4379, 23.869], [68.4271, 23.8646], [68.4193, 23.8721], [68.4137, 23.8821], [68.4187, 23.8921], [68.4093, 23.8863], [68.4165, 23.8785], [68.4032, 23.8763], [68.3885, 23.876], [68.3754, 23.874], [68.3726, 23.8615], [68.3637, 23.8549], [68.3549, 23.8485], [68.3562, 23.8632], [68.3557, 23.8785], [68.3574, 23.8921], [68.3607, 23.9046], [68.376, 23.9065], [68.3907, 23.9074], [68.4018, 23.9118], [68.4126, 23.9163], [68.4215, 23.9226], [68.4271, 23.9329], [68.441, 23.9346], [68.449303, 23.938473]]], [[[68.535416, 23.945972], [68.541, 23.936], [68.5571, 23.9318], [68.5649, 23.9226], [68.5796, 23.9235], [68.5888, 23.9168], [68.5779, 23.9126], [68.5696, 23.9057], [68.5651, 23.8949], [68.5579, 23.8871], [68.551, 23.879], [68.5426, 23.8721], [68.5287, 23.8707], [68.5232, 23.8607], [68.5101, 23.8632], [68.5001, 23.8685], [68.489, 23.8749], [68.4863, 23.8876], [68.4949, 23.8943], [68.5046, 23.8999], [68.5179, 23.8982], [68.5215, 23.9096], [68.5296, 23.9165], [68.5321, 23.9301], [68.5263, 23.9393], [68.5349, 23.946], [68.535416, 23.945972]]], [[[68.525696, 23.94953], [68.525696, 23.94953]]], [[[68.482086, 23.99264], [68.4915, 23.9868], [68.4999, 23.9799], [68.4974, 23.9674], [68.4976, 23.9524], [68.5057, 23.9449], [68.5176, 23.9418], [68.5185, 23.9243], [68.511, 23.9168], [68.5038, 23.9085], [68.4932, 23.904], [68.4846, 23.8974], [68.4754, 23.8915], [68.476, 23.8765], [68.4729, 23.8629], [68.4613, 23.859], [68.4515, 23.8538], [68.439, 23.8507], [68.4301, 23.8571], [68.4365, 23.8657], [68.4446, 23.8735], [68.4532, 23.8815], [68.4507, 23.8943], [68.4529, 23.9079], [68.4538, 23.9221], [68.4604, 23.9307], [68.4524, 23.9379], [68.4379, 23.9371], [68.4335, 23.9479], [68.4382, 23.9585], [68.4437, 23.9688], [68.4476, 23.9807], [68.4563, 23.9874], [68.4668, 23.9921], [68.482086, 23.99264]]], [[[68.430138, 23.99542], [68.4368, 23.9865], [68.4343, 23.9682], [68.4296, 23.9576], [68.4238, 23.9482], [68.4199, 23.9368], [68.4132, 23.9285], [68.404, 23.9221], [68.3926, 23.9179], [68.3771, 23.9151], [68.3635, 23.9135], [68.3526, 23.9093], [68.3451, 23.9015], [68.344, 23.8874], [68.3482, 23.876], [68.3476, 23.8615], [68.3432, 23.8501], [68.3374, 23.8407], [68.3371, 23.8249], [68.3313, 23.8157], [68.3238, 23.8082], [68.3171, 23.8165], [68.3101, 23.8246], [68.2971, 23.8218], [68.2887, 23.8149], [68.2962, 23.8071], [68.2865, 23.8015], [68.2749, 23.7976], [68.2707, 23.7865], [68.2668, 23.7749], [68.2629, 23.7638], [68.264, 23.7499], [68.2613, 23.7376], [68.2596, 23.7243], [68.2549, 23.7138], [68.261, 23.7046], [68.2671, 23.6943], [68.2615, 23.6849], [68.251, 23.6804], [68.2374, 23.6818], [68.2293, 23.689], [68.2274, 23.7026], [68.2129, 23.7035], [68.2057, 23.7115], [68.2004, 23.7213], [68.1935, 23.7299], [68.1976, 23.741], [68.2035, 23.7501], [68.2096, 23.759], [68.2237, 23.7599], [68.2282, 23.7721], [68.2204, 23.7796], [68.2162, 23.7932], [68.2115, 23.8043], [68.2099, 23.819], [68.2121, 23.8321], [68.2249, 23.8351], [68.2363, 23.839], [68.2412, 23.8496], [68.2546, 23.8457], [68.2593, 23.8346], [68.2774, 23.8343], [68.2874, 23.8396], [68.2732, 23.8357], [68.261, 23.8388], [68.254, 23.8471], [68.2551, 23.861], [68.2593, 23.8718], [68.2726, 23.8699], [68.2865, 23.871], [68.2982, 23.8676], [68.3087, 23.8721], [68.3168, 23.8796], [68.3071, 23.8743], [68.2918, 23.8751], [68.2787, 23.8701], [68.2679, 23.8746], [68.2585, 23.8804], [68.2652, 23.889], [68.2729, 23.8965], [68.2774, 23.9079], [68.2815, 23.919], [68.2954, 23.9212], [68.3085, 23.9182], [68.3215, 23.9149], [68.334, 23.9176], [68.3424, 23.9246], [68.346, 23.9363], [68.3457, 23.9518], [68.3485, 23.964], [68.3568, 23.9713], [68.3637, 23.9796], [68.3743, 23.984], [68.3804, 23.9735], [68.3874, 23.9652], [68.3999, 23.9679], [68.4071, 23.976], [68.4151, 23.9832], [68.4215, 23.9918], [68.430138, 23.99542]]], [[[72.10186, 24.643339], [72.1165, 24.6334], [72.1347, 24.6338], [72.1507, 24.6341], [72.161, 24.6195], [72.1756, 24.6127], [72.2014, 24.6162], [72.2164, 24.6202], [72.23, 24.6329], [72.242, 24.6233], [72.2606, 24.6207], [72.2747, 24.6222], [72.2937, 24.6132], [72.3093, 24.612], [72.3237, 24.6089], [72.3402, 24.623], [72.3538, 24.6181], [72.3492, 24.6023], [72.3422, 24.5935], [72.326, 24.5869], [72.3089, 24.5909], [72.3003, 24.6002], [72.2793, 24.6], [72.251, 24.5802], [72.2717, 24.5502], [72.2851, 24.5574], [72.2939, 24.5449], [72.3324, 24.5424], [72.3349, 24.5587], [72.3486, 24.5535], [72.3616, 24.5433], [72.3739, 24.5374], [72.3863, 24.5005], [72.4211, 24.5081], [72.436, 24.5054], [72.4456, 24.4996], [72.4386, 24.4791], [72.4367, 24.4605], [72.4462, 24.4483], [72.4562, 24.4381], [72.4613, 24.4269], [72.4647, 24.4071], [72.4874, 24.4054], [72.501, 24.4073], [72.51, 24.4183], [72.5044, 24.4309], [72.5006, 24.4503], [72.5139, 24.4646], [72.5421, 24.5049], [72.5591, 24.4946], [72.5742, 24.4881], [72.5824, 24.4775], [72.6041, 24.4691], [72.6393, 24.4615], [72.6586, 24.4564], [72.6744, 24.457], [72.693, 24.4602], [72.6926, 24.4414], [72.6935, 24.4193], [72.7066, 24.3913], [72.7175, 24.3756], [72.7325, 24.3613], [72.7487, 24.3575], [72.7728, 24.3607], [72.7933, 24.3602], [72.8153, 24.3582], [72.8292, 24.365], [72.8537, 24.366], [72.8843, 24.3608], [72.9006, 24.3514], [72.91, 24.3405], [72.9211, 24.3272], [72.9338, 24.3362], [72.946, 24.3393], [72.9618, 24.3488], [72.9775, 24.3588], [72.9915, 24.364], [72.9875, 24.3751], [72.9746, 24.3834], [72.9642, 24.3922], [72.9724, 24.4019], [72.9906, 24.4209], [72.9832, 24.4403], [72.9891, 24.457], [72.998, 24.468], [73.0068, 24.4763], [73.0219, 24.4651], [73.051, 24.4653], [73.0671, 24.4746], [73.0749, 24.4827], [73.0838, 24.4902], [73.0944, 24.4947], [73.0985, 24.4726], [73.1072, 24.4568], [73.1088, 24.4324], [73.0967, 24.4172], [73.0886, 24.4001], [73.0983, 24.3855], [73.1186, 24.3757], [73.1274, 24.3688], [73.1453, 24.3631], [73.1546, 24.3564], [73.17, 24.3507], [73.1904, 24.3558], [73.2007, 24.3668], [73.211, 24.3754], [73.2315, 24.3647], [73.2164, 24.3505], [73.2111, 24.3342], [73.1979, 24.3398], [73.187, 24.3349], [73.1864, 24.3202], [73.1806, 24.3015], [73.1512, 24.3108], [73.1439, 24.2995], [73.1389, 24.28], [73.1161, 24.2626], [73.1069, 24.249], [73.1009, 24.2377], [73.1112, 24.2311], [73.1012, 24.2233], [73.0872, 24.2008], [73.0827, 24.185], [73.091, 24.1753], [73.1024, 24.1652], [73.113, 24.1578], [73.1142, 24.1386], [73.1385, 24.1281], [73.1555, 24.1219], [73.1676, 24.1163], [73.1869, 24.1077], [73.2123, 24.1041], [73.2238, 24.0982], [73.2167, 24.0853], [73.2091, 24.0666], [73.2011, 24.0574], [73.2081, 24.0395], [73.2233, 24.0324], [73.2351, 24.0201], [73.2458, 24.0107], [73.2639, 24.0201], [73.2753, 24.028], [73.291, 24.0274], [73.2979, 24.0368], [73.3068, 24.0515], [73.3185, 24.0568], [73.3325, 24.0737], [73.3319, 24.104], [73.3428, 24.1158], [73.3608, 24.1141], [73.3735, 24.1281], [73.3696, 24.1125], [73.3696, 24.088], [73.3853, 24.0796], [73.3966, 24.0725], [73.4138, 24.0511], [73.4114, 24.0348], [73.4093, 24.0159], [73.4106, 23.9983], [73.4196, 23.9827], [73.4191, 23.9538], [73.4204, 23.9364], [73.4078, 23.9161], [73.3865, 23.9058], [73.377, 23.8888], [73.3712, 23.8759], [73.3621, 23.8619], [73.3695, 23.8386], [73.3727, 23.8219], [73.3628, 23.7978], [73.3677, 23.7836], [73.3759, 23.7667], [73.3898, 23.7693], [73.4, 23.784], [73.4135, 23.7811], [73.4277, 23.7664], [73.4508, 23.7526], [73.4549, 23.7397], [73.4729, 23.7258], [73.4793, 23.709], [73.5019, 23.7066], [73.5104, 23.697], [73.5112, 23.6801], [73.5078, 23.6626], [73.5005, 23.6507], [73.5116, 23.6451], [73.5014, 23.6354], [73.5102, 23.6207], [73.5267, 23.6106], [73.5414, 23.6227], [73.553, 23.6314], [73.5707, 23.6535], [73.6085, 23.6543], [73.633, 23.6385], [73.6423, 23.6313], [73.6607, 23.6229], [73.65, 23.6077], [73.6487, 23.5907], [73.6498, 23.5753], [73.6383, 23.5626], [73.6371, 23.548], [73.637, 23.5311], [73.6522, 23.5214], [73.6584, 23.5041], [73.6449, 23.4987], [73.6406, 23.473], [73.6328, 23.4524], [73.6532, 23.4405], [73.6687, 23.4519], [73.6819, 23.4571], [73.7042, 23.4558], [73.7096, 23.4445], [73.7172, 23.4188], [73.7261, 23.4127], [73.734, 23.4249], [73.7514, 23.4425], [73.7607, 23.4568], [73.774, 23.4459], [73.7831, 23.4346], [73.8269, 23.4468], [73.8368, 23.4401], [73.8574, 23.4048], [73.8668, 23.3958], [73.8771, 23.3783], [73.8912, 23.3586], [73.8943, 23.3371], [73.914, 23.336], [73.9278, 23.3379], [73.9426, 23.3459], [73.9437, 23.3663], [73.9569, 23.3776], [73.9789, 23.3678], [73.9845, 23.3495], [73.9908, 23.3376], [74.0236, 23.3329], [74.0301, 23.3199], [74.0376, 23.3057], [74.0477, 23.3109], [74.0445, 23.2961], [74.0765, 23.2982], [74.1017, 23.2958], [74.1111, 23.2857], [74.1186, 23.2754], [74.1338, 23.2695], [74.1365, 23.2448], [74.1387, 23.2309], [74.1339, 23.2152], [74.1247, 23.2066], [74.1225, 23.1916], [74.127, 23.1789], [74.1457, 23.1752], [74.1552, 23.1578], [74.183, 23.1522], [74.1895, 23.1718], [74.2001, 23.1837], [74.2075, 23.1921], [74.2293, 23.184], [74.246, 23.1883], [74.2524, 23.1762], [74.2671, 23.166], [74.2766, 23.1398], [74.2849, 23.1246], [74.282, 23.1064], [74.2868, 23.0917], [74.3039, 23.0839], [74.3155, 23.0721], [74.3228, 23.0627], [74.3253, 23.0482], [74.3319, 23.0392], [74.3468, 23.0339], [74.3507, 23.0155], [74.3554, 23.0031], [74.3655, 22.9898], [74.3708, 22.9801], [74.3571, 22.9772], [74.3497, 22.9688], [74.3444, 22.9584], [74.3542, 22.9471], [74.362, 22.9331], [74.3714, 22.9261], [74.3777, 22.9155], [74.3883, 22.9071], [74.4004, 22.8994], [74.4124, 22.9127], [74.4238, 22.9198], [74.4386, 22.9177], [74.4515, 22.924], [74.4628, 22.9135], [74.4664, 22.9008], [74.4687, 22.8875], [74.4738, 22.8748], [74.4789, 22.8586], [74.4719, 22.8327], [74.4649, 22.8151], [74.4517, 22.8109], [74.4388, 22.8052], [74.4392, 22.7856], [74.4311, 22.7701], [74.4252, 22.7602], [74.4171, 22.7511], [74.4085, 22.7371], [74.4008, 22.7202], [74.3969, 22.7005], [74.3942, 22.6857], [74.3849, 22.6696], [74.3846, 22.6506], [74.3811, 22.6386], [74.364, 22.6365], [74.3441, 22.6421], [74.3281, 22.6442], [74.3172, 22.6365], [74.3043, 22.64], [74.2899, 22.6435], [74.2782, 22.6477], [74.2654, 22.6448], [74.2564, 22.6357], [74.2537, 22.623], [74.2437, 22.6139], [74.2343, 22.6068], [74.2274, 22.5907], [74.2185, 22.5815], [74.2138, 22.5674], [74.1994, 22.5702], [74.1952, 22.5569], [74.1843, 22.5498], [74.1727, 22.5449], [74.163, 22.5371], [74.158, 22.5266], [74.1479, 22.5181], [74.1335, 22.5188], [74.1248, 22.53], [74.1186, 22.5398], [74.1007, 22.5412], [74.0843, 22.5496], [74.0667, 22.5509], [74.05, 22.5456], [74.0423, 22.5372], [74.0436, 22.5168], [74.0347, 22.5084], [74.0371, 22.4915], [74.0499, 22.5], [74.0588, 22.5105], [74.074, 22.5106], [74.0864, 22.505], [74.0896, 22.4889], [74.0788, 22.4811], [74.0781, 22.4656], [74.0905, 22.4692], [74.1061, 22.4622], [74.1023, 22.451], [74.1051, 22.4334], [74.1164, 22.4264], [74.1269, 22.4201], [74.1311, 22.4363], [74.1373, 22.4483], [74.1442, 22.4567], [74.1567, 22.4504], [74.1587, 22.435], [74.1715, 22.4378], [74.1828, 22.4428], [74.1823, 22.4603], [74.1908, 22.4779], [74.2025, 22.4723], [74.2049, 22.4547], [74.2046, 22.4372], [74.2186, 22.4428], [74.2373, 22.4393], [74.254, 22.4331], [74.2641, 22.4246], [74.27, 22.4148], [74.2747, 22.4036], [74.2883, 22.398], [74.2739, 22.393], [74.258, 22.4], [74.2561, 22.386], [74.2456, 22.3775], [74.2309, 22.3796], [74.2266, 22.3649], [74.2166, 22.3578], [74.2099, 22.3662], [74.2061, 22.3536], [74.1983, 22.343], [74.1957, 22.3254], [74.1759, 22.3247], [74.1541, 22.3289], [74.1343, 22.3323], [74.1303, 22.3436], [74.1245, 22.3583], [74.1151, 22.3674], [74.1053, 22.373], [74.0953, 22.3624], [74.077, 22.3624], [74.0716, 22.349], [74.0741, 22.3364], [74.0683, 22.3258], [74.0668, 22.3111], [74.0579, 22.2998], [74.0592, 22.2857], [74.0646, 22.2759], [74.0783, 22.2682], [74.0787, 22.2528], [74.0892, 22.2472], [74.0784, 22.2374], [74.0758, 22.2219], [74.0944, 22.2212], [74.1138, 22.2192], [74.1228, 22.2129], [74.1225, 22.1981], [74.1229, 22.182], [74.1265, 22.1665], [74.1335, 22.1581], [74.1297, 22.1427], [74.1278, 22.1272], [74.1302, 22.1139], [74.1303, 22.0977], [74.1438, 22.1013], [74.1547, 22.1055], [74.1702, 22.1013], [74.1788, 22.0901], [74.1676, 22.0824], [74.1618, 22.0711], [74.1545, 22.0578], [74.1378, 22.0535], [74.1452, 22.0437], [74.1321, 22.0387], [74.1209, 22.0303], [74.1089, 22.0218], [74.0977, 22.0155], [74.1003, 22.0016], [74.1169, 21.9986], [74.1277, 21.9938], [74.142, 21.9912], [74.1538, 21.9864], [74.1456, 21.974], [74.1489, 21.9607], [74.1382, 21.9534], [74.1136, 21.9447], [74.0987, 21.9376], [74.0715, 21.9296], [74.0564, 21.9264], [74.0356, 21.916], [74.023, 21.906], [74.0117, 21.9005], [73.9797, 21.8875], [73.9608, 21.876], [73.9492, 21.8703], [73.9364, 21.8632], [73.9219, 21.8566], [73.9067, 21.8536], [73.8796, 21.8386], [73.8637, 21.8367], [73.8415, 21.8385], [73.8279, 21.8349], [73.8162, 21.8286], [73.8136, 21.8101], [73.8276, 21.8119], [73.8389, 21.8002], [73.845, 21.7907], [73.8429, 21.7721], [73.8312, 21.7629], [73.8464, 21.742], [73.8563, 21.7346], [73.8712, 21.7219], [73.885, 21.7144], [73.894, 21.7031], [73.8981, 21.6673], [73.8913, 21.6515], [73.8703, 21.6388], [73.853, 21.6359], [73.829, 21.6398], [73.8088, 21.6357], [73.7909, 21.6288], [73.8068, 21.6024], [73.8232, 21.6007], [73.8291, 21.5729], [73.8338, 21.5535], [73.8402, 21.5369], [73.845, 21.5216], [73.8499, 21.511], [73.8608, 21.4958], [73.8768, 21.5012], [73.8971, 21.506], [73.91, 21.5133], [73.9261, 21.5196], [73.9394, 21.5101], [73.9536, 21.5158], [73.9628, 21.5379], [73.9734, 21.5314], [73.9822, 21.5218], [73.9818, 21.5398], [74.0053, 21.5408], [74.0191, 21.5505], [74.0417, 21.5513], [74.0591, 21.5557], [74.0712, 21.5595], [74.085, 21.558], [74.0997, 21.5572], [74.1145, 21.5578], [74.1284, 21.5567], [74.1391, 21.5517], [74.1547, 21.5517], [74.1621, 21.5593], [74.1749, 21.5616], [74.187, 21.558], [74.1918, 21.5467], [74.1985, 21.5376], [74.2052, 21.5292], [74.2148, 21.5351], [74.2278, 21.5383], [74.2332, 21.5483], [74.2465, 21.5456], [74.2541, 21.537], [74.2674, 21.5351], [74.2744, 21.5436], [74.2829, 21.5508], [74.291, 21.5582], [74.3041, 21.5604], [74.314, 21.5549], [74.3177, 21.5421], [74.3327, 21.5412], [74.3334, 21.5198], [74.3304, 21.5067], [74.3262, 21.4945], [74.3134, 21.4896], [74.3078, 21.4801], [74.2941, 21.4777], [74.2802, 21.4765], [74.2665, 21.474], [74.2595, 21.4643], [74.2443, 21.4649], [74.2387, 21.4784], [74.2237, 21.4773], [74.2236, 21.4606], [74.2088, 21.4601], [74.1966, 21.4636], [74.1815, 21.4629], [74.1672, 21.4604], [74.1585, 21.4531], [74.1447, 21.4547], [74.1369, 21.4634], [74.1233, 21.4617], [74.1189, 21.4493], [74.1056, 21.4511], [74.0938, 21.4552], [74.08, 21.4572], [74.077, 21.4705], [74.0704, 21.4799], [74.065, 21.4702], [74.0589, 21.4591], [74.0544, 21.4467], [74.0529, 21.4318], [74.0485, 21.4194], [74.0329, 21.4196], [74.0177, 21.4186], [74.0077, 21.4126], [73.9888, 21.4045], [73.9774, 21.395], [73.9619, 21.3931], [73.9555, 21.4025], [73.9553, 21.3743], [73.957, 21.3445], [73.952, 21.3306], [73.9513, 21.315], [73.9485, 21.2976], [73.9336, 21.2853], [73.892, 21.2624], [73.8717, 21.2674], [73.8584, 21.27], [73.8321, 21.2675], [73.8365, 21.2458], [73.8275, 21.2331], [73.8201, 21.2219], [73.8188, 21.2039], [73.8341, 21.1972], [73.8305, 21.1844], [73.8225, 21.1719], [73.8075, 21.1746], [73.7963, 21.1817], [73.7898, 21.1687], [73.7531, 21.1682], [73.7408, 21.1604], [73.748, 21.1515], [73.7398, 21.1402], [73.7224, 21.1392], [73.7132, 21.1505], [73.6982, 21.1501], [73.6813, 21.1521], [73.6715, 21.1451], [73.6364, 21.1327], [73.639, 21.1473], [73.6197, 21.1579], [73.6138, 21.168], [73.6069, 21.1785], [73.5883, 21.1679], [73.5923, 21.1529], [73.6115, 21.1545], [73.6189, 21.1442], [73.6287, 21.1201], [73.6455, 21.123], [73.6599, 21.1084], [73.6789, 21.1093], [73.6934, 21.101], [73.7032, 21.109], [73.7106, 21.119], [73.7148, 21.1072], [73.7358, 21.1032], [73.7526, 21.1141], [73.7391, 21.0948], [73.7422, 21.0816], [73.7437, 21.0642], [73.7476, 21.04], [73.763, 21.0386], [73.7756, 21.0276], [73.7694, 21.0145], [73.7847, 21.0196], [73.8077, 21.0226], [73.8121, 21.0107], [73.8164, 20.9961], [73.8377, 20.9948], [73.8501, 21.0014], [73.8727, 20.9907], [73.8986, 20.9822], [73.9112, 20.9754], [73.9018, 20.9617], [73.8951, 20.9465], [73.904, 20.9254], [73.9122, 20.9179], [73.9227, 20.9077], [73.931, 20.8859], [73.9297, 20.8689], [73.9316, 20.8525], [73.9451, 20.8401], [73.9476, 20.8251], [73.9402, 20.8089], [73.9381, 20.7897], [73.9406, 20.7689], [73.9475, 20.7525], [73.936, 20.7315], [73.9209, 20.7235], [73.9038, 20.7306], [73.8889, 20.7311], [73.8773, 20.7213], [73.8736, 20.7077], [73.8636, 20.6943], [73.8428, 20.7021], [73.8287, 20.6965], [73.8254, 20.6736], [73.8415, 20.6751], [73.8471, 20.6564], [73.8431, 20.6444], [73.8464, 20.6235], [73.8383, 20.6158], [73.8166, 20.6094], [73.806, 20.6015], [73.7927, 20.6043], [73.7814, 20.5951], [73.7691, 20.5872], [73.7482, 20.5674], [73.7377, 20.574], [73.7243, 20.5758], [73.7096, 20.5745], [73.6924, 20.5754], [73.6814, 20.5677], [73.6707, 20.5623], [73.6571, 20.5722], [73.6471, 20.5775], [73.6345, 20.5823], [73.6322, 20.6022], [73.6259, 20.6211], [73.6073, 20.6363], [73.5912, 20.6451], [73.5742, 20.6511], [73.5537, 20.6553], [73.5448, 20.6692], [73.5304, 20.6731], [73.52, 20.6663], [73.5079, 20.6586], [73.4955, 20.6627], [73.4878, 20.6721], [73.4972, 20.681], [73.4934, 20.6943], [73.4887, 20.7066], [73.4826, 20.7172], [73.4587, 20.7143], [73.4473, 20.7011], [73.4565, 20.6934], [73.4501, 20.6808], [73.4399, 20.6648], [73.4192, 20.6605], [73.4036, 20.6524], [73.4113, 20.6386], [73.416, 20.6262], [73.4308, 20.6205], [73.4391, 20.6013], [73.4548, 20.5946], [73.4686, 20.5888], [73.4808, 20.5836], [73.4858, 20.5641], [73.4818, 20.5434], [73.5007, 20.5402], [73.4847, 20.5257], [73.4738, 20.5153], [73.4759, 20.495], [73.4667, 20.4883], [73.4611, 20.4781], [73.452, 20.4714], [73.4379, 20.4457], [73.4308, 20.4288], [73.4297, 20.4144], [73.4163, 20.4107], [73.4095, 20.4013], [73.3955, 20.398], [73.3903, 20.3802], [73.4077, 20.3839], [73.4217, 20.3556], [73.4237, 20.3418], [73.4253, 20.3207], [73.4308, 20.298], [73.4369, 20.2821], [73.4246, 20.2768], [73.4218, 20.2636], [73.4223, 20.2481], [73.4224, 20.2318], [73.4279, 20.2154], [73.4168, 20.2003], [73.4028, 20.195], [73.3974, 20.2059], [73.3837, 20.2024], [73.3759, 20.195], [73.3648, 20.201], [73.3692, 20.2117], [73.3572, 20.2025], [73.3364, 20.2041], [73.3205, 20.2043], [73.2982, 20.1962], [73.2907, 20.1774], [73.2932, 20.1622], [73.2891, 20.1496], [73.2685, 20.1393], [73.2628, 20.128], [73.2439, 20.129], [73.2355, 20.141], [73.2303, 20.1282], [73.2215, 20.1208], [73.2007, 20.1297], [73.1953, 20.1509], [73.2178, 20.1681], [73.2267, 20.1764], [73.2194, 20.1904], [73.2099, 20.1974], [73.1913, 20.1986], [73.1802, 20.2086], [73.169, 20.1997], [73.1536, 20.2022], [73.146, 20.1874], [73.1524, 20.1761], [73.1395, 20.1731], [73.1261, 20.1636], [73.113, 20.1584], [73.1018, 20.1641], [73.0962, 20.1742], [73.0879, 20.1658], [73.0755, 20.1601], [73.0742, 20.1773], [73.0744, 20.1925], [73.0642, 20.2032], [73.0704, 20.2215], [73.0819, 20.2328], [73.1019, 20.2289], [73.1085, 20.2386], [73.1246, 20.2567], [73.1368, 20.2605], [73.1427, 20.2753], [73.1543, 20.2793], [73.1582, 20.2905], [73.1668, 20.2834], [73.1789, 20.2865], [73.177, 20.3009], [73.1707, 20.3105], [73.1614, 20.3172], [73.1418, 20.3175], [73.1343, 20.3053], [73.1157, 20.304], [73.1189, 20.3262], [73.118, 20.3429], [73.1114, 20.3561], [73.0992, 20.3399], [73.0909, 20.3268], [73.0753, 20.3296], [73.062, 20.3257], [73.0477, 20.3166], [73.0459, 20.2924], [73.0298, 20.2923], [73.0247, 20.3128], [73.0222, 20.2971], [73.0105, 20.2924], [72.9905, 20.2921], [72.9895, 20.2775], [72.9801, 20.2707], [72.9575, 20.2877], [72.946, 20.2934], [72.9303, 20.284], [72.9223, 20.2744], [72.9408, 20.2468], [72.9578, 20.2412], [72.9696, 20.2339], [72.9754, 20.2192], [72.9608, 20.214], [72.9418, 20.2178], [72.9284, 20.2234], [72.9109, 20.2261], [72.8998, 20.2217], [72.8887, 20.2258], [72.8719, 20.2226], [72.8644, 20.2086], [72.8461, 20.2036], [72.8491, 20.1909], [72.8355, 20.1877], [72.8288, 20.1566], [72.8353, 20.1446], [72.8159, 20.1533], [72.8021, 20.1485], [72.8052, 20.127], [72.7876, 20.1301], [72.7618, 20.1315], [72.7483, 20.1344], [72.7382, 20.1396], [72.7404, 20.1532], [72.7421, 20.1685], [72.7429, 20.1829], [72.746, 20.1971], [72.7468, 20.2132], [72.7454, 20.2276], [72.7412, 20.2387], [72.7449, 20.2501], [72.7513, 20.2588], [72.754, 20.274], [72.7551, 20.289], [72.761, 20.2982], [72.7721, 20.3024], [72.7746, 20.3151], [72.7751, 20.3301], [72.7807, 20.3396], [72.7876, 20.3482], [72.801, 20.3507], [72.8112, 20.3557], [72.8185, 20.3637], [72.8313, 20.3687], [72.8425, 20.3992], [72.8511, 20.4082], [72.8701, 20.3912], [72.8755, 20.381], [72.8729, 20.3957], [72.862, 20.4105], [72.846, 20.4148], [72.8371, 20.4223], [72.8382, 20.4373], [72.8443, 20.4484], [72.8624, 20.4623], [72.8615, 20.4768], [72.8668, 20.4865], [72.874, 20.4943], [72.8843, 20.499], [72.8868, 20.5129], [72.8865, 20.5285], [72.8851, 20.5462], [72.8893, 20.5574], [72.8954, 20.5668], [72.8976, 20.5796], [72.896, 20.5935], [72.8932, 20.6065], [72.8899, 20.6182], [72.8865, 20.631], [72.8854, 20.6451], [72.876, 20.6507], [72.8724, 20.6624], [72.8693, 20.6743], [72.8657, 20.6868], [72.8618, 20.6985], [72.8585, 20.7104], [72.8549, 20.7226], [72.8521, 20.7379], [72.8671, 20.7351], [72.8796, 20.7376], [72.889, 20.7435], [72.874, 20.7449], [72.8654, 20.7515], [72.861, 20.7621], [72.851, 20.7674], [72.8426, 20.7743], [72.8349, 20.7818], [72.8379, 20.7943], [72.8496, 20.7979], [72.8415, 20.8049], [72.8301, 20.8087], [72.8254, 20.819], [72.8213, 20.8299], [72.8176, 20.8412], [72.8129, 20.8521], [72.8082, 20.8629], [72.8035, 20.8732], [72.7988, 20.8838], [72.7935, 20.894], [72.7904, 20.9132], [72.7868, 20.9249], [72.794, 20.9332], [72.7896, 20.944], [72.7782, 20.9401], [72.7715, 20.9257], [72.7776, 20.9168], [72.7671, 20.9215], [72.761, 20.931], [72.7557, 20.9407], [72.7507, 20.951], [72.7462, 20.9621], [72.7421, 20.9732], [72.7382, 20.9843], [72.7349, 20.9971], [72.7324, 21.0104], [72.7285, 21.0215], [72.7251, 21.0332], [72.7237, 21.0474], [72.7387, 21.0474], [72.7501, 21.051], [72.761, 21.0551], [72.7685, 21.0626], [72.7521, 21.0621], [72.7415, 21.0671], [72.7293, 21.0701], [72.7171, 21.0729], [72.7043, 21.0762], [72.7032, 21.0904], [72.7018, 21.104], [72.7063, 21.1146], [72.7074, 21.1288], [72.7138, 21.1376], [72.7079, 21.1468], [72.6979, 21.1518], [72.6868, 21.1565], [72.6712, 21.1576], [72.6637, 21.1496], [72.6599, 21.1313], [72.6582, 21.1165], [72.6593, 21.1021], [72.6588, 21.0876], [72.6526, 21.0782], [72.6401, 21.081], [72.6293, 21.0765], [72.6271, 21.0896], [72.626, 21.1037], [72.6268, 21.1179], [72.624, 21.1318], [72.621, 21.1451], [72.6201, 21.1593], [72.6199, 21.1743], [72.6182, 21.1879], [72.6193, 21.2026], [72.6199, 21.2174], [72.6304, 21.2243], [72.6387, 21.2174], [72.6515, 21.2196], [72.6404, 21.2237], [72.6293, 21.2288], [72.6154, 21.2304], [72.6054, 21.2357], [72.6004, 21.2465], [72.5979, 21.2601], [72.5999, 21.2732], [72.5893, 21.2776], [72.5879, 21.2913], [72.5915, 21.3035], [72.5954, 21.3151], [72.6026, 21.3229], [72.6093, 21.3312], [72.6165, 21.339], [72.6226, 21.3479], [72.6276, 21.3579], [72.636, 21.3651], [72.6432, 21.3738], [72.6438, 21.3593], [72.6496, 21.3699], [72.6401, 21.3757], [72.6321, 21.3685], [72.6229, 21.3751], [72.6285, 21.3849], [72.6363, 21.3924], [72.644, 21.3999], [72.651, 21.4082], [72.6576, 21.4168], [72.6635, 21.426], [72.6746, 21.4301], [72.6818, 21.4379], [72.6868, 21.4485], [72.6913, 21.4593], [72.6829, 21.4526], [72.6726, 21.4476], [72.6624, 21.4426], [72.6526, 21.4372], [72.6501, 21.4507], [72.6535, 21.4624], [72.659, 21.4721], [72.6654, 21.4807], [72.6676, 21.4935], [72.671, 21.5054], [72.6776, 21.514], [72.681, 21.5257], [72.6957, 21.5274], [72.709, 21.5296], [72.7199, 21.5338], [72.7321, 21.5368], [72.741, 21.5432], [72.736, 21.5532], [72.7343, 21.5399], [72.7216, 21.5374], [72.7101, 21.5338], [72.6949, 21.5346], [72.6854, 21.5401], [72.6729, 21.5374], [72.6643, 21.5307], [72.6549, 21.5246], [72.6488, 21.5157], [72.6426, 21.5068], [72.6374, 21.4965], [72.6257, 21.4924], [72.6218, 21.5063], [72.6174, 21.5171], [72.6207, 21.5301], [72.6085, 21.5332], [72.6035, 21.5487], [72.609, 21.5582], [72.6049, 21.5693], [72.6079, 21.5818], [72.614, 21.591], [72.6212, 21.5993], [72.6263, 21.6096], [72.6326, 21.6185], [72.6479, 21.6171], [72.6557, 21.6243], [72.6671, 21.6282], [72.6785, 21.6321], [72.6879, 21.6379], [72.6949, 21.6462], [72.7049, 21.6521], [72.7126, 21.6446], [72.7232, 21.639], [72.7393, 21.6407], [72.7493, 21.646], [72.7635, 21.6479], [72.7763, 21.6454], [72.791, 21.646], [72.8032, 21.6496], [72.8138, 21.6543], [72.8229, 21.6604], [72.8324, 21.6663], [72.8187, 21.6682], [72.8071, 21.6643], [72.7949, 21.6615], [72.7799, 21.6632], [72.7685, 21.6668], [72.7579, 21.6718], [72.7499, 21.6799], [72.7432, 21.6885], [72.7299, 21.6865], [72.719, 21.6824], [72.7071, 21.6787], [72.694, 21.6807], [72.6793, 21.6801], [72.6671, 21.6832], [72.6574, 21.6779], [72.6413, 21.6787], [72.6249, 21.6799], [72.6118, 21.6821], [72.5985, 21.6804], [72.589, 21.6749], [72.5774, 21.6704], [72.5674, 21.6651], [72.5565, 21.6593], [72.5426, 21.661], [72.5349, 21.6685], [72.5282, 21.6768], [72.5232, 21.6874], [72.5104, 21.6901], [72.5224, 21.6932], [72.5096, 21.7007], [72.5179, 21.7076], [72.5232, 21.7174], [72.5293, 21.7274], [72.5374, 21.7349], [72.5435, 21.744], [72.5443, 21.7585], [72.5479, 21.7704], [72.5507, 21.7832], [72.5537, 21.796], [72.5593, 21.8054], [72.5651, 21.8146], [72.5629, 21.8279], [72.554, 21.8343], [72.5446, 21.8404], [72.5357, 21.8465], [72.5238, 21.8496], [72.5174, 21.8585], [72.5185, 21.874], [72.5149, 21.8854], [72.5101, 21.8957], [72.506, 21.9068], [72.506, 21.9251], [72.5024, 21.9368], [72.5029, 21.9521], [72.5043, 21.9662], [72.5054, 21.9804], [72.5074, 21.9943], [72.5107, 22.0065], [72.514, 22.0185], [72.5182, 22.0296], [72.5207, 22.044], [72.5229, 22.0582], [72.5254, 22.071], [72.5285, 22.084], [72.5318, 22.0963], [72.5351, 22.1087], [72.5387, 22.1201], [72.5421, 22.1324], [72.546, 22.1443], [72.5499, 22.1557], [72.5549, 22.1663], [72.561, 22.1754], [72.5671, 22.1846], [72.574, 22.1929], [72.5815, 22.2004], [72.5901, 22.2068], [72.5999, 22.2124], [72.6113, 22.2162], [72.6254, 22.2176], [72.6421, 22.2174], [72.654, 22.2143], [72.6632, 22.2085], [72.6726, 22.2024], [72.6826, 22.1974], [72.6912, 22.191], [72.7001, 22.1846], [72.7149, 22.1851], [72.7274, 22.1818], [72.7379, 22.1762], [72.7521, 22.1732], [72.7624, 22.1782], [72.7685, 22.1874], [72.7751, 22.1963], [72.7801, 22.2065], [72.7851, 22.2165], [72.7913, 22.2254], [72.7971, 22.2349], [72.8051, 22.2424], [72.816, 22.2479], [72.8254, 22.2418], [72.8382, 22.2382], [72.8504, 22.2351], [72.8599, 22.229], [72.8696, 22.2235], [72.8821, 22.2263], [72.8935, 22.2313], [72.9035, 22.2365], [72.9107, 22.2446], [72.9165, 22.2543], [72.9193, 22.2666], [72.9151, 22.2782], [72.9118, 22.2663], [72.9068, 22.2563], [72.8996, 22.2485], [72.8882, 22.244], [72.8726, 22.2424], [72.8629, 22.2482], [72.8576, 22.2582], [72.8549, 22.2707], [72.8504, 22.2818], [72.8376, 22.2793], [72.8282, 22.2735], [72.8174, 22.2688], [72.8079, 22.2629], [72.7988, 22.2568], [72.7893, 22.2513], [72.7812, 22.2443], [72.7718, 22.2385], [72.7621, 22.2329], [72.7474, 22.2321], [72.7326, 22.2343], [72.7185, 22.236], [72.6963, 22.2368], [72.6857, 22.2413], [72.6782, 22.249], [72.6701, 22.256], [72.6629, 22.2643], [72.6582, 22.2754], [72.649, 22.2813], [72.6354, 22.2843], [72.6224, 22.2821], [72.6099, 22.2796], [72.5993, 22.2746], [72.5904, 22.2685], [72.5824, 22.2615], [72.5735, 22.2551], [72.5635, 22.2499], [72.5574, 22.2593], [72.5499, 22.2504], [72.5413, 22.2432], [72.5335, 22.2504], [72.5354, 22.2637], [72.541, 22.2751], [72.5532, 22.2779], [72.5399, 22.2804], [72.5315, 22.2737], [72.5243, 22.2643], [72.5246, 22.2479], [72.5182, 22.239], [72.5096, 22.2324], [72.5043, 22.2218], [72.4971, 22.2138], [72.4918, 22.2032], [72.4799, 22.1999], [72.481, 22.2143], [72.4785, 22.2268], [72.4907, 22.2299], [72.4799, 22.2346], [72.4912, 22.2385], [72.4771, 22.2399], [72.4682, 22.2462], [72.4624, 22.2554], [72.4565, 22.2646], [72.4507, 22.274], [72.4454, 22.2838], [72.4404, 22.294], [72.4332, 22.3018], [72.4212, 22.3051], [72.4099, 22.309], [72.3954, 22.3076], [72.396, 22.3221], [72.4035, 22.3299], [72.4082, 22.341], [72.4124, 22.3535], [72.4068, 22.3629], [72.3985, 22.3701], [72.3943, 22.3815], [72.3826, 22.3849], [72.3707, 22.3815], [72.3618, 22.3751], [72.3757, 22.3732], [72.3871, 22.3696], [72.3949, 22.3621], [72.4026, 22.3546], [72.396, 22.3454], [72.3851, 22.3412], [72.3776, 22.3332], [72.3729, 22.3213], [72.3751, 22.3085], [72.3824, 22.3007], [72.3964, 22.299], [72.4112, 22.2987], [72.4157, 22.2874], [72.416, 22.271], [72.4132, 22.2571], [72.4146, 22.2435], [72.416, 22.2299], [72.4118, 22.219], [72.4051, 22.2096], [72.3999, 22.1996], [72.3946, 22.2093], [72.3865, 22.2165], [72.3787, 22.2238], [72.3757, 22.236], [72.3824, 22.2446], [72.3799, 22.2574], [72.371, 22.2637], [72.3601, 22.2682], [72.3643, 22.2568], [72.369, 22.2465], [72.3654, 22.2349], [72.3601, 22.2251], [72.3612, 22.2101], [72.3665, 22.2004], [72.3779, 22.1965], [72.386, 22.1893], [72.3915, 22.1796], [72.3854, 22.1704], [72.3843, 22.1562], [72.374, 22.1618], [72.3696, 22.1726], [72.3596, 22.1782], [72.3593, 22.1929], [72.3538, 22.1824], [72.3538, 22.1672], [72.3557, 22.1535], [72.3518, 22.1424], [72.3499, 22.1285], [72.3421, 22.1357], [72.3326, 22.1413], [72.3224, 22.1471], [72.3162, 22.1565], [72.3185, 22.1693], [72.3168, 22.1826], [72.3082, 22.189], [72.2996, 22.1954], [72.3026, 22.1832], [72.3129, 22.1779], [72.3112, 22.164], [72.3096, 22.1487], [72.3135, 22.1371], [72.3232, 22.1315], [72.3201, 22.1193], [72.3118, 22.1124], [72.3151, 22.1007], [72.311, 22.0893], [72.3074, 22.0779], [72.3054, 22.0649], [72.3021, 22.0521], [72.2985, 22.0407], [72.2957, 22.0274], [72.2926, 22.0154], [72.2887, 22.004], [72.2862, 21.9901], [72.2835, 21.9771], [72.2799, 21.9643], [72.279, 21.9471], [72.2785, 21.9321], [72.2679, 21.9365], [72.2632, 21.9526], [72.2604, 21.9682], [72.2556, 21.9824], [72.2521, 21.9943], [72.2551, 22.0071], [72.261, 22.0176], [72.2554, 22.0271], [72.2457, 22.0326], [72.2426, 22.0451], [72.2482, 22.0549], [72.2585, 22.0599], [72.2693, 22.0643], [72.279, 22.0696], [72.2921, 22.0674], [72.3035, 22.0715], [72.2974, 22.0804], [72.3024, 22.091], [72.3015, 22.1057], [72.2904, 22.1015], [72.2829, 22.0938], [72.2743, 22.1004], [72.276, 22.0868], [72.2704, 22.0771], [72.2615, 22.071], [72.2524, 22.0649], [72.2412, 22.0607], [72.2332, 22.0532], [72.2301, 22.039], [72.2329, 22.0268], [72.2235, 22.0207], [72.2168, 22.0121], [72.2046, 22.0151], [72.1965, 22.0221], [72.1854, 22.0271], [72.179, 22.036], [72.1815, 22.0229], [72.1904, 22.0154], [72.1979, 22.0076], [72.2079, 22.0024], [72.2215, 22.004], [72.2304, 21.9962], [72.2268, 21.984], [72.2229, 21.9726], [72.2215, 21.9571], [72.2087, 21.9543], [72.1993, 21.9482], [72.1888, 21.9435], [72.1813, 21.951], [72.174, 21.9588], [72.1624, 21.9624], [72.1571, 21.9743], [72.149, 21.9813], [72.156, 21.9732], [72.1607, 21.9626], [72.1504, 21.9574], [72.1637, 21.9557], [72.1738, 21.9507], [72.1815, 21.9432], [72.1932, 21.9371], [72.2043, 21.9413], [72.2129, 21.9479], [72.2235, 21.9435], [72.2282, 21.9329], [72.234, 21.9235], [72.2421, 21.9165], [72.2479, 21.9068], [72.2532, 21.8965], [72.2571, 21.8851], [72.2562, 21.8701], [72.2554, 21.8549], [72.2576, 21.8421], [72.2593, 21.8246], [72.259, 21.8096], [72.259, 21.7943], [72.2613, 21.7815], [72.2648, 21.7699], [72.269, 21.759], [72.2679, 21.7449], [72.2585, 21.7507], [72.2532, 21.7604], [72.2499, 21.7735], [72.2485, 21.7876], [72.2399, 21.7943], [72.2274, 21.7971], [72.2179, 21.8026], [72.2121, 21.8143], [72.2054, 21.8226], [72.1943, 21.8276], [72.1829, 21.8238], [72.1949, 21.8271], [72.2051, 21.8221], [72.2099, 21.811], [72.2162, 21.8021], [72.2251, 21.7957], [72.2357, 21.7913], [72.2424, 21.781], [72.2443, 21.7671], [72.2474, 21.7546], [72.2513, 21.7429], [72.256, 21.7324], [72.2607, 21.7218], [72.2668, 21.7126], [72.2715, 21.7021], [72.2779, 21.6935], [72.2829, 21.6829], [72.2849, 21.6671], [72.291, 21.6576], [72.2985, 21.6499], [72.3032, 21.6396], [72.3054, 21.6268], [72.3001, 21.6168], [72.2929, 21.6087], [72.2862, 21.6001], [72.2804, 21.5904], [72.2738, 21.5818], [72.2685, 21.5721], [72.266, 21.5593], [72.2651, 21.5415], [72.2618, 21.5296], [72.2585, 21.5179], [72.2546, 21.5057], [72.2513, 21.494], [72.2468, 21.4835], [72.2421, 21.4732], [72.2357, 21.4643], [72.2321, 21.4526], [72.2249, 21.4446], [72.2193, 21.4349], [72.2126, 21.4265], [72.2046, 21.4193], [72.1971, 21.4115], [72.1882, 21.4051], [72.1799, 21.3982], [72.1724, 21.3907], [72.1668, 21.381], [72.1615, 21.3712], [72.1546, 21.3629], [72.1479, 21.3546], [72.1404, 21.3471], [72.1329, 21.3393], [72.126, 21.3307], [72.1199, 21.3215], [72.114, 21.3124], [72.1093, 21.3015], [72.1107, 21.2876], [72.104, 21.279], [72.0951, 21.2851], [72.0885, 21.294], [72.0799, 21.3007], [72.0749, 21.2904], [72.0854, 21.2843], [72.0924, 21.276], [72.0974, 21.2646], [72.0904, 21.2565], [72.0813, 21.2485], [72.0863, 21.2362], [72.0918, 21.2265], [72.1046, 21.2237], [72.1104, 21.2143], [72.1149, 21.2029], [72.1076, 21.1951], [72.0951, 21.1924], [72.0843, 21.1868], [72.0754, 21.1804], [72.0638, 21.1768], [72.0549, 21.1707], [72.0485, 21.1621], [72.0368, 21.1588], [72.0263, 21.1543], [72.0165, 21.149], [72.0093, 21.141], [71.9971, 21.1468], [72.0054, 21.1537], [72.0107, 21.1635], [72.0174, 21.1724], [72.0235, 21.1815], [72.0124, 21.1857], [72.0037, 21.1793], [72.001, 21.1668], [71.9924, 21.1596], [71.9918, 21.1451], [71.9832, 21.1379], [71.9762, 21.1296], [71.9685, 21.1218], [71.954, 21.1229], [71.9424, 21.1193], [71.9318, 21.1146], [71.9187, 21.1126], [71.9068, 21.1093], [71.8954, 21.1054], [71.8874, 21.0982], [71.8801, 21.0904], [71.8682, 21.0871], [71.8576, 21.0826], [71.8481, 21.0765], [71.8363, 21.0732], [71.8257, 21.0688], [71.8115, 21.0676], [71.8015, 21.0624], [71.8001, 21.0488], [71.8065, 21.0401], [71.794, 21.0374], [71.7804, 21.039], [71.7751, 21.029], [71.7637, 21.0251], [71.7518, 21.0218], [71.7399, 21.0179], [71.7293, 21.0135], [71.7224, 21.0218], [71.7107, 21.0185], [71.7018, 21.0124], [71.6904, 21.0085], [71.681, 21.0029], [71.6687, 20.999], [71.6549, 20.9977], [71.644, 20.9932], [71.6374, 20.9846], [71.6338, 20.9726], [71.6229, 20.9682], [71.6126, 20.9757], [71.6074, 20.9657], [71.5949, 20.9632], [71.582, 20.959], [71.5724, 20.9535], [71.5565, 20.9501], [71.5429, 20.9485], [71.5301, 20.9432], [71.5207, 20.949], [71.5099, 20.9443], [71.5068, 20.9324], [71.514, 20.9243], [71.5071, 20.916], [71.4932, 20.9179], [71.4851, 20.9107], [71.481, 20.8996], [71.4746, 20.8899], [71.4649, 20.8846], [71.4524, 20.8813], [71.4435, 20.8751], [71.4337, 20.8687], [71.421, 20.8664], [71.4062, 20.8679], [71.3918, 20.8668], [71.3851, 20.876], [71.3763, 20.8696], [71.3818, 20.8599], [71.3724, 20.854], [71.359, 20.8518], [71.344, 20.851], [71.3326, 20.8471], [71.3196, 20.8449], [71.3093, 20.8401], [71.2962, 20.8354], [71.2874, 20.8288], [71.2763, 20.8249], [71.2651, 20.821], [71.2535, 20.8151], [71.2412, 20.8121], [71.2326, 20.8049], [71.2185, 20.8035], [71.2071, 20.7999], [71.2027, 20.789], [71.1896, 20.786], [71.1757, 20.7835], [71.1624, 20.7812], [71.1526, 20.7757], [71.1485, 20.7646], [71.1407, 20.7571], [71.1268, 20.756], [71.116, 20.7604], [71.1035, 20.7576], [71.089, 20.7568], [71.0793, 20.7513], [71.0815, 20.7385], [71.0696, 20.7351], [71.0554, 20.734], [71.0413, 20.7357], [71.029, 20.739], [71.0146, 20.7399], [71.0026, 20.7365], [70.9929, 20.731], [70.9868, 20.7221], [70.9918, 20.7324], [70.9982, 20.7415], [70.9874, 20.7457], [70.9762, 20.7412], [70.961, 20.741], [70.9485, 20.7337], [70.934, 20.7359], [70.9209, 20.7289], [70.9049, 20.7265], [70.893, 20.713], [70.8737, 20.7098], [70.8771, 20.7215], [70.884, 20.7296], [70.8976, 20.7321], [70.9101, 20.7354], [70.9182, 20.7424], [70.9085, 20.7371], [70.8965, 20.734], [70.8821, 20.7321], [70.8685, 20.7335], [70.8629, 20.7432], [70.8593, 20.7549], [70.8436, 20.7604], [70.8637, 20.7637], [70.8629, 20.7818], [70.8674, 20.795], [70.8765, 20.7888], [70.8939, 20.7947], [70.8972, 20.8162], [70.8906, 20.8329], [70.873, 20.835], [70.8503, 20.8315], [70.8379, 20.8366], [70.829, 20.8489], [70.8197, 20.8577], [70.8405, 20.8578], [70.8652, 20.8654], [70.8843, 20.8732], [70.8971, 20.8822], [70.9028, 20.8972], [70.8924, 20.93], [70.887, 20.9452], [70.8802, 20.9554], [70.8621, 20.9608], [70.8494, 20.9668], [70.8328, 20.9685], [70.825, 20.9604], [70.8079, 20.9644], [70.7935, 20.9595], [70.7793, 20.967], [70.768, 20.962], [70.7555, 20.9738], [70.7465, 20.989], [70.7404, 20.9768], [70.7307, 20.9601], [70.7219, 20.9442], [70.7176, 20.916], [70.7027, 20.895], [70.6942, 20.883], [70.6845, 20.851], [70.6774, 20.8352], [70.6763, 20.8188], [70.682, 20.8011], [70.683, 20.7841], [70.6769, 20.7715], [70.6718, 20.7615], [70.6649, 20.7532], [70.6568, 20.7601], [70.6451, 20.7635], [70.6354, 20.7693], [70.6218, 20.771], [70.6107, 20.7751], [70.5987, 20.7782], [70.5865, 20.7812], [70.5788, 20.7885], [70.5668, 20.7932], [70.5579, 20.7996], [70.5462, 20.8032], [70.5343, 20.8065], [70.5238, 20.811], [70.5157, 20.8179], [70.504, 20.8226], [70.494, 20.8276], [70.486, 20.8349], [70.4765, 20.8404], [70.4624, 20.8415], [70.4538, 20.8479], [70.4437, 20.8529], [70.4329, 20.8574], [70.4243, 20.864], [70.4171, 20.8718], [70.4171, 20.8871], [70.4065, 20.8826], [70.3985, 20.8896], [70.3887, 20.8951], [70.3788, 20.9004], [70.3646, 20.9013], [70.3554, 20.9076], [70.3476, 20.9149], [70.3374, 20.9199], [70.3274, 20.9251], [70.3182, 20.931], [70.3096, 20.9376], [70.3007, 20.9438], [70.2915, 20.9499], [70.2821, 20.9557], [70.274, 20.9626], [70.2651, 20.9687], [70.2565, 20.9751], [70.2493, 20.9829], [70.241, 20.9904], [70.2471, 20.9996], [70.2379, 20.9937], [70.2268, 20.9988], [70.219, 21.0063], [70.2101, 21.0127], [70.2018, 21.0196], [70.1935, 21.0274], [70.1843, 21.0335], [70.176, 21.0407], [70.1679, 21.0479], [70.1596, 21.0546], [70.1513, 21.0621], [70.1429, 21.0688], [70.1402, 21.0813], [70.1279, 21.084], [70.1199, 21.091], [70.1113, 21.0976], [70.1026, 21.1057], [70.0935, 21.1118], [70.0857, 21.119], [70.0779, 21.1263], [70.0701, 21.1338], [70.0626, 21.1415], [70.0546, 21.1487], [70.0468, 21.1562], [70.0407, 21.1651], [70.0338, 21.1732], [70.0265, 21.181], [70.0185, 21.1882], [70.0107, 21.1954], [70.0032, 21.2029], [69.996, 21.2107], [69.989, 21.2188], [69.9818, 21.2268], [69.9746, 21.2349], [69.9671, 21.2426], [69.9601, 21.2507], [69.9529, 21.2588], [69.946, 21.2671], [69.939, 21.2754], [69.9315, 21.2832], [69.924, 21.291], [69.9171, 21.2993], [69.9101, 21.3074], [69.9029, 21.3154], [69.896, 21.3235], [69.8887, 21.3315], [69.8818, 21.3399], [69.8746, 21.3479], [69.8676, 21.356], [69.8604, 21.3643], [69.8532, 21.3726], [69.8463, 21.3807], [69.839, 21.3885], [69.8321, 21.3968], [69.8249, 21.4046], [69.8179, 21.4126], [69.811, 21.4207], [69.8037, 21.4285], [69.7965, 21.4365], [69.7896, 21.4446], [69.7824, 21.4524], [69.7979, 21.4518], [69.8032, 21.4618], [69.7962, 21.4532], [69.7838, 21.456], [69.7749, 21.4632], [69.7668, 21.4702], [69.7593, 21.4779], [69.7521, 21.4857], [69.7449, 21.4935], [69.7376, 21.5015], [69.7307, 21.5099], [69.7232, 21.5179], [69.7157, 21.5254], [69.7204, 21.536], [69.7296, 21.5421], [69.726, 21.5546], [69.7346, 21.5613], [69.7496, 21.5615], [69.7479, 21.5749], [69.7588, 21.5793], [69.7649, 21.589], [69.7557, 21.5954], [69.7535, 21.6082], [69.749, 21.6187], [69.7457, 21.631], [69.739, 21.6396], [69.7343, 21.6507], [69.729, 21.641], [69.7188, 21.636], [69.7087, 21.6415], [69.694, 21.6396], [69.6821, 21.6363], [69.6915, 21.6296], [69.6974, 21.6204], [69.7051, 21.6129], [69.7143, 21.6071], [69.7043, 21.6018], [69.6976, 21.5932], [69.6963, 21.6071], [69.6896, 21.6154], [69.6804, 21.6212], [69.6699, 21.6257], [69.6571, 21.6279], [69.6476, 21.6335], [69.6387, 21.6399], [69.6454, 21.6315], [69.6546, 21.6251], [69.6654, 21.6207], [69.6721, 21.6121], [69.6785, 21.6032], [69.6871, 21.5957], [69.6976, 21.591], [69.7085, 21.5868], [69.716, 21.579], [69.7237, 21.5715], [69.7188, 21.561], [69.7196, 21.5465], [69.7107, 21.5396], [69.699, 21.5432], [69.6901, 21.5496], [69.6821, 21.5568], [69.6746, 21.5643], [69.6668, 21.5715], [69.6596, 21.5793], [69.6524, 21.5871], [69.6451, 21.5949], [69.6374, 21.6024], [69.6299, 21.6101], [69.6226, 21.6179], [69.6149, 21.6254], [69.6062, 21.6327], [69.5949, 21.6379], [69.5915, 21.6262], [69.5871, 21.6368], [69.5779, 21.6426], [69.5696, 21.6493], [69.5604, 21.6554], [69.5532, 21.6632], [69.5449, 21.6701], [69.5368, 21.6771], [69.5287, 21.6843], [69.5207, 21.6918], [69.5129, 21.699], [69.5054, 21.7065], [69.4976, 21.7138], [69.4901, 21.7215], [69.4824, 21.729], [69.4751, 21.7368], [69.4662, 21.7432], [69.4568, 21.749], [69.4482, 21.7554], [69.4396, 21.7618], [69.4313, 21.7685], [69.4237, 21.776], [69.4163, 21.7838], [69.4082, 21.791], [69.3996, 21.7976], [69.3926, 21.8057], [69.3857, 21.814], [69.379, 21.8224], [69.3712, 21.8299], [69.3615, 21.8354], [69.3507, 21.8399], [69.3424, 21.8468], [69.3337, 21.8532], [69.3251, 21.8599], [69.3174, 21.8674], [69.309, 21.874], [69.3007, 21.881], [69.2926, 21.8882], [69.2832, 21.8946], [69.2762, 21.9026], [69.2676, 21.9093], [69.2599, 21.9168], [69.2524, 21.9243], [69.2451, 21.9321], [69.2363, 21.9385], [69.2293, 21.9465], [69.2218, 21.954], [69.214, 21.9612], [69.2071, 21.9696], [69.2004, 21.9779], [69.1921, 21.9849], [69.1846, 21.9926], [69.1771, 22.0001], [69.1699, 22.0079], [69.1626, 22.0157], [69.156, 22.0243], [69.1482, 22.0315], [69.141, 22.0393], [69.1335, 22.0468], [69.1263, 22.0546], [69.119, 22.0624], [69.1118, 22.0704], [69.1049, 22.0785], [69.0982, 22.0868], [69.0915, 22.0951], [69.0843, 22.1029], [69.0762, 22.1099], [69.0679, 22.1171], [69.0601, 22.1246], [69.0521, 22.1321], [69.0454, 22.1404], [69.039, 22.149], [69.0315, 22.1565], [69.0249, 22.1649], [69.0179, 22.1729], [69.0099, 22.1799], [69.0026, 22.1876], [68.9954, 22.1957], [68.9882, 22.2038], [68.981, 22.2118], [68.9754, 22.2213], [68.9696, 22.2307], [68.9615, 22.2377], [68.954, 22.2454], [68.9576, 22.2574], [68.9526, 22.2682], [68.9476, 22.2785], [68.9426, 22.2888], [68.9388, 22.3004], [68.9362, 22.3132], [68.9401, 22.3249], [68.949, 22.3315], [68.9565, 22.3393], [68.959, 22.3518], [68.9565, 22.3649], [68.9618, 22.3749], [68.9674, 22.3851], [68.9726, 22.3951], [68.9785, 22.4043], [68.9843, 22.4138], [68.9929, 22.4204], [68.9996, 22.4288], [69.006, 22.4376], [69.0149, 22.444], [69.0257, 22.4496], [69.0351, 22.4554], [69.0451, 22.4604], [69.0554, 22.4654], [69.0638, 22.4721], [69.0751, 22.4782], [69.0851, 22.4729], [69.0776, 22.4651], [69.074, 22.4535], [69.0635, 22.449], [69.0549, 22.4424], [69.0451, 22.4368], [69.0477, 22.4243], [69.0529, 22.4143], [69.0612, 22.4074], [69.0668, 22.3979], [69.0774, 22.3932], [69.0915, 22.3946], [69.0996, 22.4021], [69.1076, 22.4099], [69.1188, 22.4049], [69.1276, 22.3985], [69.1399, 22.4037], [69.1524, 22.4062], [69.1601, 22.4138], [69.1724, 22.4168], [69.1865, 22.421], [69.1929, 22.4124], [69.199, 22.4035], [69.1979, 22.3896], [69.1876, 22.3849], [69.1796, 22.3779], [69.1762, 22.3657], [69.1746, 22.3521], [69.1696, 22.3412], [69.1682, 22.3265], [69.1607, 22.3187], [69.1618, 22.3046], [69.1682, 22.296], [69.176, 22.2888], [69.1837, 22.2815], [69.1921, 22.2749], [69.2007, 22.2685], [69.2107, 22.2632], [69.2215, 22.2588], [69.2365, 22.2588], [69.2457, 22.2649], [69.2571, 22.2688], [69.2712, 22.2704], [69.2843, 22.2724], [69.2935, 22.2785], [69.2996, 22.2876], [69.3138, 22.2899], [69.324, 22.2949], [69.3313, 22.3029], [69.3376, 22.3118], [69.3321, 22.3215], [69.3388, 22.3299], [69.3532, 22.3268], [69.3665, 22.3221], [69.3832, 22.3224], [69.3968, 22.321], [69.4093, 22.3163], [69.424, 22.3171], [69.4349, 22.3218], [69.4418, 22.3304], [69.4526, 22.3346], [69.4646, 22.3307], [69.4768, 22.3337], [69.4876, 22.3379], [69.489, 22.3518], [69.4949, 22.361], [69.5038, 22.3679], [69.514, 22.3729], [69.5215, 22.3807], [69.5182, 22.3926], [69.516, 22.4054], [69.5115, 22.4174], [69.5035, 22.4246], [69.4985, 22.4351], [69.5068, 22.4274], [69.5229, 22.4265], [69.5318, 22.4201], [69.5371, 22.4101], [69.5474, 22.4051], [69.5515, 22.3937], [69.5565, 22.3815], [69.5504, 22.3724], [69.5599, 22.3668], [69.5651, 22.3568], [69.5715, 22.3654], [69.5832, 22.3621], [69.5915, 22.3554], [69.5824, 22.349], [69.5782, 22.3382], [69.5735, 22.3279], [69.5796, 22.3371], [69.5851, 22.3474], [69.5982, 22.3496], [69.606, 22.3424], [69.6096, 22.331], [69.6151, 22.3407], [69.6168, 22.3546], [69.6201, 22.3685], [69.6296, 22.3629], [69.6407, 22.3587], [69.6549, 22.3596], [69.6571, 22.3743], [69.6601, 22.3879], [69.6693, 22.3937], [69.6868, 22.3954], [69.6999, 22.3976], [69.6971, 22.411], [69.694, 22.4232], [69.7001, 22.4321], [69.6801, 22.4432], [69.6718, 22.4507], [69.6824, 22.444], [69.6907, 22.451], [69.7001, 22.4568], [69.7129, 22.459], [69.7226, 22.4646], [69.729, 22.4738], [69.7365, 22.4663], [69.741, 22.4549], [69.7354, 22.4446], [69.7438, 22.4371], [69.7501, 22.4282], [69.7568, 22.4368], [69.7649, 22.4296], [69.7732, 22.4226], [69.779, 22.4132], [69.7893, 22.4082], [69.7968, 22.4001], [69.8071, 22.4049], [69.8129, 22.4143], [69.8196, 22.4229], [69.8226, 22.4351], [69.829, 22.4449], [69.8204, 22.4515], [69.8093, 22.4557], [69.8207, 22.4521], [69.8343, 22.454], [69.8349, 22.471], [69.8396, 22.4824], [69.8382, 22.4962], [69.841, 22.4824], [69.8388, 22.4685], [69.8365, 22.4551], [69.8504, 22.4538], [69.8593, 22.4476], [69.8737, 22.4482], [69.8818, 22.4554], [69.8907, 22.4615], [69.8996, 22.4676], [69.9079, 22.4604], [69.911, 22.4724], [69.9124, 22.4865], [69.9187, 22.4957], [69.9246, 22.5049], [69.934, 22.511], [69.9465, 22.5085], [69.9554, 22.5024], [69.9499, 22.5121], [69.9463, 22.5235], [69.9543, 22.5307], [69.9629, 22.5374], [69.9768, 22.5404], [69.9882, 22.5449], [70.0013, 22.5474], [70.0199, 22.5468], [70.0304, 22.5518], [70.0401, 22.559], [70.0499, 22.5538], [70.0615, 22.5501], [70.0765, 22.5493], [70.0874, 22.5449], [70.1012, 22.5471], [70.1157, 22.5476], [70.1376, 22.5482], [70.1474, 22.5535], [70.1612, 22.5521], [70.1712, 22.5571], [70.1754, 22.5685], [70.1829, 22.5763], [70.1899, 22.5854], [70.1932, 22.5982], [70.201, 22.6057], [70.2024, 22.6199], [70.2126, 22.6249], [70.2201, 22.634], [70.2265, 22.6429], [70.2349, 22.6499], [70.2387, 22.6613], [70.2446, 22.6704], [70.2482, 22.6835], [70.2521, 22.6949], [70.2387, 22.6968], [70.2449, 22.706], [70.2549, 22.7115], [70.2579, 22.7243], [70.2624, 22.7349], [70.2749, 22.7321], [70.2824, 22.7401], [70.2893, 22.7482], [70.299, 22.7538], [70.3026, 22.7654], [70.3068, 22.7762], [70.3118, 22.7868], [70.3171, 22.7965], [70.321, 22.8076], [70.329, 22.8146], [70.3357, 22.8232], [70.3374, 22.8374], [70.3415, 22.8485], [70.3482, 22.8571], [70.3532, 22.8676], [70.3596, 22.8763], [70.3662, 22.8849], [70.3724, 22.8937], [70.379, 22.9021], [70.3865, 22.9096], [70.3974, 22.9138], [70.4082, 22.9185], [70.4163, 22.9257], [70.4238, 22.9337], [70.4271, 22.9457], [70.4304, 22.9579], [70.4374, 22.966], [70.4424, 22.9765], [70.4512, 22.9829], [70.4579, 22.9913], [70.4638, 23.0007], [70.4699, 23.0099], [70.4746, 23.0204], [70.479, 23.0313], [70.4835, 23.0424], [70.4879, 23.0532], [70.4915, 23.0657], [70.4871, 23.0765], [70.4774, 23.0704], [70.4651, 23.0676], [70.4488, 23.0654], [70.4371, 23.0621], [70.4285, 23.0557], [70.4204, 23.0487], [70.4132, 23.0407], [70.4054, 23.0335], [70.3974, 23.0265], [70.3957, 23.0132], [70.3924, 23.0012], [70.3949, 22.9874], [70.3943, 22.9696], [70.391, 22.9579], [70.3863, 22.9474], [70.3765, 22.9418], [70.366, 22.9368], [70.3546, 22.9329], [70.3404, 22.9312], [70.3285, 22.9349], [70.3168, 22.939], [70.3076, 22.9449], [70.2932, 22.9457], [70.281, 22.9488], [70.2715, 22.9546], [70.2635, 22.9626], [70.2554, 22.9696], [70.2457, 22.9751], [70.2349, 22.9793], [70.2299, 22.9682], [70.2193, 22.9726], [70.2099, 22.9782], [70.2026, 22.9865], [70.1982, 22.9974], [70.1865, 22.9937], [70.1979, 22.9896], [70.2026, 22.9793], [70.2124, 22.9737], [70.221, 22.9671], [70.2171, 22.9557], [70.2057, 22.9515], [70.1899, 22.9501], [70.1757, 22.951], [70.1663, 22.9454], [70.1532, 22.9474], [70.1426, 22.9521], [70.1346, 22.9593], [70.1218, 22.9615], [70.1246, 22.9737], [70.1318, 22.9829], [70.1321, 22.9979], [70.1393, 23.0057], [70.1451, 23.0149], [70.1518, 23.0232], [70.1432, 23.0168], [70.1379, 23.0071], [70.1299, 23.0001], [70.1246, 22.9901], [70.1199, 22.9796], [70.1124, 22.9715], [70.1135, 22.9574], [70.1224, 22.9513], [70.1079, 22.9507], [70.1012, 22.9418], [70.0951, 22.951], [70.0987, 22.9396], [70.1082, 22.9454], [70.1224, 22.9443], [70.1363, 22.9426], [70.1357, 22.9282], [70.1268, 22.9221], [70.1176, 22.9163], [70.1085, 22.9104], [70.0888, 22.9076], [70.0757, 22.9057], [70.0624, 22.904], [70.0501, 22.9013], [70.0357, 22.8976], [70.024, 22.9013], [70.0096, 22.9007], [69.996, 22.9029], [69.984, 22.899], [69.9699, 22.8968], [69.956, 22.8957], [69.944, 22.8924], [69.9349, 22.8865], [69.9262, 22.8799], [69.9176, 22.8729], [69.9079, 22.8674], [69.8929, 22.8657], [69.8818, 22.871], [69.8679, 22.8729], [69.8574, 22.8676], [69.8449, 22.8651], [69.834, 22.8607], [69.824, 22.8554], [69.811, 22.8529], [69.7985, 22.8504], [69.7904, 22.8435], [69.7807, 22.8382], [69.7726, 22.8304], [69.7624, 22.8251], [69.7526, 22.8199], [69.7476, 22.809], [69.7465, 22.7946], [69.7407, 22.7849], [69.7329, 22.7771], [69.7268, 22.7674], [69.7199, 22.7593], [69.7157, 22.7482], [69.7093, 22.7382], [69.7035, 22.7279], [69.7004, 22.741], [69.6893, 22.7451], [69.681, 22.7518], [69.6699, 22.7568], [69.6657, 22.771], [69.6612, 22.7604], [69.6485, 22.7629], [69.641, 22.7704], [69.6371, 22.7818], [69.6343, 22.7943], [69.6343, 22.779], [69.6399, 22.769], [69.6296, 22.7635], [69.6174, 22.7676], [69.6085, 22.7615], [69.5918, 22.7615], [69.581, 22.7657], [69.5696, 22.7699], [69.561, 22.7768], [69.5537, 22.7846], [69.5401, 22.7862], [69.5279, 22.7893], [69.5129, 22.789], [69.4974, 22.7874], [69.4832, 22.7865], [69.494, 22.7821], [69.4818, 22.7774], [69.4699, 22.774], [69.4599, 22.779], [69.4463, 22.7804], [69.4376, 22.7871], [69.4279, 22.7926], [69.4196, 22.7993], [69.4096, 22.8043], [69.3993, 22.8093], [69.389, 22.814], [69.3765, 22.8171], [69.3643, 22.8204], [69.3546, 22.8257], [69.3435, 22.8218], [69.334, 22.8274], [69.3226, 22.8313], [69.3037, 22.8324], [69.2918, 22.829], [69.2765, 22.826], [69.2615, 22.8265], [69.2486, 22.8299], [69.2365, 22.8335], [69.229, 22.8412], [69.2135, 22.8371], [69.2015, 22.8401], [69.189, 22.8426], [69.1793, 22.8479], [69.1707, 22.8543], [69.1615, 22.8601], [69.1515, 22.8651], [69.1404, 22.869], [69.1296, 22.8738], [69.121, 22.8804], [69.1126, 22.8871], [69.1038, 22.8935], [69.094, 22.899], [69.0849, 22.9051], [69.0754, 22.9107], [69.0657, 22.9168], [69.0557, 22.9221], [69.0462, 22.9279], [69.0362, 22.9332], [69.0254, 22.9376], [69.0154, 22.9432], [69.0051, 22.9488], [68.9946, 22.9535], [68.984, 22.9582], [68.9729, 22.9629], [68.9649, 22.9701], [68.954, 22.9746], [68.9437, 22.9804], [68.9343, 22.9862], [68.9257, 22.9926], [68.9157, 22.9976], [68.9074, 23.0043], [68.8965, 23.0088], [68.8865, 23.0143], [68.8771, 23.0202], [68.8676, 23.0263], [68.8576, 23.0315], [68.8479, 23.0374], [68.8379, 23.0426], [68.829, 23.0487], [68.8199, 23.0546], [68.8154, 23.0654], [68.8007, 23.0646], [68.7907, 23.0701], [68.7796, 23.0746], [68.7679, 23.0779], [68.7571, 23.0824], [68.7493, 23.0899], [68.7415, 23.0974], [68.7326, 23.104], [68.724, 23.1104], [68.7154, 23.1171], [68.706, 23.1229], [68.6968, 23.1288], [68.6874, 23.1346], [68.6778, 23.1401], [68.6676, 23.1451], [68.6582, 23.151], [68.6501, 23.1582], [68.6418, 23.1651], [68.6329, 23.1715], [68.6449, 23.1679], [68.6513, 23.159], [68.6593, 23.1518], [68.6687, 23.146], [68.6799, 23.1415], [68.671, 23.1476], [68.6583, 23.154], [68.6524, 23.1635], [68.6451, 23.1715], [68.6396, 23.1815], [68.6265, 23.1857], [68.619, 23.1935], [68.6104, 23.2001], [68.6021, 23.2068], [68.5932, 23.2129], [68.5863, 23.221], [68.5868, 23.2357], [68.599, 23.2404], [68.6012, 23.2271], [68.6096, 23.2185], [68.6229, 23.2168], [68.6351, 23.2196], [68.6232, 23.2235], [68.6129, 23.2285], [68.6062, 23.2371], [68.6179, 23.2426], [68.6304, 23.2451], [68.6432, 23.2474], [68.6485, 23.2576], [68.6593, 23.2618], [68.6671, 23.2696], [68.6524, 23.2715], [68.6423, 23.2665], [68.6357, 23.2757], [68.6312, 23.2863], [68.6379, 23.2954], [68.6526, 23.2946], [68.6649, 23.2974], [68.6782, 23.2999], [68.691, 23.304], [68.7046, 23.3054], [68.7121, 23.2976], [68.726, 23.296], [68.7321, 23.3054], [68.7482, 23.304], [68.7521, 23.3157], [68.7565, 23.3265], [68.7513, 23.3165], [68.7468, 23.306], [68.7343, 23.309], [68.7285, 23.2996], [68.714, 23.3004], [68.7104, 23.3126], [68.6968, 23.3107], [68.684, 23.3074], [68.6701, 23.3062], [68.6604, 23.319], [68.6576, 23.3065], [68.6474, 23.3115], [68.644, 23.3232], [68.634, 23.3179], [68.6368, 23.3302], [68.6265, 23.3357], [68.6354, 23.3421], [68.6296, 23.3524], [68.6171, 23.3574], [68.6121, 23.3676], [68.6051, 23.3757], [68.5974, 23.3832], [68.6012, 23.3718], [68.5899, 23.3757], [68.584, 23.3849], [68.5729, 23.3901], [68.579, 23.381], [68.5638, 23.3818], [68.5571, 23.3926], [68.5646, 23.4001], [68.5621, 23.4138], [68.5485, 23.416], [68.5396, 23.4221], [68.5335, 23.431], [68.5307, 23.4435], [68.526, 23.4543], [68.5212, 23.4646], [68.5163, 23.4751], [68.5185, 23.4621], [68.524, 23.4513], [68.5154, 23.4579], [68.506, 23.4638], [68.5115, 23.4738], [68.5007, 23.479], [68.5032, 23.4918], [68.5121, 23.4854], [68.5049, 23.494], [68.5015, 23.506], [68.4921, 23.5004], [68.4968, 23.511], [68.4954, 23.5249], [68.4901, 23.5351], [68.486, 23.546], [68.4937, 23.5538], [68.4932, 23.569], [68.4874, 23.5785], [68.4868, 23.5929], [68.4918, 23.6029], [68.491, 23.6176], [68.4887, 23.6307], [68.494, 23.6404], [68.4968, 23.6529], [68.5057, 23.659], [68.5193, 23.6574], [68.5321, 23.6599], [68.5235, 23.6532], [68.5174, 23.6621], [68.5226, 23.6721], [68.5271, 23.6835], [68.536, 23.6901], [68.5454, 23.6965], [68.5504, 23.7068], [68.556, 23.7162], [68.5657, 23.7221], [68.5776, 23.7254], [68.5876, 23.7304], [68.5982, 23.7357], [68.6021, 23.7471], [68.6132, 23.7513], [68.6243, 23.7554], [68.6324, 23.7624], [68.6379, 23.7721], [68.644, 23.7812], [68.6499, 23.7907], [68.6562, 23.7996], [68.6643, 23.8065], [68.6754, 23.811], [68.6829, 23.8188], [68.6946, 23.8226], [68.7076, 23.8249], [68.721, 23.8268], [68.7318, 23.8315], [68.7418, 23.8368], [68.7299, 23.8335], [68.7363, 23.8424], [68.7257, 23.8468], [68.7315, 23.8563], [68.7424, 23.861], [68.7501, 23.8687], [68.759, 23.8749], [68.7485, 23.8704], [68.7393, 23.8643], [68.7285, 23.8599], [68.7121, 23.8574], [68.6982, 23.8587], [68.6837, 23.8615], [68.6696, 23.8604], [68.664, 23.851], [68.6537, 23.846], [68.6457, 23.8388], [68.6318, 23.8357], [68.6182, 23.8374], [68.6043, 23.8388], [68.5904, 23.8376], [68.5826, 23.8301], [68.5754, 23.8218], [68.5701, 23.811], [68.5657, 23.8001], [68.559, 23.7915], [68.5526, 23.7826], [68.5462, 23.7737], [68.5401, 23.7643], [68.5321, 23.756], [68.5263, 23.7663], [68.5224, 23.7776], [68.5157, 23.786], [68.5201, 23.7968], [68.5312, 23.801], [68.5351, 23.8124], [68.5307, 23.8018], [68.5226, 23.8087], [68.519, 23.8201], [68.5268, 23.8274], [68.5385, 23.831], [68.5476, 23.8371], [68.5532, 23.8468], [68.5582, 23.8568], [68.5663, 23.8637], [68.5696, 23.876], [68.5779, 23.8832], [68.5885, 23.8876], [68.5985, 23.8929], [68.6065, 23.9001], [68.6226, 23.9013], [68.634, 23.8976], [68.644, 23.9026], [68.6515, 23.9101], [68.6601, 23.9168], [68.649, 23.9126], [68.6415, 23.9048], [68.6271, 23.9057], [68.6176, 23.9129], [68.6207, 23.9249], [68.6113, 23.9307], [68.6032, 23.9376], [68.5921, 23.9415], [68.5874, 23.931], [68.5724, 23.9243], [68.559, 23.9262], [68.5518, 23.934], [68.5415, 23.9388], [68.5404, 23.9529], [68.546, 23.9624], [68.6863, 23.9624], [68.7215, 23.9622], [68.7492, 23.962], [68.7509, 24.0], [68.7596, 24.0358], [68.7614, 24.1], [68.7618, 24.1612], [68.7622, 24.191], [68.7631, 24.2066], [68.7642, 24.236], [68.7641, 24.2841], [68.7715, 24.2931], [68.7923, 24.3], [68.8052, 24.3032], [68.8264, 24.3084], [68.8317, 24.2956], [68.8359, 24.2499], [68.8403, 24.2282], [68.8477, 24.2084], [68.864, 24.2052], [68.8741, 24.1998], [68.886, 24.1961], [68.9041, 24.2092], [68.9128, 24.2411], [68.9182, 24.2531], [68.9336, 24.2686], [68.9472, 24.2766], [68.9573, 24.2614], [68.9706, 24.2375], [68.9815, 24.2285], [68.997, 24.226], [69.0137, 24.2291], [69.0395, 24.2421], [69.0701, 24.2602], [69.0854, 24.2683], [69.1055, 24.2661], [69.1183, 24.2624], [69.137, 24.2533], [69.1483, 24.2491], [69.1729, 24.2414], [69.19, 24.2357], [69.2223, 24.2475], [69.2364, 24.2518], [69.2677, 24.2637], [69.2926, 24.2739], [69.3103, 24.2767], [69.3308, 24.274], [69.3619, 24.2662], [69.3822, 24.266], [69.3951, 24.2687], [69.4116, 24.2739], [69.4316, 24.2737], [69.4487, 24.2694], [69.4682, 24.2644], [69.4842, 24.2574], [69.498, 24.2555], [69.5282, 24.259], [69.5519, 24.2646], [69.5797, 24.2704], [69.6007, 24.2778], [69.6129, 24.2676], [69.6696, 24.2166], [69.6812, 24.2051], [69.6931, 24.1979], [69.7024, 24.1904], [69.7165, 24.1796], [69.7284, 24.1749], [69.7508, 24.174], [69.7666, 24.1717], [69.8253, 24.1675], [69.858, 24.1664], [69.8738, 24.1661], [69.8988, 24.1652], [69.9787, 24.1651], [70.0, 24.1664], [70.0186, 24.1698], [70.032, 24.1731], [70.0489, 24.1835], [70.0593, 24.1928], [70.0773, 24.2156], [70.0883, 24.2352], [70.104, 24.2697], [70.1101, 24.2849], [70.144, 24.298], [70.1909, 24.3082], [70.2308, 24.3165], [70.2475, 24.3212], [70.2707, 24.3299], [70.2969, 24.3399], [70.3256, 24.3474], [70.3576, 24.352], [70.4596, 24.387], [70.4831, 24.3908], [70.5316, 24.41], [70.5601, 24.4186], [70.5749, 24.4203], [70.5932, 24.4117], [70.6065, 24.4036], [70.6062, 24.3861], [70.5994, 24.3721], [70.5938, 24.3621], [70.5864, 24.3531], [70.5745, 24.3465], [70.5768, 24.3274], [70.5812, 24.316], [70.5735, 24.2982], [70.5878, 24.2854], [70.5774, 24.2739], [70.5722, 24.2592], [70.5843, 24.2441], [70.5971, 24.2401], [70.6138, 24.2394], [70.6336, 24.2327], [70.6553, 24.2251], [70.6898, 24.2233], [70.7258, 24.2209], [70.7638, 24.2208], [70.791, 24.222], [70.8058, 24.2227], [70.8337, 24.2329], [70.8462, 24.243], [70.8656, 24.2508], [70.8829, 24.2536], [70.9011, 24.2627], [70.8891, 24.2689], [70.8843, 24.2809], [70.8878, 24.2936], [70.8997, 24.3011], [70.9103, 24.3068], [70.9212, 24.3148], [70.929, 24.3233], [70.9445, 24.334], [70.9565, 24.3434], [70.9741, 24.3483], [70.9874, 24.3558], [70.9984, 24.3606], [71.0093, 24.3496], [71.0254, 24.3451], [71.0472, 24.3473], [71.0609, 24.3539], [71.0754, 24.3684], [71.0869, 24.3804], [71.0996, 24.3851], [71.1215, 24.3907], [71.1318, 24.4018], [71.1242, 24.4277], [71.1101, 24.4317], [71.0931, 24.4359], [71.0756, 24.4336], [71.0286, 24.4334], [71.0135, 24.4386], [71.0075, 24.4666], [71.0117, 24.4915], [71.0153, 24.5228], [70.9983, 24.5413], [71.0034, 24.5665], [70.9986, 24.5847], [71.0006, 24.5992], [71.0102, 24.6156], [71.0205, 24.6305], [71.0345, 24.6351], [71.0461, 24.6388], [71.0608, 24.6464], [71.073, 24.654], [71.085, 24.6614], [71.0994, 24.674], [71.1193, 24.6686], [71.1467, 24.658], [71.1716, 24.6489], [71.1971, 24.6429], [71.2379, 24.6285], [71.253, 24.6236], [71.2871, 24.6127], [71.2977, 24.6076], [71.3075, 24.6199], [71.3178, 24.6359], [71.3265, 24.6429], [71.3428, 24.6482], [71.3567, 24.6541], [71.362, 24.6416], [71.3677, 24.6273], [71.3807, 24.6214], [71.3898, 24.6282], [71.4028, 24.6315], [71.4223, 24.6381], [71.4324, 24.6462], [71.4453, 24.654], [71.4589, 24.6613], [71.4742, 24.6632], [71.4883, 24.6739], [71.5035, 24.6738], [71.5162, 24.6763], [71.537, 24.6789], [71.5514, 24.6706], [71.5684, 24.6735], [71.5831, 24.6765], [71.5925, 24.6656], [71.61, 24.6685], [71.6234, 24.6642], [71.6342, 24.6581], [71.6449, 24.6525], [71.6512, 24.6432], [71.6616, 24.6333], [71.686, 24.6398], [71.7163, 24.6543], [71.7373, 24.6534], [71.7583, 24.6603], [71.7845, 24.6689], [71.799, 24.6705], [71.8129, 24.6609], [71.8174, 24.6459], [71.8126, 24.6325], [71.8155, 24.6183], [71.8386, 24.6164], [71.8555, 24.6061], [71.8647, 24.6196], [71.8626, 24.6495], [71.865, 24.6629], [71.8711, 24.6722], [71.891, 24.6701], [71.9121, 24.6696], [71.9259, 24.6621], [71.9172, 24.6509], [71.928, 24.6338], [71.9395, 24.6276], [71.9508, 24.6326], [71.9622, 24.6385], [71.9791, 24.647], [71.9908, 24.6514], [71.9899, 24.667], [72.0011, 24.683], [72.0316, 24.6918], [72.0525, 24.7058], [72.0796, 24.7003], [72.0923, 24.6748], [72.0824, 24.6685], [72.0849, 24.6528], [72.10186, 24.643339]]]]}}, {"type": "Feature", "properties": {"ID_0": 105, "ISO": "IND", "NAME_0": "India", "ID_1": 13, "NAME_1": "Haryana", "NL_NAME_1": "", "VARNAME_1": "", "TYPE_1": "State", "ENGTYPE_1": "State", "filename": "", "filename_1": "", "filename_2": "", "filename_3": "", "filename_4": ""}, "geometry": {"type": "Polygon", "coordinates": [[[76.837151, 30.878872], [76.8524, 30.8707], [76.8696, 30.8782], [76.8786, 30.886], [76.9022, 30.8972], [76.9158, 30.8693], [76.9266, 30.8544], [76.9275, 30.8374], [76.9428, 30.8292], [76.9538, 30.8112], [76.9686, 30.808], [76.9791, 30.7988], [76.9848, 30.8105], [76.9927, 30.8183], [76.9997, 30.8049], [77.0, 30.789], [76.991, 30.7807], [76.9988, 30.7692], [77.0047, 30.7574], [77.0094, 30.7457], [77.024, 30.7416], [77.0303, 30.7518], [77.0471, 30.7487], [77.0617, 30.7461], [77.0768, 30.7448], [77.0911, 30.7362], [77.1023, 30.7308], [77.1096, 30.7227], [77.1222, 30.7122], [77.1338, 30.7022], [77.1474, 30.6935], [77.1507, 30.6812], [77.1552, 30.6681], [77.1527, 30.6542], [77.1604, 30.6424], [77.1586, 30.6138], [77.1575, 30.5996], [77.1469, 30.589], [77.1327, 30.5785], [77.1206, 30.5712], [77.1137, 30.5624], [77.1223, 30.5482], [77.1311, 30.5415], [77.1455, 30.5378], [77.1637, 30.5341], [77.1853, 30.5259], [77.1959, 30.5118], [77.1996, 30.4991], [77.199, 30.4845], [77.2119, 30.4819], [77.2268, 30.4886], [77.2419, 30.4854], [77.2566, 30.4814], [77.2619, 30.471], [77.2746, 30.464], [77.2937, 30.4591], [77.3107, 30.4536], [77.3224, 30.4621], [77.3394, 30.4636], [77.3497, 30.4573], [77.3568, 30.4421], [77.3697, 30.4458], [77.3819, 30.4393], [77.3941, 30.4343], [77.4006, 30.4188], [77.4076, 30.4279], [77.4172, 30.4338], [77.4262, 30.4411], [77.4356, 30.451], [77.4457, 30.4657], [77.4563, 30.4582], [77.4533, 30.4404], [77.442, 30.4299], [77.4257, 30.42], [77.4159, 30.4128], [77.4304, 30.4075], [77.443, 30.4046], [77.461, 30.4054], [77.4775, 30.4133], [77.4913, 30.4174], [77.4929, 30.433], [77.5012, 30.4437], [77.5144, 30.4394], [77.5258, 30.4171], [77.5356, 30.4091], [77.5429, 30.3972], [77.5579, 30.3904], [77.5749, 30.3845], [77.5901, 30.3773], [77.5828, 30.3584], [77.5746, 30.347], [77.5701, 30.3316], [77.5739, 30.3189], [77.5636, 30.3061], [77.5453, 30.2941], [77.5322, 30.2869], [77.5247, 30.278], [77.5198, 30.2601], [77.5055, 30.2422], [77.496, 30.2336], [77.4885, 30.2187], [77.48, 30.2022], [77.4733, 30.1886], [77.4602, 30.1838], [77.4515, 30.1736], [77.4403, 30.1692], [77.4235, 30.1685], [77.4153, 30.1567], [77.4108, 30.1459], [77.4155, 30.1335], [77.4087, 30.1232], [77.398, 30.1187], [77.406, 30.1113], [77.3967, 30.0958], [77.3803, 30.093], [77.357, 30.0842], [77.3484, 30.0767], [77.3372, 30.0682], [77.3248, 30.0618], [77.3029, 30.0606], [77.2861, 30.0575], [77.2763, 30.0505], [77.2718, 30.0399], [77.2676, 30.0221], [77.2619, 30.0073], [77.2551, 29.996], [77.2355, 29.9812], [77.2319, 29.9663], [77.2237, 29.9548], [77.2111, 29.9407], [77.2026, 29.9311], [77.1891, 29.922], [77.1802, 29.9062], [77.1849, 29.8949], [77.1823, 29.8816], [77.1781, 29.8622], [77.1676, 29.8464], [77.169, 29.8296], [77.1556, 29.8168], [77.1517, 29.8035], [77.1422, 29.7876], [77.132, 29.779], [77.1183, 29.7756], [77.1179, 29.7604], [77.113, 29.7486], [77.1226, 29.7428], [77.1402, 29.7173], [77.1426, 29.7016], [77.1255, 29.6969], [77.1192, 29.6858], [77.1311, 29.6663], [77.1218, 29.6535], [77.1097, 29.6472], [77.1049, 29.6356], [77.1005, 29.6223], [77.0939, 29.613], [77.0856, 29.6008], [77.0938, 29.5872], [77.102, 29.577], [77.1068, 29.5664], [77.1097, 29.553], [77.0953, 29.5476], [77.0862, 29.5395], [77.0976, 29.512], [77.1145, 29.5032], [77.1233, 29.4861], [77.1154, 29.4754], [77.1178, 29.4565], [77.132, 29.4505], [77.1394, 29.4421], [77.1249, 29.4222], [77.1291, 29.4025], [77.1401, 29.3947], [77.1311, 29.3807], [77.1169, 29.3767], [77.1188, 29.362], [77.1237, 29.345], [77.1464, 29.3451], [77.1539, 29.3355], [77.1542, 29.3169], [77.1423, 29.3015], [77.1376, 29.2875], [77.1295, 29.2728], [77.1425, 29.2516], [77.1272, 29.2281], [77.1326, 29.2131], [77.1381, 29.2011], [77.14, 29.1821], [77.1324, 29.1718], [77.1266, 29.154], [77.1386, 29.1348], [77.1244, 29.1135], [77.1318, 29.0946], [77.1416, 29.0868], [77.1572, 29.0775], [77.1623, 29.0654], [77.1626, 29.0486], [77.1765, 29.0365], [77.1916, 29.0213], [77.2038, 29.0167], [77.214, 29.0067], [77.2079, 28.9911], [77.191, 28.9617], [77.1908, 28.9469], [77.2044, 28.94], [77.1968, 28.9209], [77.216, 28.9114], [77.2053, 28.8946], [77.1818, 28.8898], [77.1832, 28.8718], [77.1646, 28.8606], [77.1506, 28.8484], [77.1392, 28.8417], [77.1351, 28.8585], [77.1097, 28.8661], [77.0995, 28.8724], [77.0834, 28.8746], [77.0759, 28.8845], [77.0657, 28.873], [77.0498, 28.8732], [77.0377, 28.8528], [77.0315, 28.8368], [77.0066, 28.8353], [76.9897, 28.8392], [76.9737, 28.8258], [76.9608, 28.8317], [76.9558, 28.82], [76.9374, 28.8092], [76.9431, 28.7951], [76.944, 28.7785], [76.9382, 28.7596], [76.9474, 28.7511], [76.9507, 28.7365], [76.9413, 28.717], [76.951, 28.7098], [76.95, 28.6941], [76.9472, 28.6772], [76.9297, 28.6744], [76.9175, 28.6573], [76.9339, 28.6377], [76.926, 28.6292], [76.9103, 28.6378], [76.8973, 28.6328], [76.8779, 28.6376], [76.8609, 28.6025], [76.8548, 28.5924], [76.835, 28.5914], [76.8376, 28.557], [76.8567, 28.5478], [76.8763, 28.5284], [76.8738, 28.5144], [76.8868, 28.5112], [76.8975, 28.5178], [76.9227, 28.5193], [76.9446, 28.5136], [76.9685, 28.5276], [76.9903, 28.5198], [77.0055, 28.5144], [77.0114, 28.5241], [76.9982, 28.5322], [77.0061, 28.5428], [77.0157, 28.5333], [77.0331, 28.5283], [77.0417, 28.519], [77.057, 28.5139], [77.0675, 28.5207], [77.086, 28.5109], [77.1035, 28.4975], [77.1015, 28.4765], [77.106, 28.4659], [77.1125, 28.4502], [77.1241, 28.4392], [77.1424, 28.4357], [77.1519, 28.4283], [77.1658, 28.4085], [77.1795, 28.4124], [77.1952, 28.4125], [77.2153, 28.4157], [77.2406, 28.4289], [77.2443, 28.4417], [77.2399, 28.4536], [77.2264, 28.4603], [77.2324, 28.4758], [77.2427, 28.4846], [77.2601, 28.4884], [77.2711, 28.497], [77.2858, 28.4963], [77.2963, 28.4912], [77.3149, 28.4946], [77.3267, 28.5035], [77.3345, 28.5111], [77.3432, 28.5036], [77.3605, 28.4979], [77.3641, 28.4857], [77.376, 28.4762], [77.3882, 28.4728], [77.4, 28.4667], [77.4083, 28.4556], [77.4258, 28.4545], [77.436, 28.4316], [77.4515, 28.4249], [77.4687, 28.4175], [77.4739, 28.4038], [77.4859, 28.3797], [77.4921, 28.3695], [77.4852, 28.3502], [77.4664, 28.3412], [77.4736, 28.3279], [77.4958, 28.307], [77.4948, 28.2926], [77.4881, 28.2791], [77.4723, 28.2812], [77.4673, 28.2697], [77.4871, 28.2618], [77.5021, 28.2578], [77.525, 28.2534], [77.5412, 28.2477], [77.5156, 28.2298], [77.5216, 28.2174], [77.5191, 28.2018], [77.4976, 28.213], [77.4906, 28.1931], [77.5015, 28.1872], [77.5208, 28.1917], [77.5379, 28.1909], [77.5318, 28.1703], [77.5116, 28.1649], [77.4964, 28.1599], [77.4953, 28.1458], [77.4996, 28.1274], [77.4914, 28.1127], [77.4923, 28.098], [77.4828, 28.1079], [77.4689, 28.086], [77.4768, 28.0733], [77.4829, 28.0607], [77.4776, 28.0491], [77.4897, 28.0393], [77.4974, 28.0306], [77.5065, 28.0223], [77.5119, 28.0102], [77.5352, 27.9933], [77.5267, 27.984], [77.5134, 27.9774], [77.529, 27.9662], [77.5373, 27.9578], [77.5314, 27.9418], [77.5192, 27.9319], [77.5059, 27.9361], [77.4954, 27.9308], [77.488, 27.9414], [77.4687, 27.9329], [77.4724, 27.9192], [77.4725, 27.9012], [77.4585, 27.8853], [77.4458, 27.8784], [77.4303, 27.8888], [77.4142, 27.8965], [77.4041, 27.8866], [77.4051, 27.8717], [77.4137, 27.8626], [77.3928, 27.859], [77.3739, 27.8637], [77.3526, 27.8564], [77.3393, 27.8596], [77.3312, 27.8527], [77.3241, 27.8409], [77.3129, 27.8301], [77.2992, 27.8314], [77.2906, 27.8197], [77.2793, 27.812], [77.2625, 27.8161], [77.257, 27.8053], [77.2479, 27.7938], [77.2346, 27.7858], [77.2269, 27.7961], [77.2068, 27.8011], [77.2021, 27.8126], [77.1938, 27.8219], [77.1866, 27.8105], [77.1756, 27.7872], [77.1622, 27.7906], [77.1692, 27.8006], [77.1804, 27.8044], [77.1724, 27.8163], [77.1567, 27.8136], [77.1533, 27.7979], [77.1473, 27.7867], [77.1265, 27.7765], [77.1221, 27.7883], [77.1075, 27.7867], [77.0936, 27.7897], [77.0802, 27.8004], [77.0724, 27.8095], [77.0563, 27.8115], [77.0468, 27.8181], [77.0354, 27.8141], [77.024, 27.7982], [77.0198, 27.7803], [77.0394, 27.7749], [77.0501, 27.761], [77.0618, 27.7657], [77.0707, 27.7588], [77.0784, 27.7429], [77.0657, 27.7324], [77.0532, 27.7279], [77.0427, 27.7359], [77.032, 27.7484], [77.0168, 27.7478], [77.005, 27.7391], [76.9914, 27.7364], [76.9828, 27.7185], [76.9791, 27.7062], [76.9761, 27.6928], [76.9731, 27.6804], [76.9703, 27.6655], [76.9515, 27.6663], [76.9384, 27.6737], [76.9268, 27.6654], [76.9138, 27.6596], [76.9005, 27.6634], [76.8932, 27.6769], [76.8886, 27.6928], [76.8828, 27.7034], [76.8935, 27.6983], [76.9104, 27.6967], [76.9083, 27.7121], [76.8954, 27.7185], [76.8833, 27.7244], [76.8879, 27.7372], [76.8914, 27.7612], [76.8936, 27.7793], [76.8987, 27.7911], [76.9066, 27.8077], [76.9004, 27.8211], [76.9079, 27.8359], [76.9219, 27.8318], [76.9281, 27.844], [76.9283, 27.8671], [76.9261, 27.8884], [76.9382, 27.896], [76.9388, 27.919], [76.9213, 27.9211], [76.9191, 27.9408], [76.9228, 27.9658], [76.9223, 27.9858], [76.9186, 27.9976], [76.9266, 28.0125], [76.9307, 28.0305], [76.9336, 28.0481], [76.938, 28.0596], [76.9466, 28.0713], [76.9511, 28.0961], [76.9555, 28.1118], [76.9618, 28.144], [76.9417, 28.1487], [76.9275, 28.1589], [76.912, 28.1719], [76.8991, 28.1793], [76.8901, 28.1878], [76.8998, 28.2048], [76.8867, 28.2105], [76.8662, 28.2115], [76.8636, 28.2246], [76.8505, 28.2267], [76.8334, 28.2248], [76.8238, 28.2147], [76.8058, 28.2159], [76.8056, 28.2004], [76.7903, 28.1938], [76.7923, 28.1757], [76.7915, 28.1572], [76.7729, 28.1514], [76.7551, 28.1466], [76.7391, 28.129], [76.72, 28.1315], [76.7054, 28.1277], [76.6988, 28.1157], [76.6856, 28.1069], [76.6779, 28.0978], [76.658, 28.0991], [76.6479, 28.0922], [76.6479, 28.0677], [76.6516, 28.0555], [76.6534, 28.0399], [76.6615, 28.0293], [76.6546, 28.0156], [76.6369, 28.0107], [76.616, 28.0113], [76.599, 28.0098], [76.5838, 28.0003], [76.5738, 27.989], [76.5598, 27.9818], [76.5466, 27.9714], [76.5335, 27.9737], [76.5355, 27.9931], [76.5385, 28.0054], [76.5355, 28.0257], [76.5385, 28.0391], [76.5259, 28.0454], [76.5114, 28.0354], [76.4985, 28.0402], [76.4831, 28.0463], [76.4617, 28.0446], [76.454, 28.0551], [76.4713, 28.0611], [76.4838, 28.0583], [76.4977, 28.0647], [76.4859, 28.0751], [76.4699, 28.0863], [76.4534, 28.0878], [76.4539, 28.1059], [76.4662, 28.113], [76.4773, 28.106], [76.4978, 28.1066], [76.4981, 28.1225], [76.4857, 28.1281], [76.4772, 28.1347], [76.4723, 28.1496], [76.456, 28.1514], [76.4371, 28.1522], [76.4273, 28.1459], [76.4122, 28.1475], [76.397, 28.1478], [76.3885, 28.1395], [76.3598, 28.1434], [76.356, 28.1598], [76.3426, 28.1739], [76.326, 28.1774], [76.3087, 28.1834], [76.2889, 28.1827], [76.2768, 28.1728], [76.293, 28.1653], [76.3016, 28.151], [76.3173, 28.1531], [76.331, 28.139], [76.3432, 28.1328], [76.3556, 28.1285], [76.3435, 28.1132], [76.3319, 28.1067], [76.3142, 28.1121], [76.3013, 28.1062], [76.3072, 28.0965], [76.3205, 28.0943], [76.3313, 28.0816], [76.3444, 28.0739], [76.3533, 28.0656], [76.3459, 28.0458], [76.3368, 28.0297], [76.3237, 28.0238], [76.2972, 28.026], [76.2881, 28.042], [76.282, 28.0589], [76.2718, 28.0664], [76.2511, 28.0709], [76.2334, 28.0564], [76.2083, 28.0556], [76.1928, 28.0598], [76.1773, 28.0593], [76.1832, 28.043], [76.1934, 28.0352], [76.2042, 28.0422], [76.2138, 28.0317], [76.2004, 28.0257], [76.1839, 28.0235], [76.1694, 28.0169], [76.1587, 28.0046], [76.1539, 27.9925], [76.161, 27.9801], [76.1742, 27.9752], [76.1763, 27.9611], [76.1748, 27.9413], [76.1677, 27.9283], [76.1697, 27.9097], [76.1826, 27.9051], [76.1986, 27.899], [76.1944, 27.8839], [76.1914, 27.8694], [76.199, 27.8597], [76.2059, 27.848], [76.2233, 27.8409], [76.2138, 27.8326], [76.2005, 27.8289], [76.1862, 27.8191], [76.1729, 27.8075], [76.1628, 27.8148], [76.1532, 27.8213], [76.1427, 27.8278], [76.1278, 27.8332], [76.1221, 27.8544], [76.1033, 27.8624], [76.0881, 27.8684], [76.0848, 27.8564], [76.06, 27.8572], [76.0496, 27.8479], [76.0384, 27.8525], [76.0208, 27.8575], [76.0093, 27.8626], [75.9966, 27.8602], [75.9754, 27.8646], [75.9643, 27.8715], [75.9735, 27.8775], [75.9752, 27.8931], [75.9774, 27.9093], [75.9675, 27.9154], [75.9559, 27.9196], [75.9288, 27.9168], [75.9236, 27.9331], [75.9385, 27.9511], [75.9446, 27.9401], [75.9632, 27.937], [75.9732, 27.958], [75.9818, 27.9783], [75.9657, 27.9866], [75.9553, 27.9942], [75.9645, 28.0027], [75.9799, 28.0015], [75.9905, 28.0102], [75.9792, 28.0155], [75.9708, 28.0237], [75.9744, 28.0369], [75.9911, 28.0399], [76.0101, 28.0367], [76.0054, 28.0545], [76.0223, 28.0623], [76.0331, 28.0687], [76.0312, 28.0839], [76.0156, 28.0889], [76.0124, 28.0764], [76.0019, 28.0607], [75.9911, 28.0565], [75.9774, 28.0522], [75.9876, 28.0706], [75.9821, 28.0802], [75.959, 28.0841], [75.9361, 28.0935], [75.9425, 28.1056], [75.9575, 28.1156], [75.9771, 28.1272], [75.9943, 28.1311], [75.9947, 28.1506], [76.006, 28.1566], [76.0277, 28.1727], [76.0607, 28.17], [76.0654, 28.1556], [76.0749, 28.142], [76.0918, 28.1464], [76.0804, 28.1681], [76.0716, 28.1792], [76.0693, 28.1943], [76.0567, 28.2012], [76.0438, 28.2055], [76.0523, 28.2144], [76.0363, 28.2271], [76.0258, 28.2359], [76.0112, 28.2418], [76.0074, 28.2532], [76.0187, 28.281], [75.9912, 28.2952], [75.9793, 28.3063], [75.9676, 28.3241], [75.9547, 28.3185], [75.9514, 28.3335], [75.9274, 28.3451], [75.925, 28.3647], [75.9047, 28.3761], [75.8969, 28.39], [75.8835, 28.392], [75.8412, 28.3973], [75.8282, 28.4091], [75.8026, 28.4142], [75.7876, 28.4044], [75.7703, 28.4076], [75.7655, 28.4208], [75.7768, 28.4305], [75.7851, 28.4392], [75.7782, 28.4576], [75.7471, 28.4694], [75.735, 28.4726], [75.7365, 28.4872], [75.724, 28.4913], [75.7007, 28.4953], [75.6711, 28.5169], [75.6655, 28.5333], [75.6536, 28.5406], [75.6367, 28.5475], [75.6253, 28.5585], [75.619, 28.5887], [75.6093, 28.6059], [75.585, 28.6064], [75.577, 28.6167], [75.5557, 28.6146], [75.549, 28.6431], [75.5396, 28.6489], [75.5398, 28.676], [75.5355, 28.6884], [75.5315, 28.7173], [75.5309, 28.7328], [75.5289, 28.7503], [75.5161, 28.7722], [75.505, 28.7828], [75.5039, 28.7967], [75.5088, 28.8153], [75.5134, 28.8366], [75.5027, 28.846], [75.4977, 28.8562], [75.4884, 28.8983], [75.4671, 28.9262], [75.4976, 28.9415], [75.5035, 28.9518], [75.5089, 28.9657], [75.5165, 28.9754], [75.5153, 28.9911], [75.5111, 29.0033], [75.5051, 29.0151], [75.4836, 29.0189], [75.4587, 29.0202], [75.4347, 29.0165], [75.4406, 29.0415], [75.4298, 29.0562], [75.3903, 29.0682], [75.3822, 29.0836], [75.3813, 29.1026], [75.3913, 29.1193], [75.3851, 29.1342], [75.3612, 29.1426], [75.369, 29.17], [75.3886, 29.1707], [75.4006, 29.1889], [75.3965, 29.2134], [75.3861, 29.2212], [75.3937, 29.2342], [75.3997, 29.2468], [75.3957, 29.2619], [75.3795, 29.2639], [75.358, 29.2546], [75.3502, 29.2474], [75.3472, 29.2301], [75.3149, 29.236], [75.3232, 29.2518], [75.3254, 29.2783], [75.3193, 29.2934], [75.3086, 29.2889], [75.2997, 29.282], [75.2794, 29.2768], [75.2717, 29.2544], [75.2495, 29.2565], [75.2352, 29.2519], [75.2235, 29.235], [75.1953, 29.2442], [75.1885, 29.2586], [75.18, 29.2686], [75.164, 29.2644], [75.1475, 29.2459], [75.1247, 29.245], [75.1082, 29.2268], [75.0925, 29.2291], [75.0781, 29.2325], [75.0627, 29.2389], [75.0606, 29.2533], [75.0509, 29.2637], [75.0399, 29.2871], [75.0239, 29.2915], [75.0059, 29.2838], [74.991, 29.2717], [74.9769, 29.2811], [74.96, 29.2802], [74.9475, 29.2882], [74.9401, 29.3048], [74.9506, 29.3185], [74.9461, 29.3328], [74.9359, 29.3379], [74.9271, 29.3646], [74.9102, 29.3712], [74.8991, 29.3782], [74.8885, 29.3867], [74.8706, 29.3851], [74.8639, 29.3964], [74.8495, 29.4028], [74.8351, 29.4015], [74.8095, 29.3985], [74.7988, 29.3847], [74.7858, 29.3705], [74.7759, 29.3602], [74.7566, 29.356], [74.7317, 29.3538], [74.7226, 29.3608], [74.7112, 29.3689], [74.6887, 29.3652], [74.676, 29.3682], [74.6585, 29.37], [74.6437, 29.3544], [74.6441, 29.3353], [74.606, 29.3276], [74.6, 29.3543], [74.5905, 29.3707], [74.5798, 29.3787], [74.5691, 29.3973], [74.5644, 29.4108], [74.5522, 29.4224], [74.5313, 29.425], [74.5291, 29.4495], [74.5346, 29.465], [74.5504, 29.4645], [74.5717, 29.4623], [74.5855, 29.469], [74.5916, 29.4799], [74.6007, 29.5036], [74.6117, 29.52], [74.5995, 29.5369], [74.5818, 29.5477], [74.5717, 29.5556], [74.5703, 29.5859], [74.5747, 29.6144], [74.5813, 29.6305], [74.5785, 29.6548], [74.5851, 29.675], [74.5939, 29.6914], [74.599, 29.7062], [74.6035, 29.7214], [74.6016, 29.7407], [74.6054, 29.7529], [74.5925, 29.7667], [74.5714, 29.7532], [74.5493, 29.7548], [74.5319, 29.7493], [74.5116, 29.7407], [74.4968, 29.7418], [74.4832, 29.744], [74.4691, 29.7582], [74.4653, 29.7875], [74.4706, 29.802], [74.4806, 29.8152], [74.4917, 29.8265], [74.5059, 29.8326], [74.5325, 29.8393], [74.5475, 29.8569], [74.5518, 29.8735], [74.5435, 29.8887], [74.5337, 29.9026], [74.5109, 29.9043], [74.5128, 29.93], [74.5191, 29.9433], [74.549, 29.9332], [74.5618, 29.9293], [74.5808, 29.9183], [74.622, 29.9078], [74.6396, 29.9039], [74.6399, 29.9225], [74.6489, 29.9309], [74.6657, 29.9417], [74.681, 29.9492], [74.6908, 29.9693], [74.7061, 29.9689], [74.724, 29.9619], [74.7372, 29.969], [74.7507, 29.9712], [74.7674, 29.9727], [74.7842, 29.9804], [74.7944, 29.9896], [74.809, 29.9905], [74.8197, 29.9795], [74.829, 29.9695], [74.8496, 29.9591], [74.8657, 29.9589], [74.8774, 29.9626], [74.8898, 29.959], [74.8931, 29.9473], [74.8852, 29.9391], [74.9157, 29.9492], [74.9241, 29.9415], [74.9286, 29.9292], [74.9357, 29.9154], [74.9432, 29.9025], [74.9579, 29.8977], [74.9699, 29.8899], [74.9899, 29.8565], [75.0057, 29.8676], [75.0235, 29.8729], [75.0375, 29.8818], [75.0518, 29.8749], [75.0655, 29.879], [75.07, 29.8934], [75.0777, 29.9123], [75.0948, 29.9051], [75.1027, 29.897], [75.1031, 29.8768], [75.0847, 29.8586], [75.099, 29.8414], [75.1071, 29.8265], [75.0933, 29.8193], [75.0902, 29.8067], [75.1023, 29.8026], [75.1249, 29.8056], [75.1314, 29.7849], [75.1417, 29.777], [75.1541, 29.781], [75.1495, 29.7916], [75.1554, 29.8198], [75.167, 29.825], [75.176, 29.8351], [75.2009, 29.83], [75.1978, 29.8134], [75.198, 29.7962], [75.2124, 29.7865], [75.2167, 29.7715], [75.2273, 29.7561], [75.2214, 29.7331], [75.2062, 29.7353], [75.1937, 29.7252], [75.1872, 29.7119], [75.1924, 29.6995], [75.1889, 29.6808], [75.1753, 29.6781], [75.1589, 29.6694], [75.1628, 29.658], [75.1733, 29.6495], [75.1733, 29.6301], [75.1847, 29.6225], [75.2212, 29.6065], [75.2194, 29.5925], [75.2112, 29.5824], [75.2218, 29.5703], [75.2282, 29.5586], [75.2235, 29.5462], [75.2381, 29.5515], [75.2545, 29.5542], [75.2675, 29.5593], [75.2906, 29.5618], [75.303, 29.579], [75.2936, 29.5977], [75.2803, 29.6033], [75.2879, 29.6198], [75.3011, 29.6271], [75.3117, 29.6488], [75.3162, 29.6608], [75.3226, 29.6724], [75.3415, 29.6621], [75.3338, 29.6881], [75.3527, 29.7045], [75.3619, 29.7129], [75.3788, 29.7113], [75.3822, 29.7271], [75.3909, 29.7386], [75.3968, 29.7487], [75.41, 29.7753], [75.4272, 29.7779], [75.4438, 29.7862], [75.4355, 29.7988], [75.4443, 29.8078], [75.4984, 29.7778], [75.5117, 29.76], [75.524, 29.7672], [75.5442, 29.7718], [75.5564, 29.7658], [75.5631, 29.7442], [75.5927, 29.7492], [75.6132, 29.7465], [75.6226, 29.7536], [75.6254, 29.7732], [75.6409, 29.7711], [75.6564, 29.7761], [75.6783, 29.7571], [75.6974, 29.7552], [75.7059, 29.8086], [75.726, 29.8115], [75.7484, 29.8121], [75.7606, 29.8187], [75.7716, 29.8254], [75.7832, 29.8153], [75.7961, 29.8071], [75.82, 29.8154], [75.8293, 29.8007], [75.8412, 29.7808], [75.8546, 29.7697], [75.8638, 29.7523], [75.8793, 29.7471], [75.8907, 29.7532], [75.9031, 29.7463], [75.9139, 29.7388], [75.9289, 29.7337], [75.9501, 29.7339], [75.9649, 29.7314], [75.98, 29.7362], [75.9893, 29.7423], [76.0038, 29.7509], [76.0176, 29.7561], [76.0317, 29.7509], [76.0584, 29.7731], [76.0743, 29.7812], [76.0756, 29.797], [76.0861, 29.8099], [76.1032, 29.8084], [76.1164, 29.7964], [76.1272, 29.8054], [76.1393, 29.8168], [76.1667, 29.8183], [76.1858, 29.8312], [76.1942, 29.845], [76.2096, 29.8427], [76.2158, 29.8547], [76.2319, 29.8564], [76.238, 29.8655], [76.2325, 29.8813], [76.2169, 29.8839], [76.1974, 29.884], [76.1846, 29.8886], [76.1836, 29.9157], [76.1715, 29.9232], [76.1696, 29.9366], [76.1789, 29.9463], [76.2039, 29.9441], [76.1947, 29.9657], [76.1975, 29.9798], [76.193, 29.9966], [76.19, 30.0104], [76.1958, 30.0201], [76.2095, 30.0227], [76.2035, 30.0327], [76.2056, 30.0463], [76.2133, 30.0563], [76.2204, 30.0667], [76.2275, 30.0771], [76.2352, 30.0872], [76.2428, 30.0949], [76.2536, 30.1005], [76.2447, 30.1079], [76.2287, 30.1093], [76.2192, 30.1151], [76.2106, 30.1216], [76.2026, 30.1287], [76.1906, 30.135], [76.2058, 30.1338], [76.2051, 30.1492], [76.2206, 30.1467], [76.228, 30.139], [76.2368, 30.1326], [76.2446, 30.1219], [76.2655, 30.1177], [76.2798, 30.1137], [76.2931, 30.1186], [76.3128, 30.1085], [76.3284, 30.1095], [76.3379, 30.1158], [76.3489, 30.1277], [76.3357, 30.1393], [76.3259, 30.1492], [76.3431, 30.1534], [76.3582, 30.1333], [76.3747, 30.1237], [76.39, 30.1275], [76.3846, 30.1458], [76.3995, 30.1552], [76.3886, 30.1741], [76.381, 30.1832], [76.391, 30.1923], [76.4102, 30.2023], [76.4286, 30.1798], [76.4224, 30.1636], [76.426, 30.1476], [76.4363, 30.137], [76.4462, 30.129], [76.4466, 30.1112], [76.4521, 30.1007], [76.4835, 30.0996], [76.4952, 30.0924], [76.5011, 30.0766], [76.5255, 30.0809], [76.5549, 30.0988], [76.5677, 30.0951], [76.5766, 30.0888], [76.5792, 30.0746], [76.5895, 30.0793], [76.6029, 30.0813], [76.6106, 30.0889], [76.6195, 30.0954], [76.6267, 30.1057], [76.6252, 30.121], [76.6294, 30.1348], [76.6231, 30.1447], [76.6227, 30.1703], [76.6393, 30.1852], [76.6389, 30.2059], [76.6168, 30.2111], [76.6043, 30.2152], [76.6119, 30.2256], [76.5994, 30.2403], [76.5903, 30.2541], [76.5759, 30.2559], [76.5477, 30.2344], [76.5325, 30.2271], [76.5422, 30.2364], [76.5469, 30.2495], [76.5476, 30.2649], [76.5809, 30.2699], [76.6045, 30.2723], [76.6197, 30.2878], [76.6513, 30.2993], [76.6731, 30.3128], [76.6885, 30.326], [76.7003, 30.3299], [76.7152, 30.3329], [76.7239, 30.3444], [76.7346, 30.3539], [76.7304, 30.3674], [76.7114, 30.3651], [76.7181, 30.3771], [76.7049, 30.3808], [76.7001, 30.3936], [76.7129, 30.3982], [76.7265, 30.405], [76.7252, 30.4204], [76.7379, 30.4249], [76.7544, 30.4328], [76.7633, 30.4397], [76.7643, 30.425], [76.7807, 30.415], [76.7973, 30.4151], [76.8231, 30.4225], [76.8325, 30.4339], [76.8397, 30.4208], [76.8647, 30.4088], [76.8662, 30.3948], [76.8802, 30.3862], [76.8757, 30.3695], [76.8872, 30.3584], [76.9035, 30.3675], [76.917, 30.3828], [76.9273, 30.3886], [76.9195, 30.403], [76.9052, 30.4047], [76.9037, 30.4182], [76.8899, 30.4367], [76.8907, 30.4511], [76.898, 30.4678], [76.8898, 30.4793], [76.9011, 30.4888], [76.9124, 30.4937], [76.9183, 30.5072], [76.9201, 30.5247], [76.9072, 30.5299], [76.8878, 30.5382], [76.9022, 30.551], [76.8989, 30.564], [76.9039, 30.5752], [76.8986, 30.5884], [76.9134, 30.5997], [76.9015, 30.6084], [76.8945, 30.6233], [76.8806, 30.6331], [76.868, 30.6416], [76.859, 30.6516], [76.8631, 30.6715], [76.8498, 30.6649], [76.8399, 30.6568], [76.8301, 30.6649], [76.8188, 30.6606], [76.8198, 30.6858], [76.8283, 30.706], [76.8363, 30.7143], [76.8248, 30.7308], [76.8282, 30.7638], [76.8468, 30.7925], [76.8335, 30.8046], [76.8321, 30.8254], [76.8189, 30.8371], [76.8066, 30.8403], [76.7849, 30.8613], [76.7733, 30.8712], [76.7625, 30.8934], [76.7699, 30.9064], [76.7988, 30.9246], [76.8102, 30.9304], [76.8098, 30.9068], [76.8158, 30.896], [76.837151, 30.878872]]]}}, {"type": "Feature", "properties": {"ID_0": 105, "ISO": "IND", "NAME_0": "India", "ID_1": 14, "NAME_1": "Himachal Pradesh", "NL_NAME_1": "", "VARNAME_1": "", "TYPE_1": "Union Territor", "ENGTYPE_1": "Union Territory", "filename": "", "filename_1": "", "filename_2": "", "filename_3": "", "filename_4": ""}, "geometry": {"type": "Polygon", "coordinates": [[[76.802757, 33.23666], [76.8139, 33.2474], [76.8283, 33.2464], [76.8179, 33.2311], [76.8111, 33.2155], [76.8186, 33.2056], [76.8033, 33.1939], [76.8004, 33.1778], [76.8014, 33.1615], [76.8095, 33.1486], [76.823, 33.1413], [76.8374, 33.1264], [76.8444, 33.1123], [76.8604, 33.1164], [76.8772, 33.1142], [76.8848, 33.0974], [76.895, 33.0914], [76.8964, 33.0758], [76.9001, 33.0641], [76.9102, 33.0502], [76.9146, 33.0388], [76.9241, 33.029], [76.9483, 33.0185], [76.9621, 33.0139], [76.9808, 33.0015], [76.9915, 32.9929], [77.0112, 32.9932], [77.0244, 32.997], [77.0524, 32.9909], [77.0659, 32.9855], [77.0717, 32.9762], [77.0842, 32.9737], [77.0971, 32.9776], [77.1032, 32.9872], [77.1201, 32.9827], [77.1364, 32.9805], [77.1355, 32.9647], [77.1461, 32.9564], [77.1488, 32.9414], [77.1507, 32.9202], [77.1637, 32.9251], [77.1739, 32.9311], [77.1818, 32.9155], [77.2045, 32.9064], [77.218, 32.8973], [77.2293, 32.8868], [77.2363, 32.8723], [77.2476, 32.8649], [77.2583, 32.8764], [77.2701, 32.8664], [77.2813, 32.8557], [77.298, 32.854], [77.3125, 32.8463], [77.3165, 32.8297], [77.3279, 32.8199], [77.3484, 32.8212], [77.3595, 32.8382], [77.3587, 32.8564], [77.3712, 32.8674], [77.3794, 32.8808], [77.3954, 32.8873], [77.4101, 32.8782], [77.4257, 32.8837], [77.4322, 32.8704], [77.4483, 32.8617], [77.4732, 32.8788], [77.4845, 32.8865], [77.5062, 32.8831], [77.5196, 32.8874], [77.5353, 32.9023], [77.5447, 32.9117], [77.5696, 32.9217], [77.5797, 32.9317], [77.5839, 32.9438], [77.6061, 32.9424], [77.6234, 32.9445], [77.6385, 32.9561], [77.6533, 32.9594], [77.66, 32.969], [77.6652, 32.986], [77.678, 32.9807], [77.695, 32.9778], [77.7037, 32.9661], [77.7231, 32.9644], [77.7341, 32.9503], [77.7448, 32.9459], [77.751, 32.936], [77.7596, 32.9274], [77.778, 32.9158], [77.7902, 32.9054], [77.787, 32.8917], [77.7727, 32.8909], [77.766, 32.8803], [77.7614, 32.8648], [77.7758, 32.8547], [77.7877, 32.8498], [77.799, 32.8458], [77.8082, 32.836], [77.8251, 32.8399], [77.8476, 32.8284], [77.8613, 32.8162], [77.869, 32.8004], [77.8722, 32.7863], [77.8809, 32.7754], [77.8995, 32.7753], [77.9123, 32.7672], [77.9179, 32.7569], [77.9144, 32.7445], [77.9185, 32.7308], [77.9094, 32.7214], [77.9057, 32.7036], [77.911, 32.6882], [77.9202, 32.6795], [77.9262, 32.6668], [77.9323, 32.6562], [77.9465, 32.6427], [77.9551, 32.6348], [77.9595, 32.6207], [77.9678, 32.608], [77.975, 32.5964], [77.9826, 32.5865], [78.0174, 32.587], [78.0358, 32.5919], [78.0415, 32.6053], [78.0344, 32.6157], [78.0327, 32.6338], [78.0441, 32.6288], [78.059, 32.6246], [78.0729, 32.6444], [78.0885, 32.6598], [78.107, 32.6497], [78.1162, 32.6424], [78.1267, 32.6491], [78.136, 32.6703], [78.1525, 32.679], [78.1705, 32.6772], [78.1795, 32.6704], [78.195, 32.6673], [78.2129, 32.6692], [78.225, 32.6756], [78.2333, 32.6837], [78.2591, 32.7029], [78.2849, 32.7068], [78.2957, 32.7128], [78.2946, 32.7316], [78.314, 32.749], [78.3447, 32.7634], [78.3643, 32.763], [78.3707, 32.7458], [78.3749, 32.7226], [78.3676, 32.6995], [78.3637, 32.6855], [78.3709, 32.6382], [78.3888, 32.6232], [78.3771, 32.6149], [78.3406, 32.5931], [78.3318, 32.5849], [78.318, 32.5802], [78.3024, 32.5787], [78.2992, 32.5293], [78.2785, 32.5079], [78.3062, 32.4777], [78.3564, 32.5127], [78.3767, 32.5261], [78.3944, 32.5285], [78.4014, 32.5182], [78.4108, 32.5117], [78.4257, 32.512], [78.4364, 32.5071], [78.445, 32.4979], [78.4458, 32.4821], [78.4373, 32.4711], [78.4381, 32.4564], [78.4547, 32.4505], [78.4661, 32.4452], [78.473, 32.4329], [78.4837, 32.425], [78.5026, 32.4262], [78.5144, 32.4219], [78.505, 32.4029], [78.4976, 32.3952], [78.494, 32.3773], [78.485, 32.3677], [78.468, 32.358], [78.4613, 32.343], [78.4647, 32.3206], [78.467, 32.2919], [78.4643, 32.2778], [78.4565, 32.2678], [78.4484, 32.2582], [78.4394, 32.2483], [78.4591, 32.2454], [78.4776, 32.2439], [78.5015, 32.2457], [78.5139, 32.2494], [78.5357, 32.2498], [78.5622, 32.2373], [78.5739, 32.2313], [78.5929, 32.2187], [78.5911, 32.2039], [78.5942, 32.1885], [78.5895, 32.174], [78.578, 32.1655], [78.5883, 32.1474], [78.5942, 32.1357], [78.5971, 32.123], [78.6102, 32.1178], [78.6286, 32.115], [78.6479, 32.1071], [78.6511, 32.0933], [78.6567, 32.0838], [78.6744, 32.0693], [78.6826, 32.0609], [78.6894, 32.051], [78.6955, 32.0413], [78.7052, 32.0337], [78.7169, 32.0252], [78.7255, 32.0175], [78.7314, 32.0076], [78.7506, 32.0036], [78.7684, 31.9999], [78.7611, 31.9638], [78.7561, 31.9503], [78.7503, 31.9347], [78.7403, 31.92], [78.7324, 31.9096], [78.7284, 31.89], [78.724, 31.8752], [78.7234, 31.847], [78.7197, 31.8349], [78.7038, 31.8268], [78.6947, 31.8172], [78.6912, 31.7969], [78.6943, 31.7838], [78.7008, 31.7745], [78.7138, 31.7674], [78.724, 31.7601], [78.7163, 31.7525], [78.7113, 31.7413], [78.7201, 31.732], [78.7257, 31.7178], [78.7286, 31.7024], [78.7344, 31.692], [78.7475, 31.6851], [78.7648, 31.6862], [78.7796, 31.6898], [78.7807, 31.6756], [78.7842, 31.6613], [78.7924, 31.6522], [78.8089, 31.6399], [78.8199, 31.6338], [78.8276, 31.6257], [78.8276, 31.6072], [78.8189, 31.5975], [78.811, 31.589], [78.7973, 31.5762], [78.7848, 31.5714], [78.7681, 31.5657], [78.7612, 31.5575], [78.75, 31.5488], [78.7301, 31.5443], [78.7192, 31.5368], [78.7087, 31.524], [78.7151, 31.5077], [78.716, 31.4872], [78.7442, 31.4903], [78.7546, 31.4807], [78.7656, 31.4724], [78.7791, 31.463], [78.7925, 31.4554], [78.7973, 31.4446], [78.7956, 31.4306], [78.7925, 31.4179], [78.7824, 31.4122], [78.776, 31.4024], [78.7945, 31.3965], [78.808, 31.3923], [78.821, 31.3842], [78.8301, 31.3755], [78.8376, 31.3644], [78.8401, 31.3506], [78.8317, 31.3389], [78.8379, 31.3288], [78.8484, 31.3223], [78.8582, 31.313], [78.8646, 31.3043], [78.8701, 31.2914], [78.8783, 31.2729], [78.8896, 31.2652], [78.9008, 31.2613], [78.9059, 31.2502], [78.9099, 31.2339], [78.9196, 31.2231], [78.9351, 31.2224], [78.9359, 31.2057], [78.9449, 31.1969], [78.9528, 31.1898], [78.9662, 31.186], [78.9747, 31.1781], [78.9777, 31.1548], [78.9848, 31.1409], [78.9908, 31.1309], [78.9967, 31.1176], [78.9657, 31.1154], [78.9524, 31.1084], [78.9375, 31.1053], [78.9205, 31.1076], [78.9127, 31.1162], [78.9006, 31.1121], [78.8907, 31.1061], [78.8714, 31.1073], [78.852, 31.1262], [78.8378, 31.1307], [78.8247, 31.1436], [78.8159, 31.1539], [78.8102, 31.1639], [78.8005, 31.1783], [78.8011, 31.1939], [78.795, 31.205], [78.7709, 31.1973], [78.7576, 31.1947], [78.7204, 31.197], [78.7007, 31.1964], [78.6761, 31.2032], [78.6598, 31.2033], [78.6477, 31.1947], [78.638, 31.2084], [78.6345, 31.2219], [78.6171, 31.2252], [78.6006, 31.2359], [78.5839, 31.2343], [78.5666, 31.2337], [78.5563, 31.2274], [78.5371, 31.2067], [78.5141, 31.2039], [78.4866, 31.2042], [78.4701, 31.2038], [78.4666, 31.2209], [78.4572, 31.2278], [78.4441, 31.2442], [78.4317, 31.2496], [78.4195, 31.2599], [78.4051, 31.2487], [78.3914, 31.253], [78.3862, 31.2696], [78.3814, 31.2815], [78.3693, 31.2879], [78.3563, 31.2909], [78.3425, 31.289], [78.3266, 31.2882], [78.3063, 31.2862], [78.2955, 31.2729], [78.2885, 31.2642], [78.269, 31.2714], [78.2581, 31.2604], [78.2497, 31.2506], [78.2375, 31.2439], [78.2184, 31.2387], [78.204, 31.2341], [78.1928, 31.2229], [78.1765, 31.23], [78.1604, 31.2319], [78.1458, 31.2269], [78.1349, 31.2161], [78.1192, 31.214], [78.1098, 31.2057], [78.0924, 31.1928], [78.0755, 31.1929], [78.0592, 31.1924], [78.0397, 31.1875], [78.0269, 31.1802], [78.0162, 31.1715], [78.0142, 31.1549], [77.9926, 31.167], [77.9694, 31.1652], [77.9548, 31.1788], [77.9412, 31.1712], [77.9147, 31.1566], [77.8928, 31.1573], [77.8858, 31.1431], [77.8791, 31.1316], [77.8579, 31.1162], [77.8501, 31.1042], [77.8428, 31.0813], [77.831, 31.077], [77.8196, 31.0649], [77.8095, 31.0597], [77.8107, 31.0436], [77.8188, 31.0323], [77.8188, 31.0158], [77.8247, 31.0052], [77.8103, 31.0021], [77.8062, 30.9881], [77.7987, 30.9761], [77.8016, 30.9636], [77.8164, 30.962], [77.8075, 30.9537], [77.7966, 30.9584], [77.7876, 30.9657], [77.7784, 30.9723], [77.7639, 30.977], [77.742, 30.9676], [77.7346, 30.9596], [77.7349, 30.944], [77.7436, 30.9352], [77.7522, 30.921], [77.7673, 30.9205], [77.7819, 30.9262], [77.7956, 30.9238], [77.8008, 30.9127], [77.7946, 30.9035], [77.7864, 30.896], [77.7841, 30.8822], [77.7871, 30.8681], [77.7785, 30.86], [77.7652, 30.8652], [77.7603, 30.8778], [77.7477, 30.8823], [77.741, 30.8699], [77.7357, 30.8571], [77.7409, 30.8402], [77.7374, 30.8263], [77.7266, 30.8144], [77.7181, 30.8051], [77.7086, 30.7845], [77.6984, 30.7734], [77.6915, 30.7603], [77.6939, 30.7462], [77.7093, 30.7442], [77.7203, 30.7382], [77.7252, 30.7273], [77.7343, 30.7167], [77.7404, 30.7071], [77.7336, 30.6975], [77.7366, 30.6828], [77.7479, 30.6781], [77.7588, 30.6724], [77.7695, 30.6642], [77.7722, 30.645], [77.7713, 30.6285], [77.782, 30.6194], [77.7671, 30.6182], [77.7572, 30.6048], [77.7425, 30.6072], [77.7313, 30.6015], [77.7386, 30.5929], [77.7462, 30.5844], [77.7519, 30.5746], [77.7618, 30.563], [77.7746, 30.5589], [77.7906, 30.5603], [77.8032, 30.5638], [77.8068, 30.5493], [77.8122, 30.538], [77.805, 30.5248], [77.8006, 30.5132], [77.7882, 30.5061], [77.7676, 30.5044], [77.755, 30.4983], [77.7366, 30.4873], [77.7214, 30.4778], [77.7047, 30.4734], [77.6901, 30.4629], [77.6791, 30.4517], [77.6616, 30.4488], [77.6467, 30.4525], [77.6357, 30.4443], [77.6167, 30.4362], [77.5904, 30.4338], [77.5746, 30.4265], [77.5629, 30.4171], [77.5679, 30.3988], [77.5762, 30.3899], [77.5653, 30.3849], [77.5525, 30.3934], [77.5387, 30.4019], [77.5293, 30.4135], [77.518, 30.4309], [77.5099, 30.4488], [77.4929, 30.433], [77.4913, 30.4174], [77.4775, 30.4133], [77.461, 30.4054], [77.443, 30.4046], [77.4304, 30.4075], [77.4159, 30.4128], [77.4257, 30.42], [77.4397, 30.4244], [77.4533, 30.4404], [77.4563, 30.4582], [77.4457, 30.4657], [77.4356, 30.451], [77.4262, 30.4411], [77.4172, 30.4338], [77.4076, 30.4279], [77.4006, 30.4188], [77.3968, 30.4305], [77.3819, 30.4393], [77.3697, 30.4458], [77.3568, 30.4421], [77.3497, 30.4573], [77.3394, 30.4636], [77.3224, 30.4621], [77.3107, 30.4536], [77.2937, 30.4591], [77.2746, 30.464], [77.2619, 30.471], [77.2566, 30.4814], [77.2419, 30.4854], [77.2268, 30.4886], [77.2119, 30.4819], [77.199, 30.4845], [77.1996, 30.4991], [77.1959, 30.5118], [77.1853, 30.5259], [77.1746, 30.5305], [77.152, 30.5369], [77.1376, 30.5386], [77.1223, 30.5482], [77.1165, 30.5574], [77.1206, 30.5712], [77.1327, 30.5785], [77.1469, 30.589], [77.1575, 30.5996], [77.1586, 30.6138], [77.1599, 30.6315], [77.1562, 30.6479], [77.1552, 30.6681], [77.1507, 30.6812], [77.1474, 30.6935], [77.1338, 30.7022], [77.1222, 30.7122], [77.1096, 30.7227], [77.1023, 30.7308], [77.0911, 30.7362], [77.0768, 30.7448], [77.0617, 30.7461], [77.0471, 30.7487], [77.0337, 30.7554], [77.0283, 30.7434], [77.0131, 30.7422], [77.0047, 30.7525], [77.0024, 30.7679], [76.9912, 30.7735], [76.9949, 30.7851], [77.0004, 30.7976], [76.998, 30.8143], [76.9848, 30.8105], [76.9791, 30.7988], [76.9686, 30.808], [76.9538, 30.8112], [76.9476, 30.8232], [76.9337, 30.832], [76.9278, 30.8481], [76.9158, 30.8693], [76.9071, 30.891], [76.8866, 30.8883], [76.8696, 30.8782], [76.8524, 30.8707], [76.8372, 30.8789], [76.8227, 30.8881], [76.8098, 30.9068], [76.8144, 30.9213], [76.7988, 30.9246], [76.7699, 30.9064], [76.7538, 30.9178], [76.7486, 30.9292], [76.726, 30.9393], [76.7126, 30.9634], [76.6984, 30.9689], [76.6682, 30.9699], [76.6531, 30.9818], [76.6333, 30.9907], [76.6209, 30.9983], [76.6101, 31.0042], [76.6136, 31.022], [76.6052, 31.0335], [76.599, 31.0536], [76.6095, 31.0607], [76.6049, 31.0784], [76.6118, 31.0964], [76.6257, 31.1102], [76.6156, 31.1216], [76.5974, 31.1262], [76.5987, 31.1512], [76.5915, 31.1603], [76.5904, 31.1829], [76.6007, 31.191], [76.6122, 31.2026], [76.6354, 31.213], [76.6245, 31.221], [76.6163, 31.2294], [76.5868, 31.2161], [76.576, 31.2258], [76.5847, 31.2396], [76.6016, 31.2509], [76.5705, 31.2801], [76.5522, 31.2649], [76.5459, 31.2559], [76.5326, 31.2665], [76.5372, 31.284], [76.5279, 31.27], [76.5181, 31.2623], [76.5166, 31.2774], [76.4982, 31.2733], [76.4832, 31.2843], [76.4756, 31.2922], [76.4724, 31.3067], [76.451, 31.2962], [76.4311, 31.2828], [76.4358, 31.2946], [76.4456, 31.3004], [76.4374, 31.3174], [76.428, 31.3252], [76.4182, 31.3373], [76.4128, 31.3477], [76.3992, 31.3655], [76.3911, 31.3786], [76.3792, 31.3912], [76.3904, 31.3973], [76.3816, 31.4106], [76.3753, 31.4222], [76.3631, 31.4414], [76.3568, 31.4296], [76.3591, 31.4156], [76.3469, 31.4057], [76.3295, 31.4011], [76.3188, 31.3882], [76.3296, 31.3795], [76.3313, 31.3591], [76.3301, 31.3453], [76.3178, 31.3522], [76.2999, 31.3438], [76.3023, 31.3264], [76.2904, 31.3156], [76.2774, 31.3099], [76.2612, 31.3058], [76.2441, 31.3137], [76.2232, 31.3131], [76.2064, 31.3053], [76.1857, 31.3047], [76.1685, 31.3141], [76.1663, 31.3415], [76.1477, 31.3481], [76.135, 31.3618], [76.1341, 31.3826], [76.1471, 31.3919], [76.1567, 31.4045], [76.1471, 31.4188], [76.1435, 31.4323], [76.1282, 31.4438], [76.1226, 31.4537], [76.1155, 31.4654], [76.108, 31.4822], [76.1041, 31.5023], [76.0946, 31.5142], [76.089, 31.5276], [76.0768, 31.546], [76.066, 31.5605], [76.0515, 31.5818], [76.0432, 31.592], [76.04, 31.6085], [76.0232, 31.6155], [76.0027, 31.6466], [76.0047, 31.663], [75.9974, 31.676], [75.991, 31.6858], [75.9758, 31.6953], [75.9726, 31.7152], [75.966, 31.7335], [75.9575, 31.7405], [75.9519, 31.763], [75.9451, 31.7813], [75.9358, 31.7897], [75.9272, 31.8051], [75.9218, 31.8172], [75.9361, 31.8183], [75.9488, 31.8231], [75.9603, 31.8185], [75.9715, 31.8145], [75.9558, 31.8324], [75.9497, 31.8481], [75.9384, 31.8679], [75.9314, 31.8838], [75.9127, 31.9166], [75.9028, 31.9279], [75.896, 31.9403], [75.8777, 31.962], [75.8662, 31.9688], [75.8513, 31.9725], [75.8364, 31.9816], [75.814, 31.9834], [75.7951, 31.9886], [75.7843, 31.9943], [75.7743, 32.0008], [75.7615, 32.0139], [75.7484, 32.0272], [75.74, 32.0345], [75.7232, 32.0362], [75.7004, 32.0436], [75.6923, 32.0595], [75.6731, 32.0669], [75.6494, 32.0772], [75.6253, 32.0727], [75.6096, 32.0695], [75.5788, 32.0817], [75.6106, 32.0996], [75.6312, 32.1195], [75.6479, 32.1377], [75.6555, 32.1461], [75.6618, 32.1647], [75.6562, 32.1766], [75.6202, 32.1852], [75.6201, 32.2202], [75.6225, 32.2347], [75.6341, 32.2447], [75.6524, 32.2554], [75.6758, 32.264], [75.7049, 32.2672], [75.7364, 32.2738], [75.7518, 32.2842], [75.7619, 32.2961], [75.7831, 32.3222], [75.7937, 32.3324], [75.8139, 32.3506], [75.8374, 32.373], [75.8663, 32.3946], [75.9111, 32.4092], [75.9259, 32.4118], [75.9346, 32.4248], [75.9244, 32.439], [75.9155, 32.4487], [75.8954, 32.4619], [75.8871, 32.472], [75.8688, 32.4887], [75.8553, 32.4996], [75.8514, 32.5213], [75.8564, 32.5377], [75.8703, 32.5588], [75.8755, 32.5709], [75.8863, 32.5919], [75.9046, 32.6152], [75.9236, 32.6437], [75.9148, 32.6659], [75.9054, 32.6722], [75.8966, 32.6911], [75.9049, 32.7094], [75.9098, 32.7209], [75.914, 32.742], [75.9125, 32.7571], [75.9001, 32.7699], [75.8857, 32.7955], [75.8738, 32.8137], [75.8552, 32.8261], [75.8374, 32.8368], [75.8211, 32.8428], [75.8083, 32.8532], [75.7954, 32.8693], [75.7898, 32.8814], [75.7938, 32.8973], [75.8018, 32.9103], [75.808, 32.9298], [75.8214, 32.9335], [75.8501, 32.9312], [75.8671, 32.9302], [75.8809, 32.9248], [75.9001, 32.9157], [75.9136, 32.9062], [75.9232, 32.8981], [75.9338, 32.8843], [75.9832, 32.9004], [75.9975, 32.9094], [76.0135, 32.9159], [76.0212, 32.9244], [76.0281, 32.9374], [76.0426, 32.9402], [76.0545, 32.951], [76.0659, 32.958], [76.0783, 32.9661], [76.0857, 32.975], [76.0912, 32.9928], [76.1073, 33.0079], [76.1205, 33.0104], [76.1439, 33.0165], [76.1883, 33.0276], [76.2162, 33.0286], [76.2298, 33.0308], [76.2552, 33.0523], [76.2675, 33.0861], [76.2758, 33.098], [76.288, 33.1132], [76.3069, 33.1272], [76.3356, 33.1463], [76.3521, 33.1548], [76.3608, 33.1628], [76.3735, 33.1735], [76.3846, 33.1829], [76.4007, 33.1866], [76.4218, 33.1818], [76.4418, 33.1805], [76.4556, 33.1833], [76.4691, 33.1799], [76.4888, 33.1902], [76.4988, 33.1967], [76.5202, 33.2004], [76.5342, 33.1993], [76.542, 33.2068], [76.563, 33.2062], [76.5819, 33.2069], [76.584, 33.1931], [76.5973, 33.188], [76.5996, 33.1738], [76.6126, 33.166], [76.627, 33.1625], [76.6407, 33.1647], [76.6511, 33.1718], [76.6695, 33.1733], [76.6853, 33.174], [76.6967, 33.1815], [76.7142, 33.1774], [76.7299, 33.1794], [76.7344, 33.1931], [76.7456, 33.2043], [76.7561, 33.2198], [76.7624, 33.2395], [76.7552, 33.2474], [76.7636, 33.2543], [76.7783, 33.2557], [76.7969, 33.2412], [76.802757, 33.23666]]]}}, {"type": "Feature", "properties": {"ID_0": 105, "ISO": "IND", "NAME_0": "India", "ID_1": 15, "NAME_1": "Jammu and Kashmir", "NL_NAME_1": "", "VARNAME_1": "", "TYPE_1": "State", "ENGTYPE_1": "State", "filename": "", "filename_1": "", "filename_2": "", "filename_3": "", "filename_4": ""}, "geometry": {"type": "Polygon", "coordinates": [[[77.899567, 35.427895], [77.9199, 35.4343], [77.9438, 35.463], [77.9513, 35.4736], [77.9617, 35.4801], [77.9906, 35.4871], [78.01, 35.4892], [78.0454, 35.4911], [78.0638, 35.4917], [78.0794, 35.4922], [78.0943, 35.4893], [78.107, 35.4804], [78.1077, 35.4646], [78.0973, 35.4556], [78.0796, 35.4482], [78.0689, 35.4429], [78.0317, 35.4231], [78.0212, 35.4169], [77.9971, 35.3941], [77.9903, 35.379], [77.99, 35.3636], [77.9919, 35.3485], [78.0015, 35.298], [78.0137, 35.2642], [78.0177, 35.2498], [78.0318, 35.2202], [78.0428, 35.2023], [78.0522, 35.1911], [78.0597, 35.1831], [78.069, 35.176], [78.1161, 35.1454], [78.1242, 35.1354], [78.1171, 35.1116], [78.0977, 35.0979], [78.0843, 35.0908], [78.0949, 35.0569], [78.1148, 35.0148], [78.1211, 35.0], [78.1303, 34.9783], [78.1673, 34.9121], [78.1752, 34.9028], [78.1846, 34.8815], [78.1883, 34.8628], [78.2073, 34.7661], [78.2187, 34.7396], [78.2316, 34.7168], [78.248, 34.6951], [78.2657, 34.6794], [78.2844, 34.6674], [78.3003, 34.6619], [78.3173, 34.6593], [78.3872, 34.6516], [78.4046, 34.6439], [78.4069, 34.621], [78.4181, 34.6054], [78.4355, 34.6029], [78.4592, 34.6028], [78.4822, 34.6033], [78.5115, 34.6091], [78.5371, 34.6142], [78.5582, 34.6148], [78.5821, 34.6031], [78.6111, 34.5831], [78.621, 34.5743], [78.6376, 34.5523], [78.6525, 34.5382], [78.6601, 34.5297], [78.6806, 34.5156], [78.6963, 34.5076], [78.7166, 34.501], [78.7301, 34.4967], [78.7494, 34.477], [78.763, 34.4605], [78.7885, 34.4414], [78.7994, 34.4333], [78.825, 34.4141], [78.8373, 34.407], [78.8757, 34.3947], [78.8916, 34.3896], [78.915, 34.3788], [78.9274, 34.3716], [78.9399, 34.3621], [78.9607, 34.3461], [78.9767, 34.3339], [78.9892, 34.3193], [78.9942, 34.3025], [78.985, 34.2678], [78.975, 34.2429], [78.9562, 34.2178], [78.9421, 34.2048], [78.9104, 34.1805], [78.8944, 34.17], [78.879, 34.1613], [78.8588, 34.1518], [78.8153, 34.1326], [78.7743, 34.1145], [78.7607, 34.1114], [78.7292, 34.0957], [78.7133, 34.0815], [78.7064, 34.0722], [78.7121, 34.0505], [78.7318, 34.0425], [78.7595, 34.0363], [78.7683, 34.0257], [78.7636, 34.0015], [78.7429, 33.9873], [78.7284, 33.9773], [78.7158, 33.9645], [78.7162, 33.9489], [78.7149, 33.9334], [78.7172, 33.8905], [78.7257, 33.8711], [78.7418, 33.8402], [78.7613, 33.8173], [78.7751, 33.8013], [78.7805, 33.7892], [78.784, 33.7704], [78.7753, 33.7464], [78.7624, 33.7307], [78.7373, 33.7089], [78.7093, 33.6796], [78.7094, 33.6605], [78.7273, 33.6228], [78.7422, 33.5974], [78.7581, 33.5714], [78.7707, 33.552], [78.7839, 33.5326], [78.8039, 33.5068], [78.8186, 33.4891], [78.8704, 33.4397], [78.8954, 33.4203], [78.9213, 33.3987], [78.9411, 33.3901], [78.9548, 33.3742], [78.9727, 33.3673], [78.9795, 33.3588], [78.9887, 33.3474], [78.9987, 33.3402], [79.0195, 33.3308], [79.0338, 33.3136], [79.0477, 33.3061], [79.0666, 33.2959], [79.0731, 33.2836], [79.0661, 33.2645], [79.0672, 33.2498], [79.0715, 33.2382], [79.093, 33.2205], [79.1133, 33.2113], [79.1277, 33.2047], [79.1414, 33.2001], [79.157, 33.1979], [79.1805, 33.1946], [79.2062, 33.194], [79.3152, 33.1888], [79.3558, 33.1895], [79.3773, 33.1899], [79.3936, 33.1889], [79.4098, 33.1788], [79.4168, 33.1667], [79.4155, 33.1477], [79.4108, 33.1357], [79.3985, 33.1147], [79.3906, 33.1027], [79.3736, 33.0734], [79.3676, 33.0616], [79.3549, 33.0306], [79.3519, 33.0177], [79.35, 32.9962], [79.3525, 32.979], [79.3621, 32.9621], [79.3811, 32.9396], [79.391, 32.9304], [79.4187, 32.9114], [79.4321, 32.9051], [79.4419, 32.8947], [79.4544, 32.8804], [79.4645, 32.8167], [79.4712, 32.8028], [79.4844, 32.7897], [79.4963, 32.7841], [79.5152, 32.7753], [79.5267, 32.7676], [79.5405, 32.7487], [79.5454, 32.7359], [79.5554, 32.7096], [79.5612, 32.684], [79.5643, 32.6708], [79.5578, 32.6306], [79.5498, 32.6144], [79.524, 32.5959], [79.5088, 32.5915], [79.4885, 32.5928], [79.4641, 32.5927], [79.448, 32.5861], [79.4363, 32.5799], [79.4038, 32.5577], [79.3622, 32.5376], [79.3532, 32.5311], [79.3203, 32.4913], [79.3049, 32.4865], [79.2701, 32.5178], [79.2584, 32.5234], [79.235, 32.519], [79.2209, 32.5154], [79.2069, 32.5118], [79.1833, 32.501], [79.1651, 32.4919], [79.1489, 32.4838], [79.1289, 32.4664], [79.1217, 32.4561], [79.1198, 32.4383], [79.1219, 32.4232], [79.1118, 32.3993], [79.1091, 32.3832], [79.1045, 32.3717], [79.0918, 32.369], [79.0766, 32.379], [79.0675, 32.385], [79.0492, 32.3834], [79.025, 32.367], [78.9938, 32.3643], [78.9825, 32.3458], [78.924, 32.3633], [78.9023, 32.3814], [78.888, 32.3924], [78.8746, 32.4146], [78.8569, 32.4189], [78.836, 32.4253], [78.8212, 32.4363], [78.7979, 32.4632], [78.7812, 32.4753], [78.7754, 32.4906], [78.7756, 32.5164], [78.7726, 32.5444], [78.7668, 32.5555], [78.7637, 32.5678], [78.7765, 32.5882], [78.7793, 32.6022], [78.7758, 32.6156], [78.7706, 32.6355], [78.7681, 32.663], [78.7646, 32.6761], [78.7459, 32.6961], [78.717, 32.6807], [78.6643, 32.6565], [78.6544, 32.6492], [78.6323, 32.6111], [78.6033, 32.6044], [78.587, 32.6085], [78.5593, 32.6123], [78.5389, 32.6104], [78.5264, 32.6065], [78.5089, 32.5947], [78.4959, 32.5827], [78.4856, 32.5732], [78.4727, 32.5779], [78.4527, 32.5795], [78.4433, 32.5721], [78.4122, 32.5561], [78.4043, 32.5387], [78.4113, 32.5198], [78.3991, 32.5264], [78.3824, 32.5297], [78.3564, 32.5127], [78.3104, 32.4759], [78.2785, 32.5079], [78.295, 32.5225], [78.2966, 32.5775], [78.318, 32.5802], [78.3318, 32.5849], [78.3406, 32.5931], [78.3771, 32.6149], [78.3888, 32.6232], [78.3759, 32.6296], [78.3632, 32.672], [78.3676, 32.6995], [78.3778, 32.7193], [78.3712, 32.7337], [78.3728, 32.7602], [78.3447, 32.7634], [78.314, 32.749], [78.2877, 32.7378], [78.2981, 32.7248], [78.2849, 32.7068], [78.2727, 32.7029], [78.2366, 32.6947], [78.225, 32.6756], [78.2129, 32.6692], [78.2016, 32.6652], [78.184, 32.6639], [78.1705, 32.6772], [78.1525, 32.679], [78.136, 32.6703], [78.1307, 32.6601], [78.1267, 32.6491], [78.1162, 32.6424], [78.107, 32.6497], [78.0993, 32.66], [78.079, 32.6528], [78.0675, 32.6256], [78.0441, 32.6288], [78.0339, 32.6356], [78.0344, 32.6157], [78.0415, 32.6053], [78.0358, 32.5919], [78.0174, 32.587], [77.9871, 32.5882], [77.975, 32.5964], [77.9678, 32.608], [77.9595, 32.6207], [77.9551, 32.6348], [77.9465, 32.6427], [77.9323, 32.6562], [77.9262, 32.6668], [77.9202, 32.6795], [77.911, 32.6882], [77.9024, 32.6984], [77.9063, 32.7123], [77.912, 32.7258], [77.9143, 32.7418], [77.9179, 32.7569], [77.9123, 32.7672], [77.8995, 32.7753], [77.8809, 32.7754], [77.8722, 32.7863], [77.869, 32.8004], [77.8638, 32.8115], [77.855, 32.8212], [77.8314, 32.835], [77.8188, 32.8385], [77.799, 32.8458], [77.7877, 32.8498], [77.7758, 32.8547], [77.7614, 32.8648], [77.766, 32.8803], [77.7727, 32.8909], [77.787, 32.8917], [77.7902, 32.9054], [77.778, 32.9158], [77.7596, 32.9274], [77.751, 32.936], [77.7448, 32.9459], [77.7341, 32.9503], [77.7231, 32.9644], [77.7125, 32.9718], [77.6999, 32.969], [77.6909, 32.9794], [77.6709, 32.9863], [77.6631, 32.9759], [77.6564, 32.966], [77.6433, 32.9579], [77.6234, 32.9445], [77.6061, 32.9424], [77.5864, 32.9399], [77.5696, 32.9217], [77.5538, 32.9131], [77.5353, 32.9023], [77.527, 32.8923], [77.5113, 32.8854], [77.4943, 32.8815], [77.4732, 32.8788], [77.4552, 32.8617], [77.4362, 32.8659], [77.4257, 32.8837], [77.4101, 32.8782], [77.3992, 32.8839], [77.3794, 32.8808], [77.3712, 32.8674], [77.3597, 32.8596], [77.3627, 32.8466], [77.3565, 32.8253], [77.3405, 32.8205], [77.3216, 32.8224], [77.3109, 32.8377], [77.3052, 32.8541], [77.2887, 32.8526], [77.2743, 32.8598], [77.2583, 32.8764], [77.2476, 32.8649], [77.2363, 32.8723], [77.2248, 32.88], [77.2283, 32.8956], [77.2045, 32.9064], [77.189, 32.9101], [77.1739, 32.9311], [77.1637, 32.9251], [77.1574, 32.9132], [77.147, 32.9344], [77.1461, 32.9564], [77.1353, 32.9609], [77.1364, 32.9805], [77.1201, 32.9827], [77.1032, 32.9872], [77.0971, 32.9776], [77.0842, 32.9737], [77.0717, 32.9762], [77.0659, 32.9855], [77.0524, 32.9909], [77.0353, 32.9997], [77.0199, 32.9917], [76.9985, 32.9896], [76.9869, 32.9959], [76.9665, 33.0072], [76.9568, 33.0167], [76.9327, 33.0284], [76.9175, 33.0337], [76.9102, 33.0502], [76.9001, 33.0641], [76.8964, 33.0758], [76.895, 33.0914], [76.8848, 33.0974], [76.8774, 33.1072], [76.8687, 33.1202], [76.8526, 33.1115], [76.8392, 33.1153], [76.8281, 33.1317], [76.8173, 33.142], [76.8035, 33.1557], [76.7993, 33.1695], [76.8052, 33.1823], [76.8186, 33.2056], [76.8111, 33.2155], [76.8179, 33.2311], [76.8289, 33.2426], [76.8173, 33.2485], [76.8085, 33.2423], [76.7854, 33.2536], [76.7636, 33.2543], [76.7552, 33.2474], [76.7624, 33.2395], [76.7599, 33.2247], [76.7506, 33.2101], [76.7421, 33.1975], [76.7306, 33.1853], [76.7142, 33.1774], [76.6967, 33.1815], [76.6853, 33.174], [76.6695, 33.1733], [76.6511, 33.1718], [76.6407, 33.1647], [76.627, 33.1625], [76.6126, 33.166], [76.5996, 33.1738], [76.5973, 33.188], [76.584, 33.1931], [76.5819, 33.2069], [76.563, 33.2062], [76.5475, 33.2095], [76.5342, 33.1993], [76.5202, 33.2004], [76.5058, 33.1958], [76.4888, 33.1902], [76.4691, 33.1799], [76.4556, 33.1833], [76.4418, 33.1805], [76.4218, 33.1818], [76.4077, 33.1884], [76.3917, 33.1867], [76.3799, 33.1765], [76.3662, 33.168], [76.3589, 33.1575], [76.3356, 33.1463], [76.3155, 33.1302], [76.2919, 33.1202], [76.275, 33.104], [76.2675, 33.0861], [76.2552, 33.0523], [76.2373, 33.0326], [76.2162, 33.0286], [76.1883, 33.0276], [76.1522, 33.0229], [76.1282, 33.0101], [76.1073, 33.0079], [76.0937, 33.0048], [76.0857, 32.975], [76.0783, 32.9661], [76.0659, 32.958], [76.0545, 32.951], [76.0426, 32.9402], [76.0281, 32.9374], [76.0212, 32.9244], [76.0135, 32.9159], [75.9975, 32.9094], [75.9874, 32.9006], [75.9458, 32.8851], [75.9232, 32.8981], [75.9136, 32.9062], [75.9001, 32.9157], [75.8809, 32.9248], [75.8671, 32.9302], [75.8501, 32.9312], [75.8339, 32.9346], [75.808, 32.9298], [75.7983, 32.9194], [75.8, 32.9039], [75.7899, 32.894], [75.7946, 32.8702], [75.8055, 32.8561], [75.8158, 32.8471], [75.8275, 32.8404], [75.8552, 32.8261], [75.8738, 32.8137], [75.8857, 32.7955], [75.9001, 32.7699], [75.9125, 32.7571], [75.914, 32.742], [75.9098, 32.7209], [75.9049, 32.7094], [75.8966, 32.6911], [75.9054, 32.6722], [75.9148, 32.6659], [75.9241, 32.6582], [75.9078, 32.6191], [75.8863, 32.5919], [75.8725, 32.5762], [75.8565, 32.5584], [75.8378, 32.5376], [75.8306, 32.5245], [75.825, 32.5092], [75.8157, 32.4992], [75.8043, 32.4871], [75.7901, 32.4788], [75.7725, 32.4751], [75.753, 32.4752], [75.7437, 32.4691], [75.7353, 32.4547], [75.7297, 32.4451], [75.7197, 32.4303], [75.7115, 32.4182], [75.6982, 32.4095], [75.685, 32.4006], [75.6627, 32.3935], [75.6481, 32.3888], [75.5926, 32.3817], [75.567, 32.3718], [75.5452, 32.3608], [75.5292, 32.3489], [75.5158, 32.298], [75.5056, 32.2813], [75.4947, 32.2769], [75.49, 32.288], [75.4921, 32.3028], [75.4799, 32.3103], [75.4678, 32.3176], [75.4735, 32.3392], [75.4564, 32.3335], [75.4326, 32.3267], [75.415, 32.3243], [75.3975, 32.3263], [75.3785, 32.3288], [75.3592, 32.3349], [75.3453, 32.3392], [75.3318, 32.3447], [75.3223, 32.3373], [75.3115, 32.3448], [75.2891, 32.3576], [75.2803, 32.3673], [75.2668, 32.3737], [75.2533, 32.38], [75.2372, 32.3958], [75.2238, 32.4], [75.2002, 32.4023], [75.1927, 32.4181], [75.1795, 32.4254], [75.1604, 32.4165], [75.1476, 32.4134], [75.1279, 32.4212], [75.1209, 32.4415], [75.1098, 32.454], [75.0982, 32.4659], [75.0826, 32.48], [75.0627, 32.4821], [75.0366, 32.4921], [75.0214, 32.4854], [75.0117, 32.4762], [75.0015, 32.4633], [74.9879, 32.4496], [74.9731, 32.4479], [74.9489, 32.4541], [74.9336, 32.4676], [74.8997, 32.4661], [74.8852, 32.4784], [74.8767, 32.4856], [74.8615, 32.4895], [74.8462, 32.4944], [74.8186, 32.4961], [74.7989, 32.4841], [74.7614, 32.4822], [74.7482, 32.4792], [74.7211, 32.4817], [74.6984, 32.4849], [74.6867, 32.4931], [74.6814, 32.5038], [74.683, 32.5296], [74.662, 32.5515], [74.6524, 32.5602], [74.648, 32.5719], [74.6433, 32.596], [74.6422, 32.611], [74.6492, 32.6259], [74.6584, 32.6374], [74.6692, 32.6459], [74.6762, 32.658], [74.6693, 32.6751], [74.6542, 32.6925], [74.6501, 32.7184], [74.6619, 32.7548], [74.6675, 32.7666], [74.6778, 32.7816], [74.6877, 32.7961], [74.6946, 32.8095], [74.7004, 32.827], [74.697, 32.8397], [74.6808, 32.8382], [74.6615, 32.828], [74.642, 32.8229], [74.6372, 32.8108], [74.6415, 32.7919], [74.6328, 32.7777], [74.6142, 32.7577], [74.5941, 32.7568], [74.5792, 32.7533], [74.5431, 32.7454], [74.5315, 32.7407], [74.5027, 32.7599], [74.4797, 32.7727], [74.4661, 32.7814], [74.4575, 32.8016], [74.4506, 32.8168], [74.4432, 32.8288], [74.4301, 32.8447], [74.4264, 32.8578], [74.4293, 32.8795], [74.4251, 32.8931], [74.4139, 32.904], [74.3887, 32.9084], [74.3683, 32.9085], [74.3477, 32.9082], [74.3272, 32.9133], [74.318, 32.9197], [74.3207, 32.9414], [74.3349, 32.9548], [74.3464, 32.9655], [74.3532, 32.9831], [74.3517, 33.0131], [74.3379, 33.0259], [74.3079, 33.0305], [74.2832, 33.0432], [74.255, 33.0488], [74.2204, 33.0448], [74.2052, 33.0433], [74.1906, 33.0767], [74.1762, 33.1072], [74.157, 33.1259], [74.1488, 33.1339], [74.1117, 33.1644], [74.0999, 33.1725], [74.0828, 33.1807], [74.0564, 33.1866], [74.0337, 33.1881], [74.0182, 33.1932], [74.0113, 33.2188], [74.011, 33.2385], [74.014, 33.2509], [74.0244, 33.2625], [74.048, 33.2645], [74.065, 33.2599], [74.0881, 33.2629], [74.103, 33.2705], [74.1158, 33.2811], [74.1669, 33.3441], [74.1851, 33.3835], [74.1801, 33.4021], [74.1793, 33.4257], [74.1829, 33.442], [74.1871, 33.4555], [74.1781, 33.4817], [74.1646, 33.4956], [74.1426, 33.5183], [74.1234, 33.5432], [74.097, 33.5692], [74.0745, 33.5685], [74.0539, 33.5651], [74.0284, 33.5747], [74.0147, 33.5984], [74.0, 33.6237], [73.9757, 33.6936], [73.9563, 33.7203], [73.9665, 33.7403], [74.0, 33.7526], [74.024, 33.772], [74.0383, 33.7951], [74.049, 33.8088], [74.0657, 33.8201], [74.09, 33.8263], [74.1298, 33.8276], [74.1433, 33.8301], [74.1701, 33.8399], [74.1923, 33.8514], [74.2076, 33.8594], [74.2197, 33.8672], [74.2456, 33.895], [74.2611, 33.9248], [74.2636, 33.9426], [74.2627, 33.9743], [74.2487, 34.0138], [74.2372, 34.0255], [74.2256, 34.0334], [74.2147, 34.0386], [74.1963, 34.0401], [74.1814, 34.0396], [74.1614, 34.0389], [74.1492, 34.043], [74.1324, 34.0527], [74.115, 34.0538], [74.1005, 34.0456], [74.087, 34.0378], [74.0611, 34.0347], [74.0441, 34.0297], [74.0061, 34.0224], [73.909, 34.0325], [73.8898, 34.0424], [73.8843, 34.0614], [73.8857, 34.0751], [73.9044, 34.0969], [73.9041, 34.1223], [73.9171, 34.1421], [73.9448, 34.1702], [73.9766, 34.2118], [73.982, 34.2391], [73.9762, 34.2648], [73.941, 34.3017], [73.9199, 34.3423], [73.8994, 34.3598], [73.8794, 34.3542], [73.8418, 34.3383], [73.8074, 34.3567], [73.7734, 34.3498], [73.7632, 34.3596], [73.777, 34.4163], [73.7897, 34.427], [73.8073, 34.4419], [73.8548, 34.4734], [73.8987, 34.4958], [73.8867, 34.515], [73.8953, 34.5467], [73.9481, 34.5731], [73.9416, 34.592], [73.9273, 34.6459], [73.9416, 34.6772], [73.9602, 34.6967], [73.9861, 34.7042], [74.0, 34.7082], [74.0336, 34.6936], [74.0491, 34.685], [74.0813, 34.692], [74.0972, 34.6929], [74.1168, 34.6912], [74.1327, 34.6902], [74.149, 34.6953], [74.1747, 34.7174], [74.203, 34.7366], [74.2257, 34.7475], [74.239, 34.7521], [74.2699, 34.7627], [74.2797, 34.7683], [74.3028, 34.7975], [74.3151, 34.8003], [74.3309, 34.7925], [74.3462, 34.7904], [74.3675, 34.8026], [74.474, 34.7906], [74.5066, 34.7755], [74.5381, 34.7762], [74.5615, 34.7744], [74.5772, 34.7695], [74.6124, 34.7464], [74.6315, 34.738], [74.648, 34.7226], [74.6581, 34.7106], [74.6713, 34.7007], [74.703, 34.6931], [74.7281, 34.6886], [74.7631, 34.6843], [74.7866, 34.6827], [74.8356, 34.6776], [74.8539, 34.6782], [74.8898, 34.6839], [74.9105, 34.6832], [74.9278, 34.6783], [74.9467, 34.6664], [74.9978, 34.6511], [75.0187, 34.6415], [75.0418, 34.6414], [75.0545, 34.6466], [75.0847, 34.6554], [75.1056, 34.6557], [75.1423, 34.6624], [75.1647, 34.6604], [75.1773, 34.6575], [75.2067, 34.6463], [75.2358, 34.6483], [75.2596, 34.6441], [75.2669, 34.6345], [75.2581, 34.6176], [75.2792, 34.6017], [75.3352, 34.5721], [75.3505, 34.5622], [75.3778, 34.5524], [75.395, 34.5488], [75.414, 34.5473], [75.4646, 34.5434], [75.4785, 34.5393], [75.5061, 34.5373], [75.5212, 34.5396], [75.5518, 34.5381], [75.5789, 34.5394], [75.6156, 34.5385], [75.6441, 34.5335], [75.6923, 34.5215], [75.7138, 34.5184], [75.7292, 34.5162], [75.7492, 34.5158], [75.7688, 34.5221], [75.793, 34.5339], [75.8105, 34.5482], [75.8206, 34.5589], [75.8411, 34.5731], [75.8815, 34.5907], [75.9119, 34.6011], [75.9322, 34.6244], [75.9463, 34.6312], [75.9672, 34.6336], [75.9833, 34.6294], [76.0004, 34.6358], [76.0144, 34.6536], [76.0254, 34.6641], [76.0365, 34.6703], [76.055, 34.676], [76.0744, 34.6763], [76.0858, 34.6715], [76.1219, 34.6467], [76.1391, 34.6425], [76.1579, 34.6434], [76.1928, 34.6553], [76.2274, 34.6721], [76.26, 34.6844], [76.2751, 34.6936], [76.2833, 34.7015], [76.2899, 34.7123], [76.3015, 34.7244], [76.3161, 34.7316], [76.3399, 34.7343], [76.3859, 34.736], [76.4095, 34.7522], [76.4276, 34.7624], [76.4692, 34.7917], [76.4897, 34.7924], [76.5141, 34.7838], [76.5453, 34.7656], [76.5618, 34.7583], [76.58, 34.7555], [76.618, 34.7561], [76.6525, 34.7566], [76.6716, 34.7574], [76.6872, 34.7632], [76.6967, 34.7791], [76.7062, 34.8013], [76.7273, 34.8209], [76.7378, 34.8307], [76.7447, 34.8447], [76.7434, 34.8649], [76.7389, 34.9019], [76.7434, 34.9181], [76.7624, 34.933], [76.7993, 34.9358], [76.8255, 34.9417], [76.8482, 34.958], [76.8632, 34.9708], [76.8835, 34.9703], [76.8985, 34.9643], [76.9503, 34.9409], [76.9704, 34.9356], [76.9887, 34.9352], [77.0101, 34.9563], [77.0113, 34.9727], [77.0107, 35.0], [77.0103, 35.0162], [77.0138, 35.0351], [77.0269, 35.0408], [77.0368, 35.0324], [77.0684, 35.0241], [77.0814, 35.0263], [77.1098, 35.0393], [77.1568, 35.0547], [77.1756, 35.0668], [77.1948, 35.0792], [77.2808, 35.1383], [77.2952, 35.1456], [77.3794, 35.1979], [77.4188, 35.2201], [77.4425, 35.2344], [77.4854, 35.2665], [77.5396, 35.2978], [77.585, 35.3239], [77.6506, 35.3671], [77.6609, 35.3752], [77.7355, 35.4338], [77.7604, 35.4512], [77.7747, 35.4602], [77.8147, 35.4852], [77.8239, 35.5013], [77.8408, 35.5011], [77.8502, 35.4917], [77.8627, 35.4586], [77.8794, 35.4362], [77.8886, 35.4289], [77.899567, 35.427895]]]}}, {"type": "Feature", "properties": {"ID_0": 105, "ISO": "IND", "NAME_0": "India", "ID_1": 16, "NAME_1": "Jharkhand", "NL_NAME_1": "", "VARNAME_1": "Vananchal", "TYPE_1": "State", "ENGTYPE_1": "State", "filename": "", "filename_1": "", "filename_2": "", "filename_3": "", "filename_4": ""}, "geometry": {"type": "Polygon", "coordinates": [[[87.599892, 25.314663], [87.6227, 25.3108], [87.6518, 25.3072], [87.6842, 25.3101], [87.6935, 25.3031], [87.6903, 25.2912], [87.6964, 25.2789], [87.708, 25.2714], [87.7078, 25.2564], [87.7211, 25.2534], [87.7628, 25.2493], [87.7833, 25.2462], [87.7875, 25.2286], [87.7852, 25.2091], [87.7805, 25.1853], [87.7728, 25.1596], [87.7712, 25.1387], [87.7698, 25.1147], [87.7727, 25.0991], [87.7799, 25.0874], [87.7929, 25.0757], [87.8202, 25.0615], [87.8349, 25.057], [87.855, 25.0462], [87.8643, 25.0399], [87.877, 25.028], [87.8929, 25.0089], [87.9024, 24.9995], [87.9065, 24.9858], [87.9185, 24.9729], [87.9303, 24.9618], [87.9462, 24.9489], [87.9563, 24.9414], [87.9665, 24.9296], [87.9704, 24.9161], [87.9733, 24.8965], [87.9694, 24.8851], [87.9523, 24.8769], [87.9364, 24.8696], [87.9215, 24.8602], [87.897, 24.8544], [87.8957, 24.8396], [87.8984, 24.8245], [87.8866, 24.8197], [87.8692, 24.8234], [87.8727, 24.8076], [87.8767, 24.7937], [87.8681, 24.7871], [87.8654, 24.7743], [87.8545, 24.7643], [87.8389, 24.7654], [87.8385, 24.7847], [87.8284, 24.7767], [87.8221, 24.7667], [87.8139, 24.7534], [87.8397, 24.7382], [87.8523, 24.7349], [87.8674, 24.7294], [87.8778, 24.7391], [87.8855, 24.7293], [87.8957, 24.723], [87.9033, 24.7146], [87.8962, 24.7024], [87.8927, 24.6857], [87.8866, 24.6741], [87.8999, 24.6693], [87.9116, 24.6623], [87.9079, 24.6468], [87.9063, 24.6326], [87.8889, 24.6314], [87.8989, 24.6257], [87.9016, 24.6126], [87.8855, 24.6118], [87.8987, 24.6081], [87.9076, 24.5994], [87.9054, 24.5838], [87.8915, 24.5796], [87.8873, 24.5627], [87.8686, 24.5613], [87.8563, 24.5546], [87.8411, 24.5544], [87.827, 24.5582], [87.8202, 24.5684], [87.809, 24.5762], [87.7951, 24.5797], [87.7797, 24.5821], [87.7679, 24.576], [87.7857, 24.5686], [87.7962, 24.5624], [87.8048, 24.5492], [87.7975, 24.5387], [87.799, 24.5209], [87.7999, 24.5042], [87.7938, 24.4943], [87.8034, 24.5016], [87.8102, 24.4921], [87.8219, 24.4964], [87.8169, 24.4861], [87.8091, 24.4766], [87.8178, 24.4685], [87.8152, 24.4536], [87.8025, 24.4501], [87.796, 24.4394], [87.7881, 24.4321], [87.7862, 24.4186], [87.7986, 24.4112], [87.81, 24.4066], [87.7982, 24.3997], [87.7975, 24.3822], [87.7877, 24.3717], [87.7824, 24.3602], [87.7726, 24.3494], [87.7645, 24.3386], [87.7645, 24.3228], [87.7585, 24.3078], [87.7482, 24.3015], [87.7405, 24.2927], [87.7302, 24.2876], [87.7157, 24.29], [87.7083, 24.2804], [87.7045, 24.2638], [87.693, 24.2574], [87.6831, 24.2486], [87.6707, 24.2443], [87.659, 24.2384], [87.6493, 24.2466], [87.6357, 24.2425], [87.643, 24.2301], [87.6384, 24.2161], [87.6528, 24.2062], [87.671, 24.2057], [87.6783, 24.1911], [87.6889, 24.1851], [87.6967, 24.1753], [87.6936, 24.1592], [87.6844, 24.1492], [87.6678, 24.1514], [87.657, 24.1559], [87.6407, 24.1549], [87.6275, 24.1631], [87.6104, 24.1649], [87.5996, 24.1605], [87.5841, 24.1615], [87.5694, 24.1557], [87.5809, 24.1504], [87.59, 24.1441], [87.6012, 24.1352], [87.5954, 24.1249], [87.5817, 24.1234], [87.5778, 24.1104], [87.5695, 24.101], [87.5743, 24.0902], [87.5634, 24.0845], [87.5483, 24.0855], [87.5345, 24.0914], [87.5299, 24.1024], [87.5189, 24.1087], [87.5029, 24.1128], [87.4966, 24.1027], [87.4896, 24.09], [87.5022, 24.0833], [87.4932, 24.0747], [87.4933, 24.0592], [87.5014, 24.0475], [87.5106, 24.0398], [87.5039, 24.0301], [87.4912, 24.0234], [87.4828, 24.0137], [87.4692, 24.0116], [87.4549, 24.015], [87.4387, 24.0125], [87.4433, 24.0009], [87.4549, 23.9969], [87.4598, 23.9848], [87.4455, 23.9815], [87.4293, 23.9819], [87.4221, 23.9908], [87.4003, 23.9939], [87.3898, 24.002], [87.374, 24.0066], [87.3566, 24.0092], [87.351, 23.9992], [87.3373, 23.995], [87.324, 23.9971], [87.3154, 24.0044], [87.3222, 24.0132], [87.3332, 24.0223], [87.32, 24.0314], [87.3037, 24.0294], [87.2896, 24.0303], [87.2743, 24.0318], [87.2578, 24.0355], [87.2436, 24.0421], [87.2335, 24.0327], [87.2354, 24.0175], [87.2406, 24.0057], [87.2473, 23.9968], [87.2608, 24.0029], [87.2669, 23.9878], [87.2607, 23.9781], [87.2645, 23.9635], [87.2781, 23.9576], [87.2918, 23.9557], [87.2919, 23.9388], [87.2878, 23.9259], [87.2945, 23.8986], [87.2855, 23.8836], [87.2704, 23.8729], [87.2609, 23.8922], [87.2567, 23.9076], [87.2443, 23.9004], [87.2431, 23.8849], [87.2449, 23.8684], [87.2474, 23.8513], [87.2552, 23.8393], [87.2457, 23.8281], [87.2291, 23.823], [87.2186, 23.8308], [87.2241, 23.8427], [87.2351, 23.8482], [87.2225, 23.8576], [87.2128, 23.8503], [87.1994, 23.8475], [87.1886, 23.8408], [87.1954, 23.8509], [87.1806, 23.8515], [87.1691, 23.8578], [87.1567, 23.8649], [87.1408, 23.8651], [87.1279, 23.8624], [87.1377, 23.8458], [87.1458, 23.8366], [87.154, 23.8257], [87.1664, 23.8196], [87.1559, 23.8037], [87.1487, 23.7944], [87.1392, 23.8001], [87.1242, 23.795], [87.1103, 23.7991], [87.0957, 23.8095], [87.0845, 23.8053], [87.0728, 23.8123], [87.0569, 23.8163], [87.0344, 23.8368], [87.0224, 23.8405], [87.0135, 23.8469], [87.0021, 23.8525], [86.9801, 23.8564], [86.9669, 23.8653], [86.9577, 23.8591], [86.9512, 23.8459], [86.9364, 23.8449], [86.9254, 23.8538], [86.9069, 23.8795], [86.8914, 23.8764], [86.8801, 23.8665], [86.8802, 23.8422], [86.8847, 23.8305], [86.8823, 23.8145], [86.8733, 23.8272], [86.8712, 23.8442], [86.857, 23.8395], [86.8444, 23.8219], [86.8259, 23.8132], [86.8093, 23.8141], [86.8065, 23.8281], [86.7928, 23.8314], [86.801, 23.8133], [86.7977, 23.7977], [86.8084, 23.7883], [86.8167, 23.7762], [86.8198, 23.7611], [86.8161, 23.7448], [86.8045, 23.7399], [86.7984, 23.7163], [86.7935, 23.706], [86.792, 23.6874], [86.7727, 23.6819], [86.7585, 23.6785], [86.7381, 23.6776], [86.7317, 23.6938], [86.711, 23.6972], [86.6938, 23.6945], [86.6834, 23.6897], [86.6687, 23.6861], [86.6488, 23.6829], [86.6333, 23.6757], [86.6158, 23.6716], [86.5916, 23.6712], [86.5831, 23.6588], [86.5652, 23.6463], [86.552, 23.6401], [86.5374, 23.6346], [86.5237, 23.6284], [86.5017, 23.6316], [86.4813, 23.635], [86.4664, 23.6296], [86.4449, 23.6315], [86.4396, 23.6167], [86.4273, 23.6103], [86.4182, 23.6034], [86.4062, 23.588], [86.3894, 23.5888], [86.3822, 23.5789], [86.3749, 23.5685], [86.3679, 23.5592], [86.3616, 23.5497], [86.3587, 23.5336], [86.3677, 23.5226], [86.3569, 23.5129], [86.3537, 23.4964], [86.3706, 23.4903], [86.3555, 23.4816], [86.349, 23.4725], [86.3379, 23.4611], [86.3314, 23.4472], [86.3262, 23.4576], [86.3151, 23.4527], [86.3001, 23.4437], [86.31, 23.4376], [86.3, 23.4201], [86.2824, 23.4275], [86.2785, 23.4411], [86.2663, 23.438], [86.2501, 23.4356], [86.2465, 23.4192], [86.2395, 23.4317], [86.2247, 23.4357], [86.2274, 23.4496], [86.2387, 23.4697], [86.2232, 23.4648], [86.2097, 23.4592], [86.1954, 23.4635], [86.181, 23.4669], [86.1723, 23.4785], [86.153, 23.477], [86.1459, 23.4861], [86.1551, 23.5042], [86.1546, 23.5191], [86.1429, 23.5273], [86.1497, 23.5412], [86.1485, 23.5555], [86.1448, 23.5678], [86.1267, 23.5667], [86.1102, 23.5707], [86.0936, 23.57], [86.0728, 23.5682], [86.0653, 23.5807], [86.0513, 23.5789], [86.0374, 23.5835], [86.0301, 23.5748], [86.0176, 23.5636], [86.0108, 23.5516], [86.0211, 23.5455], [86.0251, 23.5317], [86.0316, 23.521], [86.0328, 23.5048], [86.0486, 23.5026], [86.0414, 23.4902], [86.0291, 23.4872], [86.0155, 23.4852], [86.0014, 23.4788], [85.9757, 23.4707], [85.9572, 23.4619], [85.9439, 23.4546], [85.9175, 23.4624], [85.9064, 23.4718], [85.8913, 23.476], [85.8741, 23.4762], [85.8635, 23.4595], [85.8598, 23.4416], [85.8629, 23.41], [85.8785, 23.408], [85.8848, 23.3873], [85.8943, 23.3797], [85.875, 23.3683], [85.8667, 23.3615], [85.8716, 23.3302], [85.8683, 23.3159], [85.8615, 23.3033], [85.8524, 23.2945], [85.8417, 23.2843], [85.8264, 23.2631], [85.8307, 23.2432], [85.8318, 23.2178], [85.8337, 23.2019], [85.8439, 23.1941], [85.8598, 23.1924], [85.8772, 23.173], [85.8864, 23.1534], [85.9004, 23.1481], [85.9116, 23.1336], [85.9215, 23.1259], [85.9363, 23.1297], [85.9479, 23.134], [85.9593, 23.1398], [85.9819, 23.1459], [85.9956, 23.1444], [86.0139, 23.1416], [86.0284, 23.1457], [86.042, 23.136], [86.049, 23.1248], [86.0442, 23.1119], [86.0593, 23.1056], [86.081, 23.1043], [86.0918, 23.0908], [86.1064, 23.0903], [86.1274, 23.0891], [86.1366, 23.0831], [86.1336, 23.0699], [86.1381, 23.0593], [86.1483, 23.0527], [86.1537, 23.0372], [86.1667, 23.027], [86.1756, 23.013], [86.2009, 23.0151], [86.2038, 22.9979], [86.217, 22.9916], [86.2345, 22.9934], [86.2509, 22.995], [86.2638, 22.998], [86.2735, 23.0065], [86.2848, 23.0109], [86.2975, 23.0133], [86.3059, 23.0025], [86.3153, 22.9956], [86.3322, 22.9889], [86.3465, 22.993], [86.36, 22.9967], [86.3804, 22.9907], [86.3873, 22.9767], [86.4003, 22.9831], [86.4163, 22.9948], [86.4317, 22.9903], [86.4452, 22.9851], [86.4631, 22.9852], [86.4794, 22.9888], [86.4974, 22.9899], [86.504, 22.978], [86.5122, 22.9663], [86.5227, 22.9722], [86.5342, 22.9814], [86.5377, 22.9658], [86.5266, 22.9609], [86.5234, 22.9487], [86.5076, 22.9454], [86.4958, 22.9413], [86.4845, 22.9343], [86.4734, 22.9441], [86.458, 22.9388], [86.451, 22.9305], [86.4371, 22.9273], [86.4324, 22.9158], [86.4485, 22.9019], [86.4623, 22.899], [86.451, 22.883], [86.4467, 22.8695], [86.4328, 22.8605], [86.4313, 22.8464], [86.4339, 22.8286], [86.4216, 22.8088], [86.418, 22.7898], [86.4162, 22.7765], [86.4289, 22.7684], [86.4398, 22.7627], [86.454, 22.7596], [86.466, 22.7464], [86.479, 22.7224], [86.4965, 22.7155], [86.5066, 22.7015], [86.51, 22.7161], [86.5337, 22.7166], [86.5495, 22.7109], [86.574, 22.6946], [86.5912, 22.6886], [86.6029, 22.6798], [86.6179, 22.6734], [86.6304, 22.6625], [86.6355, 22.6472], [86.6368, 22.6308], [86.6324, 22.61], [86.639, 22.5938], [86.6511, 22.5843], [86.6573, 22.5727], [86.6728, 22.5724], [86.706, 22.5804], [86.7277, 22.5746], [86.756, 22.5743], [86.7634, 22.5646], [86.7645, 22.5506], [86.7763, 22.547], [86.7862, 22.5374], [86.7828, 22.5244], [86.7914, 22.5167], [86.7986, 22.4988], [86.798, 22.484], [86.7892, 22.4745], [86.7757, 22.4773], [86.7607, 22.4789], [86.7454, 22.4757], [86.749, 22.4603], [86.7574, 22.4464], [86.7623, 22.4252], [86.7787, 22.4215], [86.8053, 22.4165], [86.8184, 22.4123], [86.8309, 22.4064], [86.8439, 22.3961], [86.8405, 22.3842], [86.8409, 22.369], [86.8289, 22.3415], [86.8292, 22.3246], [86.8369, 22.3168], [86.863, 22.3038], [86.8808, 22.2964], [86.8868, 22.2867], [86.888, 22.2696], [86.8857, 22.2521], [86.869, 22.2546], [86.8542, 22.2568], [86.8361, 22.2608], [86.8203, 22.2606], [86.8163, 22.2493], [86.8119, 22.2639], [86.81, 22.2495], [86.8024, 22.2418], [86.8006, 22.2619], [86.7907, 22.2532], [86.7928, 22.2387], [86.8099, 22.238], [86.8001, 22.2136], [86.7836, 22.2117], [86.7912, 22.2203], [86.78, 22.2317], [86.7752, 22.2146], [86.7551, 22.208], [86.7411, 22.2108], [86.7253, 22.2135], [86.7115, 22.2177], [86.6918, 22.2174], [86.674, 22.225], [86.6699, 22.2368], [86.6511, 22.2332], [86.6473, 22.2497], [86.6423, 22.2618], [86.6303, 22.269], [86.6161, 22.276], [86.6026, 22.2784], [86.5909, 22.2748], [86.5856, 22.2866], [86.5785, 22.2978], [86.5612, 22.297], [86.5457, 22.2989], [86.5246, 22.3029], [86.5237, 22.3186], [86.508, 22.324], [86.4999, 22.341], [86.4837, 22.3444], [86.4785, 22.3345], [86.467, 22.3289], [86.4582, 22.3221], [86.4418, 22.3253], [86.4402, 22.3114], [86.4334, 22.3015], [86.4247, 22.3092], [86.4114, 22.3156], [86.3906, 22.3253], [86.3755, 22.3371], [86.3527, 22.3454], [86.3474, 22.359], [86.3393, 22.3661], [86.3253, 22.3731], [86.3177, 22.3906], [86.3022, 22.4052], [86.2929, 22.4201], [86.2798, 22.4455], [86.2652, 22.4395], [86.2426, 22.4445], [86.2285, 22.4496], [86.2115, 22.4597], [86.2182, 22.4682], [86.2024, 22.4703], [86.1737, 22.4764], [86.1555, 22.4791], [86.1199, 22.4856], [86.1014, 22.4901], [86.0935, 22.5082], [86.0783, 22.5304], [86.0692, 22.5431], [86.0581, 22.5534], [86.0466, 22.5579], [86.0183, 22.5436], [86.0283, 22.5343], [86.022, 22.5206], [86.0087, 22.5186], [85.9959, 22.509], [85.9807, 22.5097], [85.9692, 22.4998], [85.967, 22.486], [85.9581, 22.4762], [85.9535, 22.456], [85.9631, 22.4451], [85.9821, 22.429], [85.993, 22.4221], [86.006, 22.4254], [86.012, 22.4147], [86.0123, 22.399], [86.0191, 22.3907], [86.0212, 22.375], [86.0169, 22.3622], [86.0061, 22.3488], [85.9929, 22.3382], [86.014, 22.3345], [86.0059, 22.3159], [86.0178, 22.3045], [86.0323, 22.3052], [86.0234, 22.2977], [86.0085, 22.2927], [86.0002, 22.2844], [85.993, 22.2733], [85.9854, 22.2575], [85.9698, 22.2434], [85.9778, 22.2355], [85.9851, 22.2238], [85.9928, 22.2155], [86.0174, 22.1988], [86.0256, 22.1892], [86.0148, 22.1726], [86.0114, 22.1577], [85.9992, 22.1449], [85.9946, 22.1318], [86.0026, 22.113], [85.9926, 22.1002], [85.979, 22.0834], [85.9753, 22.0718], [85.9674, 22.0598], [85.958, 22.0425], [85.9515, 22.0316], [85.9447, 22.0233], [85.9331, 22.0174], [85.9195, 22.0098], [85.9131, 21.9967], [85.9073, 21.9813], [85.9054, 21.9666], [85.8942, 21.9783], [85.8818, 21.9748], [85.847, 21.9771], [85.8286, 21.9729], [85.8154, 21.9801], [85.801, 21.9817], [85.7843, 21.9786], [85.7714, 21.9837], [85.7608, 21.9897], [85.7561, 22.0084], [85.7618, 22.0179], [85.7722, 22.0247], [85.7789, 22.0363], [85.7712, 22.0471], [85.7851, 22.0719], [85.8027, 22.0718], [85.8308, 22.077], [85.8249, 22.0871], [85.8154, 22.0928], [85.802, 22.1108], [85.7909, 22.1004], [85.779, 22.0934], [85.765, 22.0882], [85.7521, 22.0792], [85.7461, 22.0699], [85.7338, 22.0645], [85.7224, 22.0581], [85.7078, 22.0563], [85.6879, 22.0561], [85.672, 22.0515], [85.6647, 22.0666], [85.6553, 22.0778], [85.6481, 22.0868], [85.6312, 22.0815], [85.6196, 22.0778], [85.6073, 22.0818], [85.5966, 22.0747], [85.5822, 22.081], [85.5711, 22.0861], [85.5543, 22.0908], [85.5395, 22.0866], [85.5335, 22.0968], [85.5242, 22.103], [85.5057, 22.1115], [85.4858, 22.1165], [85.4717, 22.1241], [85.457, 22.1358], [85.4358, 22.1442], [85.4178, 22.1534], [85.4024, 22.1565], [85.3854, 22.1523], [85.3694, 22.1552], [85.3629, 22.1466], [85.3587, 22.1328], [85.3536, 22.1206], [85.3385, 22.1247], [85.323, 22.125], [85.3154, 22.1158], [85.3001, 22.1071], [85.2874, 22.0932], [85.2742, 22.0801], [85.27, 22.069], [85.26, 22.0529], [85.2465, 22.0254], [85.2411, 22.0125], [85.2309, 22.0003], [85.2184, 22.0067], [85.2139, 22.0272], [85.2107, 22.0432], [85.1923, 22.0512], [85.1791, 22.0648], [85.1644, 22.0652], [85.1698, 22.0531], [85.159, 22.0619], [85.1489, 22.0726], [85.1351, 22.0711], [85.1189, 22.0665], [85.1103, 22.0759], [85.0997, 22.0845], [85.0954, 22.0995], [85.0762, 22.103], [85.0439, 22.1107], [85.0312, 22.1025], [85.0141, 22.0937], [85.0072, 22.0831], [84.9936, 22.0772], [84.981, 22.0824], [84.9859, 22.0926], [85.0195, 22.1084], [85.0274, 22.1226], [85.0312, 22.1374], [85.0262, 22.1485], [85.0332, 22.1608], [85.0415, 22.1707], [85.0496, 22.1793], [85.0588, 22.206], [85.0695, 22.2307], [85.0721, 22.2457], [85.0699, 22.2603], [85.0824, 22.2777], [85.0986, 22.2879], [85.1145, 22.2905], [85.1122, 22.3051], [85.1012, 22.3143], [85.0859, 22.317], [85.093, 22.3411], [85.0799, 22.3444], [85.0755, 22.3558], [85.0779, 22.3692], [85.0807, 22.3955], [85.0773, 22.4083], [85.0681, 22.4181], [85.0629, 22.4361], [85.0605, 22.4495], [85.0711, 22.4559], [85.0732, 22.4729], [85.0625, 22.4784], [85.0467, 22.4774], [85.0316, 22.4698], [85.0005, 22.4584], [84.9778, 22.4509], [84.9602, 22.4437], [84.9524, 22.4528], [84.9408, 22.4474], [84.9314, 22.4397], [84.9174, 22.4344], [84.9077, 22.4196], [84.8938, 22.418], [84.882, 22.4262], [84.8778, 22.4425], [84.8637, 22.4345], [84.8478, 22.4344], [84.8357, 22.4276], [84.8127, 22.4316], [84.8078, 22.4469], [84.7913, 22.4428], [84.7527, 22.442], [84.7439, 22.4148], [84.7261, 22.4166], [84.7113, 22.4139], [84.6915, 22.4125], [84.6728, 22.4149], [84.6321, 22.4287], [84.6136, 22.4276], [84.5953, 22.4249], [84.5722, 22.423], [84.5433, 22.4172], [84.5266, 22.42], [84.5058, 22.4162], [84.4813, 22.4057], [84.476, 22.3935], [84.4557, 22.3752], [84.4421, 22.373], [84.4269, 22.3647], [84.4261, 22.3488], [84.3945, 22.3439], [84.3776, 22.3459], [84.3617, 22.3485], [84.345, 22.344], [84.324, 22.3389], [84.2892, 22.3373], [84.2732, 22.3451], [84.2609, 22.3537], [84.2514, 22.3704], [84.2405, 22.3745], [84.1941, 22.3718], [84.1834, 22.3837], [84.1525, 22.4009], [84.1423, 22.4154], [84.1331, 22.4453], [84.1375, 22.4572], [84.1349, 22.4709], [84.1178, 22.4714], [84.1021, 22.4773], [84.0878, 22.4849], [84.0716, 22.4942], [84.0605, 22.505], [84.0507, 22.5124], [84.0331, 22.5121], [84.0191, 22.5211], [84.0025, 22.5209], [83.9994, 22.5395], [84.0042, 22.5549], [84.0051, 22.5696], [84.0178, 22.5789], [84.0336, 22.5913], [84.0481, 22.5941], [84.0593, 22.6074], [84.0804, 22.6366], [84.094, 22.6326], [84.1072, 22.6367], [84.1321, 22.6358], [84.1499, 22.6344], [84.1648, 22.6453], [84.1804, 22.6498], [84.1916, 22.6603], [84.2072, 22.6651], [84.2206, 22.6689], [84.2278, 22.677], [84.2322, 22.6886], [84.2294, 22.7052], [84.2276, 22.7232], [84.2297, 22.7401], [84.2417, 22.7483], [84.2516, 22.7581], [84.2601, 22.7649], [84.2788, 22.7614], [84.2877, 22.7709], [84.2903, 22.7872], [84.3018, 22.7951], [84.3117, 22.8033], [84.3177, 22.8172], [84.3204, 22.836], [84.3295, 22.8595], [84.3479, 22.8632], [84.3699, 22.8645], [84.376, 22.8736], [84.3782, 22.8879], [84.3728, 22.8984], [84.3863, 22.9168], [84.3891, 22.9387], [84.3792, 22.9489], [84.3764, 22.9663], [84.3615, 22.9746], [84.3436, 22.9737], [84.3318, 22.9791], [84.3182, 22.9766], [84.3068, 22.9675], [84.2893, 22.9616], [84.2719, 22.9709], [84.2714, 22.9888], [84.2621, 22.98], [84.2509, 22.9714], [84.2374, 22.9804], [84.2171, 22.9765], [84.2011, 22.9988], [84.1999, 23.0151], [84.1899, 23.0237], [84.1767, 23.0205], [84.1726, 23.0072], [84.1686, 22.995], [84.1714, 22.9771], [84.1546, 22.9644], [84.1436, 22.9751], [84.1384, 22.9985], [84.1317, 23.0183], [84.1246, 23.0307], [84.1234, 23.045], [84.1308, 23.0634], [84.1294, 23.0815], [84.1162, 23.0861], [84.1049, 23.0992], [84.0879, 23.1095], [84.0667, 23.1071], [84.0556, 23.1207], [84.0453, 23.1305], [84.0337, 23.1384], [84.0291, 23.1539], [84.0338, 23.1678], [84.0393, 23.1785], [84.0509, 23.1896], [84.0584, 23.2036], [84.0524, 23.2164], [84.054, 23.2342], [84.0513, 23.2466], [84.0591, 23.2741], [84.063, 23.2896], [84.0594, 23.3043], [84.0703, 23.33], [84.0605, 23.3432], [84.05, 23.3519], [84.0444, 23.3671], [84.038, 23.3762], [84.0207, 23.3755], [84.0115, 23.3634], [84.0065, 23.3528], [83.9928, 23.3559], [83.9749, 23.3648], [83.9669, 23.3742], [83.9678, 23.393], [83.9762, 23.4075], [83.9782, 23.4209], [83.9697, 23.4477], [83.9791, 23.4606], [83.9846, 23.4756], [83.9927, 23.4852], [84.0056, 23.4965], [84.0123, 23.5082], [84.0154, 23.5256], [84.0227, 23.5442], [84.0251, 23.5658], [84.0241, 23.5879], [84.0203, 23.6002], [84.0019, 23.6204], [84.007, 23.6323], [83.9927, 23.6331], [83.9755, 23.6308], [83.9627, 23.6262], [83.9486, 23.6243], [83.9315, 23.6114], [83.9296, 23.5937], [83.9353, 23.563], [83.9147, 23.5687], [83.8985, 23.5712], [83.8829, 23.5728], [83.8596, 23.5783], [83.8462, 23.5809], [83.8212, 23.5848], [83.8063, 23.5823], [83.7977, 23.5901], [83.7861, 23.5982], [83.7678, 23.6091], [83.7649, 23.6215], [83.7478, 23.6267], [83.743, 23.6405], [83.7521, 23.649], [83.744, 23.6591], [83.7289, 23.6674], [83.7147, 23.6825], [83.7226, 23.6941], [83.7321, 23.7047], [83.7325, 23.724], [83.73, 23.7437], [83.7271, 23.7599], [83.7124, 23.7723], [83.7108, 23.7895], [83.6999, 23.8016], [83.6986, 23.8165], [83.6885, 23.8239], [83.6722, 23.8201], [83.6583, 23.8278], [83.6562, 23.8436], [83.6379, 23.847], [83.6115, 23.8534], [83.5904, 23.8565], [83.5718, 23.8631], [83.5576, 23.8695], [83.573, 23.8771], [83.5702, 23.8904], [83.5494, 23.8928], [83.5373, 23.9146], [83.5389, 23.9335], [83.5226, 23.9522], [83.5124, 23.967], [83.5077, 23.9795], [83.5075, 24.0014], [83.5166, 24.0106], [83.5096, 24.0254], [83.479, 24.0385], [83.4581, 24.0419], [83.4332, 24.0547], [83.4306, 24.0691], [83.4254, 24.0838], [83.409, 24.0805], [83.3924, 24.095], [83.362, 24.102], [83.3457, 24.0971], [83.3276, 24.0996], [83.339, 24.1105], [83.349, 24.1264], [83.3525, 24.1403], [83.3574, 24.1568], [83.3656, 24.172], [83.3705, 24.1867], [83.3783, 24.2008], [83.376, 24.2139], [83.3769, 24.2309], [83.3911, 24.2447], [83.4019, 24.266], [83.4005, 24.2852], [83.3905, 24.2965], [83.3803, 24.3048], [83.3853, 24.3203], [83.4033, 24.3374], [83.4235, 24.3387], [83.4343, 24.3475], [83.441, 24.3609], [83.4514, 24.367], [83.4428, 24.3776], [83.4388, 24.389], [83.4305, 24.396], [83.4165, 24.4095], [83.4001, 24.4087], [83.4007, 24.4371], [83.3814, 24.4556], [83.3882, 24.4681], [83.3926, 24.4803], [83.3921, 24.4971], [83.4, 24.5061], [83.4264, 24.5128], [83.4531, 24.5171], [83.4814, 24.5239], [83.4982, 24.5271], [83.5238, 24.5259], [83.5424, 24.5262], [83.5712, 24.517], [83.5924, 24.5149], [83.6448, 24.5162], [83.6625, 24.5157], [83.6825, 24.5156], [83.6957, 24.5106], [83.7167, 24.505], [83.7307, 24.5088], [83.7487, 24.5105], [83.7817, 24.5236], [83.7945, 24.5294], [83.8162, 24.5313], [83.8415, 24.5345], [83.8577, 24.5376], [83.868, 24.5329], [83.9027, 24.5424], [83.9179, 24.5458], [83.933, 24.5517], [83.9482, 24.5665], [83.9576, 24.5763], [83.9649, 24.5876], [83.9724, 24.5966], [83.9792, 24.6151], [83.9922, 24.638], [84.0145, 24.6316], [84.0268, 24.6277], [84.0332, 24.619], [84.0467, 24.6123], [84.0531, 24.5947], [84.0627, 24.5837], [84.0677, 24.571], [84.0737, 24.5576], [84.0783, 24.545], [84.0887, 24.5361], [84.0866, 24.5146], [84.097, 24.4957], [84.1098, 24.4814], [84.1226, 24.4867], [84.129, 24.5007], [84.14, 24.5048], [84.137, 24.5182], [84.1461, 24.5403], [84.1607, 24.5382], [84.1557, 24.5243], [84.1611, 24.5126], [84.1793, 24.5104], [84.1864, 24.5225], [84.1728, 24.542], [84.187, 24.5493], [84.1999, 24.557], [84.2062, 24.5453], [84.2175, 24.5352], [84.2207, 24.5503], [84.235, 24.5532], [84.2411, 24.5432], [84.2499, 24.5357], [84.2647, 24.5406], [84.2783, 24.5475], [84.2692, 24.5643], [84.293, 24.566], [84.302, 24.5473], [84.3094, 24.5395], [84.3128, 24.5268], [84.3217, 24.5132], [84.3263, 24.5027], [84.3217, 24.4898], [84.3082, 24.4869], [84.2942, 24.4808], [84.2853, 24.4659], [84.2932, 24.4508], [84.315, 24.4475], [84.3304, 24.4312], [84.3151, 24.4235], [84.3278, 24.4166], [84.3316, 24.4047], [84.347, 24.3921], [84.3614, 24.3866], [84.3738, 24.391], [84.385, 24.3793], [84.3998, 24.3746], [84.4225, 24.3591], [84.4182, 24.3424], [84.4449, 24.3342], [84.462, 24.3176], [84.4684, 24.3053], [84.4871, 24.3048], [84.4935, 24.287], [84.5023, 24.2946], [84.5032, 24.3154], [84.5142, 24.3236], [84.5255, 24.3395], [84.5188, 24.3532], [84.5267, 24.361], [84.5215, 24.3763], [84.5417, 24.3767], [84.556, 24.3797], [84.5643, 24.3899], [84.5612, 24.4018], [84.5725, 24.4123], [84.5818, 24.4015], [84.601, 24.401], [84.6152, 24.4038], [84.6289, 24.4002], [84.6431, 24.3986], [84.6583, 24.3937], [84.6629, 24.4106], [84.6684, 24.4263], [84.674, 24.4411], [84.6789, 24.4563], [84.6941, 24.4618], [84.7065, 24.4724], [84.7249, 24.473], [84.7401, 24.4883], [84.763, 24.5018], [84.7799, 24.5049], [84.7837, 24.5177], [84.7953, 24.5295], [84.8195, 24.5248], [84.8326, 24.5115], [84.8279, 24.486], [84.8272, 24.4701], [84.8344, 24.4525], [84.8475, 24.4659], [84.857, 24.4576], [84.8674, 24.4669], [84.8802, 24.4628], [84.8781, 24.4438], [84.8779, 24.4226], [84.8919, 24.3985], [84.9005, 24.3821], [84.913, 24.3757], [84.935, 24.3765], [84.9479, 24.3718], [84.9686, 24.3759], [84.9904, 24.4122], [85.0107, 24.4161], [85.0207, 24.422], [85.0357, 24.4231], [85.0533, 24.4151], [85.0604, 24.4246], [85.0691, 24.4357], [85.0757, 24.4218], [85.073, 24.4065], [85.0655, 24.3868], [85.0807, 24.3808], [85.0959, 24.3908], [85.1093, 24.3988], [85.1151, 24.409], [85.148, 24.4182], [85.1579, 24.4242], [85.1694, 24.4295], [85.1637, 24.4414], [85.1526, 24.4538], [85.1632, 24.4672], [85.1826, 24.4687], [85.1992, 24.4674], [85.2158, 24.4725], [85.2285, 24.4794], [85.2394, 24.4888], [85.2544, 24.4979], [85.2696, 24.4984], [85.2824, 24.5038], [85.2794, 24.5191], [85.288, 24.5284], [85.3125, 24.5266], [85.3316, 24.5262], [85.3458, 24.528], [85.3612, 24.5297], [85.3828, 24.5325], [85.3952, 24.5413], [85.4066, 24.5457], [85.4275, 24.5373], [85.4421, 24.5394], [85.4722, 24.5478], [85.4865, 24.5508], [85.5, 24.5439], [85.5044, 24.5297], [85.5183, 24.5245], [85.5342, 24.5322], [85.5404, 24.5503], [85.5365, 24.5638], [85.5523, 24.5594], [85.5683, 24.5652], [85.5622, 24.581], [85.5652, 24.5967], [85.5766, 24.603], [85.5911, 24.5971], [85.6079, 24.5908], [85.6154, 24.5829], [85.6328, 24.5806], [85.6647, 24.5819], [85.6732, 24.5929], [85.6721, 24.6194], [85.6657, 24.6363], [85.6607, 24.6506], [85.6633, 24.6647], [85.6505, 24.6792], [85.6797, 24.6938], [85.6967, 24.7135], [85.7034, 24.7254], [85.7053, 24.7401], [85.7036, 24.7574], [85.7092, 24.7756], [85.721, 24.787], [85.7283, 24.8007], [85.7325, 24.8165], [85.7473, 24.8199], [85.7583, 24.8151], [85.7688, 24.8088], [85.7772, 24.799], [85.8107, 24.7945], [85.818, 24.807], [85.8419, 24.8081], [85.864, 24.8054], [85.8778, 24.8003], [85.8897, 24.7917], [85.9017, 24.7699], [85.9105, 24.7537], [85.921, 24.7446], [85.9427, 24.7344], [85.9606, 24.7317], [85.9727, 24.7363], [85.9773, 24.7476], [86.0, 24.7514], [86.0061, 24.7657], [86.0197, 24.7678], [86.0318, 24.7728], [86.0431, 24.7774], [86.0529, 24.7677], [86.0454, 24.7519], [86.0368, 24.7438], [86.055, 24.7463], [86.0866, 24.7463], [86.1055, 24.736], [86.1109, 24.724], [86.1186, 24.7117], [86.1291, 24.69], [86.1336, 24.6755], [86.1263, 24.6542], [86.1182, 24.6419], [86.1219, 24.6301], [86.1256, 24.6118], [86.1333, 24.6035], [86.1523, 24.5997], [86.157, 24.5892], [86.1949, 24.5852], [86.2157, 24.5912], [86.2174, 24.6118], [86.2303, 24.6023], [86.2429, 24.5921], [86.2575, 24.5831], [86.2697, 24.5778], [86.2804, 24.5842], [86.3017, 24.5832], [86.3229, 24.5841], [86.311, 24.5682], [86.304, 24.5583], [86.3098, 24.5473], [86.3013, 24.532], [86.3106, 24.5138], [86.3035, 24.4983], [86.2977, 24.4825], [86.2856, 24.4768], [86.2791, 24.462], [86.3009, 24.4568], [86.3156, 24.4439], [86.3327, 24.4402], [86.3478, 24.4405], [86.3627, 24.4268], [86.3733, 24.4159], [86.3987, 24.4003], [86.4156, 24.3792], [86.4307, 24.3761], [86.4463, 24.3684], [86.4618, 24.3767], [86.4671, 24.3952], [86.4637, 24.4078], [86.4658, 24.4219], [86.4821, 24.425], [86.4919, 24.4393], [86.4911, 24.454], [86.4888, 24.4743], [86.4953, 24.4853], [86.5057, 24.5177], [86.5235, 24.5357], [86.5406, 24.5366], [86.5513, 24.5434], [86.5546, 24.5593], [86.568, 24.5628], [86.5782, 24.5679], [86.5839, 24.5853], [86.5949, 24.5971], [86.6029, 24.6051], [86.6189, 24.5947], [86.6272, 24.5796], [86.6413, 24.5761], [86.6559, 24.5632], [86.6684, 24.5606], [86.6815, 24.5651], [86.6954, 24.5689], [86.7099, 24.5735], [86.7316, 24.5758], [86.7395, 24.5865], [86.7446, 24.6029], [86.7509, 24.618], [86.7691, 24.6165], [86.7841, 24.6103], [86.7944, 24.5968], [86.7903, 24.6085], [86.7987, 24.6011], [86.8045, 24.5907], [86.8076, 24.5769], [86.8003, 24.5687], [86.8183, 24.5693], [86.8371, 24.5683], [86.8388, 24.5541], [86.8546, 24.5505], [86.8616, 24.5603], [86.8732, 24.565], [86.884, 24.5604], [86.8984, 24.5498], [86.9058, 24.541], [86.9065, 24.5553], [86.9012, 24.5668], [86.898, 24.5805], [86.9047, 24.5951], [86.9179, 24.6108], [86.9239, 24.6243], [86.9361, 24.6304], [86.9301, 24.6428], [86.9486, 24.6428], [86.9447, 24.6312], [86.9584, 24.6294], [86.9801, 24.6247], [86.9926, 24.6192], [87.0102, 24.6063], [87.0167, 24.6178], [87.0264, 24.6112], [87.043, 24.6089], [87.0444, 24.624], [87.0488, 24.637], [87.0524, 24.6555], [87.0547, 24.6706], [87.0613, 24.6815], [87.0693, 24.6913], [87.0713, 24.7074], [87.0777, 24.7188], [87.0812, 24.7327], [87.074, 24.7405], [87.0816, 24.7483], [87.0849, 24.7615], [87.0828, 24.7792], [87.0912, 24.7881], [87.0967, 24.8015], [87.0834, 24.8066], [87.0773, 24.8181], [87.0878, 24.823], [87.0975, 24.8299], [87.1046, 24.8445], [87.1145, 24.8555], [87.1298, 24.8575], [87.1445, 24.8592], [87.1496, 24.8724], [87.1565, 24.8807], [87.157, 24.8961], [87.1488, 24.9051], [87.1497, 24.9212], [87.1553, 24.9317], [87.1486, 24.9421], [87.1508, 24.9557], [87.152, 24.9744], [87.1537, 24.991], [87.1465, 24.9999], [87.1442, 25.018], [87.1523, 25.0265], [87.165, 25.0428], [87.1733, 25.0565], [87.1843, 25.067], [87.1975, 25.0737], [87.2083, 25.0833], [87.2271, 25.0876], [87.2399, 25.0995], [87.2492, 25.1054], [87.2631, 25.1008], [87.2749, 25.0922], [87.2911, 25.0893], [87.2928, 25.1047], [87.2979, 25.1347], [87.3023, 25.1453], [87.3096, 25.1536], [87.315, 25.165], [87.316, 25.1863], [87.3183, 25.2012], [87.3235, 25.2231], [87.3478, 25.2132], [87.3685, 25.2069], [87.3739, 25.2185], [87.3865, 25.2257], [87.4022, 25.2214], [87.4166, 25.2149], [87.4551, 25.1975], [87.4676, 25.1931], [87.4718, 25.2224], [87.4726, 25.2409], [87.4876, 25.262], [87.4945, 25.2754], [87.4815, 25.2952], [87.4901, 25.3052], [87.4989, 25.2923], [87.5255, 25.281], [87.5385, 25.2962], [87.5441, 25.3229], [87.5671, 25.3339], [87.5795, 25.3439], [87.5812, 25.328], [87.599892, 25.314663]]]}}, {"type": "Feature", "properties": {"ID_0": 105, "ISO": "IND", "NAME_0": "India", "ID_1": 17, "NAME_1": "Karnataka", "NL_NAME_1": "", "VARNAME_1": "Maisur|Mysore", "TYPE_1": "State", "ENGTYPE_1": "State", "filename": "", "filename_1": "", "filename_2": "", "filename_3": "", "filename_4": ""}, "geometry": {"type": "MultiPolygon", "coordinates": [[[[74.670975, 13.199862], [74.670975, 13.199862]]], [[[74.72847, 13.282922], [74.72847, 13.282922]]], [[[74.700417, 13.28431], [74.700417, 13.28431]]], [[[74.723747, 13.289591], [74.723747, 13.289591]]], [[[74.690697, 13.33403], [74.690697, 13.33403]]], [[[74.689026, 13.340972], [74.689026, 13.340972]]], [[[74.68264, 13.348473], [74.68264, 13.348473]]], [[[74.671524, 13.383193], [74.671524, 13.383193]]], [[[74.482918, 14.01125], [74.482918, 14.01125]]], [[[74.326248, 14.020695], [74.326248, 14.020695]]], [[[74.403198, 14.315401], [74.403198, 14.315401]]], [[[74.365143, 14.55264], [74.3763, 14.5468], [74.3668, 14.5412], [74.365143, 14.55264]]], [[[74.253754, 14.705974], [74.253754, 14.705974]]], [[[74.240692, 14.71125], [74.240692, 14.71125]]], [[[74.155418, 14.741811], [74.155418, 14.741811]]], [[[74.111252, 14.761541], [74.1198, 14.7549], [74.1079, 14.7587], [74.111252, 14.761541]]], [[[74.087914, 14.795972], [74.087914, 14.795972]]], [[[74.056526, 14.817084], [74.056526, 14.817084]]], [[[74.064026, 14.82125], [74.064026, 14.82125]]], [[[74.059303, 14.821528], [74.059303, 14.821528]]], [[[74.094025, 14.838471], [74.094025, 14.838471]]], [[[74.098473, 14.845972], [74.098473, 14.845972]]], [[[74.097084, 14.878472], [74.097084, 14.878472]]], [[[77.337311, 18.43544], [77.3541, 18.4487], [77.3696, 18.4477], [77.3644, 18.4298], [77.3698, 18.4007], [77.3926, 18.397], [77.4101, 18.3885], [77.4007, 18.3702], [77.3982, 18.3535], [77.3928, 18.3405], [77.3809, 18.3319], [77.367, 18.3223], [77.3554, 18.3185], [77.3625, 18.3083], [77.3813, 18.3059], [77.3926, 18.3009], [77.4078, 18.2996], [77.425, 18.3047], [77.4346, 18.293], [77.4449, 18.2772], [77.4508, 18.266], [77.4654, 18.26], [77.4803, 18.2687], [77.4977, 18.2734], [77.5102, 18.2784], [77.5084, 18.3022], [77.5198, 18.3074], [77.5396, 18.2938], [77.561, 18.2831], [77.5707, 18.2905], [77.5838, 18.2831], [77.5978, 18.2812], [77.5919, 18.2618], [77.5815, 18.2563], [77.5725, 18.2406], [77.5811, 18.2227], [77.5744, 18.1999], [77.5643, 18.19], [77.5725, 18.1789], [77.5775, 18.1683], [77.5892, 18.1535], [77.5935, 18.1279], [77.6006, 18.0994], [77.5975, 18.0843], [77.5774, 18.0769], [77.5605, 18.0711], [77.5474, 18.0636], [77.5481, 18.048], [77.5531, 18.0347], [77.5745, 18.0307], [77.585, 18.0248], [77.5922, 18.0102], [77.6067, 18.018], [77.6159, 18.0061], [77.6288, 17.9925], [77.6423, 17.9959], [77.6498, 17.9859], [77.6436, 17.9734], [77.652, 17.9643], [77.6428, 17.9573], [77.6297, 17.963], [77.6289, 17.9485], [77.6168, 17.9381], [77.6187, 17.9218], [77.6166, 17.9029], [77.5998, 17.9037], [77.5852, 17.9082], [77.5852, 17.8925], [77.5925, 17.8795], [77.5777, 17.8712], [77.5674, 17.8661], [77.566, 17.8496], [77.5592, 17.8386], [77.5497, 17.818], [77.526, 17.8268], [77.5261, 17.8117], [77.5109, 17.8014], [77.5045, 17.7826], [77.523, 17.7796], [77.5345, 17.7747], [77.5545, 17.7613], [77.562, 17.7471], [77.5519, 17.7344], [77.5394, 17.7254], [77.5226, 17.724], [77.5095, 17.72], [77.4943, 17.716], [77.4845, 17.7036], [77.4579, 17.699], [77.4503, 17.6913], [77.4491, 17.6661], [77.445, 17.6484], [77.4508, 17.6324], [77.4458, 17.6123], [77.4421, 17.5958], [77.4399, 17.5815], [77.4612, 17.577], [77.4691, 17.5682], [77.49, 17.5663], [77.4956, 17.55], [77.5016, 17.5409], [77.5097, 17.5492], [77.5274, 17.5732], [77.544, 17.5546], [77.5608, 17.5535], [77.5854, 17.5584], [77.5925, 17.5491], [77.5917, 17.5327], [77.608, 17.5311], [77.6212, 17.5223], [77.6453, 17.5188], [77.6612, 17.5148], [77.6789, 17.5051], [77.688, 17.4985], [77.6847, 17.4852], [77.6649, 17.4763], [77.6481, 17.4812], [77.6528, 17.5033], [77.6442, 17.4949], [77.6404, 17.476], [77.6266, 17.4712], [77.6109, 17.4699], [77.6114, 17.4529], [77.6045, 17.4431], [77.5904, 17.4481], [77.5732, 17.4542], [77.572, 17.4386], [77.5578, 17.4353], [77.5335, 17.441], [77.5101, 17.4273], [77.5107, 17.4125], [77.5267, 17.406], [77.5213, 17.3863], [77.5302, 17.3779], [77.5208, 17.3621], [77.4991, 17.3541], [77.4826, 17.3545], [77.4724, 17.3632], [77.4516, 17.3705], [77.4498, 17.35], [77.4551, 17.3379], [77.4496, 17.3149], [77.4404, 17.2978], [77.434, 17.2883], [77.4528, 17.2866], [77.4497, 17.2699], [77.4374, 17.2614], [77.4226, 17.2533], [77.4178, 17.2328], [77.4055, 17.2374], [77.3923, 17.2286], [77.3804, 17.2198], [77.3932, 17.2115], [77.3915, 17.1924], [77.3767, 17.193], [77.3675, 17.1832], [77.3635, 17.1695], [77.3669, 17.1513], [77.3763, 17.1379], [77.3989, 17.1319], [77.4118, 17.1205], [77.4235, 17.1141], [77.4386, 17.1146], [77.4524, 17.1076], [77.4603, 17.0928], [77.4684, 17.0811], [77.4778, 17.0723], [77.4831, 17.0534], [77.4919, 17.0388], [77.492, 17.0217], [77.4994, 17.0073], [77.4832, 16.9987], [77.48, 16.9752], [77.4737, 16.9595], [77.4641, 16.9527], [77.466, 16.9346], [77.4677, 16.9171], [77.4534, 16.909], [77.4543, 16.8861], [77.4603, 16.8545], [77.4566, 16.8238], [77.4627, 16.8045], [77.4718, 16.7963], [77.4711, 16.7791], [77.4445, 16.78], [77.4372, 16.7631], [77.4353, 16.7495], [77.4313, 16.7364], [77.4263, 16.7228], [77.4333, 16.7091], [77.4454, 16.7138], [77.461, 16.7132], [77.4675, 16.7024], [77.465, 16.6783], [77.4464, 16.6742], [77.4372, 16.6666], [77.4166, 16.6628], [77.4212, 16.652], [77.4303, 16.6447], [77.4384, 16.6362], [77.4548, 16.6449], [77.4694, 16.6469], [77.4625, 16.6292], [77.4556, 16.62], [77.4636, 16.6048], [77.4588, 16.5921], [77.4433, 16.5821], [77.421, 16.5652], [77.4021, 16.5663], [77.3903, 16.5598], [77.4004, 16.5502], [77.4157, 16.544], [77.4153, 16.5178], [77.4006, 16.516], [77.3887, 16.5121], [77.3729, 16.506], [77.3673, 16.4938], [77.3582, 16.4831], [77.3436, 16.4849], [77.33, 16.4807], [77.3136, 16.4876], [77.2966, 16.4915], [77.292, 16.4736], [77.2515, 16.4679], [77.2389, 16.4729], [77.2525, 16.4533], [77.2644, 16.4301], [77.2748, 16.4177], [77.2847, 16.403], [77.307, 16.394], [77.3327, 16.3883], [77.3429, 16.3797], [77.3732, 16.3799], [77.3881, 16.3718], [77.4011, 16.366], [77.4222, 16.3628], [77.4352, 16.3727], [77.449, 16.3758], [77.4814, 16.3778], [77.4945, 16.3758], [77.5101, 16.3702], [77.5286, 16.3584], [77.5443, 16.3498], [77.5545, 16.3416], [77.5718, 16.336], [77.5864, 16.3379], [77.5866, 16.3205], [77.591, 16.3046], [77.5923, 16.2901], [77.5807, 16.2861], [77.5693, 16.2948], [77.5495, 16.2907], [77.5398, 16.2826], [77.5338, 16.2626], [77.5244, 16.2698], [77.5012, 16.2678], [77.4876, 16.2498], [77.4888, 16.2244], [77.5108, 16.2233], [77.5023, 16.2157], [77.4937, 16.2062], [77.4949, 16.1871], [77.4836, 16.1586], [77.4881, 16.1474], [77.4886, 16.1265], [77.4954, 16.1147], [77.5094, 16.1035], [77.4979, 16.0972], [77.4929, 16.0838], [77.5029, 16.0732], [77.4995, 16.0543], [77.4907, 16.0306], [77.4988, 16.0172], [77.5101, 16.0023], [77.5055, 15.9788], [77.5149, 15.9632], [77.5146, 15.9434], [77.5095, 15.9209], [77.4973, 15.9263], [77.4833, 15.9281], [77.467, 15.9276], [77.4525, 15.9315], [77.4365, 15.939], [77.4219, 15.9413], [77.4076, 15.9357], [77.3927, 15.9368], [77.3762, 15.9332], [77.3599, 15.9415], [77.3352, 15.9433], [77.3148, 15.9452], [77.3002, 15.9505], [77.2824, 15.9474], [77.2632, 15.9514], [77.2489, 15.9577], [77.2361, 15.9527], [77.2187, 15.9516], [77.203, 15.9499], [77.1878, 15.9507], [77.1707, 15.9456], [77.1434, 15.9406], [77.1299, 15.9304], [77.1046, 15.9245], [77.0901, 15.9179], [77.0768, 15.9097], [77.066, 15.8993], [77.0582, 15.8872], [77.0525, 15.8763], [77.041, 15.864], [77.0332, 15.8531], [77.0223, 15.8318], [77.0339, 15.8244], [77.0499, 15.8201], [77.0639, 15.8232], [77.0615, 15.7979], [77.0625, 15.7784], [77.0537, 15.7637], [77.0517, 15.7501], [77.0432, 15.7345], [77.063, 15.7237], [77.0763, 15.7214], [77.0844, 15.709], [77.0816, 15.6953], [77.1008, 15.6789], [77.1105, 15.6713], [77.1191, 15.6621], [77.1209, 15.6372], [77.1162, 15.6251], [77.1039, 15.6339], [77.0959, 15.6441], [77.0814, 15.6528], [77.0689, 15.6409], [77.036, 15.6324], [77.0284, 15.6068], [77.0244, 15.5844], [77.0289, 15.5251], [77.0287, 15.5086], [77.0054, 15.5028], [76.9909, 15.5011], [76.9719, 15.5063], [76.9704, 15.4909], [76.989, 15.4732], [77.0007, 15.4617], [77.0061, 15.4482], [77.0153, 15.4411], [77.0274, 15.4352], [77.031, 15.4183], [77.0285, 15.4013], [77.041, 15.3915], [77.0423, 15.3748], [77.038, 15.3588], [77.0578, 15.3432], [77.0631, 15.3281], [77.0993, 15.3266], [77.1102, 15.3207], [77.1154, 15.2898], [77.1388, 15.2855], [77.1487, 15.2779], [77.1452, 15.2661], [77.1577, 15.2604], [77.1653, 15.251], [77.1467, 15.2503], [77.1327, 15.2346], [77.1209, 15.2212], [77.1414, 15.2181], [77.15, 15.2079], [77.1558, 15.1943], [77.1615, 15.1822], [77.1645, 15.1685], [77.1588, 15.1579], [77.1455, 15.1507], [77.1321, 15.1427], [77.1528, 15.1316], [77.1477, 15.1073], [77.1394, 15.0999], [77.1276, 15.0936], [77.1255, 15.0682], [77.1209, 15.0551], [77.1161, 15.0401], [77.1096, 15.0286], [77.0908, 15.0277], [77.0805, 15.0079], [77.0686, 15.0011], [77.0509, 15.0043], [77.0464, 15.016], [77.0375, 15.0276], [77.0093, 15.0296], [76.9957, 15.0237], [76.9835, 15.0204], [76.9668, 15.0132], [76.9507, 15.0244], [76.9317, 15.0263], [76.9135, 15.031], [76.8962, 15.0319], [76.8767, 15.0287], [76.8698, 15.044], [76.8606, 15.0567], [76.8432, 15.0662], [76.8294, 15.0743], [76.8119, 15.0802], [76.7969, 15.0908], [76.7876, 15.0804], [76.7786, 15.0716], [76.7708, 15.0583], [76.775, 15.044], [76.7808, 15.0342], [76.7846, 15.0167], [76.7797, 15.0059], [76.7695, 15.0006], [76.7652, 14.9891], [76.7586, 14.9795], [76.7721, 14.9686], [76.7969, 14.9629], [76.8155, 14.9638], [76.8236, 14.9536], [76.8359, 14.9591], [76.8645, 14.964], [76.8655, 14.9376], [76.8635, 14.9156], [76.8603, 14.8912], [76.8461, 14.8903], [76.8509, 14.8728], [76.8494, 14.8387], [76.8401, 14.83], [76.8445, 14.8156], [76.8487, 14.804], [76.835, 14.8001], [76.8338, 14.7849], [76.8174, 14.7854], [76.7803, 14.7793], [76.7864, 14.7619], [76.795, 14.7411], [76.7855, 14.7071], [76.7811, 14.6905], [76.7713, 14.6738], [76.7695, 14.6563], [76.763, 14.6119], [76.7609, 14.5963], [76.7728, 14.5872], [76.7841, 14.562], [76.7947, 14.5407], [76.7997, 14.5277], [76.8109, 14.5238], [76.8276, 14.5231], [76.8439, 14.5091], [76.8542, 14.4989], [76.8604, 14.4871], [76.8638, 14.4747], [76.8803, 14.4705], [76.8943, 14.4808], [76.9065, 14.4842], [76.9454, 14.4822], [76.9691, 14.4791], [76.9644, 14.4517], [76.9438, 14.4451], [76.9443, 14.4252], [76.9447, 14.4089], [76.9368, 14.4013], [76.919, 14.4115], [76.9012, 14.3983], [76.8868, 14.3925], [76.8786, 14.3514], [76.8854, 14.3396], [76.899, 14.3192], [76.9168, 14.3123], [76.9366, 14.3084], [76.9467, 14.3004], [76.9487, 14.2868], [76.9355, 14.2766], [76.9249, 14.2722], [76.9336, 14.2535], [76.9378, 14.2401], [76.9514, 14.2342], [76.9697, 14.2352], [76.9825, 14.2382], [76.9928, 14.233], [77.0125, 14.2351], [77.033, 14.2405], [77.0496, 14.2395], [77.0602, 14.2242], [77.0753, 14.2094], [77.0952, 14.2095], [77.1099, 14.2215], [77.113, 14.2399], [77.1155, 14.2568], [77.1105, 14.2749], [77.1173, 14.2914], [77.1258, 14.3015], [77.1309, 14.3138], [77.1319, 14.3306], [77.1464, 14.3322], [77.1598, 14.3362], [77.1719, 14.3302], [77.1964, 14.3143], [77.2229, 14.315], [77.2451, 14.3145], [77.2579, 14.3257], [77.2733, 14.3318], [77.2827, 14.3023], [77.2796, 14.2761], [77.2955, 14.2765], [77.3206, 14.2735], [77.3434, 14.2705], [77.3593, 14.2693], [77.3592, 14.2436], [77.3554, 14.23], [77.3643, 14.2233], [77.3766, 14.2167], [77.3801, 14.2026], [77.3912, 14.1909], [77.4149, 14.2032], [77.4091, 14.2236], [77.4062, 14.2367], [77.401, 14.2604], [77.3843, 14.2656], [77.3812, 14.283], [77.375, 14.2952], [77.3788, 14.3171], [77.3949, 14.3292], [77.4093, 14.3271], [77.4207, 14.322], [77.4275, 14.3049], [77.4423, 14.3098], [77.4424, 14.2909], [77.4547, 14.2722], [77.4684, 14.2794], [77.4791, 14.2837], [77.4921, 14.2713], [77.4994, 14.2605], [77.4963, 14.2404], [77.4901, 14.2276], [77.4931, 14.214], [77.4997, 14.2045], [77.5041, 14.1807], [77.5068, 14.1642], [77.5004, 14.151], [77.4633, 14.1642], [77.4235, 14.1651], [77.4097, 14.1697], [77.3975, 14.1665], [77.3896, 14.1535], [77.3787, 14.1383], [77.365, 14.1271], [77.3477, 14.1243], [77.3465, 14.1104], [77.3445, 14.096], [77.3525, 14.1054], [77.3733, 14.1126], [77.3897, 14.1186], [77.3954, 14.1034], [77.3857, 14.0935], [77.3724, 14.0719], [77.3614, 14.066], [77.3501, 14.0534], [77.3345, 14.0478], [77.3262, 14.0229], [77.3441, 14.0191], [77.3623, 14.016], [77.3751, 14.0121], [77.3799, 13.9933], [77.3732, 13.9817], [77.3757, 13.9691], [77.3865, 13.974], [77.4102, 13.9769], [77.4266, 13.9733], [77.4309, 13.962], [77.4287, 13.9433], [77.4077, 13.9361], [77.4084, 13.9216], [77.4225, 13.9119], [77.419, 13.8949], [77.4085, 13.8888], [77.3971, 13.8805], [77.3904, 13.8977], [77.3588, 13.8956], [77.3459, 13.9033], [77.3526, 13.9285], [77.3626, 13.9423], [77.3437, 13.9509], [77.3534, 13.9763], [77.3457, 13.9856], [77.3303, 13.9904], [77.3241, 14.0053], [77.317, 14.0153], [77.3036, 14.0267], [77.2923, 14.0145], [77.2785, 14.0069], [77.2715, 14.0281], [77.2558, 14.021], [77.2426, 14.0063], [77.2273, 14.008], [77.2077, 14.0049], [77.1946, 14.0029], [77.1714, 14.0086], [77.1628, 13.9978], [77.1544, 13.9906], [77.1395, 13.9972], [77.134, 14.0097], [77.1278, 14.0186], [77.1247, 14.0347], [77.1102, 14.042], [77.0908, 14.0383], [77.0695, 14.0394], [77.0512, 14.0496], [77.0349, 14.0514], [77.0202, 14.0614], [77.0245, 14.0772], [77.0147, 14.0887], [77.0083, 14.0981], [77.0166, 14.1061], [77.0203, 14.1223], [77.0149, 14.1322], [77.016, 14.1527], [77.0211, 14.1643], [77.014, 14.173], [76.9944, 14.1738], [76.9782, 14.1729], [76.9585, 14.1755], [76.9491, 14.1838], [76.9392, 14.1677], [76.923, 14.1634], [76.8968, 14.1619], [76.8892, 14.1509], [76.8869, 14.1362], [76.8985, 14.1269], [76.9125, 14.1221], [76.9224, 14.129], [76.9374, 14.1152], [76.9466, 14.103], [76.9463, 14.0853], [76.9601, 14.083], [76.9718, 14.0757], [76.9742, 14.0577], [76.9497, 14.0478], [76.9337, 14.0407], [76.9311, 14.0227], [76.9423, 14.0155], [76.9642, 14.0022], [76.9752, 13.9966], [76.985, 13.9875], [76.9944, 13.9815], [76.9902, 13.9703], [76.9943, 13.9534], [77.0081, 13.9474], [77.0186, 13.9348], [77.0358, 13.9256], [77.0413, 13.8974], [77.0173, 13.8934], [77.0117, 13.8714], [77.0071, 13.8542], [76.9941, 13.839], [76.984, 13.8277], [76.9716, 13.8189], [76.98, 13.8072], [76.9858, 13.793], [76.9844, 13.7766], [76.989, 13.7602], [76.9917, 13.7453], [77.0019, 13.7367], [77.0138, 13.7475], [77.0184, 13.7617], [77.0264, 13.7714], [77.0473, 13.7561], [77.0547, 13.7445], [77.0715, 13.7387], [77.0793, 13.746], [77.0858, 13.7581], [77.1109, 13.7546], [77.1235, 13.7509], [77.1375, 13.7557], [77.1582, 13.7549], [77.1696, 13.7614], [77.1641, 13.7804], [77.156, 13.7933], [77.1562, 13.8113], [77.1622, 13.8207], [77.1479, 13.8289], [77.1405, 13.8379], [77.1253, 13.843], [77.1394, 13.859], [77.1625, 13.857], [77.1624, 13.8763], [77.157, 13.8913], [77.1596, 13.9085], [77.1701, 13.9163], [77.1816, 13.9108], [77.1813, 13.8912], [77.1782, 13.8714], [77.1927, 13.8562], [77.201, 13.8665], [77.2049, 13.8812], [77.2081, 13.8604], [77.217, 13.8693], [77.2209, 13.8818], [77.2255, 13.8955], [77.2401, 13.8941], [77.2392, 13.8736], [77.2437, 13.8603], [77.2504, 13.8395], [77.2751, 13.8428], [77.2897, 13.85], [77.3069, 13.8572], [77.3162, 13.8397], [77.32, 13.8258], [77.3347, 13.8294], [77.347, 13.8396], [77.3595, 13.8457], [77.3731, 13.8382], [77.3898, 13.8329], [77.4039, 13.8314], [77.4187, 13.8335], [77.4151, 13.8154], [77.4082, 13.8025], [77.4195, 13.7958], [77.4287, 13.788], [77.4355, 13.7992], [77.4556, 13.7998], [77.4508, 13.7855], [77.4587, 13.7498], [77.4601, 13.7339], [77.4568, 13.7126], [77.446, 13.7006], [77.4498, 13.6758], [77.4765, 13.6776], [77.4851, 13.6867], [77.4797, 13.7032], [77.5028, 13.7044], [77.5069, 13.6927], [77.5215, 13.6879], [77.5278, 13.707], [77.5266, 13.7253], [77.5151, 13.737], [77.5295, 13.7459], [77.5416, 13.7349], [77.5481, 13.7204], [77.5666, 13.7294], [77.5815, 13.7306], [77.5956, 13.7436], [77.6156, 13.7284], [77.6336, 13.7328], [77.6126, 13.7469], [77.6143, 13.7603], [77.6491, 13.7758], [77.6702, 13.7775], [77.6698, 13.7626], [77.6637, 13.7523], [77.6788, 13.7557], [77.6955, 13.7614], [77.7022, 13.731], [77.711, 13.7377], [77.7131, 13.7507], [77.7128, 13.7747], [77.7129, 13.7905], [77.7284, 13.8017], [77.7482, 13.8062], [77.7692, 13.8085], [77.7804, 13.8167], [77.7741, 13.8317], [77.7864, 13.8399], [77.8028, 13.8407], [77.8108, 13.8521], [77.8277, 13.8606], [77.825, 13.8799], [77.8147, 13.8911], [77.8074, 13.9032], [77.8064, 13.9176], [77.8142, 13.931], [77.8301, 13.9272], [77.846, 13.9283], [77.8624, 13.9268], [77.887, 13.9312], [77.8897, 13.9114], [77.9005, 13.9023], [77.9116, 13.8972], [77.9297, 13.9088], [77.9356, 13.9179], [77.946, 13.9284], [77.9543, 13.937], [77.9613, 13.95], [77.9786, 13.9477], [77.9735, 13.9242], [77.9747, 13.9053], [77.978, 13.8933], [77.9495, 13.8845], [77.9418, 13.8711], [77.9457, 13.8398], [77.9481, 13.8248], [77.9658, 13.8202], [77.9812, 13.8488], [77.9852, 13.8617], [78.0048, 13.8617], [78.0156, 13.8544], [78.0378, 13.8529], [78.0429, 13.8638], [78.0412, 13.8867], [78.0547, 13.8794], [78.068, 13.8745], [78.0749, 13.8549], [78.0974, 13.8528], [78.1135, 13.8409], [78.1173, 13.8218], [78.1077, 13.8036], [78.1152, 13.7877], [78.111, 13.7618], [78.1012, 13.753], [78.0893, 13.7431], [78.0933, 13.7276], [78.1004, 13.718], [78.1094, 13.7102], [78.1054, 13.6844], [78.0852, 13.6806], [78.0641, 13.6882], [78.0609, 13.6718], [78.0728, 13.6552], [78.0797, 13.6445], [78.0863, 13.6335], [78.1074, 13.6471], [78.1232, 13.6489], [78.1462, 13.6497], [78.159, 13.6452], [78.1605, 13.6234], [78.1858, 13.6212], [78.1954, 13.6015], [78.1886, 13.5884], [78.1795, 13.5789], [78.1801, 13.5642], [78.189, 13.5564], [78.2024, 13.568], [78.2085, 13.5819], [78.2226, 13.5771], [78.2277, 13.5872], [78.2497, 13.5743], [78.2654, 13.5782], [78.2806, 13.5777], [78.3125, 13.5835], [78.3437, 13.5778], [78.3614, 13.5789], [78.3803, 13.5813], [78.3939, 13.5707], [78.386, 13.544], [78.3731, 13.5123], [78.3696, 13.4999], [78.3674, 13.482], [78.3673, 13.4669], [78.3626, 13.4521], [78.3642, 13.4379], [78.3673, 13.415], [78.3713, 13.3972], [78.3687, 13.3798], [78.3598, 13.3643], [78.3564, 13.3467], [78.3748, 13.3464], [78.3849, 13.3382], [78.3974, 13.3323], [78.3884, 13.3185], [78.379, 13.3245], [78.3713, 13.3324], [78.367, 13.32], [78.3791, 13.3169], [78.3913, 13.3037], [78.4071, 13.3101], [78.4153, 13.3171], [78.4303, 13.3078], [78.436, 13.2983], [78.4479, 13.3028], [78.4605, 13.3079], [78.4702, 13.2939], [78.4835, 13.2881], [78.4952, 13.2792], [78.5039, 13.2724], [78.512, 13.26], [78.5256, 13.2693], [78.5356, 13.2761], [78.5472, 13.2727], [78.5532, 13.2846], [78.5557, 13.2994], [78.5616, 13.288], [78.5672, 13.2718], [78.5775, 13.2621], [78.5722, 13.2486], [78.5632, 13.2384], [78.5589, 13.2271], [78.5572, 13.212], [78.5687, 13.2043], [78.5584, 13.1922], [78.5409, 13.1873], [78.5535, 13.1799], [78.5647, 13.174], [78.5691, 13.1565], [78.5581, 13.1523], [78.5388, 13.1516], [78.5327, 13.1421], [78.5214, 13.1291], [78.5129, 13.1202], [78.5111, 13.1063], [78.5224, 13.0997], [78.5148, 13.0911], [78.5019, 13.0817], [78.4986, 13.0698], [78.5048, 13.0594], [78.4879, 13.0497], [78.4774, 13.0432], [78.4647, 13.0349], [78.4516, 13.0315], [78.4504, 13.0149], [78.4554, 12.9901], [78.4614, 12.9791], [78.4579, 12.9632], [78.4336, 12.9688], [78.4219, 12.9627], [78.4274, 12.9505], [78.4246, 12.9382], [78.4214, 12.9235], [78.4345, 12.9083], [78.4491, 12.8967], [78.4583, 12.8797], [78.4542, 12.8532], [78.4464, 12.8747], [78.4383, 12.8862], [78.4358, 12.9007], [78.4247, 12.8934], [78.4115, 12.8909], [78.3995, 12.8962], [78.3884, 12.9055], [78.3834, 12.8954], [78.3687, 12.9018], [78.361, 12.9116], [78.3454, 12.9281], [78.3383, 12.9158], [78.3272, 12.8892], [78.3124, 12.8833], [78.3214, 12.8717], [78.311, 12.8654], [78.3031, 12.8472], [78.2757, 12.8492], [78.2626, 12.8566], [78.2538, 12.8496], [78.2419, 12.8123], [78.2354, 12.7876], [78.2295, 12.762], [78.2207, 12.7526], [78.2023, 12.7551], [78.1902, 12.7611], [78.1753, 12.7633], [78.1581, 12.7602], [78.143, 12.7666], [78.1271, 12.7702], [78.1178, 12.7799], [78.1095, 12.7914], [78.0977, 12.7959], [78.0865, 12.8033], [78.0761, 12.8205], [78.0664, 12.8267], [78.0514, 12.8323], [78.042, 12.8421], [78.0222, 12.8412], [78.0091, 12.8337], [78.0071, 12.82], [77.9933, 12.8137], [78.0033, 12.8058], [77.9897, 12.7972], [77.9813, 12.8104], [77.9736, 12.8182], [77.9575, 12.8215], [77.958, 12.8363], [77.9486, 12.8481], [77.9335, 12.8448], [77.9399, 12.8293], [77.933, 12.8129], [77.9208, 12.8162], [77.9092, 12.822], [77.9149, 12.839], [77.9278, 12.8505], [77.9336, 12.8617], [77.9197, 12.8635], [77.9287, 12.8714], [77.9177, 12.8784], [77.9022, 12.8734], [77.8875, 12.8669], [77.878, 12.8593], [77.8622, 12.8569], [77.8441, 12.8559], [77.8309, 12.8579], [77.8221, 12.8498], [77.809, 12.8427], [77.792, 12.8398], [77.7836, 12.8283], [77.7923, 12.8214], [77.7987, 12.8118], [77.7914, 12.7963], [77.7995, 12.7869], [77.7879, 12.7813], [77.7815, 12.771], [77.7716, 12.7598], [77.7783, 12.7479], [77.767, 12.7296], [77.7531, 12.7251], [77.763, 12.7145], [77.7573, 12.704], [77.7502, 12.6872], [77.7336, 12.6915], [77.7309, 12.678], [77.7232, 12.6632], [77.7141, 12.6703], [77.7018, 12.6583], [77.6875, 12.6519], [77.6733, 12.6504], [77.6693, 12.6619], [77.6543, 12.6742], [77.6388, 12.6701], [77.6094, 12.6634], [77.5978, 12.659], [77.5893, 12.6483], [77.5917, 12.6328], [77.5978, 12.621], [77.5854, 12.6119], [77.5815, 12.5842], [77.5742, 12.5672], [77.5724, 12.5404], [77.5776, 12.5235], [77.5785, 12.507], [77.5952, 12.5037], [77.6064, 12.4998], [77.5825, 12.4763], [77.5754, 12.4684], [77.5966, 12.4646], [77.6108, 12.478], [77.6252, 12.4773], [77.6217, 12.4544], [77.6201, 12.4381], [77.6169, 12.4246], [77.6201, 12.4085], [77.6133, 12.3978], [77.6099, 12.3736], [77.6063, 12.3603], [77.6002, 12.3512], [77.5862, 12.3363], [77.5753, 12.3263], [77.566, 12.3167], [77.5561, 12.2972], [77.5452, 12.2927], [77.5395, 12.2824], [77.5235, 12.281], [77.5183, 12.2695], [77.5021, 12.2663], [77.4932, 12.2728], [77.4784, 12.2697], [77.4702, 12.2619], [77.4667, 12.2485], [77.463, 12.2358], [77.4737, 12.2249], [77.4684, 12.2102], [77.4749, 12.1958], [77.4925, 12.1872], [77.5113, 12.184], [77.5245, 12.1882], [77.5385, 12.1945], [77.5558, 12.1871], [77.5842, 12.1888], [77.5966, 12.1953], [77.6105, 12.1916], [77.6256, 12.1897], [77.6447, 12.1886], [77.6681, 12.1837], [77.7013, 12.1726], [77.7195, 12.1715], [77.7291, 12.16], [77.7391, 12.1479], [77.7403, 12.1293], [77.7528, 12.118], [77.767, 12.1091], [77.7628, 12.0975], [77.7505, 12.0805], [77.7461, 12.0693], [77.734, 12.0602], [77.7204, 12.0534], [77.7126, 12.0414], [77.7016, 12.0271], [77.6941, 12.0152], [77.6812, 11.9912], [77.6671, 11.9589], [77.6647, 11.9397], [77.6468, 11.9387], [77.6302, 11.938], [77.6152, 11.9342], [77.6037, 11.9303], [77.5914, 11.9263], [77.5733, 11.924], [77.548, 11.9307], [77.5313, 11.9265], [77.514, 11.9257], [77.4904, 11.9297], [77.4822, 11.9121], [77.4773, 11.8953], [77.4769, 11.876], [77.4674, 11.8832], [77.4539, 11.8906], [77.453, 11.8759], [77.4539, 11.8573], [77.451, 11.8443], [77.4516, 11.8234], [77.4465, 11.8115], [77.4409, 11.7913], [77.4321, 11.7789], [77.4238, 11.7661], [77.4193, 11.7507], [77.4125, 11.7623], [77.3819, 11.7762], [77.3622, 11.7758], [77.3509, 11.7686], [77.3261, 11.7589], [77.3136, 11.77], [77.3062, 11.7787], [77.2905, 11.7942], [77.2783, 11.7897], [77.2485, 11.8009], [77.2371, 11.7882], [77.2164, 11.7848], [77.1897, 11.7828], [77.1723, 11.7757], [77.1554, 11.7743], [77.1372, 11.772], [77.131, 11.7624], [77.1139, 11.7618], [77.1057, 11.7506], [77.1054, 11.7316], [77.1093, 11.7128], [77.0963, 11.7231], [77.0759, 11.7239], [77.0501, 11.7577], [77.0619, 11.7721], [77.0525, 11.7792], [77.0276, 11.7617], [77.0303, 11.7783], [77.0228, 11.795], [77.0088, 11.797], [76.9904, 11.7993], [76.9728, 11.8011], [76.9654, 11.7765], [76.9596, 11.7652], [76.9503, 11.7754], [76.9403, 11.781], [76.9135, 11.7804], [76.8997, 11.7833], [76.8915, 11.7701], [76.8885, 11.7504], [76.8817, 11.7301], [76.8756, 11.7179], [76.8646, 11.7105], [76.8536, 11.6988], [76.8491, 11.6872], [76.8414, 11.6698], [76.8357, 11.6561], [76.8285, 11.6441], [76.8297, 11.6293], [76.8388, 11.6234], [76.8458, 11.6116], [76.8473, 11.5886], [76.8373, 11.5745], [76.8335, 11.587], [76.8165, 11.5972], [76.7908, 11.5997], [76.7738, 11.6034], [76.7514, 11.6067], [76.7354, 11.6052], [76.7202, 11.6051], [76.6931, 11.6044], [76.6644, 11.6051], [76.6337, 11.6035], [76.6079, 11.6004], [76.5883, 11.6044], [76.5601, 11.6101], [76.5532, 11.6195], [76.5471, 11.6358], [76.5431, 11.6565], [76.5404, 11.6705], [76.5247, 11.686], [76.5131, 11.6942], [76.4878, 11.6855], [76.4738, 11.6842], [76.4666, 11.6723], [76.4514, 11.6551], [76.4313, 11.6566], [76.4176, 11.6634], [76.4074, 11.6695], [76.4022, 11.6831], [76.4029, 11.6995], [76.4111, 11.7099], [76.419, 11.7215], [76.412, 11.7343], [76.4077, 11.7533], [76.3907, 11.7429], [76.3723, 11.7362], [76.356, 11.7399], [76.3463, 11.7305], [76.3243, 11.7387], [76.3105, 11.7439], [76.3031, 11.7696], [76.2947, 11.7781], [76.2837, 11.7849], [76.2751, 11.8008], [76.2531, 11.7998], [76.2321, 11.7965], [76.2185, 11.8], [76.212, 11.8143], [76.2072, 11.8318], [76.2034, 11.8491], [76.184, 11.8638], [76.1626, 11.86], [76.139, 11.8571], [76.1256, 11.8448], [76.1081, 11.8512], [76.1087, 11.8706], [76.1086, 11.9281], [76.1079, 11.9706], [76.0913, 11.9616], [76.0728, 11.9613], [76.0478, 11.9445], [76.0296, 11.9328], [76.0139, 11.9333], [75.9982, 11.9236], [75.9834, 11.9254], [75.9679, 11.927], [75.9549, 11.9315], [75.9372, 11.9328], [75.9196, 11.9356], [75.9038, 11.9348], [75.8897, 11.9381], [75.8767, 11.9407], [75.8659, 11.9456], [75.8511, 11.957], [75.8444, 11.9703], [75.8306, 11.9746], [75.8244, 11.9843], [75.8275, 12.0029], [75.8119, 12.0161], [75.8, 12.0303], [75.7933, 12.0475], [75.8017, 12.068], [75.7896, 12.0746], [75.7679, 12.0775], [75.7519, 12.0774], [75.7389, 12.0722], [75.728, 12.0641], [75.7142, 12.0692], [75.7065, 12.0828], [75.7016, 12.1003], [75.6842, 12.1022], [75.6783, 12.0931], [75.6624, 12.0912], [75.6528, 12.1013], [75.6475, 12.1148], [75.6439, 12.1271], [75.6368, 12.1404], [75.6171, 12.1489], [75.6021, 12.1468], [75.5872, 12.1483], [75.5704, 12.1655], [75.5553, 12.1763], [75.5488, 12.1884], [75.5379, 12.1954], [75.5379, 12.2111], [75.5253, 12.2196], [75.5185, 12.2306], [75.5131, 12.2493], [75.5039, 12.2597], [75.494, 12.2651], [75.4867, 12.2815], [75.4672, 12.2954], [75.4584, 12.2886], [75.4414, 12.29], [75.4237, 12.287], [75.4304, 12.2995], [75.4231, 12.3081], [75.4163, 12.3215], [75.4112, 12.3378], [75.4177, 12.3484], [75.4214, 12.3619], [75.4115, 12.3746], [75.3971, 12.3752], [75.3858, 12.3856], [75.3762, 12.3925], [75.3697, 12.4018], [75.3705, 12.4289], [75.3694, 12.4456], [75.3858, 12.4507], [75.4035, 12.4476], [75.4147, 12.4541], [75.4243, 12.4663], [75.4202, 12.4797], [75.4145, 12.4967], [75.4042, 12.4896], [75.3973, 12.4978], [75.3866, 12.4919], [75.3722, 12.4855], [75.3721, 12.4688], [75.3594, 12.46], [75.3409, 12.456], [75.3383, 12.4733], [75.3348, 12.4902], [75.3206, 12.4913], [75.3101, 12.4958], [75.3047, 12.5173], [75.2918, 12.5207], [75.2724, 12.5399], [75.2709, 12.5535], [75.2768, 12.5641], [75.2914, 12.5749], [75.3098, 12.5716], [75.3263, 12.5744], [75.3185, 12.5851], [75.3056, 12.5949], [75.2911, 12.5966], [75.281, 12.608], [75.2679, 12.6057], [75.2621, 12.593], [75.2502, 12.5792], [75.24, 12.574], [75.2363, 12.5618], [75.2169, 12.5711], [75.2108, 12.584], [75.2073, 12.5999], [75.1995, 12.6131], [75.1944, 12.6254], [75.1775, 12.6222], [75.1628, 12.6176], [75.1477, 12.6287], [75.1412, 12.6378], [75.1512, 12.6434], [75.1613, 12.6641], [75.1507, 12.6689], [75.1392, 12.6728], [75.1208, 12.6736], [75.1087, 12.6849], [75.0993, 12.6934], [75.0861, 12.6978], [75.0874, 12.676], [75.0794, 12.6666], [75.0703, 12.658], [75.0553, 12.6601], [75.0431, 12.6706], [75.0447, 12.6874], [75.0522, 12.6982], [75.0497, 12.7147], [75.0381, 12.7186], [75.0257, 12.7143], [75.0143, 12.7078], [75.0031, 12.7137], [75.0122, 12.7228], [75.0002, 12.7274], [74.9884, 12.7319], [74.9953, 12.7448], [75.0043, 12.754], [75.0052, 12.7693], [75.0053, 12.7855], [74.9923, 12.7905], [74.9873, 12.7779], [74.9707, 12.7726], [74.9603, 12.779], [74.9373, 12.7722], [74.9091, 12.763], [74.8978, 12.7554], [74.8856, 12.7488], [74.8759, 12.7553], [74.8657, 12.7604], [74.8601, 12.7704], [74.8557, 12.7815], [74.8496, 12.7904], [74.8443, 12.8001], [74.8404, 12.8115], [74.8365, 12.8229], [74.8326, 12.8346], [74.8288, 12.8465], [74.8213, 12.8568], [74.8182, 12.8688], [74.816, 12.8821], [74.8129, 12.894], [74.8104, 12.9074], [74.8071, 12.9193], [74.8174, 12.9246], [74.8065, 12.929], [74.8032, 12.9415], [74.8007, 12.9551], [74.7982, 12.9685], [74.7954, 12.981], [74.7926, 12.9943], [74.789, 13.0076], [74.7862, 13.0199], [74.784, 13.0329], [74.781, 13.0451], [74.7787, 13.0579], [74.7763, 13.0708], [74.7812, 13.0604], [74.7793, 13.0743], [74.7815, 13.0871], [74.7843, 13.0996], [74.7796, 13.0893], [74.7701, 13.0949], [74.7674, 13.1082], [74.7643, 13.1218], [74.7613, 13.1343], [74.7585, 13.1471], [74.7554, 13.1599], [74.7521, 13.1724], [74.7482, 13.1837], [74.7435, 13.1949], [74.741, 13.2076], [74.7385, 13.2201], [74.7349, 13.2315], [74.7324, 13.2451], [74.7299, 13.2576], [74.7268, 13.2701], [74.7224, 13.2807], [74.7196, 13.2943], [74.7176, 13.3082], [74.714, 13.3215], [74.7096, 13.3324], [74.7024, 13.3404], [74.6935, 13.3465], [74.7038, 13.3415], [74.711, 13.3335], [74.7157, 13.3229], [74.7179, 13.3099], [74.7201, 13.2965], [74.7221, 13.2835], [74.7335, 13.2874], [74.7232, 13.2926], [74.7221, 13.3065], [74.7196, 13.319], [74.7157, 13.3301], [74.7115, 13.3413], [74.6996, 13.3451], [74.6976, 13.359], [74.6971, 13.374], [74.6963, 13.3904], [74.6971, 13.4065], [74.6954, 13.421], [74.6943, 13.4385], [74.6943, 13.454], [74.6901, 13.4649], [74.6888, 13.4787], [74.6876, 13.4926], [74.6857, 13.5093], [74.6843, 13.5229], [74.6826, 13.5365], [74.681, 13.5507], [74.6787, 13.5651], [74.6768, 13.5785], [74.6746, 13.5915], [74.6724, 13.6051], [74.6699, 13.6176], [74.6693, 13.6321], [74.6649, 13.6429], [74.6618, 13.6549], [74.6546, 13.6629], [74.6496, 13.6732], [74.6451, 13.684], [74.6432, 13.6976], [74.6413, 13.711], [74.639, 13.7246], [74.6368, 13.7382], [74.6343, 13.7518], [74.6318, 13.7646], [74.629, 13.7804], [74.6257, 13.7924], [74.6224, 13.8054], [74.6199, 13.8179], [74.6168, 13.8301], [74.6137, 13.8422], [74.6104, 13.854], [74.6071, 13.866], [74.6121, 13.8551], [74.6218, 13.8493], [74.6135, 13.8563], [74.6099, 13.8679], [74.6015, 13.8749], [74.5965, 13.8851], [74.5929, 13.8977], [74.5899, 13.9099], [74.5857, 13.921], [74.5779, 13.9285], [74.5732, 13.9393], [74.5674, 13.9485], [74.5543, 13.951], [74.5449, 13.9568], [74.5385, 13.9654], [74.5299, 13.9718], [74.5221, 13.979], [74.5146, 13.9876], [74.511, 13.999], [74.5074, 14.011], [74.5024, 14.021], [74.511, 14.0279], [74.5071, 14.039], [74.5026, 14.0279], [74.5004, 14.0432], [74.4976, 14.0557], [74.4946, 14.069], [74.4915, 14.081], [74.4879, 14.0926], [74.4879, 14.1104], [74.4837, 14.1212], [74.481, 14.1343], [74.4785, 14.1474], [74.4757, 14.1604], [74.4729, 14.1732], [74.4699, 14.1854], [74.4665, 14.1974], [74.4538, 14.1999], [74.4504, 14.2115], [74.444, 14.2204], [74.4413, 14.2332], [74.4374, 14.2443], [74.4337, 14.256], [74.4296, 14.2671], [74.426, 14.2793], [74.424, 14.2926], [74.4193, 14.3032], [74.4146, 14.3138], [74.4129, 14.3274], [74.4096, 14.3393], [74.4076, 14.3526], [74.4049, 14.3654], [74.4035, 14.3796], [74.4004, 14.3918], [74.3968, 14.4035], [74.3938, 14.4162], [74.3824, 14.4204], [74.3824, 14.436], [74.3801, 14.4488], [74.376, 14.4607], [74.3718, 14.4715], [74.3674, 14.4824], [74.3626, 14.4929], [74.3554, 14.501], [74.3587, 14.5132], [74.3649, 14.5221], [74.3785, 14.5237], [74.3746, 14.5349], [74.3826, 14.5276], [74.3838, 14.5435], [74.3763, 14.5512], [74.3651, 14.5551], [74.3718, 14.5635], [74.3574, 14.5629], [74.3601, 14.5504], [74.3507, 14.5446], [74.3454, 14.5565], [74.341, 14.5674], [74.3388, 14.5546], [74.3454, 14.546], [74.3521, 14.5376], [74.3557, 14.5251], [74.3451, 14.5204], [74.3329, 14.5174], [74.3187, 14.5196], [74.3143, 14.5307], [74.3135, 14.5454], [74.309, 14.556], [74.3043, 14.5668], [74.2999, 14.5776], [74.2951, 14.5879], [74.2932, 14.6015], [74.2838, 14.6071], [74.2785, 14.6168], [74.2735, 14.6271], [74.284, 14.634], [74.2824, 14.6485], [74.2787, 14.6599], [74.2812, 14.6726], [74.2782, 14.6849], [74.2729, 14.6949], [74.2671, 14.7043], [74.2637, 14.7171], [74.2579, 14.7268], [74.2507, 14.7349], [74.2438, 14.7432], [74.2326, 14.7479], [74.2282, 14.7371], [74.2151, 14.7351], [74.2038, 14.7312], [74.2085, 14.7199], [74.1976, 14.7243], [74.1929, 14.7351], [74.186, 14.7432], [74.1762, 14.7499], [74.1637, 14.7529], [74.1682, 14.7635], [74.1599, 14.7549], [74.1532, 14.746], [74.156, 14.7585], [74.1507, 14.7685], [74.1438, 14.7768], [74.1324, 14.7804], [74.1218, 14.7746], [74.1185, 14.7865], [74.109, 14.7932], [74.0987, 14.7985], [74.1062, 14.8063], [74.1118, 14.7968], [74.1212, 14.8024], [74.1257, 14.8137], [74.1251, 14.8282], [74.1296, 14.8401], [74.1229, 14.8485], [74.1118, 14.856], [74.1079, 14.8674], [74.1029, 14.8776], [74.1004, 14.891], [74.1042, 14.9038], [74.1131, 14.9112], [74.1265, 14.9132], [74.1362, 14.9197], [74.1539, 14.9173], [74.1698, 14.9093], [74.166, 14.9368], [74.1722, 14.951], [74.1866, 14.9534], [74.1974, 14.9433], [74.2041, 14.9321], [74.2118, 14.9214], [74.2193, 14.9314], [74.2247, 14.9413], [74.2417, 14.9465], [74.2464, 14.9587], [74.2621, 14.9576], [74.2701, 14.9666], [74.2617, 14.9908], [74.2716, 14.9977], [74.2764, 15.0096], [74.2898, 15.0216], [74.2931, 15.0337], [74.3023, 15.0399], [74.295, 15.0543], [74.289, 15.0658], [74.2838, 15.094], [74.2882, 15.1056], [74.2931, 15.12], [74.2912, 15.1354], [74.2978, 15.1463], [74.3109, 15.162], [74.3181, 15.1753], [74.317, 15.1911], [74.3145, 15.2056], [74.3067, 15.219], [74.2943, 15.232], [74.2787, 15.2372], [74.2635, 15.2419], [74.2575, 15.2576], [74.2702, 15.2609], [74.2766, 15.2744], [74.2891, 15.2791], [74.3023, 15.2859], [74.3184, 15.2819], [74.3341, 15.2829], [74.3417, 15.2929], [74.328, 15.3133], [74.3233, 15.3296], [74.3284, 15.3434], [74.3226, 15.3573], [74.3284, 15.3673], [74.3128, 15.3749], [74.29, 15.3812], [74.2845, 15.4015], [74.2774, 15.4149], [74.2827, 15.4333], [74.2799, 15.4508], [74.2726, 15.4652], [74.2563, 15.4895], [74.2608, 15.5008], [74.2819, 15.513], [74.2873, 15.526], [74.2829, 15.5416], [74.2726, 15.5543], [74.2543, 15.5658], [74.2564, 15.5826], [74.2652, 15.5902], [74.2685, 15.6096], [74.2625, 15.6229], [74.2572, 15.6339], [74.2553, 15.6542], [74.245, 15.6656], [74.2241, 15.6589], [74.2132, 15.649], [74.1963, 15.6649], [74.1977, 15.6789], [74.183, 15.6774], [74.1734, 15.6521], [74.155, 15.6498], [74.129, 15.6502], [74.1121, 15.655], [74.098, 15.666], [74.1175, 15.6708], [74.1336, 15.6784], [74.1404, 15.6946], [74.1355, 15.7093], [74.1405, 15.7217], [74.1474, 15.7301], [74.1601, 15.7343], [74.1677, 15.7492], [74.1971, 15.7502], [74.2113, 15.7586], [74.2157, 15.7739], [74.2273, 15.7857], [74.2403, 15.7807], [74.2352, 15.7596], [74.2439, 15.7444], [74.2589, 15.7434], [74.2709, 15.7519], [74.2849, 15.7433], [74.313, 15.7483], [74.3241, 15.7565], [74.3276, 15.7682], [74.3423, 15.7655], [74.3649, 15.7737], [74.3755, 15.7967], [74.374, 15.8104], [74.3734, 15.8258], [74.3863, 15.8333], [74.3538, 15.8481], [74.3641, 15.8702], [74.3706, 15.88], [74.3741, 15.8916], [74.3831, 15.8778], [74.3879, 15.8639], [74.3934, 15.8518], [74.4116, 15.8526], [74.3992, 15.8743], [74.4016, 15.8873], [74.3923, 15.8993], [74.402, 15.9111], [74.4123, 15.9252], [74.4352, 15.9512], [74.4423, 15.9655], [74.45, 15.9832], [74.4497, 15.9985], [74.4564, 16.0089], [74.4639, 16.0226], [74.4703, 16.0405], [74.4559, 16.0522], [74.4405, 16.057], [74.4229, 16.0532], [74.4112, 16.049], [74.3961, 16.0396], [74.3786, 16.0366], [74.3817, 16.0536], [74.371, 16.0596], [74.3801, 16.0696], [74.3868, 16.0781], [74.3973, 16.0871], [74.4152, 16.0918], [74.4228, 16.1026], [74.4346, 16.1106], [74.4445, 16.1052], [74.46, 16.1029], [74.478, 16.0919], [74.4891, 16.0873], [74.4935, 16.0986], [74.4971, 16.1124], [74.491, 16.142], [74.4947, 16.155], [74.4978, 16.1813], [74.5091, 16.1878], [74.5132, 16.1992], [74.5032, 16.2116], [74.5083, 16.2229], [74.4951, 16.236], [74.4841, 16.2467], [74.4761, 16.239], [74.4634, 16.2418], [74.4428, 16.2496], [74.4225, 16.2574], [74.4212, 16.2806], [74.4008, 16.2763], [74.3904, 16.2902], [74.3738, 16.2903], [74.3585, 16.2888], [74.3551, 16.2745], [74.3404, 16.2676], [74.3307, 16.2729], [74.3364, 16.2902], [74.3448, 16.3033], [74.3321, 16.3108], [74.3373, 16.3234], [74.323, 16.3251], [74.3235, 16.3399], [74.3315, 16.3556], [74.3276, 16.3681], [74.3347, 16.3829], [74.3431, 16.3907], [74.3486, 16.3804], [74.3519, 16.3663], [74.3596, 16.3788], [74.3687, 16.3912], [74.3646, 16.4032], [74.3492, 16.4039], [74.3382, 16.4134], [74.3438, 16.4255], [74.3422, 16.4396], [74.3389, 16.4522], [74.3219, 16.45], [74.3071, 16.4596], [74.2964, 16.4667], [74.2976, 16.4816], [74.3006, 16.4996], [74.2889, 16.5038], [74.2805, 16.4894], [74.2688, 16.476], [74.2621, 16.4887], [74.2532, 16.4949], [74.2786, 16.501], [74.2844, 16.5165], [74.2755, 16.5252], [74.2716, 16.5387], [74.2843, 16.5431], [74.2867, 16.5294], [74.3069, 16.5292], [74.3116, 16.5069], [74.3227, 16.519], [74.3222, 16.5391], [74.3294, 16.5535], [74.3461, 16.5465], [74.3551, 16.5531], [74.3646, 16.5437], [74.3854, 16.5274], [74.3957, 16.5357], [74.3955, 16.5595], [74.4012, 16.5709], [74.4137, 16.5802], [74.4288, 16.5827], [74.4335, 16.5944], [74.447, 16.6003], [74.4725, 16.6048], [74.4714, 16.6218], [74.4645, 16.634], [74.4648, 16.653], [74.4774, 16.6608], [74.4859, 16.6391], [74.4955, 16.6277], [74.5103, 16.6315], [74.5301, 16.6306], [74.5514, 16.6332], [74.5494, 16.6155], [74.5499, 16.5922], [74.5656, 16.5904], [74.5651, 16.5746], [74.5597, 16.5598], [74.5741, 16.552], [74.592, 16.5556], [74.6048, 16.5621], [74.617, 16.568], [74.6244, 16.5776], [74.6405, 16.5819], [74.6397, 16.5995], [74.6477, 16.6081], [74.6639, 16.6011], [74.6753, 16.606], [74.6904, 16.6045], [74.6853, 16.6199], [74.6739, 16.6285], [74.6605, 16.6376], [74.6688, 16.6556], [74.6961, 16.675], [74.6875, 16.6817], [74.695, 16.6924], [74.6959, 16.7105], [74.7224, 16.7133], [74.7366, 16.7158], [74.7482, 16.7221], [74.7561, 16.7296], [74.7694, 16.7395], [74.779, 16.7486], [74.8004, 16.7457], [74.8503, 16.7603], [74.855, 16.7708], [74.8926, 16.7687], [74.907, 16.7698], [74.9238, 16.77], [74.9159, 16.7857], [74.9158, 16.8102], [74.9131, 16.8307], [74.912, 16.8559], [74.9278, 16.8634], [74.9371, 16.8692], [74.9451, 16.8771], [74.9641, 16.8779], [74.9673, 16.9054], [74.9528, 16.9065], [74.9441, 16.9133], [74.927, 16.9256], [74.9384, 16.941], [74.9483, 16.9358], [74.958, 16.9291], [74.9667, 16.9356], [74.9814, 16.9306], [74.9945, 16.935], [75.0037, 16.9458], [75.0303, 16.9415], [75.0319, 16.9257], [75.0454, 16.9343], [75.0654, 16.9393], [75.0829, 16.9466], [75.0947, 16.9212], [75.1069, 16.9095], [75.122, 16.9072], [75.1276, 16.8972], [75.1384, 16.8929], [75.1411, 16.8735], [75.1644, 16.8656], [75.1808, 16.8675], [75.1832, 16.842], [75.2159, 16.8403], [75.2329, 16.8455], [75.241, 16.863], [75.258, 16.8621], [75.2828, 16.8742], [75.2918, 16.9011], [75.2836, 16.9429], [75.2884, 16.9548], [75.3061, 16.9547], [75.338, 16.9535], [75.3596, 16.9569], [75.3717, 16.9687], [75.3948, 16.9764], [75.4168, 16.9695], [75.431, 16.9635], [75.4389, 16.9709], [75.4535, 16.9827], [75.4679, 16.9853], [75.4825, 16.976], [75.4897, 16.9654], [75.4926, 16.9515], [75.5019, 16.9454], [75.517, 16.9519], [75.53, 16.9658], [75.5428, 16.9631], [75.5585, 16.9643], [75.5693, 16.9989], [75.5758, 17.0078], [75.5994, 17.0052], [75.6097, 16.9989], [75.6107, 16.9696], [75.6309, 16.9672], [75.6394, 16.9592], [75.6496, 16.952], [75.6637, 16.9579], [75.6784, 16.9639], [75.6726, 16.9741], [75.6705, 16.9988], [75.6731, 17.0262], [75.6622, 17.0325], [75.6438, 17.0364], [75.6544, 17.0551], [75.671, 17.0616], [75.6811, 17.0711], [75.6774, 17.0877], [75.6755, 17.1011], [75.6536, 17.1131], [75.6527, 17.1327], [75.6427, 17.1476], [75.6314, 17.1601], [75.6285, 17.1807], [75.6426, 17.1882], [75.6574, 17.2038], [75.6639, 17.2138], [75.6628, 17.2279], [75.6599, 17.2614], [75.6323, 17.2722], [75.6279, 17.2881], [75.606, 17.3033], [75.6137, 17.3194], [75.6131, 17.3423], [75.5981, 17.3451], [75.5848, 17.3498], [75.5785, 17.3829], [75.5982, 17.3861], [75.6106, 17.392], [75.615, 17.4096], [75.6187, 17.4391], [75.6253, 17.4581], [75.6329, 17.4696], [75.6496, 17.4734], [75.6623, 17.4597], [75.6776, 17.458], [75.6808, 17.4362], [75.6871, 17.4173], [75.6972, 17.4106], [75.7152, 17.4089], [75.729, 17.4195], [75.7505, 17.4129], [75.7641, 17.4084], [75.7766, 17.3882], [75.7823, 17.3788], [75.8023, 17.3701], [75.8151, 17.3739], [75.8177, 17.388], [75.8203, 17.4066], [75.8247, 17.4229], [75.8389, 17.4205], [75.856, 17.4077], [75.8591, 17.389], [75.8767, 17.397], [75.8784, 17.4165], [75.8944, 17.4059], [75.897, 17.377], [75.892, 17.3608], [75.8981, 17.3508], [75.9107, 17.3458], [75.9312, 17.3241], [75.9598, 17.3338], [75.9807, 17.3362], [76.0003, 17.3377], [76.0091, 17.3475], [76.0367, 17.349], [76.0545, 17.3543], [76.0735, 17.3323], [76.087, 17.3384], [76.0941, 17.3471], [76.102, 17.3623], [76.1167, 17.3662], [76.1376, 17.3526], [76.1631, 17.3409], [76.1642, 17.3193], [76.1638, 17.3003], [76.1758, 17.2972], [76.1838, 17.311], [76.1763, 17.3215], [76.1723, 17.3487], [76.1829, 17.3565], [76.2035, 17.3588], [76.229, 17.3632], [76.2444, 17.3747], [76.2489, 17.3621], [76.2649, 17.3582], [76.2726, 17.348], [76.2759, 17.3305], [76.2959, 17.3286], [76.3172, 17.3294], [76.313, 17.3433], [76.3347, 17.3498], [76.3506, 17.3277], [76.3523, 17.3106], [76.3817, 17.3118], [76.393, 17.3363], [76.402, 17.344], [76.4105, 17.3541], [76.4081, 17.3693], [76.362, 17.3751], [76.37, 17.4079], [76.3699, 17.423], [76.3639, 17.4356], [76.342, 17.4338], [76.3308, 17.4616], [76.3378, 17.4704], [76.3723, 17.4858], [76.3666, 17.4953], [76.3459, 17.4916], [76.3437, 17.5081], [76.356, 17.5134], [76.3661, 17.5222], [76.3609, 17.5363], [76.3458, 17.5402], [76.3372, 17.5552], [76.3329, 17.5738], [76.3317, 17.5949], [76.3487, 17.5954], [76.373, 17.5979], [76.4157, 17.6042], [76.4207, 17.6142], [76.4258, 17.6283], [76.4287, 17.6444], [76.4428, 17.6419], [76.4515, 17.6515], [76.4893, 17.6607], [76.4844, 17.6844], [76.4864, 17.7135], [76.511, 17.7159], [76.5248, 17.7229], [76.5237, 17.7589], [76.5598, 17.7631], [76.5733, 17.76], [76.5646, 17.7537], [76.5681, 17.7398], [76.5694, 17.7037], [76.587, 17.7079], [76.5932, 17.7176], [76.5988, 17.728], [76.6041, 17.7558], [76.6095, 17.766], [76.6234, 17.7579], [76.6298, 17.7419], [76.6374, 17.7241], [76.6508, 17.7208], [76.6581, 17.7085], [76.6631, 17.6879], [76.6781, 17.6873], [76.6883, 17.6785], [76.6931, 17.6938], [76.7008, 17.7073], [76.7021, 17.7237], [76.7276, 17.737], [76.7219, 17.748], [76.7191, 17.7613], [76.7128, 17.7714], [76.7194, 17.7853], [76.7394, 17.7791], [76.7489, 17.7863], [76.7663, 17.7966], [76.7798, 17.8059], [76.7848, 17.8196], [76.7797, 17.8363], [76.7657, 17.8508], [76.7546, 17.8566], [76.7375, 17.8571], [76.7396, 17.8836], [76.7407, 17.898], [76.766, 17.8984], [76.7731, 17.8852], [76.7974, 17.8693], [76.8082, 17.8831], [76.8331, 17.8828], [76.8469, 17.8964], [76.8719, 17.8947], [76.8894, 17.8972], [76.8966, 17.908], [76.9132, 17.9138], [76.9192, 17.9367], [76.9173, 17.9605], [76.9196, 17.9854], [76.9182, 18.0019], [76.9194, 18.022], [76.9386, 18.0372], [76.9546, 18.0397], [76.9484, 18.0487], [76.9527, 18.0634], [76.947, 18.0738], [76.9548, 18.0854], [76.9673, 18.0926], [76.9586, 18.1064], [76.9425, 18.1114], [76.9226, 18.1161], [76.93, 18.1323], [76.9254, 18.1448], [76.9334, 18.1579], [76.951, 18.1725], [76.9541, 18.1849], [76.9709, 18.1869], [76.9879, 18.1885], [76.9955, 18.1784], [77.024, 18.1627], [77.0217, 18.1782], [77.0324, 18.183], [77.0494, 18.1732], [77.0577, 18.1559], [77.0691, 18.1494], [77.0862, 18.1503], [77.0966, 18.1581], [77.1089, 18.1527], [77.1163, 18.1676], [77.1029, 18.1863], [77.0955, 18.1951], [77.1066, 18.2018], [77.121, 18.2067], [77.1395, 18.2072], [77.15, 18.2166], [77.1478, 18.2376], [77.1572, 18.2531], [77.1674, 18.2735], [77.1778, 18.2819], [77.1916, 18.2743], [77.2062, 18.278], [77.1976, 18.2955], [77.1954, 18.3127], [77.21, 18.3137], [77.2169, 18.3249], [77.223, 18.3378], [77.2308, 18.3656], [77.245, 18.3706], [77.2329, 18.3861], [77.2364, 18.3998], [77.2491, 18.4083], [77.2646, 18.4184], [77.2948, 18.4327], [77.3133, 18.4394], [77.3174, 18.4538], [77.3327, 18.4485], [77.337311, 18.43544]]]]}}, {"type": "Feature", "properties": {"ID_0": 105, "ISO": "IND", "NAME_0": "India", "ID_1": 18, "NAME_1": "Kerala", "NL_NAME_1": "", "VARNAME_1": "", "TYPE_1": "State", "ENGTYPE_1": "State", "filename": "", "filename_1": "", "filename_2": "", "filename_3": "", "filename_4": ""}, "geometry": {"type": "MultiPolygon", "coordinates": [[[[76.467361, 9.540971], [76.479, 9.5371], [76.4713, 9.5296], [76.466, 9.5393], [76.467361, 9.540971]]], [[[76.404297, 9.54153], [76.4021, 9.5276], [76.3832, 9.5274], [76.3899, 9.5365], [76.401, 9.5407], [76.404297, 9.54153]]], [[[76.434586, 9.551528], [76.4343, 9.5324], [76.4212, 9.5282], [76.4062, 9.5276], [76.4054, 9.5421], [76.4168, 9.5457], [76.4282, 9.5496], [76.434586, 9.551528]]], [[[76.436806, 9.551528], [76.4482, 9.5474], [76.4593, 9.5435], [76.4646, 9.5304], [76.4465, 9.5293], [76.4354, 9.5382], [76.436806, 9.551528]]], [[[76.414307, 9.563195], [76.4229, 9.556], [76.4165, 9.5471], [76.4049, 9.5429], [76.394, 9.5388], [76.3829, 9.5349], [76.3876, 9.5454], [76.3979, 9.5504], [76.4046, 9.559], [76.414307, 9.563195]]], [[[76.385414, 9.620693], [76.385414, 9.620693]]], [[[76.381248, 9.714582], [76.381248, 9.714582]]], [[[76.371529, 9.758472], [76.371529, 9.758472]]], [[[76.324028, 9.825695], [76.3279, 9.8143], [76.3229, 9.8249], [76.324028, 9.825695]]], [[[76.37236, 9.825695], [76.37236, 9.825695]]], [[[76.368469, 9.826812], [76.368469, 9.826812]]], [[[76.378471, 9.839584], [76.378471, 9.839584]]], [[[76.37764, 9.84153], [76.37764, 9.84153]]], [[[76.289307, 9.847362], [76.289307, 9.847362]]], [[[76.349586, 9.874582], [76.3543, 9.864], [76.3624, 9.8568], [76.3676, 9.8462], [76.3715, 9.8349], [76.3604, 9.8307], [76.351, 9.8368], [76.3521, 9.8524], [76.349, 9.8657], [76.349586, 9.874582]]], [[[76.308472, 9.92153], [76.311, 9.909], [76.3157, 9.8982], [76.3104, 9.8874], [76.3065, 9.899], [76.3054, 9.9135], [76.308472, 9.92153]]], [[[76.260696, 9.970696], [76.2724, 9.9674], [76.2787, 9.9582], [76.284, 9.9482], [76.2887, 9.9379], [76.2937, 9.9276], [76.281, 9.9301], [76.271, 9.9351], [76.2663, 9.9454], [76.2654, 9.9599], [76.2582, 9.9679], [76.260696, 9.970696]]], [[[76.272362, 9.972915], [76.272362, 9.972915]]], [[[76.244308, 9.980972], [76.244308, 9.980972]]], [[[76.268196, 10.00292], [76.268196, 10.00292]]], [[[76.241806, 10.014311], [76.2507, 10.0079], [76.2557, 9.9974], [76.2588, 9.9854], [76.2521, 9.9771], [76.2462, 9.9871], [76.2435, 9.9999], [76.2401, 10.0118], [76.241806, 10.014311]]], [[[76.252914, 10.017083], [76.252914, 10.017083]]], [[[76.261803, 10.029862], [76.261803, 10.029862]]], [[[76.265976, 10.030694], [76.2626, 10.0185], [76.2657, 10.0304], [76.265976, 10.030694]]], [[[76.239861, 10.10237], [76.2471, 10.0946], [76.2385, 10.101], [76.239861, 10.10237]]], [[[76.052086, 10.53542], [76.052086, 10.53542]]], [[[76.050972, 10.53903], [76.050972, 10.53903]]], [[[75.838196, 11.134311], [75.838196, 11.134311]]], [[[75.811249, 11.161806], [75.811249, 11.161806]]], [[[75.366249, 11.942084], [75.366249, 11.942084]]], [[[75.36792, 11.943472], [75.36792, 11.943472]]], [[[75.300697, 11.963472], [75.300697, 11.963472]]], [[[75.296524, 11.968472], [75.296524, 11.968472]]], [[[75.285416, 11.987083], [75.2918, 11.9782], [75.2849, 11.9868], [75.285416, 11.987083]]], [[[75.29792, 12.017362], [75.29792, 12.017362]]], [[[75.297638, 12.02375], [75.297638, 12.02375]]], [[[75.157639, 12.109311], [75.1649, 12.1007], [75.1671, 12.0876], [75.1729, 12.0779], [75.176, 12.0657], [75.1807, 12.0551], [75.1751, 12.0646], [75.1704, 12.0751], [75.1663, 12.086], [75.1618, 12.0965], [75.1576, 12.1082], [75.157639, 12.109311]]], [[[75.163467, 12.115419], [75.1707, 12.1076], [75.1604, 12.1143], [75.163467, 12.115419]]], [[[75.194031, 12.116251], [75.194031, 12.116251]]], [[[75.15403, 12.142641], [75.1615, 12.1349], [75.1588, 12.1226], [75.1532, 12.1324], [75.15403, 12.142641]]], [[[75.135414, 12.185972], [75.1407, 12.1754], [75.1468, 12.1663], [75.1518, 12.156], [75.1446, 12.164], [75.1396, 12.174], [75.1343, 12.1837], [75.135414, 12.185972]]], [[[75.131813, 12.191531], [75.131813, 12.191531]]], [[[75.130142, 12.198195], [75.130142, 12.198195]]], [[[75.126526, 12.205142], [75.1287, 12.1924], [75.1329, 12.1815], [75.1368, 12.1702], [75.1415, 12.159], [75.1462, 12.1482], [75.1476, 12.1346], [75.1524, 12.1243], [75.1568, 12.1119], [75.1518, 12.1221], [75.1471, 12.1326], [75.1429, 12.1435], [75.1385, 12.1543], [75.1346, 12.1657], [75.1301, 12.1762], [75.126, 12.1874], [75.1226, 12.1996], [75.126526, 12.205142]]], [[[74.996002, 12.787981], [75.0041, 12.7736], [75.0086, 12.7604], [75.0003, 12.7516], [74.9918, 12.7382], [74.9848, 12.7299], [75.0002, 12.7274], [75.0122, 12.7228], [75.0031, 12.7137], [75.0143, 12.7078], [75.023, 12.7156], [75.0381, 12.7186], [75.0497, 12.7147], [75.0557, 12.7034], [75.0568, 12.6867], [75.0431, 12.6706], [75.0478, 12.6601], [75.066, 12.658], [75.0752, 12.6654], [75.0867, 12.6709], [75.085, 12.6897], [75.0993, 12.6934], [75.1087, 12.6849], [75.1208, 12.6736], [75.1367, 12.6712], [75.1506, 12.6763], [75.1557, 12.666], [75.1516, 12.6494], [75.1412, 12.6378], [75.1477, 12.6287], [75.1549, 12.6196], [75.17, 12.6166], [75.1826, 12.6274], [75.2014, 12.6251], [75.1987, 12.6062], [75.2095, 12.5973], [75.2046, 12.5867], [75.214, 12.5734], [75.2229, 12.5626], [75.2382, 12.5641], [75.2495, 12.5749], [75.2562, 12.5857], [75.2679, 12.6057], [75.281, 12.608], [75.2911, 12.5966], [75.3056, 12.5949], [75.3185, 12.5851], [75.3285, 12.5771], [75.3162, 12.5687], [75.3031, 12.5735], [75.2868, 12.565], [75.2726, 12.5589], [75.2724, 12.5399], [75.2796, 12.5234], [75.2961, 12.5197], [75.3043, 12.4975], [75.3142, 12.492], [75.3348, 12.4902], [75.3394, 12.4796], [75.3405, 12.4646], [75.3556, 12.458], [75.3721, 12.4688], [75.37, 12.4835], [75.3811, 12.4915], [75.3949, 12.4976], [75.4042, 12.4896], [75.4145, 12.4967], [75.4202, 12.4797], [75.4243, 12.4663], [75.4147, 12.4541], [75.4035, 12.4476], [75.3858, 12.4507], [75.3666, 12.4517], [75.3705, 12.4289], [75.3656, 12.407], [75.3722, 12.3957], [75.3786, 12.3867], [75.3907, 12.3834], [75.4011, 12.3757], [75.4189, 12.3695], [75.4194, 12.3526], [75.4101, 12.3413], [75.4163, 12.3215], [75.4231, 12.3081], [75.4304, 12.2995], [75.4216, 12.291], [75.4361, 12.2918], [75.4584, 12.2886], [75.4672, 12.2954], [75.4827, 12.2862], [75.4925, 12.2668], [75.5039, 12.2632], [75.5111, 12.2533], [75.5167, 12.2438], [75.5185, 12.2306], [75.5253, 12.2196], [75.5379, 12.2111], [75.533, 12.1991], [75.5439, 12.192], [75.5524, 12.1761], [75.5638, 12.1668], [75.5768, 12.1508], [75.5914, 12.143], [75.6081, 12.1487], [75.6269, 12.145], [75.6376, 12.1338], [75.6443, 12.1237], [75.6481, 12.1056], [75.6582, 12.0943], [75.6727, 12.0907], [75.6842, 12.1022], [75.7016, 12.1003], [75.7007, 12.0835], [75.7171, 12.0784], [75.7147, 12.0653], [75.7344, 12.0677], [75.7476, 12.0734], [75.763, 12.0786], [75.7837, 12.0764], [75.7997, 12.0712], [75.7962, 12.0495], [75.7982, 12.0327], [75.8102, 12.0241], [75.8235, 12.0093], [75.8244, 11.9843], [75.8306, 11.9746], [75.8444, 11.9703], [75.8511, 11.957], [75.8659, 11.9456], [75.8767, 11.9407], [75.8897, 11.9381], [75.9038, 11.9348], [75.9196, 11.9356], [75.9311, 11.9311], [75.9484, 11.9339], [75.9589, 11.9286], [75.9763, 11.925], [75.9944, 11.9233], [76.004, 11.9319], [76.0184, 11.935], [76.0385, 11.939], [76.0667, 11.9583], [76.081, 11.9607], [76.1079, 11.9706], [76.1086, 11.9281], [76.1074, 11.8763], [76.1093, 11.8586], [76.1165, 11.843], [76.139, 11.8571], [76.1626, 11.86], [76.184, 11.8638], [76.1961, 11.8555], [76.2051, 11.8387], [76.2055, 11.8196], [76.2143, 11.8042], [76.2321, 11.7965], [76.2531, 11.7998], [76.272, 11.8035], [76.2837, 11.7849], [76.2947, 11.7781], [76.3031, 11.7696], [76.3105, 11.7439], [76.3243, 11.7387], [76.335, 11.7306], [76.3511, 11.7344], [76.3723, 11.7362], [76.3838, 11.745], [76.4044, 11.7499], [76.4056, 11.7334], [76.4173, 11.7259], [76.4111, 11.7099], [76.3964, 11.7011], [76.4022, 11.6831], [76.4074, 11.6695], [76.4176, 11.6634], [76.4277, 11.6475], [76.4356, 11.6377], [76.4259, 11.629], [76.3962, 11.6253], [76.3801, 11.6224], [76.3768, 11.6046], [76.3707, 11.5935], [76.3501, 11.5827], [76.3356, 11.5783], [76.3286, 11.5886], [76.3111, 11.5775], [76.2979, 11.5643], [76.2906, 11.5806], [76.2779, 11.5835], [76.271, 11.5929], [76.2597, 11.5869], [76.2257, 11.5644], [76.2345, 11.5465], [76.2383, 11.5334], [76.2332, 11.5187], [76.2415, 11.5048], [76.2409, 11.4752], [76.2401, 11.4596], [76.2579, 11.4732], [76.2781, 11.4745], [76.2877, 11.466], [76.298, 11.4589], [76.3209, 11.4447], [76.3337, 11.4587], [76.3531, 11.4508], [76.3706, 11.4409], [76.3906, 11.428], [76.4104, 11.4336], [76.4082, 11.4148], [76.4184, 11.4053], [76.4393, 11.3907], [76.4484, 11.3814], [76.4729, 11.3753], [76.5101, 11.3612], [76.5067, 11.3477], [76.5299, 11.3477], [76.5408, 11.327], [76.5352, 11.3163], [76.5285, 11.3034], [76.5402, 11.2923], [76.522, 11.2812], [76.5131, 11.2647], [76.4881, 11.252], [76.4464, 11.2305], [76.4429, 11.2001], [76.4527, 11.1802], [76.4665, 11.1861], [76.4748, 11.2013], [76.5023, 11.2029], [76.5102, 11.1953], [76.5212, 11.1903], [76.5361, 11.1893], [76.548, 11.1931], [76.5778, 11.1968], [76.5933, 11.1975], [76.623, 11.1857], [76.6416, 11.1965], [76.6534, 11.2043], [76.6682, 11.2107], [76.6782, 11.2188], [76.697, 11.2313], [76.7104, 11.2183], [76.7205, 11.2116], [76.718, 11.1983], [76.7212, 11.1845], [76.7064, 11.1796], [76.6968, 11.1719], [76.686, 11.1577], [76.6912, 11.1445], [76.6967, 11.1327], [76.703, 11.1418], [76.7127, 11.1329], [76.7222, 11.1225], [76.7349, 11.1251], [76.7406, 11.1099], [76.735, 11.0991], [76.7386, 11.084], [76.748, 11.0751], [76.7345, 11.0639], [76.7371, 11.0475], [76.7548, 11.0392], [76.7672, 11.0322], [76.79, 11.0497], [76.7868, 11.0323], [76.757, 11.0246], [76.7324, 11.029], [76.7121, 11.0325], [76.6988, 11.0227], [76.6798, 10.9994], [76.6778, 10.9797], [76.6604, 10.9605], [76.655, 10.9422], [76.6474, 10.929], [76.6749, 10.9064], [76.693, 10.9023], [76.7114, 10.8956], [76.7228, 10.8876], [76.7327, 10.881], [76.744, 10.8849], [76.7619, 10.8798], [76.7777, 10.879], [76.7853, 10.8715], [76.8176, 10.8618], [76.8246, 10.8504], [76.8341, 10.8427], [76.8427, 10.8319], [76.8371, 10.8155], [76.8526, 10.8085], [76.86, 10.7998], [76.8819, 10.8011], [76.8915, 10.7922], [76.8975, 10.7708], [76.8943, 10.7554], [76.8877, 10.743], [76.8804, 10.7261], [76.8837, 10.7074], [76.8651, 10.6929], [76.8619, 10.6806], [76.8551, 10.6724], [76.8677, 10.6662], [76.8722, 10.6535], [76.8746, 10.6392], [76.8595, 10.6252], [76.8447, 10.6263], [76.8269, 10.6271], [76.805, 10.6263], [76.805, 10.6091], [76.8086, 10.5945], [76.8245, 10.5896], [76.8293, 10.5765], [76.8255, 10.5616], [76.8257, 10.543], [76.832, 10.5292], [76.8253, 10.503], [76.8203, 10.4907], [76.8175, 10.4385], [76.8073, 10.4149], [76.815, 10.4018], [76.8226, 10.3941], [76.8246, 10.3752], [76.8382, 10.3626], [76.8358, 10.3464], [76.8276, 10.3376], [76.8259, 10.32], [76.8196, 10.3026], [76.83, 10.2911], [76.8385, 10.2776], [76.8507, 10.2828], [76.8606, 10.2907], [76.8616, 10.2696], [76.8771, 10.2563], [76.8918, 10.2431], [76.8987, 10.2326], [76.9093, 10.2232], [76.925, 10.2298], [76.9392, 10.2211], [76.9588, 10.2187], [76.9708, 10.2087], [76.9815, 10.2199], [76.9937, 10.2277], [77.0067, 10.2364], [77.0186, 10.2418], [77.0386, 10.2482], [77.0425, 10.262], [77.0338, 10.2722], [77.0533, 10.2799], [77.0676, 10.2902], [77.0817, 10.2996], [77.0922, 10.3043], [77.1083, 10.3072], [77.1193, 10.3155], [77.1341, 10.3237], [77.1482, 10.3341], [77.163, 10.3463], [77.1814, 10.3432], [77.1995, 10.342], [77.2144, 10.3414], [77.2225, 10.3285], [77.2145, 10.3058], [77.2209, 10.296], [77.2319, 10.2772], [77.2465, 10.2576], [77.2458, 10.2322], [77.2542, 10.2233], [77.27, 10.2243], [77.2804, 10.2073], [77.273, 10.1978], [77.2644, 10.1797], [77.2591, 10.1554], [77.2574, 10.1359], [77.2598, 10.1191], [77.2461, 10.1124], [77.2348, 10.1167], [77.2187, 10.1113], [77.206, 10.106], [77.1881, 10.0957], [77.1907, 10.0812], [77.1991, 10.0707], [77.2129, 10.0585], [77.2207, 10.0506], [77.2307, 10.0395], [77.2423, 10.0262], [77.2489, 10.0158], [77.2407, 10.0029], [77.2477, 9.9948], [77.2508, 9.9814], [77.2595, 9.9662], [77.2553, 9.9502], [77.2402, 9.9431], [77.2219, 9.9228], [77.2169, 9.9058], [77.2044, 9.8943], [77.2065, 9.8778], [77.1991, 9.866], [77.2092, 9.8538], [77.2237, 9.849], [77.2138, 9.8385], [77.2089, 9.8145], [77.2195, 9.8088], [77.2328, 9.7973], [77.2267, 9.7868], [77.2098, 9.7799], [77.2186, 9.76], [77.2114, 9.7453], [77.2082, 9.7217], [77.1899, 9.7155], [77.189, 9.6975], [77.1859, 9.6782], [77.1796, 9.6604], [77.1731, 9.6518], [77.1659, 9.638], [77.1607, 9.6273], [77.1546, 9.614], [77.1673, 9.6007], [77.184, 9.6024], [77.1966, 9.5957], [77.2086, 9.5888], [77.2147, 9.5788], [77.2299, 9.5759], [77.242, 9.5715], [77.255, 9.565], [77.2753, 9.5766], [77.2865, 9.5873], [77.3043, 9.593], [77.312, 9.5782], [77.321, 9.5674], [77.3409, 9.5951], [77.3511, 9.5893], [77.3409, 9.5776], [77.3437, 9.5638], [77.3374, 9.5549], [77.3466, 9.5486], [77.3505, 9.5263], [77.361, 9.5162], [77.3707, 9.5087], [77.3868, 9.5167], [77.3901, 9.5046], [77.3879, 9.491], [77.3839, 9.4791], [77.3822, 9.4612], [77.3722, 9.4453], [77.3566, 9.4479], [77.3429, 9.4404], [77.3343, 9.4311], [77.3301, 9.4152], [77.3217, 9.4056], [77.3274, 9.3941], [77.3258, 9.3787], [77.3195, 9.3633], [77.3097, 9.3346], [77.3001, 9.3249], [77.2869, 9.3269], [77.2868, 9.3101], [77.2777, 9.2953], [77.2668, 9.2909], [77.2741, 9.2632], [77.2659, 9.2553], [77.2625, 9.2409], [77.2595, 9.2244], [77.2668, 9.2088], [77.2582, 9.2001], [77.2503, 9.1902], [77.2366, 9.1792], [77.2484, 9.1758], [77.2496, 9.156], [77.2518, 9.143], [77.2377, 9.13], [77.2326, 9.1179], [77.217, 9.1081], [77.2094, 9.0976], [77.1959, 9.0884], [77.1897, 9.0752], [77.1915, 9.062], [77.1843, 9.0506], [77.1821, 9.0365], [77.1674, 9.0385], [77.1538, 9.0366], [77.1453, 9.0272], [77.1406, 9.0154], [77.1351, 9.0055], [77.1432, 8.9979], [77.1584, 8.9782], [77.1632, 8.9623], [77.1747, 8.9569], [77.1802, 8.947], [77.1816, 8.9326], [77.1806, 8.9185], [77.1939, 8.9219], [77.2047, 8.9174], [77.2063, 8.8932], [77.2215, 8.8881], [77.2271, 8.8718], [77.2399, 8.8681], [77.2432, 8.8551], [77.247, 8.8319], [77.2362, 8.8176], [77.2316, 8.8071], [77.224, 8.7983], [77.2154, 8.7867], [77.2096, 8.7737], [77.1984, 8.7695], [77.1914, 8.7584], [77.1837, 8.7481], [77.1765, 8.735], [77.1572, 8.7408], [77.1629, 8.7209], [77.167, 8.7076], [77.1793, 8.6996], [77.1877, 8.6838], [77.1905, 8.6712], [77.1903, 8.6549], [77.1985, 8.6411], [77.2083, 8.6311], [77.2187, 8.6184], [77.2283, 8.6129], [77.2284, 8.5978], [77.2376, 8.5884], [77.2515, 8.571], [77.2597, 8.5491], [77.2652, 8.5374], [77.2582, 8.5281], [77.2525, 8.5171], [77.2475, 8.5014], [77.2324, 8.4959], [77.2226, 8.4883], [77.2064, 8.5044], [77.192, 8.4994], [77.1946, 8.4694], [77.2051, 8.4555], [77.2102, 8.443], [77.1988, 8.4368], [77.1827, 8.4275], [77.1798, 8.4091], [77.1671, 8.3955], [77.1537, 8.3774], [77.1407, 8.3828], [77.1358, 8.3725], [77.1432, 8.3623], [77.1354, 8.3517], [77.152, 8.3547], [77.1509, 8.3355], [77.1597, 8.3174], [77.1447, 8.3202], [77.1306, 8.3242], [77.1115, 8.3165], [77.1009, 8.3117], [77.0965, 8.2981], [77.0854, 8.3024], [77.0765, 8.3087], [77.0679, 8.3151], [77.059, 8.3215], [77.051, 8.329], [77.0429, 8.336], [77.0346, 8.3429], [77.0263, 8.3496], [77.0171, 8.356], [77.0076, 8.3621], [77.0013, 8.3713], [76.9907, 8.376], [76.9804, 8.381], [76.9726, 8.3896], [76.9707, 8.4035], [76.9651, 8.4132], [76.959, 8.4226], [76.9521, 8.4318], [76.9451, 8.4399], [76.9382, 8.4485], [76.931, 8.4568], [76.9232, 8.4646], [76.9165, 8.4732], [76.9096, 8.4815], [76.9024, 8.4896], [76.8951, 8.4974], [76.8885, 8.506], [76.8815, 8.5143], [76.8749, 8.5229], [76.8682, 8.5318], [76.8613, 8.5399], [76.8543, 8.5482], [76.8479, 8.5571], [76.8407, 8.5654], [76.8338, 8.5735], [76.8271, 8.5818], [76.8204, 8.5901], [76.8138, 8.5985], [76.8074, 8.6071], [76.8007, 8.6157], [76.7937, 8.6238], [76.7865, 8.6318], [76.7801, 8.641], [76.7729, 8.6493], [76.7665, 8.6582], [76.7599, 8.6668], [76.7529, 8.6749], [76.746, 8.6832], [76.7393, 8.6915], [76.7329, 8.7001], [76.726, 8.7082], [76.719, 8.7163], [76.7115, 8.7243], [76.7049, 8.7329], [76.6985, 8.7424], [76.6926, 8.7518], [76.6862, 8.7607], [76.6807, 8.7704], [76.6746, 8.7793], [76.6679, 8.7879], [76.6601, 8.7954], [76.6537, 8.8043], [76.6476, 8.8135], [76.6418, 8.8232], [76.6351, 8.8318], [76.6282, 8.8401], [76.621, 8.8479], [76.6135, 8.8557], [76.6057, 8.8629], [76.5971, 8.8699], [76.5885, 8.8765], [76.5782, 8.8813], [76.5835, 8.8715], [76.5724, 8.8757], [76.564, 8.8824], [76.5565, 8.8904], [76.5499, 8.9001], [76.5437, 8.909], [76.5407, 8.9215], [76.536, 8.9324], [76.5351, 8.9474], [76.531, 8.9588], [76.5279, 8.971], [76.5243, 8.9829], [76.5215, 8.9963], [76.5196, 9.0099], [76.5163, 9.0221], [76.5104, 9.0315], [76.5057, 9.0418], [76.5013, 9.0524], [76.4968, 9.0629], [76.4921, 9.0737], [76.4874, 9.0846], [76.4826, 9.0949], [76.4776, 9.1054], [76.4724, 9.1157], [76.4676, 9.126], [76.4768, 9.1318], [76.4849, 9.1393], [76.4812, 9.1507], [76.4799, 9.1646], [76.4901, 9.1696], [76.4768, 9.1674], [76.4788, 9.154], [76.474, 9.1438], [76.4671, 9.1521], [76.4632, 9.1638], [76.4563, 9.1721], [76.4515, 9.1824], [76.446, 9.1921], [76.4421, 9.2032], [76.4401, 9.2165], [76.4382, 9.231], [76.4282, 9.2365], [76.431, 9.224], [76.4351, 9.2124], [76.4388, 9.2007], [76.4415, 9.1882], [76.4485, 9.1801], [76.4546, 9.171], [76.4557, 9.1571], [76.4643, 9.1504], [76.454, 9.1551], [76.4493, 9.1654], [76.4443, 9.1754], [76.4399, 9.186], [76.4351, 9.1962], [76.431, 9.2071], [76.426, 9.2171], [76.4212, 9.2274], [76.4165, 9.2382], [76.4115, 9.2485], [76.4068, 9.259], [76.4018, 9.269], [76.3974, 9.2796], [76.3926, 9.2899], [76.3879, 9.3004], [76.3824, 9.3101], [76.3782, 9.3215], [76.3737, 9.3321], [76.3693, 9.3432], [76.3637, 9.3532], [76.359, 9.3637], [76.354, 9.3749], [76.349, 9.3851], [76.3451, 9.3963], [76.3412, 9.4076], [76.3374, 9.419], [76.3343, 9.431], [76.3313, 9.4432], [76.3274, 9.4546], [76.3243, 9.4665], [76.3213, 9.4796], [76.3182, 9.4915], [76.3154, 9.5038], [76.3124, 9.5176], [76.3101, 9.5304], [76.3079, 9.5437], [76.3054, 9.5577], [76.3032, 9.5707], [76.3015, 9.5843], [76.2993, 9.5985], [76.2974, 9.6124], [76.2957, 9.6265], [76.2946, 9.6418], [76.2932, 9.6571], [76.2915, 9.6735], [76.2901, 9.6885], [76.2887, 9.7024], [76.2868, 9.7171], [76.2854, 9.7312], [76.2838, 9.7446], [76.2824, 9.7585], [76.2799, 9.771], [76.2779, 9.7851], [76.2754, 9.7976], [76.2729, 9.8101], [76.271, 9.8235], [76.2685, 9.8362], [76.266, 9.8493], [76.2635, 9.8618], [76.261, 9.8749], [76.2585, 9.8885], [76.2557, 9.9007], [76.2524, 9.9129], [76.2487, 9.9249], [76.2446, 9.936], [76.2404, 9.9471], [76.2371, 9.9601], [76.2432, 9.969], [76.2551, 9.9657], [76.2613, 9.9568], [76.2621, 9.9424], [76.2674, 9.9326], [76.2771, 9.9268], [76.2882, 9.9221], [76.296, 9.9135], [76.2965, 9.8974], [76.2893, 9.9063], [76.2787, 9.9013], [76.2696, 9.9076], [76.2593, 9.9126], [76.259, 9.8976], [76.2626, 9.8854], [76.2665, 9.8737], [76.2782, 9.8693], [76.2796, 9.8832], [76.2818, 9.8976], [76.289, 9.8896], [76.2915, 9.8768], [76.2949, 9.8629], [76.2896, 9.8521], [76.284, 9.8426], [76.2924, 9.8499], [76.2965, 9.8626], [76.2951, 9.8763], [76.2976, 9.8896], [76.3057, 9.8826], [76.3157, 9.8774], [76.3174, 9.864], [76.3182, 9.8496], [76.3204, 9.8365], [76.3215, 9.8218], [76.3221, 9.8068], [76.3257, 9.7951], [76.331, 9.7851], [76.3335, 9.7724], [76.3396, 9.7635], [76.3421, 9.751], [76.3412, 9.7368], [76.3446, 9.7243], [76.3476, 9.7121], [76.3499, 9.7249], [76.346, 9.7363], [76.3457, 9.7513], [76.3412, 9.7621], [76.336, 9.7726], [76.3376, 9.7863], [76.3326, 9.7965], [76.3357, 9.8087], [76.3326, 9.8218], [76.3232, 9.8276], [76.3204, 9.8399], [76.3196, 9.8543], [76.3201, 9.8707], [76.3335, 9.8688], [76.3388, 9.859], [76.3399, 9.8449], [76.344, 9.8338], [76.3515, 9.8263], [76.3607, 9.8204], [76.3671, 9.811], [76.3604, 9.8024], [76.3621, 9.789], [76.3668, 9.7785], [76.3679, 9.7629], [76.3701, 9.7499], [76.3712, 9.736], [76.3662, 9.7226], [76.3649, 9.7085], [76.3654, 9.6938], [76.3718, 9.6851], [76.3835, 9.6815], [76.3943, 9.6771], [76.3918, 9.6638], [76.3851, 9.6546], [76.381, 9.6429], [76.3793, 9.6293], [76.3735, 9.6199], [76.3674, 9.611], [76.3643, 9.5988], [76.3671, 9.5865], [76.3613, 9.5771], [76.3585, 9.5649], [76.3565, 9.5515], [76.3532, 9.5396], [76.3565, 9.5279], [76.3665, 9.5226], [76.3785, 9.5193], [76.3824, 9.5065], [76.3832, 9.521], [76.3962, 9.5263], [76.414, 9.5268], [76.434, 9.5274], [76.439, 9.5165], [76.4429, 9.5276], [76.4593, 9.5282], [76.4749, 9.5288], [76.4796, 9.5179], [76.4832, 9.5293], [76.4985, 9.5288], [76.4912, 9.5374], [76.4771, 9.5388], [76.466, 9.5429], [76.4665, 9.5579], [76.4649, 9.5437], [76.4524, 9.5468], [76.4413, 9.5507], [76.4282, 9.5549], [76.4179, 9.5604], [76.4187, 9.5746], [76.4221, 9.5863], [76.4254, 9.5988], [76.4299, 9.6104], [76.4254, 9.6215], [76.4193, 9.6304], [76.4254, 9.6413], [76.4121, 9.6438], [76.4029, 9.6507], [76.4049, 9.6638], [76.4154, 9.6593], [76.404, 9.6665], [76.4088, 9.6774], [76.414, 9.6879], [76.4096, 9.6987], [76.3968, 9.701], [76.3832, 9.7026], [76.3865, 9.7143], [76.3887, 9.7271], [76.3907, 9.741], [76.3882, 9.7537], [76.3818, 9.7624], [76.3751, 9.771], [76.3718, 9.7837], [76.3729, 9.7976], [76.3812, 9.8049], [76.3879, 9.8138], [76.3824, 9.8243], [76.3929, 9.8196], [76.3849, 9.8271], [76.3846, 9.8418], [76.3715, 9.8443], [76.3785, 9.8524], [76.3763, 9.8654], [76.3721, 9.8763], [76.3665, 9.8862], [76.3618, 9.8968], [76.3568, 9.9071], [76.3463, 9.9124], [76.3368, 9.9196], [76.3246, 9.9157], [76.334, 9.9093], [76.3393, 9.8996], [76.3429, 9.8882], [76.3346, 9.896], [76.3329, 9.8826], [76.3238, 9.8885], [76.3168, 9.8971], [76.3132, 9.9088], [76.3104, 9.9221], [76.3049, 9.9318], [76.3073, 9.9449], [76.3001, 9.9368], [76.3046, 9.926], [76.2974, 9.934], [76.2921, 9.9437], [76.2868, 9.9535], [76.2824, 9.9643], [76.2776, 9.9746], [76.2724, 9.9846], [76.2757, 9.9968], [76.2732, 10.0093], [76.2696, 10.0207], [76.2651, 10.0312], [76.2574, 10.0232], [76.2618, 10.0121], [76.2649, 9.9999], [76.2676, 9.9871], [76.2624, 9.9971], [76.259, 10.0087], [76.2543, 10.0196], [76.2496, 10.0301], [76.2565, 10.0382], [76.2504, 10.0474], [76.2465, 10.0587], [76.2415, 10.069], [76.2482, 10.0604], [76.2574, 10.0538], [76.2588, 10.0685], [76.2576, 10.0832], [76.2646, 10.0749], [76.2607, 10.0862], [76.2521, 10.0926], [76.2457, 10.1013], [76.2385, 10.1104], [76.229, 10.1163], [76.2329, 10.1049], [76.2368, 10.0932], [76.2404, 10.0818], [76.2324, 10.089], [76.2285, 10.101], [76.2196, 10.1071], [76.2232, 10.1188], [76.2185, 10.1293], [76.2076, 10.1349], [76.2082, 10.1204], [76.2124, 10.1093], [76.2151, 10.0968], [76.2126, 10.084], [76.2185, 10.0749], [76.2257, 10.0668], [76.2199, 10.0563], [76.2268, 10.0482], [76.2332, 10.0396], [76.2387, 10.0296], [76.2343, 10.0188], [76.2379, 10.0071], [76.2393, 9.9932], [76.2418, 9.9799], [76.2324, 9.9724], [76.2237, 9.9787], [76.2207, 9.991], [76.2176, 10.0032], [76.2149, 10.0163], [76.2104, 10.0279], [76.2068, 10.0399], [76.2029, 10.0513], [76.1993, 10.0629], [76.196, 10.0746], [76.1929, 10.0865], [76.1893, 10.0999], [76.1868, 10.1132], [76.1835, 10.126], [76.1796, 10.1376], [76.1762, 10.1493], [76.1718, 10.1601], [76.1671, 10.1704], [76.1696, 10.1829], [76.1774, 10.1753], [76.184, 10.1668], [76.1935, 10.161], [76.1979, 10.1501], [76.2021, 10.139], [76.1996, 10.1515], [76.1946, 10.1615], [76.1857, 10.1676], [76.179, 10.176], [76.1824, 10.1879], [76.1915, 10.1943], [76.1787, 10.191], [76.1651, 10.1879], [76.1574, 10.1954], [76.1537, 10.2068], [76.1501, 10.2188], [76.146, 10.2312], [76.1421, 10.2429], [76.1382, 10.2543], [76.1351, 10.2665], [76.1318, 10.2785], [76.1287, 10.2907], [76.1251, 10.3026], [76.1218, 10.3146], [76.1182, 10.3262], [76.1146, 10.3379], [76.1104, 10.3488], [76.106, 10.3596], [76.1021, 10.3712], [76.0979, 10.3821], [76.0935, 10.3929], [76.0893, 10.4038], [76.0846, 10.4143], [76.0801, 10.4249], [76.0751, 10.4351], [76.0707, 10.4457], [76.066, 10.4563], [76.061, 10.4665], [76.0557, 10.4763], [76.051, 10.4868], [76.0454, 10.4963], [76.0399, 10.5071], [76.0387, 10.521], [76.0432, 10.5321], [76.0537, 10.5368], [76.0663, 10.5393], [76.0579, 10.546], [76.0488, 10.5524], [76.0429, 10.5621], [76.0454, 10.5496], [76.0479, 10.5363], [76.0343, 10.5349], [76.0354, 10.521], [76.0401, 10.5107], [76.0321, 10.5179], [76.0274, 10.5285], [76.0226, 10.5388], [76.0179, 10.5493], [76.0137, 10.5604], [76.0088, 10.5707], [76.004, 10.5821], [75.9985, 10.5924], [75.9946, 10.604], [75.9899, 10.6146], [75.9851, 10.6249], [75.9804, 10.6357], [75.9754, 10.646], [75.9707, 10.6568], [75.9654, 10.6665], [75.9604, 10.6765], [75.9557, 10.6871], [75.9512, 10.699], [75.9463, 10.7093], [75.9415, 10.7199], [75.9362, 10.7301], [75.9318, 10.741], [75.9276, 10.7521], [75.9229, 10.7626], [75.9187, 10.7735], [75.914, 10.7843], [75.9096, 10.7957], [75.9065, 10.8085], [75.9035, 10.8221], [75.901, 10.8346], [75.8979, 10.8465], [75.8954, 10.8601], [75.8926, 10.8732], [75.8896, 10.8865], [75.8868, 10.8988], [75.884, 10.9124], [75.8812, 10.9249], [75.8782, 10.9371], [75.8754, 10.9496], [75.8721, 10.9615], [75.869, 10.9735], [75.866, 10.9857], [75.8629, 10.9985], [75.859, 11.0099], [75.856, 11.0221], [75.8529, 11.034], [75.8499, 11.046], [75.8471, 11.0596], [75.8435, 11.0726], [75.8399, 11.0843], [75.8363, 11.0957], [75.8326, 11.1071], [75.8285, 11.1182], [75.8357, 11.1265], [75.8404, 11.1368], [75.8496, 11.1426], [75.8579, 11.1357], [75.8504, 11.144], [75.8404, 11.1387], [75.8324, 11.1315], [75.8204, 11.1346], [75.8163, 11.1457], [75.8082, 11.1529], [75.8172, 11.1599], [75.819, 11.1735], [75.8288, 11.179], [75.814, 11.1793], [75.8093, 11.1685], [75.799, 11.1735], [75.7951, 11.1849], [75.7904, 11.1954], [75.7862, 11.2062], [75.7824, 11.2176], [75.7785, 11.2301], [75.7738, 11.2404], [75.7704, 11.2526], [75.7668, 11.264], [75.7637, 11.276], [75.7585, 11.2865], [75.7543, 11.2979], [75.7504, 11.3101], [75.746, 11.3207], [75.7371, 11.3274], [75.736, 11.3415], [75.7343, 11.3549], [75.7282, 11.3646], [75.7232, 11.3751], [75.7182, 11.3854], [75.7126, 11.3949], [75.7076, 11.4051], [75.7029, 11.4157], [75.6971, 11.4251], [75.6913, 11.4343], [75.6857, 11.4438], [75.6762, 11.4499], [75.6687, 11.4576], [75.659, 11.4632], [75.6482, 11.4676], [75.6379, 11.4621], [75.6299, 11.4696], [75.6201, 11.4749], [75.6179, 11.4887], [75.6135, 11.5001], [75.6093, 11.511], [75.6049, 11.5218], [75.601, 11.5332], [75.5968, 11.5443], [75.5929, 11.5557], [75.5901, 11.5687], [75.5946, 11.5576], [75.5987, 11.546], [75.5968, 11.5596], [75.5935, 11.5718], [75.5885, 11.5821], [75.5807, 11.5904], [75.5768, 11.6015], [75.5726, 11.6124], [75.5682, 11.6232], [75.564, 11.6346], [75.559, 11.6454], [75.554, 11.6565], [75.5485, 11.6662], [75.5443, 11.6774], [75.539, 11.6876], [75.5338, 11.6974], [75.5279, 11.7065], [75.5207, 11.7146], [75.5135, 11.7226], [75.5079, 11.7321], [75.4968, 11.7363], [75.4899, 11.7449], [75.4829, 11.7535], [75.4749, 11.7607], [75.486, 11.7651], [75.4932, 11.7568], [75.5035, 11.7624], [75.4924, 11.7582], [75.4857, 11.7665], [75.4865, 11.7821], [75.4926, 11.791], [75.4857, 11.7993], [75.4743, 11.8035], [75.4826, 11.7968], [75.4782, 11.7857], [75.4737, 11.7749], [75.4688, 11.7646], [75.4576, 11.7685], [75.4613, 11.7799], [75.4632, 11.7932], [75.4604, 11.8057], [75.4613, 11.7913], [75.4593, 11.7782], [75.4476, 11.7818], [75.4437, 11.7932], [75.4376, 11.8024], [75.4285, 11.8087], [75.4215, 11.8168], [75.4149, 11.8254], [75.4079, 11.8335], [75.3988, 11.8407], [75.3915, 11.8493], [75.3838, 11.8568], [75.3732, 11.8524], [75.3624, 11.8568], [75.3546, 11.8643], [75.3493, 11.874], [75.3429, 11.8829], [75.336, 11.8912], [75.329, 11.8993], [75.319, 11.9049], [75.3171, 11.9182], [75.3107, 11.9268], [75.3049, 11.936], [75.311, 11.9451], [75.3218, 11.9401], [75.3324, 11.9354], [75.3436, 11.9315], [75.3562, 11.929], [75.366, 11.9343], [75.3768, 11.9299], [75.3849, 11.9226], [75.3932, 11.9154], [75.3901, 11.9274], [75.3785, 11.9324], [75.3729, 11.9421], [75.3746, 11.9557], [75.3665, 11.9488], [75.3618, 11.9382], [75.3507, 11.9335], [75.3407, 11.9388], [75.3288, 11.9443], [75.3165, 11.9471], [75.3135, 11.9593], [75.309, 11.9701], [75.3124, 11.9582], [75.3021, 11.9632], [75.2962, 11.9724], [75.2913, 11.9826], [75.2846, 11.991], [75.2793, 12.001], [75.2682, 12.0051], [75.2663, 12.0182], [75.2774, 12.0224], [75.2851, 12.0149], [75.2918, 12.0065], [75.3065, 12.0068], [75.3179, 12.011], [75.3321, 12.0101], [75.3204, 12.0135], [75.3071, 12.0154], [75.3029, 12.0263], [75.3118, 12.0326], [75.3149, 12.0446], [75.3249, 12.039], [75.3349, 12.0443], [75.3221, 12.0465], [75.3107, 12.0429], [75.3048, 12.0529], [75.2974, 12.0637], [75.3092, 12.0784], [75.3091, 12.1027], [75.3282, 12.1073], [75.336, 12.0986], [75.3519, 12.1089], [75.3627, 12.1161], [75.3755, 12.1234], [75.3922, 12.1263], [75.4022, 12.1341], [75.3939, 12.1455], [75.3784, 12.146], [75.3683, 12.1401], [75.3478, 12.1353], [75.3352, 12.144], [75.3206, 12.1435], [75.3112, 12.1365], [75.2928, 12.1161], [75.282, 12.1091], [75.2745, 12.1003], [75.2599, 12.1089], [75.2474, 12.1037], [75.2366, 12.1102], [75.2231, 12.1048], [75.2225, 12.0856], [75.2231, 12.0644], [75.2274, 12.0443], [75.2311, 12.0246], [75.2229, 12.0176], [75.2146, 12.0104], [75.2046, 12.0051], [75.1988, 12.0146], [75.1937, 12.0246], [75.1885, 12.0346], [75.1835, 12.0446], [75.1837, 12.0596], [75.1793, 12.0704], [75.1818, 12.0832], [75.1918, 12.0771], [75.2001, 12.0701], [75.2135, 12.0682], [75.204, 12.0743], [75.1929, 12.0787], [75.1896, 12.0904], [75.1804, 12.084], [75.1751, 12.094], [75.189, 12.0951], [75.1924, 12.1068], [75.1974, 12.1174], [75.1901, 12.1251], [75.1907, 12.1104], [75.189, 12.0968], [75.1771, 12.1004], [75.1724, 12.1121], [75.1629, 12.1179], [75.164, 12.1318], [75.1593, 12.1426], [75.1537, 12.1521], [75.151, 12.1651], [75.1446, 12.174], [75.1401, 12.1846], [75.1338, 12.1938], [75.1307, 12.2071], [75.1221, 12.214], [75.1126, 12.2199], [75.1085, 12.2312], [75.1043, 12.2426], [75.0999, 12.2535], [75.0957, 12.2643], [75.091, 12.2746], [75.0865, 12.2851], [75.0821, 12.296], [75.0774, 12.3065], [75.0729, 12.3171], [75.0682, 12.3279], [75.0632, 12.3379], [75.061, 12.3507], [75.0568, 12.3615], [75.0601, 12.3496], [75.0543, 12.359], [75.0496, 12.3696], [75.0446, 12.3798], [75.039, 12.3893], [75.0296, 12.3954], [75.0249, 12.4057], [75.0193, 12.4151], [75.0124, 12.4232], [75.0076, 12.4335], [75.0026, 12.4437], [74.9971, 12.4535], [74.9926, 12.4646], [74.9871, 12.4743], [74.9818, 12.484], [74.9768, 12.494], [74.9721, 12.5043], [74.9682, 12.516], [74.9635, 12.5268], [74.9601, 12.5399], [74.9571, 12.5521], [74.9504, 12.5604], [74.946, 12.5714], [74.9415, 12.5819], [74.9371, 12.5926], [74.9324, 12.6029], [74.9385, 12.5938], [74.9346, 12.6051], [74.9274, 12.614], [74.9232, 12.6249], [74.9185, 12.6354], [74.9143, 12.6463], [74.9099, 12.6571], [74.9049, 12.6671], [74.9007, 12.6782], [74.8954, 12.6879], [74.8913, 12.699], [74.8879, 12.711], [74.8804, 12.7201], [74.8763, 12.7315], [74.8712, 12.7418], [74.8668, 12.7526], [74.8799, 12.7493], [74.8918, 12.7545], [74.9051, 12.7599], [74.9294, 12.7713], [74.9542, 12.7793], [74.9654, 12.7748], [74.9819, 12.7752], [74.9926, 12.7836], [74.996002, 12.787981]]]]}}, {"type": "Feature", "properties": {"ID_0": 105, "ISO": "IND", "NAME_0": "India", "ID_1": 19, "NAME_1": "Lakshadweep", "NL_NAME_1": "", "VARNAME_1": "les Laquedives|Laccadive|Minicoy and Amindivi Islands|Laccadives|Lackadiverna|Lakkadiven|Lakkadi", "TYPE_1": "Union Territor", "ENGTYPE_1": "Union Territory", "filename": "", "filename_1": "", "filename_2": "", "filename_3": "", "filename_4": ""}, "geometry": {"type": "MultiPolygon", "coordinates": [[[[73.010139, 8.28042], [73.010139, 8.28042]]], [[[73.080971, 8.327642], [73.0751, 8.3182], [73.0696, 8.3082], [73.0665, 8.2963], [73.0646, 8.2832], [73.0568, 8.276], [73.0501, 8.2676], [73.0346, 8.2663], [73.0224, 8.2693], [73.034, 8.2737], [73.0471, 8.2763], [73.0557, 8.2837], [73.0618, 8.2926], [73.0662, 8.3032], [73.0707, 8.314], [73.076, 8.3238], [73.080971, 8.327642]]], [[[72.290138, 10.049583], [72.2851, 10.0393], [72.290138, 10.049583]]], [[[73.633469, 10.070419], [73.633469, 10.070419]]], [[[73.629028, 10.075142], [73.629028, 10.075142]]], [[[73.651527, 10.10431], [73.6504, 10.0893], [73.6479, 10.0765], [73.6479, 10.0612], [73.6379, 10.0663], [73.6438, 10.076], [73.6476, 10.0879], [73.6513, 10.0993], [73.651527, 10.10431]]], [[[72.327919, 10.13653], [72.3318, 10.1249], [72.3262, 10.1354], [72.327919, 10.13653]]], [[[73.660973, 10.155973], [73.6643, 10.144], [73.6624, 10.1304], [73.6624, 10.1457], [73.660973, 10.155973]]], [[[72.642082, 10.577361], [72.6499, 10.5696], [72.6446, 10.5593], [72.634, 10.5549], [72.6254, 10.5485], [72.6179, 10.541], [72.6246, 10.5496], [72.6304, 10.559], [72.636, 10.569], [72.642082, 10.577361]]], [[[72.168747, 10.814862], [72.168747, 10.814862]]], [[[72.172638, 10.819861], [72.172638, 10.819861]]], [[[73.678467, 10.821531], [73.6915, 10.8182], [73.6865, 10.8079], [73.6729, 10.8049], [73.6618, 10.809], [73.6676, 10.8188], [73.678467, 10.821531]]], [[[72.172638, 10.819861], [72.1782, 10.8293], [72.1835, 10.8393], [72.1888, 10.8493], [72.1913, 10.8621], [72.196, 10.8729], [72.1979, 10.8596], [72.1918, 10.8507], [72.186, 10.8415], [72.1813, 10.831], [72.1749, 10.8224], [72.172638, 10.819861]]], [[[72.291252, 10.945972], [72.2857, 10.9349], [72.291252, 10.945972]]], [[[72.32653, 10.953195], [72.319, 10.9454], [72.32653, 10.953195]]], [[[72.333748, 10.958473], [72.333748, 10.958473]]], [[[72.731537, 11.13625], [72.7301, 11.1226], [72.7229, 11.1146], [72.716, 11.1235], [72.7229, 11.1318], [72.731537, 11.13625]]], [[[72.105698, 11.212916], [72.105698, 11.212916]]], [[[72.102913, 11.21514], [72.102913, 11.21514]]], [[[72.790138, 11.259861], [72.7874, 11.2471], [72.7832, 11.236], [72.7796, 11.2238], [72.7757, 11.2126], [72.7693, 11.2032], [72.7654, 11.1921], [72.7621, 11.1804], [72.7632, 11.1943], [72.7671, 11.2054], [72.7712, 11.2176], [72.7751, 11.2296], [72.7785, 11.2413], [72.7832, 11.2518], [72.790138, 11.259861]]], [[[73.000969, 11.488194], [73.000969, 11.488194]]], [[[72.999863, 11.497922], [73.0074, 11.4901], [73.0101, 11.4774], [73.0032, 11.4876], [72.9968, 11.4965], [72.999863, 11.497922]]], [[[72.186249, 11.60126], [72.186249, 11.60126]]], [[[72.714027, 11.706251], [72.7168, 11.6936], [72.711, 11.6843], [72.7124, 11.6985], [72.714027, 11.706251]]]]}}, {"type": "Feature", "properties": {"ID_0": 105, "ISO": "IND", "NAME_0": "India", "ID_1": 20, "NAME_1": "Madhya Pradesh", "NL_NAME_1": "", "VARNAME_1": "", "TYPE_1": "State", "ENGTYPE_1": "State", "filename": "", "filename_1": "", "filename_2": "", "filename_3": "", "filename_4": ""}, "geometry": {"type": "Polygon", "coordinates": [[[78.364647, 26.868841], [78.3701, 26.8576], [78.3748, 26.8468], [78.3807, 26.8361], [78.3897, 26.8249], [78.4134, 26.8304], [78.4303, 26.8289], [78.4456, 26.8034], [78.4581, 26.7952], [78.4763, 26.7923], [78.492, 26.788], [78.5156, 26.7851], [78.5263, 26.7785], [78.535, 26.7717], [78.5549, 26.7648], [78.5658, 26.7577], [78.602, 26.7561], [78.6118, 26.7671], [78.6204, 26.7752], [78.6504, 26.7697], [78.6675, 26.7742], [78.6728, 26.7877], [78.6834, 26.7946], [78.7153, 26.8002], [78.7178, 26.7872], [78.7259, 26.7796], [78.736, 26.789], [78.749, 26.7844], [78.7621, 26.7668], [78.7987, 26.7691], [78.8114, 26.7655], [78.8407, 26.7261], [78.8511, 26.7164], [78.8649, 26.7047], [78.8829, 26.7044], [78.9039, 26.7134], [78.9308, 26.7043], [78.9481, 26.6967], [78.937, 26.6723], [78.9437, 26.6611], [78.9639, 26.6765], [78.9739, 26.6825], [78.9873, 26.686], [78.9973, 26.681], [78.9981, 26.6666], [78.9913, 26.6546], [78.9953, 26.636], [79.0031, 26.6267], [79.0057, 26.6105], [78.9913, 26.6046], [78.9821, 26.5942], [78.9795, 26.5816], [78.9935, 26.5788], [78.9991, 26.5667], [79.0067, 26.5578], [78.998, 26.5509], [79.0128, 26.5487], [79.0331, 26.536], [79.0395, 26.5234], [79.0437, 26.5105], [79.0509, 26.5008], [79.0611, 26.491], [79.0471, 26.4614], [79.0575, 26.4561], [79.0668, 26.4494], [79.0809, 26.4439], [79.0894, 26.4509], [79.0999, 26.456], [79.121, 26.4479], [79.1191, 26.4329], [79.1172, 26.4171], [79.1007, 26.4117], [79.0868, 26.4178], [79.0807, 26.4055], [79.087, 26.3911], [79.0905, 26.3794], [79.0792, 26.3729], [79.0842, 26.3597], [79.0964, 26.3556], [79.1166, 26.3536], [79.1232, 26.3447], [79.1273, 26.3335], [79.1157, 26.3285], [79.1272, 26.3214], [79.1146, 26.3131], [79.098, 26.3147], [79.0918, 26.304], [79.0831, 26.2939], [79.0836, 26.2724], [79.0787, 26.2845], [79.0641, 26.2826], [79.0468, 26.2706], [79.0379, 26.2629], [79.0469, 26.2554], [79.0627, 26.2469], [79.0571, 26.2329], [79.0405, 26.2293], [79.0268, 26.2334], [79.0169, 26.228], [79.0182, 26.2125], [79.0099, 26.2049], [79.0023, 26.1968], [78.9918, 26.204], [78.9809, 26.1984], [78.9918, 26.1773], [79.0034, 26.173], [79.0009, 26.1603], [78.9918, 26.1521], [78.9706, 26.1554], [78.9523, 26.1426], [78.9581, 26.1299], [78.9692, 26.1234], [78.9718, 26.1087], [78.9901, 26.0959], [79.0044, 26.0901], [79.0011, 26.0784], [78.986, 26.0761], [78.9787, 26.0647], [78.9682, 26.0592], [78.9614, 26.0508], [78.9527, 26.042], [78.9462, 26.0311], [78.9504, 26.0199], [78.9444, 26.0089], [78.9439, 25.9932], [78.9362, 25.9853], [78.9236, 25.9809], [78.9295, 25.9716], [78.9258, 25.9589], [78.9153, 25.9494], [78.9039, 25.9411], [78.8981, 25.9309], [78.8764, 25.9157], [78.8829, 25.9064], [78.8851, 25.8929], [78.8837, 25.8765], [78.868, 25.875], [78.8505, 25.8656], [78.844, 25.8453], [78.8658, 25.8344], [78.864, 25.8163], [78.8619, 25.7992], [78.8497, 25.7959], [78.8413, 25.8052], [78.841, 25.8206], [78.8158, 25.8311], [78.802, 25.8222], [78.8077, 25.8115], [78.8223, 25.8152], [78.8205, 25.7994], [78.805, 25.8002], [78.7936, 25.7935], [78.78, 25.7751], [78.7758, 25.7615], [78.7624, 25.7523], [78.7468, 25.7491], [78.748, 25.7327], [78.7608, 25.7208], [78.7775, 25.7137], [78.7912, 25.7105], [78.7958, 25.6961], [78.8094, 25.6781], [78.8112, 25.6455], [78.8064, 25.633], [78.7982, 25.6192], [78.7849, 25.6155], [78.766, 25.6132], [78.749, 25.6083], [78.7328, 25.6031], [78.7112, 25.6066], [78.7003, 25.6013], [78.688, 25.5952], [78.673, 25.5918], [78.6486, 25.5656], [78.6288, 25.569], [78.6213, 25.5822], [78.6086, 25.5891], [78.6002, 25.5784], [78.5871, 25.5729], [78.5761, 25.5653], [78.5597, 25.5678], [78.5472, 25.5647], [78.5324, 25.5703], [78.5114, 25.573], [78.4915, 25.5819], [78.4689, 25.573], [78.46, 25.5646], [78.4552, 25.552], [78.443, 25.5571], [78.4335, 25.5652], [78.4123, 25.5422], [78.411, 25.5274], [78.4167, 25.5178], [78.4086, 25.508], [78.4195, 25.4905], [78.4165, 25.4775], [78.4014, 25.473], [78.3857, 25.4542], [78.3708, 25.4472], [78.3527, 25.4553], [78.3438, 25.4462], [78.3366, 25.435], [78.3341, 25.4182], [78.3325, 25.4046], [78.3215, 25.3952], [78.3107, 25.3851], [78.2955, 25.3748], [78.3016, 25.3644], [78.3163, 25.3596], [78.3266, 25.349], [78.3313, 25.3367], [78.3154, 25.3207], [78.308, 25.311], [78.3301, 25.3004], [78.3452, 25.2979], [78.3451, 25.283], [78.3553, 25.2757], [78.3622, 25.2654], [78.3552, 25.25], [78.3645, 25.2439], [78.3708, 25.2334], [78.3811, 25.2238], [78.3955, 25.2212], [78.3858, 25.2087], [78.3889, 25.1928], [78.4036, 25.1889], [78.4173, 25.1728], [78.4351, 25.1704], [78.4428, 25.1579], [78.4209, 25.1576], [78.4324, 25.1375], [78.4429, 25.1288], [78.431, 25.1245], [78.4177, 25.127], [78.4023, 25.131], [78.3897, 25.127], [78.3787, 25.1127], [78.367, 25.1045], [78.3478, 25.1], [78.3327, 25.0932], [78.3252, 25.0841], [78.3272, 25.0679], [78.3308, 25.0454], [78.3381, 25.0273], [78.3346, 25.0107], [78.3275, 24.9996], [78.3096, 24.9912], [78.2896, 24.9681], [78.2627, 24.9526], [78.256, 24.942], [78.2288, 24.9241], [78.2139, 24.9156], [78.204, 24.9005], [78.1892, 24.8928], [78.177, 24.8873], [78.1654, 24.8817], [78.1636, 24.8643], [78.1653, 24.8482], [78.1869, 24.8428], [78.194, 24.8316], [78.209, 24.8131], [78.2184, 24.7919], [78.2258, 24.7766], [78.2199, 24.7582], [78.2263, 24.7362], [78.2365, 24.7246], [78.2508, 24.7056], [78.2546, 24.6925], [78.268, 24.6696], [78.2583, 24.6528], [78.2585, 24.6378], [78.2675, 24.6219], [78.2694, 24.605], [78.2638, 24.5787], [78.2589, 24.5582], [78.2461, 24.5487], [78.2242, 24.5413], [78.2165, 24.5316], [78.2282, 24.5165], [78.2402, 24.5096], [78.2377, 24.4962], [78.2462, 24.4867], [78.2632, 24.4831], [78.2697, 24.4731], [78.2603, 24.46], [78.2669, 24.4474], [78.2812, 24.4372], [78.2999, 24.4265], [78.3115, 24.4174], [78.3324, 24.406], [78.3449, 24.392], [78.3589, 24.3872], [78.3465, 24.3627], [78.3409, 24.3524], [78.3311, 24.3425], [78.326, 24.3296], [78.3355, 24.3192], [78.3414, 24.3078], [78.3514, 24.2993], [78.364, 24.2924], [78.373, 24.2864], [78.3796, 24.2756], [78.4033, 24.2755], [78.4113, 24.2876], [78.4265, 24.2902], [78.4348, 24.2977], [78.4335, 24.3134], [78.4403, 24.3255], [78.4546, 24.3332], [78.4678, 24.3393], [78.4717, 24.3571], [78.4843, 24.3776], [78.4982, 24.3928], [78.5146, 24.3906], [78.5251, 24.3771], [78.5526, 24.3606], [78.5665, 24.3573], [78.5789, 24.354], [78.5847, 24.3434], [78.599, 24.3232], [78.6149, 24.3126], [78.6179, 24.2993], [78.6217, 24.2863], [78.6342, 24.2894], [78.6436, 24.2815], [78.6544, 24.2737], [78.6632, 24.2526], [78.6731, 24.2444], [78.6926, 24.237], [78.7071, 24.2388], [78.7211, 24.2412], [78.7265, 24.2527], [78.7361, 24.2451], [78.7459, 24.2393], [78.7543, 24.2473], [78.7603, 24.2585], [78.7607, 24.2391], [78.7677, 24.2178], [78.7763, 24.21], [78.7821, 24.1915], [78.7885, 24.1814], [78.8057, 24.1843], [78.8091, 24.2047], [78.8243, 24.2013], [78.8328, 24.2093], [78.8465, 24.2169], [78.8582, 24.2135], [78.8737, 24.2189], [78.8811, 24.2289], [78.8798, 24.2441], [78.8856, 24.2593], [78.9099, 24.2729], [78.9132, 24.2859], [78.9071, 24.2964], [78.9241, 24.3142], [78.9454, 24.3313], [78.9549, 24.3439], [78.9649, 24.3504], [78.9669, 24.3703], [78.971, 24.3847], [78.9742, 24.3986], [78.9809, 24.4178], [78.9878, 24.428], [78.9844, 24.4414], [78.9718, 24.4447], [78.9555, 24.4451], [78.9407, 24.446], [78.9311, 24.46], [78.9128, 24.4635], [78.9026, 24.4784], [78.9081, 24.4932], [78.9176, 24.5025], [78.9257, 24.4918], [78.9431, 24.4849], [78.9546, 24.4886], [78.9664, 24.4969], [78.9502, 24.5045], [78.9434, 24.5166], [78.9404, 24.5312], [78.9455, 24.5533], [78.9304, 24.5644], [78.9131, 24.5813], [78.9056, 24.6022], [78.893, 24.6138], [78.8817, 24.6397], [78.8731, 24.647], [78.8628, 24.6411], [78.8592, 24.6282], [78.8492, 24.6217], [78.8391, 24.6282], [78.8308, 24.6089], [78.8141, 24.6056], [78.7979, 24.6053], [78.7769, 24.5931], [78.752, 24.6025], [78.7486, 24.6247], [78.7464, 24.6432], [78.7406, 24.6561], [78.7449, 24.6693], [78.7575, 24.6772], [78.76, 24.6936], [78.7724, 24.7041], [78.7698, 24.7188], [78.7675, 24.7434], [78.7632, 24.7668], [78.7645, 24.795], [78.7778, 24.8049], [78.7726, 24.8305], [78.7689, 24.8437], [78.7645, 24.8614], [78.7506, 24.8689], [78.7344, 24.871], [78.7225, 24.8807], [78.7029, 24.884], [78.6963, 24.8947], [78.6797, 24.8972], [78.6684, 24.9024], [78.6595, 24.9175], [78.6537, 24.9442], [78.6422, 24.9398], [78.6249, 24.9619], [78.632, 24.9837], [78.6351, 25.0043], [78.6362, 25.0214], [78.6442, 25.0353], [78.6419, 25.0615], [78.6356, 25.071], [78.6295, 25.0824], [78.6203, 25.0916], [78.6056, 25.0942], [78.5967, 25.1035], [78.5982, 25.1271], [78.596, 25.1486], [78.5698, 25.202], [78.5646, 25.221], [78.5625, 25.2387], [78.5682, 25.2541], [78.557, 25.2693], [78.5423, 25.272], [78.5285, 25.2745], [78.5209, 25.288], [78.5053, 25.2815], [78.4967, 25.2939], [78.454, 25.2706], [78.4358, 25.2732], [78.4274, 25.2887], [78.4352, 25.3025], [78.4568, 25.2993], [78.4671, 25.293], [78.4718, 25.3058], [78.4832, 25.3142], [78.4922, 25.3238], [78.4958, 25.3102], [78.5051, 25.3021], [78.5187, 25.3058], [78.531, 25.3171], [78.5408, 25.3224], [78.5336, 25.3309], [78.5311, 25.3486], [78.5234, 25.3583], [78.5351, 25.364], [78.556, 25.3486], [78.5762, 25.3519], [78.5778, 25.3771], [78.5703, 25.3848], [78.5611, 25.3957], [78.5761, 25.3911], [78.5916, 25.3965], [78.5946, 25.4091], [78.6035, 25.4171], [78.6169, 25.4101], [78.6286, 25.4065], [78.6368, 25.4141], [78.6325, 25.433], [78.6454, 25.4379], [78.658, 25.4438], [78.6704, 25.4389], [78.6817, 25.4474], [78.6933, 25.4392], [78.7014, 25.4289], [78.6845, 25.416], [78.6691, 25.4039], [78.6593, 25.4184], [78.6567, 25.4005], [78.6612, 25.3866], [78.6738, 25.3912], [78.6839, 25.3805], [78.6928, 25.3877], [78.709, 25.3788], [78.7046, 25.3656], [78.7094, 25.3543], [78.7252, 25.354], [78.7357, 25.3492], [78.7498, 25.3521], [78.7644, 25.3584], [78.7622, 25.3744], [78.7548, 25.3862], [78.7599, 25.3978], [78.7512, 25.4053], [78.7435, 25.3977], [78.7431, 25.4127], [78.7562, 25.4193], [78.776, 25.4212], [78.7905, 25.4257], [78.8077, 25.4252], [78.8035, 25.4382], [78.7895, 25.442], [78.7763, 25.437], [78.7654, 25.43], [78.7518, 25.4384], [78.7437, 25.4521], [78.7277, 25.4587], [78.7263, 25.4901], [78.7318, 25.5007], [78.7415, 25.4899], [78.7495, 25.4822], [78.7605, 25.4758], [78.773, 25.4828], [78.7895, 25.4835], [78.8102, 25.4754], [78.8255, 25.4684], [78.8359, 25.46], [78.8457, 25.4544], [78.8327, 25.4477], [78.8165, 25.4489], [78.831, 25.432], [78.8453, 25.445], [78.8537, 25.4523], [78.8572, 25.4671], [78.8516, 25.4778], [78.846, 25.4914], [78.8307, 25.4984], [78.8339, 25.516], [78.8471, 25.5185], [78.876, 25.5243], [78.8684, 25.5442], [78.8744, 25.557], [78.8968, 25.5594], [78.9133, 25.5455], [78.9226, 25.5568], [78.9417, 25.5514], [78.9419, 25.5312], [78.9322, 25.5244], [78.9196, 25.5274], [78.9262, 25.5076], [78.9332, 25.4983], [78.9356, 25.48], [78.93, 25.4686], [78.9197, 25.4622], [78.9134, 25.4521], [78.9032, 25.4469], [78.9126, 25.4387], [78.9291, 25.4283], [78.9378, 25.4375], [78.9601, 25.4389], [78.9689, 25.4251], [78.9655, 25.4115], [78.9682, 25.3966], [78.9758, 25.3887], [78.9785, 25.376], [78.9553, 25.3731], [78.9387, 25.3528], [78.9172, 25.36], [78.897, 25.3652], [78.8954, 25.3808], [78.9264, 25.3773], [78.9389, 25.3891], [78.9512, 25.3965], [78.931, 25.4032], [78.9154, 25.3996], [78.9011, 25.3893], [78.883, 25.3895], [78.8614, 25.377], [78.8454, 25.3609], [78.8377, 25.3522], [78.8432, 25.3421], [78.8357, 25.333], [78.8266, 25.3199], [78.8146, 25.311], [78.798, 25.3145], [78.7867, 25.3097], [78.7832, 25.2976], [78.8037, 25.302], [78.8122, 25.2941], [78.8064, 25.2795], [78.8113, 25.266], [78.8237, 25.2511], [78.8351, 25.2332], [78.8503, 25.2534], [78.8579, 25.2662], [78.8623, 25.2831], [78.8724, 25.2882], [78.8676, 25.3013], [78.8595, 25.3146], [78.8731, 25.3308], [78.8765, 25.3445], [78.8955, 25.3435], [78.9079, 25.3394], [78.9189, 25.346], [78.9254, 25.3346], [78.9428, 25.3451], [78.9558, 25.3478], [78.952, 25.3174], [78.9703, 25.2911], [78.9539, 25.2856], [78.9438, 25.2801], [78.9484, 25.2659], [78.9364, 25.2627], [78.9258, 25.2678], [78.9152, 25.2757], [78.8964, 25.2499], [78.8802, 25.2536], [78.8673, 25.2377], [78.8733, 25.2261], [78.8816, 25.2155], [78.8757, 25.2002], [78.8674, 25.19], [78.8733, 25.172], [78.8934, 25.1732], [78.9016, 25.1833], [78.908, 25.1935], [78.9153, 25.2026], [78.9242, 25.2106], [78.9424, 25.2184], [78.9639, 25.2194], [78.9777, 25.2042], [78.9877, 25.1968], [78.9975, 25.2076], [78.9933, 25.2222], [78.9874, 25.2359], [78.9723, 25.2428], [78.9772, 25.2617], [78.9868, 25.275], [79.005, 25.277], [79.0143, 25.271], [79.0117, 25.2528], [79.0294, 25.2493], [79.0265, 25.2347], [79.0451, 25.2306], [79.0564, 25.2257], [79.0485, 25.2098], [79.0246, 25.1866], [79.0358, 25.1739], [79.0252, 25.1558], [79.0218, 25.1432], [79.0355, 25.1378], [79.0489, 25.1475], [79.0629, 25.1627], [79.0703, 25.1778], [79.0843, 25.1925], [79.0887, 25.1783], [79.1026, 25.1712], [79.1192, 25.1634], [79.1078, 25.1437], [79.1247, 25.1296], [79.1148, 25.1178], [79.1243, 25.1119], [79.1382, 25.1184], [79.1566, 25.1119], [79.1724, 25.1185], [79.1799, 25.1288], [79.1665, 25.1395], [79.1773, 25.1459], [79.1877, 25.1509], [79.1967, 25.1429], [79.1979, 25.1282], [79.2064, 25.1138], [79.2184, 25.1182], [79.2349, 25.1175], [79.2377, 25.1313], [79.2435, 25.1408], [79.2249, 25.1402], [79.2139, 25.1484], [79.2252, 25.1582], [79.2458, 25.162], [79.2592, 25.1533], [79.2621, 25.1412], [79.2545, 25.1305], [79.2688, 25.1262], [79.2822, 25.1335], [79.301, 25.1308], [79.3139, 25.151], [79.3087, 25.1651], [79.3019, 25.1753], [79.2908, 25.1839], [79.2788, 25.1974], [79.2796, 25.2217], [79.2782, 25.2383], [79.2933, 25.2402], [79.3005, 25.2274], [79.3108, 25.2195], [79.323, 25.2228], [79.3266, 25.2085], [79.3434, 25.21], [79.3349, 25.2229], [79.3413, 25.2391], [79.3409, 25.2561], [79.3401, 25.2728], [79.3234, 25.2669], [79.31, 25.2619], [79.2983, 25.2758], [79.2878, 25.2902], [79.2779, 25.271], [79.2657, 25.2664], [79.2565, 25.2795], [79.258, 25.2984], [79.2676, 25.3188], [79.2765, 25.327], [79.2913, 25.3293], [79.3042, 25.3398], [79.3251, 25.3373], [79.3446, 25.3345], [79.3384, 25.3249], [79.3415, 25.3077], [79.3308, 25.294], [79.3431, 25.2904], [79.3516, 25.278], [79.3583, 25.2635], [79.3672, 25.2724], [79.3644, 25.2925], [79.3793, 25.2867], [79.4019, 25.2793], [79.4012, 25.2624], [79.4153, 25.2592], [79.4312, 25.2596], [79.4516, 25.2736], [79.4574, 25.2839], [79.4731, 25.2821], [79.4845, 25.2727], [79.4745, 25.2666], [79.4607, 25.2696], [79.4528, 25.2565], [79.4449, 25.2481], [79.4342, 25.2418], [79.427, 25.225], [79.4424, 25.221], [79.4358, 25.2047], [79.4213, 25.2032], [79.4096, 25.2088], [79.4042, 25.1944], [79.3915, 25.1796], [79.3839, 25.1703], [79.3801, 25.1537], [79.3839, 25.14], [79.3893, 25.1206], [79.3991, 25.1135], [79.415, 25.123], [79.4151, 25.1391], [79.4311, 25.1354], [79.4344, 25.1217], [79.4295, 25.1115], [79.4448, 25.1131], [79.4566, 25.125], [79.4684, 25.1345], [79.4605, 25.0963], [79.4715, 25.0872], [79.4899, 25.0828], [79.5002, 25.0992], [79.5154, 25.101], [79.5139, 25.1221], [79.5266, 25.1356], [79.5336, 25.1464], [79.5427, 25.1606], [79.5503, 25.1694], [79.5596, 25.176], [79.574, 25.1595], [79.5857, 25.1529], [79.6, 25.155], [79.5975, 25.1396], [79.6051, 25.1322], [79.62, 25.1427], [79.6329, 25.1328], [79.6542, 25.1305], [79.6662, 25.1271], [79.6742, 25.1358], [79.7073, 25.1333], [79.7246, 25.1354], [79.7396, 25.143], [79.7577, 25.1345], [79.7692, 25.1253], [79.7883, 25.1204], [79.8052, 25.111], [79.8233, 25.1064], [79.8313, 25.0981], [79.8492, 25.097], [79.8458, 25.1105], [79.848, 25.1282], [79.8516, 25.1398], [79.8648, 25.145], [79.8606, 25.1561], [79.8626, 25.177], [79.8588, 25.1902], [79.8519, 25.2035], [79.863, 25.2192], [79.8529, 25.225], [79.8452, 25.2366], [79.8576, 25.2419], [79.8725, 25.2538], [79.8866, 25.2464], [79.8983, 25.2551], [79.9106, 25.245], [79.921, 25.2507], [79.932, 25.2599], [79.941, 25.2697], [79.963, 25.2682], [79.9773, 25.2649], [79.9922, 25.2693], [79.9922, 25.2853], [80.0083, 25.3007], [80.0099, 25.3248], [80.0207, 25.3432], [80.0372, 25.341], [80.0549, 25.3413], [80.07, 25.3431], [80.0784, 25.3534], [80.0934, 25.3538], [80.107, 25.3442], [80.1233, 25.3384], [80.1327, 25.3503], [80.145, 25.3601], [80.1591, 25.3662], [80.1667, 25.3789], [80.1826, 25.3815], [80.1888, 25.4064], [80.1972, 25.415], [80.2114, 25.4039], [80.2266, 25.4106], [80.2452, 25.4049], [80.2524, 25.4188], [80.2612, 25.4262], [80.2843, 25.4159], [80.2953, 25.4078], [80.3086, 25.3923], [80.3132, 25.3723], [80.3054, 25.3621], [80.3098, 25.3413], [80.3107, 25.3107], [80.3027, 25.297], [80.312, 25.2822], [80.3377, 25.2794], [80.3493, 25.2695], [80.3536, 25.2564], [80.3629, 25.2468], [80.378, 25.2375], [80.3907, 25.2457], [80.4017, 25.221], [80.4095, 25.2059], [80.4181, 25.1919], [80.4237, 25.1741], [80.4155, 25.1653], [80.3868, 25.1629], [80.3734, 25.1552], [80.3625, 25.1497], [80.3513, 25.1449], [80.3475, 25.13], [80.3384, 25.1212], [80.3228, 25.1066], [80.3147, 25.0941], [80.3105, 25.082], [80.2947, 25.0691], [80.282, 25.0632], [80.2778, 25.044], [80.2708, 25.0342], [80.2785, 25.0216], [80.299, 25.016], [80.3124, 25.0063], [80.3244, 25.003], [80.338, 25.0209], [80.3526, 25.0199], [80.3678, 25.0254], [80.3728, 25.0083], [80.3874, 25.0124], [80.3809, 25.0277], [80.3729, 25.0347], [80.3791, 25.0444], [80.3641, 25.0477], [80.3793, 25.0559], [80.3864, 25.0673], [80.4027, 25.061], [80.4099, 25.0767], [80.4227, 25.0713], [80.4329, 25.0784], [80.4446, 25.0708], [80.46, 25.0697], [80.4702, 25.0447], [80.4831, 25.0473], [80.4932, 25.0543], [80.5023, 25.0629], [80.4906, 25.0782], [80.5, 25.0896], [80.4776, 25.0964], [80.4921, 25.1022], [80.5095, 25.101], [80.5152, 25.0885], [80.5281, 25.0771], [80.5388, 25.0697], [80.5554, 25.0709], [80.5611, 25.0888], [80.5787, 25.0883], [80.5932, 25.0815], [80.6045, 25.0726], [80.6, 25.0908], [80.5878, 25.1091], [80.5964, 25.122], [80.5908, 25.1316], [80.5946, 25.1552], [80.6058, 25.1493], [80.6083, 25.133], [80.6225, 25.1361], [80.6324, 25.1233], [80.6192, 25.1202], [80.6133, 25.1065], [80.6178, 25.0937], [80.6339, 25.0938], [80.6505, 25.0875], [80.6563, 25.0744], [80.6658, 25.0802], [80.6793, 25.0818], [80.6742, 25.0681], [80.6783, 25.0546], [80.698, 25.0616], [80.7095, 25.0663], [80.7272, 25.0718], [80.7336, 25.0624], [80.7514, 25.064], [80.766, 25.0611], [80.7783, 25.0639], [80.7796, 25.0779], [80.767, 25.0856], [80.7511, 25.0911], [80.7334, 25.1013], [80.719, 25.104], [80.7254, 25.1229], [80.7075, 25.1274], [80.6996, 25.1371], [80.7148, 25.1433], [80.7277, 25.1474], [80.7355, 25.1352], [80.7509, 25.1417], [80.7661, 25.1409], [80.7821, 25.1371], [80.7937, 25.1423], [80.8083, 25.1408], [80.8186, 25.1305], [80.8232, 25.1178], [80.8378, 25.1275], [80.8321, 25.1414], [80.8374, 25.1603], [80.8423, 25.1712], [80.8359, 25.1854], [80.8486, 25.19], [80.8632, 25.1892], [80.878, 25.1956], [80.8862, 25.1772], [80.896, 25.1713], [80.9056, 25.1645], [80.8903, 25.1464], [80.8754, 25.1444], [80.869, 25.1279], [80.8722, 25.1093], [80.8673, 25.094], [80.8751, 25.0795], [80.8558, 25.0624], [80.8469, 25.0533], [80.8352, 25.0397], [80.8291, 25.03], [80.8401, 25.0202], [80.8503, 25.0031], [80.8364, 24.9861], [80.8211, 24.9825], [80.8126, 24.9737], [80.7936, 24.9737], [80.8029, 24.9569], [80.8154, 24.9379], [80.8349, 24.9345], [80.8566, 24.936], [80.875, 24.9407], [80.8848, 24.9489], [80.8948, 24.9424], [80.8973, 24.9567], [80.9115, 24.9623], [80.9285, 24.9677], [80.9425, 24.9711], [80.9467, 24.9569], [80.9522, 24.9429], [80.9511, 24.927], [80.9657, 24.9386], [80.9779, 24.9332], [80.9912, 24.9371], [81.0087, 24.9325], [81.0213, 24.9371], [81.0126, 24.9437], [81.0199, 24.952], [81.0431, 24.9526], [81.0764, 24.9523], [81.0805, 24.9384], [81.0895, 24.9245], [81.0987, 24.9184], [81.1075, 24.9121], [81.1168, 24.9018], [81.1282, 24.8936], [81.1333, 24.9056], [81.1401, 24.9164], [81.1525, 24.9196], [81.1555, 24.932], [81.1569, 24.9457], [81.1614, 24.9585], [81.1721, 24.9535], [81.1884, 24.9451], [81.199, 24.9347], [81.1844, 24.9292], [81.1995, 24.9269], [81.211, 24.9326], [81.2044, 24.9505], [81.2, 24.9669], [81.2123, 24.9777], [81.2073, 24.9913], [81.2166, 25.0044], [81.2307, 25.0181], [81.236, 25.0293], [81.2476, 25.0415], [81.2523, 25.0526], [81.2616, 25.0685], [81.253, 25.079], [81.2544, 25.0927], [81.2465, 25.1033], [81.2562, 25.1146], [81.2621, 25.1311], [81.2656, 25.1449], [81.2748, 25.1534], [81.2686, 25.1652], [81.2847, 25.1653], [81.3049, 25.1675], [81.3043, 25.1453], [81.3088, 25.1316], [81.313, 25.1174], [81.316, 25.1351], [81.311, 25.149], [81.313, 25.1635], [81.33, 25.1725], [81.3446, 25.1655], [81.3555, 25.1577], [81.3625, 25.1457], [81.3743, 25.1388], [81.3865, 25.1339], [81.3912, 25.1231], [81.4062, 25.1234], [81.4002, 25.1338], [81.4133, 25.1317], [81.4278, 25.1336], [81.4344, 25.1219], [81.4383, 25.1104], [81.4115, 25.1123], [81.4008, 25.1078], [81.4131, 25.104], [81.4248, 25.0994], [81.4589, 25.093], [81.4654, 25.0818], [81.4812, 25.0759], [81.4922, 25.0819], [81.4974, 25.096], [81.507, 25.1053], [81.4931, 25.1107], [81.4817, 25.1173], [81.472, 25.133], [81.4896, 25.1342], [81.492, 25.1488], [81.505, 25.1512], [81.5157, 25.1453], [81.5288, 25.1613], [81.5107, 25.1737], [81.5128, 25.1879], [81.5325, 25.1854], [81.5488, 25.1886], [81.5664, 25.1957], [81.5772, 25.1913], [81.588, 25.1838], [81.5819, 25.1703], [81.5966, 25.1655], [81.6068, 25.1706], [81.6174, 25.1639], [81.6189, 25.1491], [81.6043, 25.1428], [81.5921, 25.1364], [81.6023, 25.1175], [81.6012, 25.1002], [81.6101, 25.1117], [81.6168, 25.1226], [81.6226, 25.1112], [81.632, 25.1033], [81.6215, 25.0984], [81.6095, 25.0852], [81.5959, 25.0818], [81.6028, 25.0718], [81.6085, 25.0589], [81.6219, 25.0569], [81.6356, 25.0618], [81.6442, 25.0684], [81.6531, 25.075], [81.6622, 25.0651], [81.6778, 25.0647], [81.6837, 25.0508], [81.7054, 25.0379], [81.7138, 25.0473], [81.7324, 25.0487], [81.7382, 25.0391], [81.7498, 25.0316], [81.7714, 25.0232], [81.7801, 25.0152], [81.7917, 25.01], [81.8294, 25.0193], [81.8463, 25.0071], [81.8637, 25.0036], [81.8814, 24.9995], [81.894, 25.0035], [81.8945, 24.9874], [81.8983, 24.9753], [81.9041, 24.9423], [81.912, 24.9309], [81.9024, 24.9115], [81.8988, 24.8993], [81.9027, 24.8841], [81.9151, 24.8778], [81.9284, 24.8731], [81.9318, 24.8565], [81.9462, 24.8467], [81.9549, 24.8392], [81.9681, 24.8439], [81.9915, 24.8465], [82.0049, 24.8507], [82.0243, 24.8446], [82.0372, 24.833], [82.0565, 24.8281], [82.0708, 24.8249], [82.0897, 24.8159], [82.1, 24.81], [82.1077, 24.8008], [82.1264, 24.7939], [82.1322, 24.8045], [82.1466, 24.7973], [82.1594, 24.7923], [82.1734, 24.801], [82.1824, 24.8168], [82.196, 24.8245], [82.1809, 24.8082], [82.1886, 24.7982], [82.2014, 24.8007], [82.2049, 24.7855], [82.1894, 24.7823], [82.1957, 24.7637], [82.1729, 24.7396], [82.1887, 24.7438], [82.2026, 24.7408], [82.2138, 24.7287], [82.2134, 24.7442], [82.2022, 24.7482], [82.2092, 24.7595], [82.2228, 24.7517], [82.2185, 24.765], [82.2324, 24.7581], [82.2411, 24.7683], [82.2496, 24.7564], [82.2459, 24.7407], [82.241, 24.7269], [82.2405, 24.7106], [82.234, 24.6966], [82.2289, 24.6746], [82.248, 24.6756], [82.2667, 24.6784], [82.2817, 24.6717], [82.2964, 24.67], [82.2981, 24.6565], [82.2961, 24.6433], [82.2984, 24.628], [82.293, 24.6169], [82.3094, 24.6129], [82.3192, 24.6203], [82.3351, 24.6229], [82.3505, 24.6082], [82.3608, 24.602], [82.3856, 24.5974], [82.4008, 24.5987], [82.4146, 24.6064], [82.4057, 24.6175], [82.4036, 24.631], [82.409, 24.6431], [82.4118, 24.6578], [82.4055, 24.6668], [82.4016, 24.6838], [82.4074, 24.6951], [82.4202, 24.7053], [82.4448, 24.6964], [82.4448, 24.6801], [82.464, 24.6801], [82.4767, 24.6836], [82.4868, 24.6755], [82.5013, 24.6784], [82.5184, 24.6783], [82.524, 24.6571], [82.5443, 24.6549], [82.574, 24.663], [82.5876, 24.6737], [82.603, 24.6795], [82.63, 24.6867], [82.6457, 24.6945], [82.6579, 24.7004], [82.6854, 24.6865], [82.696, 24.6757], [82.6935, 24.6616], [82.6952, 24.6443], [82.7146, 24.6421], [82.7275, 24.6465], [82.7431, 24.6441], [82.7628, 24.6457], [82.7672, 24.6294], [82.7679, 24.6106], [82.7601, 24.5998], [82.7854, 24.5995], [82.7964, 24.5875], [82.8008, 24.5527], [82.7809, 24.5461], [82.746, 24.5415], [82.7412, 24.5546], [82.7161, 24.5571], [82.7141, 24.5362], [82.7156, 24.5133], [82.7365, 24.4998], [82.7338, 24.4872], [82.7238, 24.4763], [82.726, 24.4608], [82.725, 24.4447], [82.7327, 24.4327], [82.7202, 24.4297], [82.715, 24.4162], [82.7076, 24.3894], [82.7129, 24.3752], [82.7348, 24.3712], [82.7545, 24.3795], [82.7589, 24.3632], [82.7645, 24.3475], [82.763, 24.3298], [82.766, 24.3122], [82.7641, 24.2924], [82.7571, 24.2757], [82.7494, 24.2566], [82.7499, 24.2361], [82.7371, 24.2303], [82.727, 24.2233], [82.7319, 24.2011], [82.7348, 24.183], [82.7361, 24.1684], [82.7231, 24.1568], [82.7204, 24.139], [82.6884, 24.1442], [82.6794, 24.1567], [82.6652, 24.1511], [82.6574, 24.1348], [82.6635, 24.1239], [82.7014, 24.0971], [82.7052, 24.0857], [82.7263, 24.0826], [82.7377, 24.0787], [82.7549, 24.0732], [82.7663, 24.0779], [82.7622, 24.0599], [82.7558, 24.0436], [82.7431, 24.0349], [82.7459, 24.0131], [82.7663, 24.006], [82.7827, 24.007], [82.7973, 24.0051], [82.8005, 23.9853], [82.7989, 23.9709], [82.8078, 23.9631], [82.7921, 23.9557], [82.7748, 23.9386], [82.7538, 23.9359], [82.7481, 23.9223], [82.7181, 23.9215], [82.7019, 23.9249], [82.6899, 23.9204], [82.6819, 23.9123], [82.6681, 23.9076], [82.6473, 23.895], [82.6573, 23.8782], [82.6549, 23.8627], [82.6406, 23.858], [82.6348, 23.8477], [82.6059, 23.8362], [82.5896, 23.8248], [82.5663, 23.8247], [82.5482, 23.8269], [82.5337, 23.825], [82.5369, 23.8125], [82.544, 23.8028], [82.5403, 23.7912], [82.5162, 23.7842], [82.4967, 23.785], [82.4851, 23.7884], [82.4699, 23.8076], [82.449, 23.8117], [82.4364, 23.8047], [82.403, 23.8028], [82.3882, 23.8014], [82.3683, 23.8111], [82.347, 23.8037], [82.3313, 23.8054], [82.3151, 23.8103], [82.2976, 23.8082], [82.2838, 23.8129], [82.2712, 23.8187], [82.2553, 23.8219], [82.2315, 23.8078], [82.2161, 23.821], [82.2014, 23.8283], [82.2066, 23.841], [82.1956, 23.8504], [82.1788, 23.842], [82.1697, 23.8247], [82.1557, 23.822], [82.1341, 23.8182], [82.1175, 23.8231], [82.1068, 23.8185], [82.0891, 23.8179], [82.072, 23.8198], [82.0454, 23.8206], [82.0322, 23.8293], [82.0352, 23.8426], [82.0116, 23.8523], [82.0007, 23.8631], [81.9839, 23.862], [81.9715, 23.8584], [81.9507, 23.8529], [81.94, 23.8578], [81.9329, 23.8668], [81.9164, 23.873], [81.9098, 23.8641], [81.9008, 23.8512], [81.8854, 23.8417], [81.8621, 23.8348], [81.8529, 23.8243], [81.8316, 23.8213], [81.8174, 23.8112], [81.8006, 23.8136], [81.7827, 23.8118], [81.7452, 23.8309], [81.7344, 23.8362], [81.7191, 23.8404], [81.7239, 23.8507], [81.715, 23.8619], [81.7023, 23.869], [81.6997, 23.8815], [81.6869, 23.8849], [81.6795, 23.9076], [81.6677, 23.9157], [81.6616, 23.9256], [81.6517, 23.9178], [81.6373, 23.9136], [81.6245, 23.9069], [81.6076, 23.9033], [81.6034, 23.8924], [81.6087, 23.8782], [81.6062, 23.864], [81.5974, 23.8575], [81.6046, 23.8438], [81.6202, 23.8368], [81.6305, 23.8308], [81.636, 23.8164], [81.6426, 23.8046], [81.6384, 23.7779], [81.6442, 23.7681], [81.6618, 23.7599], [81.6741, 23.754], [81.6721, 23.74], [81.6823, 23.7256], [81.6732, 23.6934], [81.6495, 23.6835], [81.648, 23.668], [81.635, 23.659], [81.6185, 23.6614], [81.6095, 23.633], [81.6044, 23.6214], [81.6027, 23.6], [81.5802, 23.5968], [81.5708, 23.5909], [81.5744, 23.5667], [81.5839, 23.554], [81.6023, 23.5537], [81.6055, 23.5248], [81.607, 23.5069], [81.6144, 23.4978], [81.6242, 23.4911], [81.6352, 23.4984], [81.6477, 23.5024], [81.6536, 23.5139], [81.6545, 23.5316], [81.6819, 23.5272], [81.6931, 23.5233], [81.7064, 23.5336], [81.7131, 23.5427], [81.7192, 23.5561], [81.7292, 23.5651], [81.748, 23.5654], [81.7564, 23.5525], [81.7976, 23.5488], [81.811, 23.5339], [81.8126, 23.5176], [81.8272, 23.5113], [81.8507, 23.5165], [81.8697, 23.5146], [81.8845, 23.5225], [81.8962, 23.5319], [81.9094, 23.535], [81.9277, 23.5175], [81.9344, 23.5055], [81.9447, 23.5001], [81.947, 23.4755], [81.9567, 23.4634], [81.9666, 23.4537], [81.9715, 23.4416], [81.9734, 23.4263], [81.9761, 23.4131], [81.9874, 23.4195], [81.9995, 23.4128], [82.0098, 23.4205], [82.0232, 23.4102], [82.0172, 23.3964], [82.0204, 23.3843], [82.0371, 23.3796], [82.0527, 23.3851], [82.0631, 23.3925], [82.08, 23.3972], [82.0949, 23.3985], [82.1041, 23.3868], [82.1055, 23.3693], [82.1109, 23.3558], [82.1291, 23.361], [82.1428, 23.3544], [82.1513, 23.3456], [82.1581, 23.3333], [82.179, 23.3271], [82.19, 23.3115], [82.187, 23.295], [82.1864, 23.2777], [82.174, 23.2725], [82.1665, 23.2614], [82.1599, 23.2529], [82.147, 23.2319], [82.1463, 23.2138], [82.1406, 23.1981], [82.137, 23.1828], [82.1379, 23.1683], [82.1514, 23.1606], [82.1511, 23.1417], [82.1328, 23.1316], [82.1292, 23.114], [82.1194, 23.1075], [82.1016, 23.1085], [82.0859, 23.1093], [82.0719, 23.1136], [82.0477, 23.1034], [82.0395, 23.0915], [82.0283, 23.0817], [82.0128, 23.0793], [81.9968, 23.0803], [81.9855, 23.0861], [81.9722, 23.0814], [81.9526, 23.0765], [81.9381, 23.0778], [81.9261, 23.0622], [81.9214, 23.0475], [81.926, 23.0285], [81.9323, 23.0174], [81.937, 23.0033], [81.9412, 22.9849], [81.9426, 22.9645], [81.9333, 22.9548], [81.9139, 22.9482], [81.9057, 22.9405], [81.8949, 22.9282], [81.8803, 22.9199], [81.8705, 22.9118], [81.8619, 22.9046], [81.8563, 22.8909], [81.8356, 22.8865], [81.8207, 22.8829], [81.7958, 22.8803], [81.7694, 22.8735], [81.7693, 22.8512], [81.7609, 22.8343], [81.773, 22.8092], [81.7744, 22.7856], [81.7813, 22.7747], [81.7782, 22.758], [81.764, 22.7468], [81.7491, 22.7332], [81.7559, 22.6977], [81.7629, 22.6854], [81.7651, 22.6691], [81.7489, 22.6461], [81.7393, 22.6614], [81.7301, 22.6733], [81.718, 22.6637], [81.707, 22.6496], [81.6884, 22.6466], [81.6632, 22.6327], [81.6548, 22.6216], [81.6435, 22.6144], [81.6416, 22.5921], [81.6494, 22.5761], [81.6379, 22.5621], [81.6236, 22.5643], [81.6194, 22.5533], [81.6158, 22.539], [81.5998, 22.5357], [81.588, 22.544], [81.5697, 22.5501], [81.5574, 22.5469], [81.5628, 22.5342], [81.5472, 22.5313], [81.528, 22.5398], [81.5154, 22.5368], [81.512, 22.5235], [81.4932, 22.5196], [81.4857, 22.5033], [81.4799, 22.4933], [81.4607, 22.4944], [81.4462, 22.4959], [81.4408, 22.4846], [81.4433, 22.4715], [81.4336, 22.4777], [81.4176, 22.4736], [81.4206, 22.4594], [81.4141, 22.4485], [81.3966, 22.4413], [81.3862, 22.4512], [81.3848, 22.4778], [81.3791, 22.4934], [81.3733, 22.5108], [81.3618, 22.5154], [81.3479, 22.5141], [81.3319, 22.5224], [81.3194, 22.5195], [81.3141, 22.4996], [81.304, 22.4818], [81.2917, 22.4893], [81.2802, 22.4988], [81.2667, 22.4941], [81.2562, 22.4881], [81.2555, 22.4725], [81.2404, 22.4592], [81.2236, 22.4516], [81.2098, 22.4538], [81.1942, 22.4621], [81.1926, 22.4825], [81.18, 22.4901], [81.1641, 22.4819], [81.1481, 22.4559], [81.134, 22.452], [81.1228, 22.4476], [81.11, 22.4411], [81.1035, 22.4221], [81.1027, 22.3913], [81.1069, 22.3622], [81.1157, 22.3441], [81.1093, 22.3296], [81.1147, 22.3126], [81.1138, 22.2944], [81.0968, 22.2775], [81.0847, 22.2467], [81.0726, 22.2417], [81.0545, 22.2439], [81.0404, 22.2406], [81.0194, 22.2292], [81.0158, 22.2141], [81.0235, 22.2028], [81.0251, 22.1888], [81.0117, 22.184], [81.0172, 22.171], [81.0176, 22.1538], [81.0158, 22.1327], [80.9928, 22.1315], [80.9734, 22.1237], [80.9802, 22.1128], [80.9928, 22.1052], [81.0037, 22.0969], [80.9974, 22.0809], [81.0043, 22.07], [80.9928, 22.0577], [80.9826, 22.049], [80.9718, 22.0543], [80.9621, 22.0619], [80.9657, 22.0792], [80.9575, 22.0972], [80.9505, 22.113], [80.9389, 22.119], [80.9248, 22.1207], [80.9108, 22.1192], [80.8982, 22.1013], [80.8948, 22.0765], [80.8884, 22.0624], [80.8766, 22.0568], [80.8701, 22.0386], [80.8695, 22.0165], [80.8593, 22.0001], [80.8555, 21.9888], [80.8517, 21.9751], [80.8467, 21.9636], [80.8358, 21.9576], [80.8202, 21.9581], [80.8263, 21.9471], [80.8356, 21.937], [80.8325, 21.9218], [80.8262, 21.912], [80.8238, 21.8979], [80.8301, 21.8848], [80.8396, 21.8754], [80.837, 21.8625], [80.8329, 21.8491], [80.8337, 21.8348], [80.833, 21.8169], [80.8299, 21.8007], [80.8239, 21.7909], [80.8192, 21.7782], [80.8136, 21.7675], [80.8103, 21.7554], [80.8036, 21.7461], [80.7885, 21.7413], [80.7738, 21.7498], [80.7621, 21.7579], [80.745, 21.7583], [80.737, 21.7507], [80.731, 21.7392], [80.7257, 21.7258], [80.7199, 21.7136], [80.7253, 21.701], [80.7203, 21.6878], [80.7141, 21.6773], [80.7095, 21.6657], [80.7112, 21.6491], [80.7205, 21.6407], [80.7221, 21.625], [80.7178, 21.6125], [80.7094, 21.604], [80.7092, 21.5867], [80.7169, 21.5774], [80.7161, 21.5631], [80.7209, 21.5507], [80.7281, 21.5418], [80.727, 21.5254], [80.7244, 21.5119], [80.722, 21.4956], [80.7258, 21.4844], [80.7302, 21.4721], [80.7262, 21.4579], [80.718, 21.4454], [80.7082, 21.4362], [80.699, 21.4297], [80.6993, 21.4141], [80.6929, 21.4015], [80.6895, 21.3842], [80.6842, 21.3726], [80.6752, 21.3636], [80.6685, 21.3486], [80.6629, 21.3373], [80.6518, 21.3312], [80.6382, 21.3249], [80.6249, 21.3218], [80.6101, 21.3226], [80.5932, 21.3248], [80.5831, 21.3312], [80.5779, 21.343], [80.5614, 21.3433], [80.5642, 21.3579], [80.5502, 21.3647], [80.5369, 21.3691], [80.5297, 21.381], [80.5204, 21.3882], [80.5057, 21.3907], [80.4934, 21.3942], [80.479, 21.3959], [80.4629, 21.3964], [80.4507, 21.4023], [80.4443, 21.3905], [80.4429, 21.3738], [80.4276, 21.3729], [80.4141, 21.3753], [80.4011, 21.3783], [80.3939, 21.3922], [80.3891, 21.4043], [80.3968, 21.4154], [80.4016, 21.4281], [80.4102, 21.4364], [80.4064, 21.4512], [80.4022, 21.4634], [80.3921, 21.4694], [80.3837, 21.479], [80.3786, 21.4893], [80.3742, 21.5011], [80.3712, 21.5151], [80.3658, 21.5263], [80.3519, 21.533], [80.3397, 21.5379], [80.3297, 21.5444], [80.3275, 21.5596], [80.3214, 21.5706], [80.3099, 21.5773], [80.2954, 21.5755], [80.2898, 21.5859], [80.2828, 21.5951], [80.2737, 21.6026], [80.265, 21.6166], [80.2521, 21.6223], [80.236, 21.6208], [80.2206, 21.6196], [80.2104, 21.6263], [80.2004, 21.6347], [80.1862, 21.6327], [80.1767, 21.6239], [80.1621, 21.6195], [80.1526, 21.6097], [80.1407, 21.6047], [80.1262, 21.6083], [80.1129, 21.6038], [80.1079, 21.5921], [80.0963, 21.5874], [80.0867, 21.5786], [80.0788, 21.5684], [80.07, 21.5604], [80.0612, 21.554], [80.0456, 21.5547], [80.032, 21.5576], [80.0191, 21.5508], [80.01, 21.5446], [79.9982, 21.5366], [79.9718, 21.5551], [79.9471, 21.5553], [79.931, 21.5556], [79.9212, 21.5462], [79.9158, 21.5245], [79.8923, 21.5233], [79.8767, 21.5285], [79.8571, 21.5309], [79.8415, 21.5418], [79.825, 21.5467], [79.8182, 21.559], [79.8032, 21.5726], [79.7918, 21.5814], [79.7688, 21.5904], [79.7449, 21.5979], [79.7326, 21.6025], [79.7138, 21.5911], [79.6993, 21.5923], [79.6893, 21.5836], [79.6629, 21.5797], [79.6539, 21.5635], [79.6407, 21.5555], [79.6253, 21.5549], [79.6087, 21.5559], [79.5949, 21.5497], [79.5761, 21.5434], [79.5603, 21.548], [79.5474, 21.5443], [79.5342, 21.5482], [79.5395, 21.5652], [79.5321, 21.573], [79.5217, 21.5803], [79.5058, 21.5903], [79.5031, 21.6075], [79.5032, 21.6224], [79.5116, 21.6311], [79.5003, 21.6405], [79.4946, 21.6605], [79.4886, 21.6741], [79.4585, 21.6873], [79.4407, 21.6822], [79.428, 21.6853], [79.4158, 21.6914], [79.4005, 21.6796], [79.3831, 21.6754], [79.3618, 21.6795], [79.3483, 21.6844], [79.3221, 21.6884], [79.2848, 21.6939], [79.2748, 21.7052], [79.2649, 21.7149], [79.2287, 21.7239], [79.2219, 21.7006], [79.2182, 21.6813], [79.2268, 21.6744], [79.2269, 21.6577], [79.2166, 21.6502], [79.1862, 21.6544], [79.1478, 21.6605], [79.1411, 21.6395], [79.1277, 21.6281], [79.1112, 21.6256], [79.0992, 21.6189], [79.0981, 21.6028], [79.0816, 21.6072], [79.0508, 21.6039], [79.031, 21.6056], [79.0096, 21.6015], [79.0, 21.6098], [78.9815, 21.6172], [78.9623, 21.6059], [78.9459, 21.596], [78.9291, 21.5946], [78.9132, 21.5924], [78.9116, 21.5709], [78.9284, 21.5644], [78.9127, 21.5631], [78.9044, 21.5548], [78.9218, 21.5432], [78.9234, 21.5238], [78.9363, 21.5194], [78.9338, 21.4924], [78.9206, 21.4876], [78.9079, 21.4943], [78.8958, 21.5006], [78.8854, 21.4856], [78.8515, 21.4957], [78.828, 21.49], [78.8131, 21.4887], [78.7928, 21.4899], [78.7802, 21.4808], [78.7722, 21.4671], [78.7608, 21.4847], [78.7505, 21.4908], [78.7404, 21.4837], [78.7351, 21.4714], [78.7242, 21.4644], [78.7039, 21.4712], [78.692, 21.4787], [78.6642, 21.4807], [78.6507, 21.4828], [78.6305, 21.4813], [78.6054, 21.4884], [78.5849, 21.4869], [78.5733, 21.4985], [78.5653, 21.506], [78.5565, 21.5158], [78.5373, 21.5246], [78.5201, 21.5254], [78.5043, 21.5267], [78.496, 21.518], [78.4856, 21.512], [78.4721, 21.5069], [78.4592, 21.5046], [78.4447, 21.5019], [78.4303, 21.5092], [78.4278, 21.5268], [78.4255, 21.5423], [78.4207, 21.5548], [78.4191, 21.5716], [78.4158, 21.5881], [78.4226, 21.6019], [78.4109, 21.6066], [78.399, 21.6111], [78.3836, 21.6166], [78.372, 21.6108], [78.3776, 21.5956], [78.3661, 21.5819], [78.3547, 21.5769], [78.342, 21.5829], [78.3285, 21.5812], [78.3187, 21.5756], [78.3041, 21.5714], [78.3, 21.5851], [78.2816, 21.5868], [78.2711, 21.593], [78.2552, 21.5898], [78.269, 21.5747], [78.2466, 21.564], [78.2267, 21.5564], [78.1809, 21.5587], [78.1706, 21.5422], [78.168, 21.526], [78.1776, 21.5143], [78.1706, 21.5021], [78.1428, 21.4821], [78.1272, 21.4734], [78.1091, 21.4642], [78.0925, 21.456], [78.0786, 21.4457], [78.0637, 21.4389], [78.0435, 21.435], [78.0291, 21.4254], [78.0071, 21.4184], [77.9958, 21.4138], [77.9803, 21.4028], [77.96, 21.4014], [77.9411, 21.399], [77.9318, 21.3858], [77.9118, 21.3828], [77.9007, 21.3787], [77.8866, 21.3804], [77.8762, 21.3864], [77.8547, 21.3907], [77.8339, 21.4015], [77.818, 21.4087], [77.8045, 21.412], [77.7952, 21.4038], [77.7901, 21.3892], [77.7651, 21.3847], [77.7499, 21.3857], [77.7383, 21.3666], [77.7249, 21.3642], [77.7052, 21.3591], [77.7043, 21.3777], [77.6943, 21.3945], [77.6811, 21.3855], [77.67, 21.3729], [77.6634, 21.3856], [77.6516, 21.3902], [77.6362, 21.3895], [77.6152, 21.3907], [77.6015, 21.3936], [77.6058, 21.3704], [77.587, 21.3678], [77.5709, 21.3733], [77.5484, 21.3812], [77.5288, 21.3791], [77.5105, 21.3768], [77.487, 21.3777], [77.483, 21.3904], [77.4818, 21.4157], [77.473, 21.4327], [77.4698, 21.4487], [77.4572, 21.4671], [77.4388, 21.4728], [77.4392, 21.4893], [77.4311, 21.5022], [77.4208, 21.5163], [77.417, 21.5331], [77.4235, 21.5426], [77.4421, 21.5446], [77.4503, 21.5519], [77.4647, 21.556], [77.484, 21.5533], [77.5044, 21.5547], [77.5292, 21.5408], [77.5534, 21.5362], [77.567, 21.5298], [77.5892, 21.5303], [77.6071, 21.5428], [77.5907, 21.5616], [77.5741, 21.5575], [77.57, 21.5698], [77.5722, 21.5877], [77.5699, 21.6111], [77.5713, 21.627], [77.5604, 21.6452], [77.5586, 21.6687], [77.5505, 21.6763], [77.5446, 21.6924], [77.5359, 21.7083], [77.5261, 21.715], [77.5183, 21.7244], [77.5084, 21.7353], [77.4999, 21.7449], [77.4888, 21.7503], [77.4759, 21.7579], [77.4714, 21.7712], [77.4587, 21.7682], [77.4439, 21.7635], [77.4267, 21.7604], [77.413, 21.7577], [77.3759, 21.7571], [77.3534, 21.7595], [77.3391, 21.7617], [77.326, 21.7574], [77.3089, 21.7596], [77.2937, 21.7599], [77.28, 21.7613], [77.2823, 21.7481], [77.2869, 21.7364], [77.2832, 21.7242], [77.2674, 21.7291], [77.258, 21.7158], [77.2399, 21.7171], [77.2246, 21.7179], [77.2232, 21.7042], [77.2102, 21.6971], [77.1843, 21.7045], [77.1877, 21.7207], [77.1714, 21.7273], [77.1651, 21.7169], [77.1475, 21.7147], [77.1333, 21.7223], [77.1211, 21.7253], [77.1041, 21.7229], [77.0838, 21.7186], [77.0723, 21.7229], [77.0621, 21.7151], [77.0343, 21.7005], [77.0233, 21.6938], [77.0102, 21.6844], [76.9973, 21.6816], [76.9787, 21.666], [76.9116, 21.6149], [76.9057, 21.6045], [76.8917, 21.6007], [76.8607, 21.6123], [76.8386, 21.6005], [76.8232, 21.5927], [76.8039, 21.5968], [76.7915, 21.5874], [76.7836, 21.578], [76.7802, 21.5625], [76.7846, 21.5461], [76.7753, 21.532], [76.7629, 21.5226], [76.7702, 21.5108], [76.7865, 21.4992], [76.7902, 21.4824], [76.7842, 21.4665], [76.7565, 21.4499], [76.7434, 21.4431], [76.7384, 21.4294], [76.7372, 21.4153], [76.7191, 21.4006], [76.6684, 21.3695], [76.6286, 21.3398], [76.6397, 21.3106], [76.6486, 21.3], [76.6611, 21.2824], [76.6594, 21.2621], [76.6585, 21.2478], [76.6426, 21.2477], [76.6317, 21.2289], [76.6316, 21.2054], [76.6234, 21.1927], [76.6056, 21.1972], [76.5867, 21.1987], [76.576, 21.2037], [76.5594, 21.2058], [76.5413, 21.1963], [76.5292, 21.1893], [76.4981, 21.1961], [76.4825, 21.1882], [76.4783, 21.1757], [76.4767, 21.1613], [76.469, 21.1506], [76.4575, 21.1383], [76.4529, 21.1244], [76.4477, 21.1129], [76.4375, 21.1076], [76.4118, 21.1073], [76.4094, 21.0941], [76.3968, 21.0906], [76.3828, 21.0796], [76.3686, 21.0787], [76.3348, 21.0772], [76.2971, 21.0772], [76.2818, 21.0753], [76.2732, 21.0854], [76.2621, 21.0947], [76.2351, 21.0939], [76.2087, 21.0902], [76.1891, 21.0903], [76.1773, 21.0855], [76.1681, 21.0932], [76.1622, 21.11], [76.1515, 21.115], [76.1421, 21.1211], [76.1342, 21.1303], [76.1399, 21.1401], [76.1317, 21.1527], [76.1189, 21.1601], [76.1194, 21.1747], [76.143, 21.1731], [76.1609, 21.172], [76.1706, 21.1822], [76.1659, 21.1955], [76.1643, 21.2118], [76.1593, 21.2273], [76.148, 21.2316], [76.1509, 21.2456], [76.1581, 21.2536], [76.1539, 21.2688], [76.1471, 21.2814], [76.135, 21.2915], [76.1273, 21.3073], [76.1222, 21.3216], [76.116, 21.3388], [76.1069, 21.3602], [76.0987, 21.3739], [76.0772, 21.3643], [76.0657, 21.3592], [76.0524, 21.3527], [76.042, 21.3589], [76.0275, 21.3681], [76.0002, 21.3748], [75.9849, 21.3772], [75.9687, 21.394], [75.948, 21.393], [75.9323, 21.3915], [75.9165, 21.3898], [75.9051, 21.3956], [75.8881, 21.3996], [75.8723, 21.3955], [75.8628, 21.3873], [75.8466, 21.3881], [75.8326, 21.3833], [75.8125, 21.3873], [75.7922, 21.3892], [75.7738, 21.3866], [75.7589, 21.3855], [75.7461, 21.3917], [75.7227, 21.3892], [75.7068, 21.3913], [75.6897, 21.3875], [75.6785, 21.3822], [75.6588, 21.3828], [75.6399, 21.3815], [75.6236, 21.3843], [75.6089, 21.395], [75.5913, 21.3917], [75.5766, 21.3855], [75.566, 21.3791], [75.5513, 21.3754], [75.5294, 21.3847], [75.5163, 21.3867], [75.5005, 21.3916], [75.4848, 21.3913], [75.4684, 21.3942], [75.4544, 21.3921], [75.4363, 21.3907], [75.42, 21.3903], [75.4038, 21.3838], [75.3845, 21.3856], [75.3669, 21.3989], [75.3538, 21.3935], [75.3349, 21.3947], [75.3209, 21.3924], [75.3019, 21.3893], [75.3018, 21.4148], [75.2886, 21.4118], [75.267, 21.4089], [75.254, 21.4061], [75.2435, 21.4149], [75.2199, 21.4109], [75.2075, 21.4158], [75.196, 21.4229], [75.1574, 21.4383], [75.1474, 21.4433], [75.1298, 21.4493], [75.1151, 21.4596], [75.1067, 21.4696], [75.1004, 21.4853], [75.0927, 21.5009], [75.09, 21.5143], [75.0836, 21.5258], [75.0762, 21.538], [75.065, 21.5508], [75.0577, 21.5649], [75.0318, 21.5693], [75.0178, 21.5726], [75.0048, 21.586], [74.9947, 21.5911], [74.9835, 21.5952], [74.971, 21.5981], [74.9583, 21.6008], [74.9458, 21.6043], [74.9335, 21.6082], [74.9222, 21.612], [74.9117, 21.6175], [74.9056, 21.627], [74.8941, 21.6315], [74.8791, 21.631], [74.8653, 21.6333], [74.8557, 21.6275], [74.8451, 21.6221], [74.8342, 21.6176], [74.8262, 21.6102], [74.8124, 21.6123], [74.7991, 21.6099], [74.7851, 21.6116], [74.774, 21.6155], [74.7591, 21.6165], [74.7464, 21.6191], [74.7337, 21.6218], [74.7211, 21.6247], [74.7085, 21.6279], [74.6974, 21.6319], [74.6875, 21.6384], [74.6781, 21.6453], [74.668, 21.6513], [74.6554, 21.6544], [74.6416, 21.6562], [74.6288, 21.6586], [74.6162, 21.6616], [74.6023, 21.6634], [74.589, 21.6653], [74.5866, 21.6787], [74.5771, 21.6848], [74.5663, 21.6805], [74.5612, 21.6906], [74.5602, 21.7047], [74.5547, 21.7154], [74.5437, 21.7194], [74.5303, 21.7175], [74.5176, 21.7199], [74.5115, 21.7294], [74.5147, 21.7414], [74.517, 21.7552], [74.5153, 21.7696], [74.5076, 21.7781], [74.5032, 21.7978], [74.5093, 21.8159], [74.517, 21.8565], [74.5175, 21.8749], [74.5184, 21.8901], [74.5275, 21.9034], [74.5174, 21.9176], [74.5156, 21.9339], [74.4968, 21.9464], [74.4893, 21.9568], [74.4779, 21.9615], [74.4642, 21.9632], [74.4517, 21.9675], [74.443, 21.9831], [74.4411, 21.9964], [74.4457, 22.0069], [74.4426, 22.0216], [74.4355, 22.031], [74.4177, 22.0258], [74.3964, 22.0237], [74.3837, 22.0118], [74.3782, 22.0022], [74.3707, 21.9939], [74.3618, 21.9869], [74.3538, 21.9787], [74.3416, 21.9749], [74.3266, 21.9741], [74.3126, 21.9726], [74.302, 21.9674], [74.297, 21.9563], [74.2948, 21.9424], [74.2868, 21.9353], [74.2729, 21.934], [74.2589, 21.9329], [74.245, 21.9307], [74.2301, 21.93], [74.2164, 21.9276], [74.2026, 21.9254], [74.1897, 21.9279], [74.1808, 21.9351], [74.1734, 21.944], [74.1632, 21.9499], [74.152, 21.9539], [74.1453, 21.9646], [74.1532, 21.9756], [74.1496, 21.9888], [74.1277, 21.9938], [74.1169, 21.9986], [74.1003, 22.0016], [74.0977, 22.0155], [74.1089, 22.0218], [74.1209, 22.0303], [74.1321, 22.0387], [74.1452, 22.0437], [74.1378, 22.0535], [74.1545, 22.0578], [74.1634, 22.0641], [74.166, 22.0781], [74.1765, 22.0845], [74.1721, 22.0985], [74.1586, 22.102], [74.1438, 22.1013], [74.1326, 22.0963], [74.1291, 22.1083], [74.1313, 22.1244], [74.1274, 22.1377], [74.1331, 22.1532], [74.1265, 22.1665], [74.1229, 22.182], [74.1225, 22.1981], [74.1228, 22.2129], [74.1138, 22.2192], [74.0944, 22.2212], [74.0758, 22.2219], [74.0784, 22.2374], [74.0916, 22.2437], [74.0807, 22.25], [74.0783, 22.2682], [74.0646, 22.2759], [74.0592, 22.2857], [74.0579, 22.2998], [74.0668, 22.3111], [74.0683, 22.3258], [74.0741, 22.3364], [74.0716, 22.349], [74.077, 22.3624], [74.0953, 22.3624], [74.0999, 22.373], [74.1151, 22.3674], [74.1245, 22.3583], [74.1303, 22.3436], [74.1343, 22.3323], [74.1541, 22.3289], [74.1759, 22.3247], [74.1911, 22.3219], [74.1964, 22.3339], [74.1948, 22.3493], [74.2061, 22.3536], [74.2099, 22.3662], [74.2166, 22.3578], [74.2266, 22.3649], [74.2309, 22.3796], [74.2456, 22.3775], [74.2561, 22.386], [74.258, 22.4], [74.2685, 22.3944], [74.2872, 22.3931], [74.2782, 22.4029], [74.27, 22.4106], [74.2641, 22.4246], [74.254, 22.4331], [74.2373, 22.4393], [74.2205, 22.4421], [74.2116, 22.4344], [74.2046, 22.447], [74.2045, 22.4667], [74.1979, 22.4751], [74.1854, 22.4694], [74.1862, 22.4526], [74.1727, 22.442], [74.1673, 22.4322], [74.156, 22.4399], [74.1563, 22.4567], [74.1407, 22.4539], [74.1342, 22.4426], [74.1307, 22.43], [74.123, 22.4208], [74.1105, 22.4292], [74.1027, 22.4397], [74.1057, 22.4559], [74.1002, 22.4692], [74.0858, 22.4671], [74.0788, 22.4811], [74.0896, 22.4889], [74.0864, 22.505], [74.074, 22.5106], [74.0588, 22.5105], [74.0499, 22.5], [74.0429, 22.4908], [74.0351, 22.5027], [74.0389, 22.514], [74.0408, 22.5302], [74.0446, 22.5421], [74.0563, 22.5478], [74.0781, 22.5516], [74.0933, 22.5447], [74.1058, 22.5377], [74.1221, 22.5356], [74.1276, 22.5244], [74.1385, 22.5202], [74.1533, 22.5174], [74.1575, 22.5322], [74.168, 22.5413], [74.1789, 22.5484], [74.1917, 22.5533], [74.1901, 22.5674], [74.2096, 22.5667], [74.2165, 22.578], [74.2262, 22.585], [74.2301, 22.597], [74.2367, 22.6139], [74.2499, 22.623], [74.2564, 22.6357], [74.2654, 22.6448], [74.2782, 22.6477], [74.2899, 22.6435], [74.3043, 22.64], [74.3172, 22.6365], [74.3281, 22.6442], [74.3441, 22.6421], [74.364, 22.6365], [74.3811, 22.6386], [74.3846, 22.6506], [74.3849, 22.6696], [74.3942, 22.6857], [74.3969, 22.7005], [74.4012, 22.7124], [74.4031, 22.7307], [74.4144, 22.7448], [74.4206, 22.7574], [74.4311, 22.7701], [74.4392, 22.7856], [74.4408, 22.7996], [74.4517, 22.8109], [74.4649, 22.8151], [74.4719, 22.8327], [74.4789, 22.8586], [74.4738, 22.8748], [74.4687, 22.8875], [74.4664, 22.9008], [74.4628, 22.9135], [74.4515, 22.924], [74.4386, 22.9177], [74.4238, 22.9198], [74.4124, 22.9127], [74.4004, 22.8994], [74.3883, 22.9071], [74.3777, 22.9155], [74.3714, 22.9261], [74.362, 22.9331], [74.3542, 22.9471], [74.3444, 22.9584], [74.3497, 22.9688], [74.3571, 22.9772], [74.3708, 22.9801], [74.3655, 22.9898], [74.3577, 23.0004], [74.3507, 23.0155], [74.3492, 23.0302], [74.3389, 23.0358], [74.3277, 23.0427], [74.3228, 23.0627], [74.3393, 23.067], [74.3551, 23.0758], [74.3611, 23.0903], [74.3877, 23.1104], [74.4068, 23.1118], [74.4188, 23.1085], [74.4332, 23.1057], [74.4454, 23.0929], [74.4582, 23.0871], [74.4914, 23.0884], [74.5123, 23.0888], [74.5233, 23.0989], [74.5427, 23.1069], [74.5475, 23.1185], [74.5457, 23.1321], [74.566, 23.1352], [74.5801, 23.14], [74.5972, 23.142], [74.6142, 23.1483], [74.6257, 23.1629], [74.642, 23.1727], [74.6547, 23.182], [74.6653, 23.1983], [74.6876, 23.1967], [74.7155, 23.1947], [74.7348, 23.2064], [74.7457, 23.2121], [74.7508, 23.2304], [74.7329, 23.2238], [74.719, 23.2194], [74.7026, 23.2197], [74.6955, 23.2286], [74.7132, 23.2363], [74.7222, 23.2425], [74.7149, 23.253], [74.7033, 23.2616], [74.6805, 23.2753], [74.6665, 23.2711], [74.6522, 23.2608], [74.6321, 23.2634], [74.6266, 23.276], [74.6153, 23.2846], [74.5991, 23.2836], [74.5773, 23.2974], [74.5621, 23.2921], [74.5535, 23.2825], [74.5439, 23.3001], [74.5357, 23.3095], [74.5337, 23.323], [74.5192, 23.3219], [74.5384, 23.334], [74.5437, 23.359], [74.5558, 23.363], [74.5652, 23.3752], [74.5724, 23.3833], [74.5731, 23.4192], [74.5915, 23.4251], [74.6131, 23.4516], [74.627, 23.462], [74.6522, 23.4634], [74.6641, 23.4733], [74.6693, 23.4839], [74.6837, 23.4866], [74.7007, 23.5037], [74.7188, 23.5036], [74.7337, 23.5005], [74.7424, 23.5195], [74.7571, 23.5222], [74.7707, 23.5358], [74.785, 23.548], [74.7988, 23.5404], [74.8123, 23.5384], [74.8301, 23.5495], [74.8454, 23.5542], [74.859, 23.5695], [74.8693, 23.5748], [74.8746, 23.5901], [74.8849, 23.6033], [74.898, 23.6122], [74.906, 23.623], [74.9219, 23.6223], [74.9397, 23.6304], [74.9306, 23.6482], [74.9242, 23.6685], [74.9099, 23.6769], [74.9175, 23.6921], [74.9229, 23.7139], [74.932, 23.7283], [74.9406, 23.7349], [74.9319, 23.7564], [74.9399, 23.7659], [74.9299, 23.7942], [74.915, 23.7992], [74.9119, 23.8126], [74.9133, 23.8366], [74.9102, 23.8521], [74.9052, 23.8681], [74.9105, 23.8885], [74.9139, 23.9034], [74.9174, 23.9176], [74.9236, 23.9293], [74.9298, 23.941], [74.9376, 23.9561], [74.9633, 23.9737], [74.9729, 23.9911], [74.9798, 24.0099], [74.9924, 24.0232], [74.9812, 24.041], [74.9794, 24.072], [74.9652, 24.0827], [74.9607, 24.0942], [74.9595, 24.1101], [74.9391, 24.1211], [74.9367, 24.139], [74.9247, 24.1452], [74.9215, 24.1603], [74.9003, 24.1743], [74.8973, 24.187], [74.8811, 24.2135], [74.8867, 24.2249], [74.8982, 24.2291], [74.9073, 24.2408], [74.897, 24.2492], [74.8943, 24.2617], [74.8853, 24.2687], [74.8754, 24.278], [74.864, 24.274], [74.8439, 24.2702], [74.8258, 24.2733], [74.7903, 24.2719], [74.7725, 24.272], [74.7548, 24.279], [74.7575, 24.2962], [74.7671, 24.3045], [74.7836, 24.3168], [74.7838, 24.3361], [74.7862, 24.3488], [74.7846, 24.3674], [74.7932, 24.3761], [74.8023, 24.3873], [74.8123, 24.4092], [74.8264, 24.4107], [74.8352, 24.4295], [74.8459, 24.4407], [74.8539, 24.4495], [74.857, 24.4633], [74.8446, 24.4659], [74.8338, 24.4604], [74.8183, 24.462], [74.8247, 24.4792], [74.8168, 24.4912], [74.8017, 24.4921], [74.785, 24.4899], [74.7733, 24.4851], [74.7608, 24.4886], [74.735, 24.5036], [74.7237, 24.5104], [74.7157, 24.5228], [74.7234, 24.5312], [74.7477, 24.5362], [74.7485, 24.5517], [74.7563, 24.5599], [74.7538, 24.5784], [74.7467, 24.593], [74.756, 24.6007], [74.7707, 24.6058], [74.7863, 24.6101], [74.7848, 24.6293], [74.7914, 24.6454], [74.7993, 24.6566], [74.8087, 24.67], [74.8177, 24.6765], [74.8097, 24.6865], [74.7923, 24.6843], [74.7761, 24.6861], [74.7796, 24.7007], [74.7844, 24.7126], [74.7897, 24.7266], [74.7814, 24.7408], [74.7925, 24.7502], [74.8031, 24.7549], [74.8011, 24.7867], [74.8098, 24.7964], [74.815, 24.7814], [74.8185, 24.7653], [74.8293, 24.7459], [74.8349, 24.732], [74.8488, 24.7087], [74.8518, 24.6966], [74.8652, 24.6921], [74.8698, 24.6788], [74.875, 24.6675], [74.8879, 24.6577], [74.897, 24.6656], [74.9085, 24.6616], [74.9295, 24.6592], [74.9439, 24.6623], [74.952, 24.6703], [74.9573, 24.6827], [74.9649, 24.6945], [74.9904, 24.7063], [74.9994, 24.7138], [74.9921, 24.7283], [74.992, 24.7438], [74.9971, 24.7542], [75.0202, 24.7528], [75.0213, 24.7672], [75.018, 24.7807], [75.0129, 24.7938], [74.9983, 24.7977], [74.9704, 24.7909], [74.9554, 24.7924], [74.9386, 24.7948], [74.9221, 24.7884], [74.9052, 24.7975], [74.8847, 24.8024], [74.8781, 24.8132], [74.8586, 24.8131], [74.8579, 24.7946], [74.8408, 24.8034], [74.846, 24.8148], [74.859, 24.8202], [74.8575, 24.843], [74.8529, 24.8603], [74.8457, 24.8721], [74.8394, 24.8929], [74.8271, 24.8991], [74.8241, 24.9148], [74.8242, 24.9401], [74.8311, 24.9573], [74.8464, 24.9743], [74.8621, 24.9658], [74.8639, 24.9476], [74.8709, 24.9372], [74.8791, 24.9488], [74.8899, 24.9414], [74.9026, 24.9373], [74.9129, 24.9284], [74.9069, 24.9072], [74.9162, 24.8994], [74.927, 24.8904], [74.9397, 24.8935], [74.9448, 24.8779], [74.9635, 24.8741], [74.9773, 24.8775], [74.991, 24.875], [75.0126, 24.8741], [75.0229, 24.8656], [75.0341, 24.8586], [75.0511, 24.8649], [75.0599, 24.8747], [75.0735, 24.8873], [75.087, 24.8835], [75.115, 24.8871], [75.1177, 24.9052], [75.1177, 24.9463], [75.1153, 24.9611], [75.1191, 24.9748], [75.1347, 24.9777], [75.1491, 24.9812], [75.1343, 24.9827], [75.1458, 24.9864], [75.1609, 24.9876], [75.1668, 25.0061], [75.1653, 25.0223], [75.1547, 25.0289], [75.1591, 25.0455], [75.1738, 25.0538], [75.1853, 25.0425], [75.2006, 25.0345], [75.2182, 25.0414], [75.2375, 25.0419], [75.2556, 25.04], [75.2783, 25.0447], [75.2926, 25.0429], [75.3105, 25.0461], [75.3362, 25.0449], [75.3496, 25.0417], [75.3536, 25.0287], [75.3431, 25.0223], [75.3295, 25.0176], [75.3189, 25.0065], [75.3221, 24.9896], [75.3264, 24.9762], [75.3337, 24.9675], [75.3343, 24.9506], [75.3254, 24.9381], [75.3175, 24.9072], [75.3083, 24.9263], [75.3035, 24.9402], [75.2943, 24.9487], [75.2878, 24.9596], [75.2854, 24.9767], [75.2715, 24.9682], [75.2717, 24.9494], [75.2849, 24.9371], [75.2912, 24.925], [75.2787, 24.9175], [75.2643, 24.9073], [75.2615, 24.8897], [75.2793, 24.8846], [75.2941, 24.8714], [75.3113, 24.8695], [75.3212, 24.8827], [75.3353, 24.8867], [75.3501, 24.885], [75.372, 24.878], [75.3987, 24.8883], [75.4142, 24.893], [75.4206, 24.8816], [75.4173, 24.8686], [75.3997, 24.8549], [75.364, 24.8425], [75.3441, 24.8328], [75.3236, 24.824], [75.313, 24.8135], [75.2984, 24.8199], [75.2904, 24.8409], [75.2838, 24.85], [75.2712, 24.8564], [75.2524, 24.8595], [75.2341, 24.8583], [75.2367, 24.8709], [75.248, 24.8809], [75.2499, 24.8957], [75.2412, 24.9026], [75.2306, 24.8944], [75.2214, 24.9028], [75.2126, 24.9101], [75.2082, 24.8978], [75.2029, 24.8881], [75.2104, 24.8714], [75.2185, 24.8595], [75.2255, 24.851], [75.241, 24.8469], [75.2519, 24.8372], [75.2467, 24.8218], [75.2225, 24.819], [75.2064, 24.8099], [75.2027, 24.7963], [75.1923, 24.7888], [75.1895, 24.7746], [75.1856, 24.763], [75.1982, 24.7569], [75.2169, 24.7224], [75.2214, 24.7335], [75.2425, 24.7305], [75.262, 24.7331], [75.2858, 24.7259], [75.3044, 24.7207], [75.3509, 24.7171], [75.3639, 24.7095], [75.3781, 24.7064], [75.3964, 24.7046], [75.4197, 24.7], [75.4375, 24.6955], [75.4519, 24.6932], [75.4835, 24.6976], [75.5059, 24.7094], [75.5275, 24.7179], [75.5485, 24.7156], [75.569, 24.7199], [75.5819, 24.7227], [75.6026, 24.7013], [75.6094, 24.69], [75.634, 24.6912], [75.6592, 24.7017], [75.68, 24.7278], [75.7118, 24.7454], [75.7231, 24.7501], [75.7418, 24.7604], [75.7597, 24.7648], [75.7726, 24.762], [75.7862, 24.7655], [75.8055, 24.7563], [75.8278, 24.7364], [75.8388, 24.7299], [75.842, 24.7175], [75.8337, 24.686], [75.8271, 24.6715], [75.8439, 24.6694], [75.8488, 24.6531], [75.8439, 24.6393], [75.8381, 24.6236], [75.8281, 24.6134], [75.8392, 24.6087], [75.8525, 24.6143], [75.8657, 24.6073], [75.8767, 24.5996], [75.8844, 24.5817], [75.9029, 24.5768], [75.9174, 24.5715], [75.9078, 24.5654], [75.907, 24.5505], [75.9205, 24.5438], [75.922, 24.5273], [75.9093, 24.5149], [75.897, 24.5223], [75.8911, 24.5096], [75.9055, 24.5053], [75.9118, 24.4924], [75.9081, 24.4781], [75.9094, 24.4636], [75.9034, 24.4539], [75.8986, 24.4416], [75.8865, 24.4369], [75.8752, 24.4303], [75.8612, 24.4233], [75.8473, 24.419], [75.829, 24.4225], [75.8125, 24.4368], [75.8165, 24.4585], [75.805, 24.4728], [75.7911, 24.4752], [75.7841, 24.4647], [75.7762, 24.4539], [75.7682, 24.4403], [75.7524, 24.4316], [75.7553, 24.4093], [75.7433, 24.405], [75.7283, 24.4075], [75.7297, 24.3895], [75.7383, 24.3662], [75.7418, 24.353], [75.7563, 24.3272], [75.7651, 24.3107], [75.781, 24.3086], [75.7974, 24.3143], [75.8112, 24.3035], [75.8168, 24.2908], [75.8129, 24.2771], [75.8125, 24.2607], [75.8181, 24.25], [75.8264, 24.2426], [75.8142, 24.2396], [75.8053, 24.2297], [75.7919, 24.2232], [75.7735, 24.2209], [75.7678, 24.2075], [75.7686, 24.1933], [75.7589, 24.1796], [75.7533, 24.1643], [75.7435, 24.1396], [75.7594, 24.1404], [75.7763, 24.139], [75.779, 24.1246], [75.7896, 24.1098], [75.8024, 24.1183], [75.8122, 24.1029], [75.8306, 24.1079], [75.8306, 24.0816], [75.8207, 24.0706], [75.8073, 24.0676], [75.789, 24.0633], [75.7777, 24.0571], [75.7802, 24.0363], [75.7738, 24.0191], [75.7632, 24.014], [75.762, 23.998], [75.7496, 23.9951], [75.7382, 23.9882], [75.7278, 23.9795], [75.7138, 23.9721], [75.7004, 23.9691], [75.6954, 23.9859], [75.6841, 23.9931], [75.6858, 24.0179], [75.6727, 24.0309], [75.6531, 24.0276], [75.6459, 24.0175], [75.6392, 24.0046], [75.6247, 23.9988], [75.6068, 23.9962], [75.5926, 23.9949], [75.5778, 23.9996], [75.5717, 24.0174], [75.5611, 24.0236], [75.5426, 24.0256], [75.5319, 24.0315], [75.5144, 24.0487], [75.4918, 24.0046], [75.4806, 23.9923], [75.4706, 23.9872], [75.4624, 23.9681], [75.4617, 23.9534], [75.4572, 23.9382], [75.4565, 23.9207], [75.4768, 23.9147], [75.4996, 23.9005], [75.5073, 23.8906], [75.5288, 23.8803], [75.5525, 23.8652], [75.5625, 23.8581], [75.5672, 23.8476], [75.5762, 23.8415], [75.5615, 23.837], [75.5561, 23.8259], [75.5625, 23.8169], [75.5833, 23.8152], [75.5825, 23.8004], [75.6061, 23.8036], [75.624, 23.8005], [75.6411, 23.8023], [75.6568, 23.7918], [75.6712, 23.7868], [75.6791, 23.7695], [75.6901, 23.776], [75.6967, 23.7853], [75.694, 23.8045], [75.6883, 23.8141], [75.7026, 23.8171], [75.7178, 23.819], [75.7179, 23.84], [75.7264, 23.8534], [75.7175, 23.8648], [75.7047, 23.8748], [75.6977, 23.8877], [75.7009, 23.9013], [75.7228, 23.9006], [75.7365, 23.8941], [75.7497, 23.89], [75.7592, 23.8813], [75.7599, 23.862], [75.7696, 23.8544], [75.7839, 23.8577], [75.791, 23.8722], [75.8139, 23.8743], [75.8304, 23.8848], [75.8534, 23.8942], [75.8724, 23.8882], [75.8888, 23.8917], [75.9013, 23.895], [75.9212, 23.9042], [75.9381, 23.9122], [75.9466, 23.9207], [75.9665, 23.9299], [75.976, 23.939], [75.9798, 23.9522], [75.9802, 23.9688], [75.9768, 23.982], [75.9635, 23.9917], [75.9609, 24.0043], [75.9602, 24.0254], [75.9734, 24.0314], [75.9901, 24.0301], [76.0003, 24.0355], [76.0179, 24.0446], [76.033, 24.0642], [76.0434, 24.074], [76.0575, 24.0779], [76.0802, 24.084], [76.099, 24.0892], [76.1086, 24.0971], [76.1233, 24.0923], [76.1347, 24.0997], [76.1301, 24.1121], [76.1369, 24.1313], [76.1317, 24.1439], [76.1309, 24.169], [76.1206, 24.1782], [76.1213, 24.1964], [76.1316, 24.2124], [76.1418, 24.2238], [76.1524, 24.2355], [76.1498, 24.261], [76.1422, 24.2812], [76.1495, 24.2922], [76.1692, 24.2961], [76.1714, 24.3103], [76.1811, 24.3249], [76.194, 24.3209], [76.2025, 24.3132], [76.1991, 24.2973], [76.1947, 24.2848], [76.2022, 24.2768], [76.2036, 24.2506], [76.2062, 24.2327], [76.2156, 24.2168], [76.2361, 24.2239], [76.2477, 24.2279], [76.2654, 24.2216], [76.2764, 24.2165], [76.2888, 24.2256], [76.2939, 24.2407], [76.3101, 24.2464], [76.3269, 24.2536], [76.3442, 24.2519], [76.3583, 24.2461], [76.3735, 24.2377], [76.3912, 24.2256], [76.4118, 24.2096], [76.4225, 24.2142], [76.4295, 24.2271], [76.4418, 24.2219], [76.4532, 24.2168], [76.461, 24.2254], [76.4746, 24.2287], [76.4794, 24.2175], [76.4969, 24.212], [76.5054, 24.2055], [76.5105, 24.179], [76.5174, 24.1666], [76.5314, 24.1635], [76.546, 24.168], [76.5625, 24.1724], [76.5727, 24.1773], [76.577, 24.1913], [76.567, 24.1972], [76.5715, 24.2135], [76.5859, 24.2196], [76.5974, 24.2299], [76.5875, 24.2461], [76.6105, 24.2415], [76.6163, 24.2628], [76.6301, 24.2647], [76.6425, 24.2701], [76.6582, 24.2678], [76.6708, 24.271], [76.6848, 24.2827], [76.6933, 24.274], [76.6966, 24.2612], [76.7025, 24.2488], [76.6878, 24.2325], [76.6768, 24.2105], [76.6742, 24.1934], [76.6894, 24.1837], [76.7011, 24.1714], [76.7125, 24.1666], [76.7268, 24.1651], [76.7359, 24.1718], [76.755, 24.1721], [76.7626, 24.1642], [76.7731, 24.1588], [76.7909, 24.1258], [76.8011, 24.1203], [76.8147, 24.1265], [76.8355, 24.1313], [76.8461, 24.1361], [76.8663, 24.1388], [76.8776, 24.1349], [76.8999, 24.1311], [76.9058, 24.1532], [76.9112, 24.1769], [76.9161, 24.1887], [76.9332, 24.1869], [76.9439, 24.1989], [76.9369, 24.2098], [76.9226, 24.2168], [76.9165, 24.232], [76.9039, 24.2417], [76.8742, 24.2711], [76.8671, 24.2809], [76.8638, 24.2938], [76.8598, 24.3053], [76.8449, 24.328], [76.8402, 24.3387], [76.8382, 24.355], [76.8491, 24.3682], [76.8501, 24.389], [76.8424, 24.4085], [76.8493, 24.4253], [76.8412, 24.4428], [76.8459, 24.4533], [76.8513, 24.4691], [76.8468, 24.4876], [76.8353, 24.4944], [76.8281, 24.5104], [76.8192, 24.5246], [76.8268, 24.5388], [76.8382, 24.5485], [76.8528, 24.551], [76.8662, 24.5494], [76.8748, 24.5405], [76.8757, 24.5262], [76.8936, 24.5355], [76.8998, 24.5478], [76.9129, 24.5436], [76.9188, 24.53], [76.9153, 24.5114], [76.9146, 24.4877], [76.9229, 24.4807], [76.9371, 24.4724], [76.9529, 24.4639], [76.9653, 24.4609], [76.9775, 24.472], [76.9925, 24.4734], [77.0026, 24.4835], [77.0087, 24.4949], [77.0241, 24.5013], [77.0248, 24.5171], [77.03, 24.5271], [77.0503, 24.5265], [77.052, 24.5413], [77.0615, 24.5548], [77.0647, 24.5699], [77.0636, 24.5853], [77.0583, 24.6012], [77.0611, 24.6246], [77.0595, 24.6424], [77.0541, 24.6541], [77.037, 24.6828], [77.0345, 24.6985], [77.0267, 24.7109], [77.0141, 24.7154], [76.9921, 24.7174], [76.9823, 24.7249], [76.972, 24.7317], [76.9653, 24.7441], [76.9633, 24.7596], [76.9517, 24.7655], [76.9217, 24.7488], [76.9033, 24.7461], [76.8867, 24.7541], [76.8681, 24.7496], [76.8473, 24.7504], [76.8467, 24.77], [76.8359, 24.7851], [76.8258, 24.7934], [76.8157, 24.8037], [76.8087, 24.815], [76.8007, 24.8246], [76.8167, 24.8325], [76.8271, 24.8384], [76.8422, 24.8401], [76.8575, 24.841], [76.8781, 24.8396], [76.895, 24.8395], [76.9084, 24.8451], [76.9265, 24.8498], [76.9431, 24.8601], [76.9489, 24.8729], [76.9357, 24.8787], [76.9218, 24.8837], [76.9122, 24.8931], [76.9203, 24.9049], [76.9074, 24.9233], [76.8912, 24.9197], [76.8932, 24.9354], [76.8797, 24.9458], [76.8721, 24.9546], [76.8673, 24.9654], [76.8697, 24.9919], [76.8595, 25.0069], [76.8745, 25.0131], [76.8783, 25.0258], [76.9011, 25.034], [76.9177, 25.04], [76.9535, 25.0485], [76.9687, 25.0559], [76.9747, 25.0707], [76.9837, 25.0776], [77.0003, 25.0797], [77.0124, 25.0749], [77.0247, 25.0718], [77.0393, 25.0681], [77.0549, 25.0633], [77.068, 25.0597], [77.0843, 25.0626], [77.1025, 25.0692], [77.1283, 25.0891], [77.1402, 25.0962], [77.1577, 25.0883], [77.1646, 25.0986], [77.1696, 25.1137], [77.1831, 25.1118], [77.1974, 25.1167], [77.2208, 25.1102], [77.2416, 25.1127], [77.2623, 25.1193], [77.2756, 25.1121], [77.2844, 25.1042], [77.2913, 25.0941], [77.3029, 25.0839], [77.3204, 25.0907], [77.3324, 25.0966], [77.3487, 25.0978], [77.3608, 25.1043], [77.3684, 25.1141], [77.3867, 25.122], [77.3955, 25.112], [77.3886, 25.1273], [77.3893, 25.151], [77.3896, 25.1684], [77.3907, 25.1882], [77.4077, 25.1901], [77.4137, 25.1995], [77.4095, 25.2124], [77.4064, 25.2263], [77.3916, 25.2311], [77.38, 25.2454], [77.3705, 25.251], [77.3603, 25.2609], [77.3497, 25.2718], [77.36, 25.2802], [77.3695, 25.2885], [77.3738, 25.3002], [77.3736, 25.3155], [77.3658, 25.3285], [77.3532, 25.3324], [77.3364, 25.3256], [77.3439, 25.3374], [77.3551, 25.3644], [77.3484, 25.3756], [77.3443, 25.3879], [77.3497, 25.3984], [77.3576, 25.4093], [77.3543, 25.424], [77.3371, 25.4248], [77.3169, 25.4328], [77.3053, 25.4364], [77.283, 25.4236], [77.273, 25.412], [77.26, 25.3995], [77.2442, 25.3896], [77.2256, 25.3792], [77.2211, 25.3611], [77.217, 25.3493], [77.218, 25.3313], [77.1982, 25.3305], [77.2051, 25.3114], [77.1821, 25.3133], [77.1678, 25.3155], [77.1536, 25.3133], [77.1363, 25.3241], [77.1214, 25.3313], [77.1081, 25.3353], [77.0926, 25.3373], [77.0755, 25.3397], [77.0679, 25.3297], [77.0583, 25.3219], [77.0394, 25.3251], [77.0341, 25.3119], [77.0242, 25.3011], [77.0034, 25.3018], [76.9587, 25.2972], [76.9553, 25.2846], [76.9418, 25.2754], [76.9287, 25.2792], [76.9292, 25.2973], [76.9154, 25.309], [76.9046, 25.3179], [76.8932, 25.3224], [76.8726, 25.3243], [76.8537, 25.3297], [76.8335, 25.3269], [76.7953, 25.3218], [76.7728, 25.3159], [76.7598, 25.3227], [76.7658, 25.332], [76.7537, 25.3393], [76.7404, 25.3478], [76.7223, 25.3459], [76.7032, 25.3476], [76.6811, 25.3455], [76.6648, 25.3575], [76.6436, 25.3764], [76.6255, 25.3751], [76.6169, 25.3816], [76.6059, 25.3887], [76.5991, 25.4053], [76.589, 25.4315], [76.5743, 25.4367], [76.5643, 25.4424], [76.5596, 25.4733], [76.5507, 25.4843], [76.5421, 25.4974], [76.5379, 25.5102], [76.5285, 25.5177], [76.5203, 25.5299], [76.5222, 25.5504], [76.5163, 25.5655], [76.5098, 25.5798], [76.5158, 25.607], [76.5147, 25.6337], [76.5008, 25.6433], [76.5108, 25.6728], [76.4891, 25.6834], [76.4778, 25.6951], [76.4824, 25.7181], [76.503, 25.7286], [76.5266, 25.731], [76.5304, 25.7437], [76.5222, 25.7663], [76.5293, 25.798], [76.5355, 25.8092], [76.5495, 25.825], [76.5668, 25.8397], [76.5853, 25.8677], [76.5975, 25.8765], [76.6165, 25.8712], [76.6317, 25.8752], [76.6356, 25.8959], [76.6414, 25.9062], [76.6566, 25.9108], [76.6744, 25.9118], [76.6965, 25.9071], [76.7145, 25.901], [76.7333, 25.9026], [76.7455, 25.9092], [76.7556, 25.9162], [76.7628, 25.9253], [76.7534, 25.9322], [76.7607, 25.9425], [76.7768, 25.9394], [76.7948, 25.9442], [76.8063, 25.953], [76.8162, 25.9671], [76.818, 25.9843], [76.8296, 25.9959], [76.8402, 26.0113], [76.8304, 26.0296], [76.8457, 26.0403], [76.8577, 26.0486], [76.8704, 26.0565], [76.877, 26.0721], [76.8829, 26.0864], [76.8953, 26.098], [76.9183, 26.1027], [76.9387, 26.1061], [76.9535, 26.1153], [76.9686, 26.124], [76.986, 26.1324], [76.9965, 26.1477], [77.0048, 26.1592], [77.0239, 26.1762], [77.0347, 26.1819], [77.0526, 26.1862], [77.0689, 26.1854], [77.0846, 26.1872], [77.0964, 26.1954], [77.1051, 26.2091], [77.1094, 26.2251], [77.124, 26.238], [77.1433, 26.2382], [77.158, 26.2385], [77.1702, 26.2445], [77.1845, 26.2368], [77.2031, 26.2374], [77.2378, 26.2627], [77.2515, 26.267], [77.267, 26.2762], [77.2899, 26.2956], [77.3082, 26.315], [77.3118, 26.3338], [77.318, 26.3464], [77.3347, 26.3572], [77.3467, 26.3604], [77.3603, 26.3695], [77.3789, 26.3638], [77.3945, 26.3667], [77.4078, 26.369], [77.4324, 26.365], [77.4394, 26.373], [77.4337, 26.3875], [77.4264, 26.3955], [77.4341, 26.4092], [77.459, 26.4112], [77.475, 26.4146], [77.4939, 26.4136], [77.5229, 26.4149], [77.5372, 26.4235], [77.5472, 26.4363], [77.5591, 26.4408], [77.5791, 26.4511], [77.5991, 26.4542], [77.6154, 26.4665], [77.6201, 26.477], [77.6394, 26.4892], [77.6547, 26.4972], [77.6677, 26.5083], [77.686, 26.5026], [77.714, 26.5042], [77.727, 26.5154], [77.7307, 26.5299], [77.7394, 26.5427], [77.758, 26.5507], [77.783, 26.5526], [77.7977, 26.5503], [77.813, 26.5548], [77.8247, 26.5727], [77.8184, 26.5939], [77.8254, 26.6052], [77.8341, 26.6118], [77.8514, 26.616], [77.8704, 26.6186], [77.8888, 26.6328], [77.8909, 26.6545], [77.9036, 26.6662], [77.9239, 26.665], [77.9399, 26.6627], [77.9536, 26.6694], [77.9688, 26.6766], [77.9886, 26.7], [78.0119, 26.7001], [78.0316, 26.6913], [78.0491, 26.6898], [78.0609, 26.6818], [78.0754, 26.6782], [78.0857, 26.6831], [78.089, 26.7007], [78.0865, 26.7245], [78.0891, 26.7381], [78.1117, 26.7497], [78.1005, 26.7664], [78.0944, 26.7834], [78.0998, 26.797], [78.1129, 26.8026], [78.1313, 26.7992], [78.1458, 26.7917], [78.1761, 26.7915], [78.1634, 26.8199], [78.1676, 26.832], [78.1921, 26.8298], [78.2098, 26.8361], [78.2368, 26.8317], [78.2475, 26.8239], [78.2609, 26.8209], [78.2668, 26.8328], [78.2678, 26.8497], [78.2762, 26.8605], [78.2947, 26.8683], [78.316, 26.8694], [78.3412, 26.874], [78.3625, 26.8713], [78.364647, 26.868841]]]}}, {"type": "Feature", "properties": {"ID_0": 105, "ISO": "IND", "NAME_0": "India", "ID_1": 21, "NAME_1": "Maharashtra", "NL_NAME_1": "", "VARNAME_1": "", "TYPE_1": "State", "ENGTYPE_1": "State", "filename": "", "filename_1": "", "filename_2": "", "filename_3": "", "filename_4": ""}, "geometry": {"type": "MultiPolygon", "coordinates": [[[[73.455971, 15.889862], [73.455971, 15.889862]]], [[[73.462639, 15.89042], [73.462639, 15.89042]]], [[[73.466248, 15.895972], [73.466248, 15.895972]]], [[[73.460136, 16.045694], [73.460136, 16.045694]]], [[[73.443192, 16.102638], [73.443192, 16.102638]]], [[[73.084297, 17.81875], [73.084297, 17.81875]]], [[[73.038193, 18.052084], [73.038193, 18.052084]]], [[[72.965973, 18.30125], [72.965973, 18.30125]]], [[[73.079033, 18.310419], [73.079033, 18.310419]]], [[[73.082085, 18.322083], [73.082085, 18.322083]]], [[[72.864861, 18.635695], [72.864861, 18.635695]]], [[[72.812637, 18.70653], [72.812637, 18.70653]]], [[[72.842636, 18.708471], [72.842636, 18.708471]]], [[[72.901527, 18.964312], [72.9088, 18.9557], [72.901, 18.9476], [72.8996, 18.9612], [72.901527, 18.964312]]], [[[72.939026, 18.972361], [72.9376, 18.9585], [72.9243, 18.963], [72.9332, 18.9699], [72.939026, 18.972361]]], [[[73.02597, 18.999861], [73.02597, 18.999861]]], [[[72.781807, 19.13542], [72.781807, 19.13542]]], [[[72.731247, 19.468472], [72.731247, 19.468472]]], [[[74.435547, 22.030998], [74.4426, 22.0216], [74.4515, 22.009], [74.4362, 22.0022], [74.443, 21.9831], [74.4486, 21.9711], [74.46, 21.9628], [74.4751, 21.9627], [74.4857, 21.9575], [74.4923, 21.9455], [74.5156, 21.9339], [74.5174, 21.9176], [74.5275, 21.9088], [74.5215, 21.8955], [74.5175, 21.8749], [74.517, 21.8565], [74.5118, 21.8212], [74.5036, 21.8072], [74.506, 21.7826], [74.5119, 21.7731], [74.5179, 21.7637], [74.5138, 21.7515], [74.5135, 21.7358], [74.515, 21.7213], [74.5273, 21.7176], [74.5416, 21.7189], [74.5542, 21.7162], [74.5595, 21.7065], [74.5614, 21.6934], [74.5637, 21.6799], [74.5751, 21.6846], [74.5862, 21.6807], [74.5877, 21.6668], [74.5991, 21.6632], [74.6133, 21.6623], [74.6259, 21.6593], [74.6386, 21.6567], [74.6525, 21.6548], [74.6652, 21.6523], [74.6757, 21.647], [74.6852, 21.6401], [74.6948, 21.6334], [74.7057, 21.6288], [74.7182, 21.6254], [74.7308, 21.6225], [74.7435, 21.6198], [74.7561, 21.6171], [74.77, 21.6154], [74.7823, 21.6123], [74.7961, 21.6101], [74.8061, 21.6151], [74.8173, 21.6113], [74.8325, 21.6109], [74.8383, 21.6201], [74.8498, 21.6237], [74.8588, 21.6301], [74.8742, 21.6303], [74.888, 21.6318], [74.9019, 21.6302], [74.9086, 21.621], [74.9177, 21.614], [74.9288, 21.6097], [74.9411, 21.6058], [74.9535, 21.6021], [74.966, 21.599], [74.9788, 21.5965], [74.991, 21.5925], [75.0018, 21.5876], [75.0134, 21.5812], [75.0318, 21.5693], [75.0536, 21.5672], [75.0636, 21.555], [75.0722, 21.5417], [75.0783, 21.5321], [75.09, 21.5143], [75.0927, 21.5009], [75.1004, 21.4853], [75.1067, 21.4696], [75.1151, 21.4596], [75.1298, 21.4493], [75.1474, 21.4433], [75.188, 21.4273], [75.2037, 21.4173], [75.2199, 21.4109], [75.2323, 21.4166], [75.2477, 21.4107], [75.2591, 21.4052], [75.2766, 21.4089], [75.2916, 21.4139], [75.3032, 21.3952], [75.3209, 21.3924], [75.3349, 21.3947], [75.3538, 21.3935], [75.3614, 21.4032], [75.3787, 21.3924], [75.3931, 21.3841], [75.4093, 21.3899], [75.4317, 21.394], [75.4462, 21.3905], [75.4601, 21.393], [75.4848, 21.3913], [75.5005, 21.3916], [75.5163, 21.3867], [75.5294, 21.3847], [75.5399, 21.3772], [75.5553, 21.3775], [75.5721, 21.3782], [75.5849, 21.3876], [75.603, 21.3905], [75.6194, 21.3935], [75.6268, 21.382], [75.6458, 21.3825], [75.6734, 21.3803], [75.6878, 21.3843], [75.7068, 21.3913], [75.7216, 21.391], [75.7356, 21.3927], [75.7547, 21.3884], [75.7738, 21.3866], [75.7922, 21.3892], [75.8125, 21.3873], [75.8326, 21.3833], [75.8434, 21.3895], [75.8593, 21.3873], [75.8723, 21.3955], [75.8881, 21.3996], [75.9051, 21.3956], [75.9165, 21.3898], [75.9323, 21.3915], [75.948, 21.393], [75.9687, 21.394], [75.9849, 21.3772], [76.0002, 21.3748], [76.016, 21.3699], [76.0346, 21.3653], [76.047, 21.3552], [76.0657, 21.3592], [76.0772, 21.3643], [76.0881, 21.37], [76.1069, 21.3602], [76.116, 21.3388], [76.1222, 21.3216], [76.1273, 21.3073], [76.135, 21.2915], [76.1471, 21.2814], [76.1539, 21.2688], [76.1581, 21.2536], [76.1509, 21.2456], [76.1455, 21.2332], [76.1593, 21.2273], [76.1643, 21.2118], [76.1659, 21.1955], [76.1706, 21.1822], [76.1668, 21.1707], [76.143, 21.1731], [76.1274, 21.1779], [76.1143, 21.1705], [76.1241, 21.1591], [76.1399, 21.1401], [76.1342, 21.1303], [76.1421, 21.1211], [76.1515, 21.115], [76.1622, 21.11], [76.1693, 21.1014], [76.1686, 21.0858], [76.1839, 21.09], [76.2087, 21.0902], [76.2275, 21.0914], [76.2621, 21.0947], [76.2732, 21.0854], [76.2818, 21.0753], [76.2971, 21.0772], [76.3348, 21.0772], [76.357, 21.0797], [76.372, 21.0786], [76.3901, 21.0881], [76.4094, 21.0941], [76.4118, 21.1073], [76.4337, 21.1067], [76.4477, 21.1129], [76.4529, 21.1244], [76.4575, 21.1383], [76.4668, 21.1473], [76.477, 21.1553], [76.4783, 21.1757], [76.4825, 21.1882], [76.4912, 21.1978], [76.5208, 21.1892], [76.5413, 21.1963], [76.5594, 21.2058], [76.5752, 21.2041], [76.5867, 21.1987], [76.6056, 21.1972], [76.62, 21.1954], [76.6316, 21.2054], [76.6317, 21.2289], [76.6373, 21.2391], [76.6499, 21.249], [76.6594, 21.2621], [76.6611, 21.2824], [76.6486, 21.3], [76.6397, 21.3106], [76.6258, 21.3297], [76.6684, 21.3695], [76.7191, 21.4006], [76.7321, 21.4088], [76.7384, 21.4294], [76.7434, 21.4431], [76.7565, 21.4499], [76.7758, 21.4601], [76.7851, 21.4767], [76.7918, 21.4899], [76.7702, 21.5108], [76.7629, 21.5226], [76.7753, 21.532], [76.7878, 21.5401], [76.7828, 21.5515], [76.7836, 21.578], [76.7915, 21.5874], [76.8039, 21.5968], [76.8232, 21.5927], [76.8386, 21.6005], [76.8478, 21.6133], [76.8917, 21.6007], [76.9057, 21.6045], [76.9116, 21.6149], [76.9787, 21.666], [76.9973, 21.6816], [77.0102, 21.6844], [77.0233, 21.6938], [77.0343, 21.7005], [77.0595, 21.7094], [77.069, 21.7218], [77.0838, 21.7186], [77.1033, 21.7226], [77.1211, 21.7253], [77.1333, 21.7223], [77.1475, 21.7147], [77.1624, 21.7141], [77.168, 21.7258], [77.1838, 21.7245], [77.1843, 21.7045], [77.2014, 21.6963], [77.218, 21.6984], [77.2246, 21.7179], [77.2399, 21.7171], [77.2552, 21.7152], [77.2628, 21.7236], [77.2832, 21.7242], [77.2869, 21.7364], [77.2823, 21.7481], [77.2771, 21.7598], [77.2937, 21.7599], [77.3089, 21.7596], [77.326, 21.7574], [77.3374, 21.7616], [77.3534, 21.7595], [77.3759, 21.7571], [77.4011, 21.7562], [77.4267, 21.7604], [77.4439, 21.7635], [77.4587, 21.7682], [77.4714, 21.7712], [77.4759, 21.7579], [77.4888, 21.7503], [77.4999, 21.7449], [77.5084, 21.7353], [77.5179, 21.727], [77.521, 21.7141], [77.5359, 21.7083], [77.5446, 21.6924], [77.5505, 21.6763], [77.5586, 21.6687], [77.5604, 21.6452], [77.5655, 21.635], [77.571, 21.6235], [77.5722, 21.5877], [77.57, 21.5698], [77.5741, 21.5575], [77.5907, 21.5616], [77.6058, 21.5509], [77.5949, 21.5332], [77.5779, 21.5292], [77.5534, 21.5362], [77.5407, 21.5389], [77.5119, 21.5475], [77.484, 21.5533], [77.4687, 21.5545], [77.4519, 21.5556], [77.4466, 21.5456], [77.4319, 21.5464], [77.4199, 21.5387], [77.4188, 21.5208], [77.4311, 21.5022], [77.4392, 21.4893], [77.4383, 21.4729], [77.4524, 21.468], [77.4693, 21.4569], [77.4692, 21.437], [77.4771, 21.4209], [77.4842, 21.3985], [77.487, 21.3777], [77.5017, 21.3792], [77.5169, 21.378], [77.5398, 21.3812], [77.5625, 21.3734], [77.576, 21.3705], [77.6015, 21.3653], [77.602, 21.3842], [77.6115, 21.3938], [77.6293, 21.391], [77.6459, 21.3934], [77.6621, 21.388], [77.6648, 21.3736], [77.6752, 21.3788], [77.6883, 21.3967], [77.6926, 21.3806], [77.7051, 21.3735], [77.7249, 21.3642], [77.7383, 21.3666], [77.7434, 21.3801], [77.7569, 21.3864], [77.7766, 21.388], [77.7934, 21.3907], [77.796, 21.4063], [77.818, 21.4087], [77.8339, 21.4015], [77.8466, 21.3941], [77.8632, 21.3881], [77.8834, 21.3855], [77.8923, 21.379], [77.9118, 21.3828], [77.9249, 21.3861], [77.9411, 21.399], [77.9577, 21.4011], [77.976, 21.4021], [77.9958, 21.4138], [78.0071, 21.4184], [78.0291, 21.4254], [78.0435, 21.435], [78.0637, 21.4389], [78.0786, 21.4457], [78.0925, 21.456], [78.1091, 21.4642], [78.1272, 21.4734], [78.1428, 21.4821], [78.1693, 21.4985], [78.1776, 21.5143], [78.168, 21.526], [78.1706, 21.5422], [78.1773, 21.5567], [78.2155, 21.5537], [78.2387, 21.5655], [78.2693, 21.5707], [78.2585, 21.5819], [78.2622, 21.5938], [78.2816, 21.5868], [78.3, 21.5851], [78.3041, 21.5714], [78.3187, 21.5756], [78.3285, 21.5812], [78.3368, 21.5905], [78.3477, 21.5789], [78.3661, 21.5819], [78.3742, 21.59], [78.372, 21.6108], [78.3795, 21.6186], [78.3893, 21.6106], [78.4045, 21.6101], [78.4193, 21.6043], [78.4158, 21.5881], [78.4159, 21.5731], [78.4223, 21.5637], [78.4206, 21.5488], [78.4275, 21.5383], [78.4322, 21.5199], [78.4301, 21.5018], [78.4517, 21.4973], [78.4617, 21.5035], [78.4804, 21.5061], [78.4908, 21.518], [78.5021, 21.5266], [78.5201, 21.5254], [78.5373, 21.5246], [78.5524, 21.5194], [78.5665, 21.5157], [78.5733, 21.4985], [78.5812, 21.4896], [78.5986, 21.4848], [78.6161, 21.4815], [78.6375, 21.4842], [78.6591, 21.4789], [78.6841, 21.482], [78.6962, 21.4774], [78.7139, 21.468], [78.7297, 21.4714], [78.7404, 21.4837], [78.7465, 21.4939], [78.761, 21.4898], [78.7644, 21.4743], [78.777, 21.4791], [78.7846, 21.4891], [78.8101, 21.4909], [78.828, 21.49], [78.8442, 21.49], [78.8751, 21.4879], [78.8905, 21.4982], [78.9079, 21.4943], [78.9206, 21.4876], [78.9338, 21.4924], [78.9369, 21.5104], [78.9262, 21.5216], [78.9246, 21.5387], [78.9044, 21.5548], [78.9127, 21.5631], [78.9278, 21.5603], [78.9199, 21.569], [78.9122, 21.5852], [78.9227, 21.5926], [78.9403, 21.5938], [78.9623, 21.6059], [78.9748, 21.6176], [78.9944, 21.6187], [79.0058, 21.604], [79.031, 21.6056], [79.0479, 21.6057], [79.0761, 21.6077], [79.0881, 21.5992], [79.1041, 21.6094], [79.1112, 21.6256], [79.1277, 21.6281], [79.1371, 21.6368], [79.1471, 21.6566], [79.1862, 21.6544], [79.2166, 21.6502], [79.2269, 21.6577], [79.2284, 21.6714], [79.2182, 21.6813], [79.2209, 21.6966], [79.2348, 21.7152], [79.2577, 21.7175], [79.2718, 21.709], [79.2848, 21.6939], [79.3173, 21.6858], [79.3426, 21.6845], [79.3618, 21.6795], [79.3831, 21.6754], [79.4005, 21.6796], [79.4114, 21.691], [79.428, 21.6853], [79.4407, 21.6822], [79.4585, 21.6873], [79.4886, 21.6741], [79.4946, 21.6605], [79.4993, 21.6478], [79.5026, 21.6346], [79.5125, 21.6265], [79.5011, 21.6197], [79.5068, 21.6024], [79.5107, 21.5832], [79.5277, 21.5748], [79.5376, 21.569], [79.5361, 21.555], [79.5474, 21.5443], [79.5603, 21.548], [79.5714, 21.5438], [79.5895, 21.5496], [79.6087, 21.5559], [79.6253, 21.5549], [79.6407, 21.5555], [79.6539, 21.5635], [79.6581, 21.5773], [79.6848, 21.5807], [79.6938, 21.591], [79.7138, 21.5911], [79.7326, 21.6025], [79.7449, 21.5979], [79.7688, 21.5904], [79.7918, 21.5814], [79.8032, 21.5726], [79.8117, 21.5643], [79.825, 21.5467], [79.8415, 21.5418], [79.8548, 21.5325], [79.8719, 21.5296], [79.8898, 21.5239], [79.9158, 21.5245], [79.9183, 21.5403], [79.9272, 21.5537], [79.9471, 21.5553], [79.9614, 21.558], [79.9856, 21.5368], [80.0021, 21.539], [80.0122, 21.546], [80.0227, 21.5538], [80.0344, 21.5575], [80.0482, 21.5541], [80.0636, 21.5546], [80.0733, 21.5638], [80.082, 21.5718], [80.0897, 21.5823], [80.0987, 21.5887], [80.1099, 21.5934], [80.1149, 21.607], [80.133, 21.6056], [80.1479, 21.6063], [80.1567, 21.6141], [80.165, 21.6217], [80.1803, 21.6255], [80.1882, 21.6342], [80.2047, 21.6335], [80.212, 21.6242], [80.2269, 21.6201], [80.2427, 21.6205], [80.2602, 21.6201], [80.2709, 21.6106], [80.2754, 21.5991], [80.2866, 21.5934], [80.2919, 21.578], [80.3076, 21.5767], [80.3202, 21.5736], [80.3263, 21.5616], [80.3274, 21.5461], [80.338, 21.5388], [80.3519, 21.533], [80.3658, 21.5263], [80.3712, 21.5151], [80.3742, 21.5011], [80.3786, 21.4893], [80.3837, 21.479], [80.3921, 21.4694], [80.4022, 21.4634], [80.4064, 21.4512], [80.4106, 21.4402], [80.4043, 21.4307], [80.4, 21.4195], [80.3899, 21.4089], [80.3939, 21.3922], [80.3994, 21.3805], [80.4103, 21.3755], [80.4249, 21.3745], [80.4372, 21.3714], [80.4433, 21.3846], [80.4476, 21.3985], [80.4629, 21.3964], [80.479, 21.3959], [80.4934, 21.3942], [80.5057, 21.3907], [80.5204, 21.3882], [80.5297, 21.381], [80.5369, 21.3691], [80.5502, 21.3647], [80.5642, 21.3579], [80.5605, 21.3455], [80.5754, 21.3438], [80.5819, 21.3343], [80.5913, 21.3267], [80.6053, 21.3243], [80.6178, 21.3192], [80.6318, 21.3237], [80.6483, 21.3264], [80.6636, 21.3249], [80.6681, 21.3138], [80.6731, 21.3012], [80.6653, 21.2923], [80.6537, 21.286], [80.6449, 21.276], [80.6411, 21.2614], [80.6353, 21.2501], [80.6246, 21.2443], [80.6134, 21.2368], [80.6051, 21.2288], [80.5923, 21.2248], [80.5781, 21.2199], [80.5684, 21.2139], [80.5612, 21.2058], [80.5506, 21.2012], [80.535, 21.1996], [80.5207, 21.2035], [80.5132, 21.1936], [80.5076, 21.1824], [80.4923, 21.1799], [80.4794, 21.1749], [80.4642, 21.1721], [80.4543, 21.1654], [80.4516, 21.1497], [80.447, 21.1381], [80.4407, 21.1255], [80.4482, 21.1163], [80.4391, 21.1092], [80.4342, 21.098], [80.44, 21.0853], [80.4426, 21.0725], [80.4461, 21.06], [80.4471, 21.0443], [80.4452, 21.0309], [80.436, 21.0221], [80.4288, 21.0136], [80.4333, 20.9997], [80.4389, 20.9716], [80.4438, 20.961], [80.4488, 20.9453], [80.4566, 20.9372], [80.4653, 20.9273], [80.4827, 20.9285], [80.5007, 20.9289], [80.5264, 20.9321], [80.5418, 20.9339], [80.5391, 20.9211], [80.5462, 20.9031], [80.5498, 20.8889], [80.5489, 20.8681], [80.5504, 20.8457], [80.5548, 20.8294], [80.5508, 20.8155], [80.5457, 20.8014], [80.5455, 20.7823], [80.5455, 20.7654], [80.552, 20.7535], [80.5559, 20.7226], [80.5602, 20.7118], [80.5749, 20.6984], [80.5801, 20.6836], [80.5728, 20.6743], [80.5527, 20.6731], [80.5374, 20.664], [80.5189, 20.6618], [80.5076, 20.6546], [80.4896, 20.6399], [80.4816, 20.6298], [80.4842, 20.612], [80.4929, 20.6041], [80.5001, 20.5869], [80.5195, 20.5847], [80.5298, 20.5901], [80.5514, 20.5991], [80.559, 20.61], [80.5787, 20.6141], [80.6026, 20.6074], [80.6177, 20.6062], [80.6129, 20.5906], [80.6142, 20.5769], [80.6197, 20.5673], [80.6122, 20.5596], [80.6103, 20.5451], [80.6085, 20.5162], [80.6062, 20.4871], [80.6033, 20.4624], [80.5947, 20.4464], [80.6014, 20.4374], [80.5945, 20.4207], [80.5865, 20.4007], [80.5902, 20.3844], [80.6022, 20.3764], [80.6062, 20.3608], [80.6115, 20.3493], [80.6167, 20.3376], [80.6067, 20.3254], [80.5842, 20.3193], [80.5516, 20.3115], [80.5393, 20.3004], [80.5267, 20.2848], [80.5108, 20.2696], [80.4945, 20.2748], [80.4759, 20.2737], [80.4565, 20.2689], [80.4373, 20.2585], [80.4229, 20.2526], [80.409, 20.2491], [80.3862, 20.2446], [80.388, 20.2306], [80.398, 20.2128], [80.4098, 20.2053], [80.414, 20.1902], [80.4041, 20.1844], [80.3928, 20.1774], [80.386, 20.1628], [80.3938, 20.144], [80.427, 20.1302], [80.4441, 20.1303], [80.4479, 20.1416], [80.4668, 20.1427], [80.4829, 20.1379], [80.498, 20.1389], [80.5036, 20.1288], [80.5182, 20.1268], [80.5288, 20.1175], [80.5404, 20.1098], [80.5352, 20.0922], [80.5418, 20.0767], [80.5462, 20.0657], [80.5411, 20.0482], [80.5354, 20.0112], [80.5399, 19.9977], [80.5455, 19.9872], [80.5378, 19.9736], [80.5338, 19.953], [80.526, 19.9411], [80.5204, 19.9309], [80.5088, 19.9259], [80.4805, 19.9278], [80.4698, 19.9337], [80.4645, 19.9463], [80.4437, 19.9527], [80.431, 19.9409], [80.4206, 19.9362], [80.4063, 19.9325], [80.4027, 19.9096], [80.4147, 19.9029], [80.431, 19.8984], [80.4444, 19.8936], [80.4612, 19.9034], [80.4827, 19.8989], [80.4917, 19.8905], [80.4969, 19.8772], [80.4876, 19.8651], [80.475, 19.8571], [80.471, 19.8427], [80.4603, 19.828], [80.447, 19.8203], [80.4317, 19.8103], [80.4173, 19.8092], [80.405, 19.8154], [80.3984, 19.8032], [80.4177, 19.7971], [80.4358, 19.7919], [80.4524, 19.7929], [80.4668, 19.7849], [80.4781, 19.7724], [80.4821, 19.7895], [80.4771, 19.8012], [80.4629, 19.8058], [80.4692, 19.8247], [80.4907, 19.8254], [80.5075, 19.8299], [80.5354, 19.8181], [80.5442, 19.8112], [80.5424, 19.7942], [80.5389, 19.7807], [80.5502, 19.7646], [80.5677, 19.7567], [80.5787, 19.7439], [80.5903, 19.7344], [80.6131, 19.7289], [80.6335, 19.7185], [80.6456, 19.7065], [80.6613, 19.6975], [80.666, 19.6863], [80.6622, 19.6626], [80.6561, 19.6252], [80.662, 19.6087], [80.683, 19.6106], [80.7078, 19.6105], [80.721, 19.6084], [80.758, 19.5902], [80.765, 19.5743], [80.7852, 19.5604], [80.8092, 19.5645], [80.8276, 19.5627], [80.8361, 19.549], [80.8408, 19.5336], [80.8523, 19.5242], [80.8736, 19.5223], [80.8855, 19.5093], [80.8914, 19.4908], [80.8921, 19.4657], [80.8856, 19.4565], [80.876, 19.4479], [80.8575, 19.4425], [80.8351, 19.4424], [80.808, 19.4316], [80.7943, 19.4288], [80.798, 19.4117], [80.8085, 19.397], [80.8127, 19.3827], [80.8232, 19.3747], [80.835, 19.3707], [80.845, 19.3609], [80.8264, 19.348], [80.8165, 19.3425], [80.8063, 19.3349], [80.7993, 19.3252], [80.7825, 19.3217], [80.7662, 19.3081], [80.7551, 19.2952], [80.7434, 19.286], [80.7183, 19.2855], [80.7004, 19.2823], [80.6836, 19.2869], [80.6853, 19.3126], [80.6792, 19.3241], [80.6644, 19.3266], [80.6353, 19.3128], [80.6255, 19.3068], [80.6102, 19.3071], [80.6001, 19.3181], [80.5957, 19.3313], [80.5886, 19.3444], [80.5823, 19.3683], [80.5729, 19.3984], [80.5315, 19.3743], [80.5227, 19.3598], [80.5138, 19.3482], [80.5004, 19.3413], [80.4811, 19.3378], [80.4705, 19.3289], [80.4653, 19.3159], [80.4568, 19.2992], [80.4454, 19.2699], [80.437, 19.2611], [80.4281, 19.2544], [80.4145, 19.2492], [80.4016, 19.2468], [80.3885, 19.2433], [80.3792, 19.2326], [80.377, 19.2174], [80.3861, 19.1956], [80.3811, 19.1807], [80.3624, 19.1693], [80.3455, 19.1629], [80.3396, 19.153], [80.3249, 19.1415], [80.3209, 19.1245], [80.3297, 19.1074], [80.3241, 19.0949], [80.3221, 19.0749], [80.3158, 19.0646], [80.3022, 19.0556], [80.2917, 19.0498], [80.2953, 19.0287], [80.2881, 19.0139], [80.2723, 18.9974], [80.2675, 18.984], [80.269, 18.9642], [80.2653, 18.947], [80.2676, 18.9288], [80.2914, 18.9076], [80.3086, 18.8862], [80.3217, 18.8748], [80.3357, 18.8561], [80.3456, 18.8339], [80.3478, 18.8159], [80.3347, 18.8061], [80.3187, 18.796], [80.2994, 18.7935], [80.2902, 18.7863], [80.2795, 18.7679], [80.2654, 18.7632], [80.249, 18.7653], [80.2405, 18.7566], [80.2475, 18.7436], [80.2575, 18.7313], [80.2675, 18.718], [80.2467, 18.7013], [80.23, 18.6975], [80.2144, 18.7011], [80.2019, 18.6974], [80.1941, 18.6885], [80.189, 18.6756], [80.171, 18.6773], [80.1646, 18.6903], [80.1522, 18.6953], [80.1423, 18.6863], [80.1213, 18.6812], [80.1108, 18.6762], [80.1005, 18.685], [80.087, 18.6976], [80.0747, 18.7026], [80.0655, 18.7133], [80.0533, 18.7178], [80.0329, 18.7464], [80.0187, 18.751], [80.0124, 18.7668], [79.9929, 18.7735], [79.9501, 18.7799], [79.932, 18.7844], [79.9163, 18.7973], [79.9091, 18.8067], [79.894, 18.8308], [79.9208, 18.8362], [79.9333, 18.845], [79.939, 18.8589], [79.9409, 18.8774], [79.9401, 18.8967], [79.9414, 18.9158], [79.9409, 18.9377], [79.9359, 18.9576], [79.9322, 18.9716], [79.9328, 18.9957], [79.9345, 19.0217], [79.926, 19.0425], [79.9029, 19.048], [79.8811, 19.0414], [79.871, 19.0355], [79.857, 19.0422], [79.8611, 19.06], [79.8601, 19.091], [79.858, 19.1041], [79.8631, 19.1158], [79.8712, 19.1227], [79.906, 19.1418], [79.9223, 19.1571], [79.9407, 19.1644], [79.9353, 19.1839], [79.9225, 19.2034], [79.9202, 19.2264], [79.9319, 19.2593], [79.9452, 19.2841], [79.9618, 19.2975], [79.9574, 19.3245], [79.9645, 19.3507], [79.9672, 19.3746], [79.9726, 19.3916], [79.97, 19.4095], [79.9592, 19.4259], [79.9458, 19.4408], [79.945, 19.4588], [79.9373, 19.467], [79.9235, 19.4776], [79.911, 19.4923], [79.8782, 19.5007], [79.8638, 19.5136], [79.8282, 19.537], [79.8206, 19.5524], [79.8166, 19.569], [79.8052, 19.5768], [79.7933, 19.5801], [79.7863, 19.5897], [79.7776, 19.5977], [79.7543, 19.6023], [79.7299, 19.5966], [79.7129, 19.5833], [79.6957, 19.5811], [79.678, 19.5766], [79.6526, 19.5767], [79.6214, 19.5651], [79.6109, 19.5492], [79.6029, 19.5211], [79.6009, 19.508], [79.5913, 19.5017], [79.5734, 19.5066], [79.5525, 19.52], [79.5452, 19.534], [79.5427, 19.5485], [79.5262, 19.5461], [79.515, 19.5419], [79.5158, 19.5224], [79.4933, 19.5052], [79.4704, 19.4975], [79.4651, 19.509], [79.4582, 19.519], [79.4413, 19.5335], [79.4232, 19.5328], [79.4018, 19.5398], [79.389, 19.5489], [79.3807, 19.5559], [79.3712, 19.5615], [79.3409, 19.5738], [79.3215, 19.5718], [79.3096, 19.582], [79.2932, 19.5967], [79.2679, 19.6067], [79.2552, 19.6112], [79.2371, 19.6095], [79.2438, 19.5933], [79.2501, 19.5777], [79.2398, 19.5595], [79.2393, 19.542], [79.2366, 19.5268], [79.2234, 19.517], [79.2081, 19.4987], [79.2207, 19.4756], [79.189, 19.4587], [79.1691, 19.4678], [79.157, 19.4855], [79.1403, 19.5011], [79.1265, 19.5065], [79.1128, 19.5098], [79.1024, 19.5194], [79.0966, 19.5305], [79.0738, 19.5286], [79.0601, 19.5387], [79.0515, 19.5453], [79.0184, 19.54], [79.0001, 19.5594], [78.9864, 19.5571], [78.9736, 19.5499], [78.9546, 19.5518], [78.9647, 19.5703], [78.9779, 19.5799], [78.9713, 19.5973], [78.9629, 19.6173], [78.968, 19.6394], [78.9617, 19.6588], [78.9436, 19.6651], [78.9159, 19.6677], [78.9038, 19.6646], [78.891, 19.6553], [78.8588, 19.6563], [78.8632, 19.6795], [78.8635, 19.6968], [78.8574, 19.7197], [78.8536, 19.738], [78.8456, 19.7584], [78.8253, 19.7604], [78.8076, 19.758], [78.797, 19.7686], [78.7849, 19.7787], [78.7632, 19.7756], [78.7431, 19.7797], [78.7318, 19.7728], [78.7164, 19.7668], [78.7018, 19.7856], [78.6864, 19.7899], [78.6483, 19.8015], [78.6352, 19.8038], [78.6193, 19.8087], [78.6037, 19.8175], [78.585, 19.8117], [78.5579, 19.8156], [78.5263, 19.8217], [78.5124, 19.8143], [78.5096, 19.8012], [78.4939, 19.7932], [78.4843, 19.8072], [78.4762, 19.8164], [78.4446, 19.8192], [78.4287, 19.8231], [78.409, 19.8299], [78.3977, 19.8364], [78.3892, 19.8462], [78.3842, 19.8636], [78.3841, 19.8792], [78.3658, 19.8829], [78.3467, 19.8814], [78.3252, 19.8905], [78.3346, 19.9043], [78.3284, 19.9161], [78.3102, 19.9127], [78.2977, 19.8733], [78.2942, 19.8556], [78.3032, 19.8458], [78.339, 19.8392], [78.336, 19.8187], [78.3516, 19.8103], [78.367, 19.7945], [78.3648, 19.7673], [78.3608, 19.754], [78.3532, 19.7378], [78.3443, 19.7243], [78.3325, 19.7085], [78.3201, 19.6967], [78.3049, 19.6884], [78.2858, 19.6897], [78.2734, 19.6702], [78.2876, 19.6545], [78.2924, 19.6442], [78.2955, 19.6318], [78.3089, 19.6114], [78.31, 19.5867], [78.3111, 19.5718], [78.2999, 19.5668], [78.2853, 19.5603], [78.2915, 19.5431], [78.2955, 19.5308], [78.2987, 19.5136], [78.3036, 19.4938], [78.312, 19.4793], [78.3089, 19.4564], [78.2973, 19.4488], [78.282, 19.453], [78.2669, 19.4479], [78.252, 19.4301], [78.2336, 19.4329], [78.2151, 19.4271], [78.2055, 19.4144], [78.1822, 19.4118], [78.1876, 19.3956], [78.1848, 19.3763], [78.1814, 19.3607], [78.1823, 19.3454], [78.1972, 19.3317], [78.1955, 19.3144], [78.1832, 19.279], [78.1833, 19.2612], [78.1833, 19.2415], [78.1701, 19.2363], [78.1497, 19.2301], [78.1393, 19.2394], [78.1267, 19.2464], [78.0994, 19.2455], [78.0823, 19.2548], [78.0751, 19.2465], [78.0576, 19.2398], [78.0481, 19.2475], [78.0494, 19.2627], [78.0329, 19.2741], [78.0182, 19.2963], [77.9959, 19.3057], [77.9769, 19.3211], [77.9667, 19.3273], [77.9489, 19.3413], [77.9372, 19.3358], [77.922, 19.3259], [77.9123, 19.318], [77.8933, 19.3212], [77.8752, 19.3089], [77.8609, 19.3021], [77.8619, 19.2841], [77.8754, 19.2798], [77.8931, 19.2784], [77.9057, 19.2672], [77.9004, 19.2561], [77.8846, 19.2602], [77.8674, 19.2553], [77.8654, 19.2379], [77.8615, 19.2263], [77.8523, 19.2097], [77.8465, 19.197], [77.8584, 19.1808], [77.8539, 19.1694], [77.8487, 19.1594], [77.8377, 19.1383], [77.8386, 19.1189], [77.8441, 19.0961], [77.8338, 19.0865], [77.8224, 19.0964], [77.8058, 19.1033], [77.8013, 19.0844], [77.7945, 19.0734], [77.7972, 19.0513], [77.7831, 19.0548], [77.7617, 19.062], [77.7574, 19.0286], [77.7643, 19.0196], [77.7684, 18.9994], [77.7674, 18.9814], [77.7815, 18.9763], [77.8171, 18.9824], [77.8129, 18.9601], [77.8274, 18.9457], [77.8537, 18.9523], [77.8487, 18.9314], [77.8411, 18.9215], [77.8566, 18.9061], [77.8693, 18.9103], [77.8826, 18.8964], [77.8877, 18.8851], [77.8992, 18.8679], [77.9253, 18.8592], [77.9324, 18.8509], [77.9441, 18.8423], [77.9426, 18.8223], [77.9076, 18.8295], [77.8592, 18.8141], [77.8375, 18.8075], [77.8276, 18.786], [77.8232, 18.7685], [77.8104, 18.7402], [77.8027, 18.7293], [77.7865, 18.6943], [77.7694, 18.6906], [77.7644, 18.7079], [77.7499, 18.6978], [77.7447, 18.6839], [77.7329, 18.676], [77.7281, 18.6642], [77.7301, 18.6481], [77.736, 18.6309], [77.743, 18.6214], [77.7481, 18.6053], [77.7472, 18.5891], [77.7354, 18.5632], [77.7279, 18.5515], [77.7124, 18.5544], [77.6827, 18.5408], [77.6621, 18.5333], [77.6453, 18.5363], [77.6522, 18.5496], [77.6405, 18.5539], [77.6163, 18.5487], [77.5973, 18.5475], [77.5933, 18.528], [77.5965, 18.515], [77.5863, 18.5029], [77.5939, 18.4939], [77.6038, 18.4853], [77.5931, 18.4735], [77.5765, 18.4838], [77.5706, 18.4669], [77.5465, 18.4657], [77.5591, 18.458], [77.5836, 18.4535], [77.5741, 18.4393], [77.5602, 18.435], [77.5464, 18.4406], [77.5285, 18.4405], [77.5259, 18.4274], [77.5352, 18.4212], [77.5552, 18.4179], [77.5493, 18.3877], [77.5305, 18.3758], [77.5214, 18.3647], [77.5195, 18.3493], [77.5273, 18.3394], [77.5422, 18.3339], [77.5669, 18.3179], [77.555, 18.2983], [77.5396, 18.2938], [77.5239, 18.303], [77.5095, 18.3067], [77.5126, 18.282], [77.4977, 18.2734], [77.4803, 18.2687], [77.4692, 18.2632], [77.4508, 18.266], [77.4449, 18.2772], [77.4346, 18.293], [77.4364, 18.3065], [77.4078, 18.2996], [77.3926, 18.3009], [77.3813, 18.3059], [77.3625, 18.3083], [77.3554, 18.3185], [77.367, 18.3223], [77.378, 18.3287], [77.3862, 18.3382], [77.3959, 18.3446], [77.3918, 18.3659], [77.4079, 18.3785], [77.4005, 18.3978], [77.3698, 18.4007], [77.3644, 18.4298], [77.3696, 18.4477], [77.3541, 18.4487], [77.3453, 18.4344], [77.3334, 18.4419], [77.3256, 18.4551], [77.3133, 18.4394], [77.2948, 18.4327], [77.2646, 18.4184], [77.2491, 18.4083], [77.2364, 18.3998], [77.2329, 18.3861], [77.245, 18.3706], [77.2308, 18.3656], [77.2214, 18.3472], [77.2169, 18.3249], [77.21, 18.3137], [77.2001, 18.3192], [77.1976, 18.2955], [77.2062, 18.278], [77.1916, 18.2743], [77.1778, 18.2819], [77.1674, 18.2735], [77.1657, 18.2559], [77.1514, 18.2379], [77.1477, 18.2214], [77.1395, 18.2072], [77.121, 18.2067], [77.1066, 18.2018], [77.0955, 18.1951], [77.1029, 18.1863], [77.1163, 18.1676], [77.1089, 18.1527], [77.0966, 18.1581], [77.0862, 18.1503], [77.0691, 18.1494], [77.0577, 18.1559], [77.0494, 18.1732], [77.0381, 18.1813], [77.0217, 18.1782], [77.024, 18.1627], [76.9978, 18.1668], [76.9929, 18.1821], [76.9806, 18.1894], [76.9588, 18.1861], [76.951, 18.1725], [76.9438, 18.1547], [76.9254, 18.1448], [76.93, 18.1323], [76.9223, 18.1202], [76.9322, 18.111], [76.9534, 18.1101], [76.9683, 18.0971], [76.9548, 18.0854], [76.947, 18.0738], [76.9527, 18.0634], [76.9484, 18.0487], [76.9546, 18.0397], [76.9386, 18.0372], [76.9177, 18.0332], [76.9202, 18.0138], [76.9185, 17.9987], [76.9182, 17.9729], [76.9132, 17.9372], [76.9183, 17.9231], [76.9002, 17.9147], [76.8924, 17.9029], [76.8832, 17.8971], [76.8538, 17.8978], [76.8318, 17.8907], [76.8204, 17.8845], [76.8054, 17.8742], [76.7746, 17.877], [76.7701, 17.8924], [76.743, 17.899], [76.7396, 17.8836], [76.7375, 17.8571], [76.7546, 17.8566], [76.7643, 17.8495], [76.7797, 17.8363], [76.7882, 17.8265], [76.7814, 17.8151], [76.7763, 17.7994], [76.7628, 17.7871], [76.7478, 17.7836], [76.7246, 17.7851], [76.7124, 17.7751], [76.721, 17.7676], [76.718, 17.7479], [76.7265, 17.7404], [76.7035, 17.7291], [76.7008, 17.7073], [76.6909, 17.7019], [76.6906, 17.68], [76.6781, 17.6873], [76.6631, 17.6879], [76.6581, 17.7085], [76.6508, 17.7208], [76.6374, 17.7241], [76.6298, 17.7419], [76.627, 17.756], [76.6144, 17.7683], [76.6069, 17.7596], [76.5988, 17.728], [76.5932, 17.7176], [76.587, 17.7079], [76.5732, 17.7022], [76.5681, 17.7398], [76.5646, 17.7537], [76.5733, 17.76], [76.5598, 17.7631], [76.5382, 17.7589], [76.525, 17.7347], [76.5236, 17.7152], [76.4923, 17.7149], [76.4856, 17.6927], [76.4847, 17.6696], [76.4523, 17.6555], [76.4408, 17.6494], [76.4287, 17.6444], [76.4258, 17.6283], [76.4207, 17.6142], [76.4157, 17.6042], [76.3821, 17.6008], [76.3595, 17.5963], [76.3364, 17.596], [76.3329, 17.5738], [76.3372, 17.5552], [76.34, 17.5426], [76.3548, 17.5387], [76.3646, 17.5285], [76.356, 17.5134], [76.3437, 17.5081], [76.3459, 17.4916], [76.3666, 17.4953], [76.3723, 17.4858], [76.35, 17.4721], [76.3308, 17.4688], [76.3337, 17.4323], [76.3639, 17.4356], [76.3699, 17.423], [76.37, 17.4079], [76.362, 17.3751], [76.4081, 17.3693], [76.4105, 17.3541], [76.402, 17.344], [76.393, 17.3363], [76.3839, 17.3195], [76.3594, 17.3103], [76.3506, 17.3277], [76.3436, 17.3499], [76.317, 17.3454], [76.3172, 17.3294], [76.2959, 17.3286], [76.2759, 17.3305], [76.2726, 17.348], [76.2649, 17.3582], [76.25, 17.3579], [76.2444, 17.3747], [76.2304, 17.3703], [76.2035, 17.3588], [76.1829, 17.3565], [76.1723, 17.3487], [76.1735, 17.3322], [76.1789, 17.3139], [76.1758, 17.2972], [76.1638, 17.3003], [76.1642, 17.3193], [76.1631, 17.3409], [76.1457, 17.3479], [76.1212, 17.3663], [76.102, 17.3623], [76.0928, 17.3544], [76.087, 17.3384], [76.0787, 17.3301], [76.0632, 17.3519], [76.0367, 17.349], [76.0213, 17.3493], [76.0042, 17.3428], [75.9807, 17.3362], [75.9598, 17.3338], [75.9417, 17.3249], [75.9162, 17.339], [75.8981, 17.3508], [75.892, 17.3608], [75.897, 17.377], [75.8964, 17.395], [75.8903, 17.4136], [75.8771, 17.4113], [75.8649, 17.3864], [75.856, 17.4077], [75.8479, 17.4153], [75.8278, 17.4237], [75.8203, 17.4066], [75.8177, 17.388], [75.8151, 17.3739], [75.8023, 17.3701], [75.7823, 17.3788], [75.7766, 17.3882], [75.7698, 17.4068], [75.7505, 17.4129], [75.737, 17.4219], [75.7224, 17.4118], [75.7081, 17.4083], [75.6912, 17.4126], [75.6808, 17.4362], [75.6808, 17.454], [75.6704, 17.4593], [75.6562, 17.4675], [75.6356, 17.4775], [75.6313, 17.4612], [75.6187, 17.4391], [75.6154, 17.422], [75.6167, 17.3986], [75.6033, 17.3899], [75.5882, 17.383], [75.5841, 17.3513], [75.5981, 17.3451], [75.6131, 17.3423], [75.616, 17.3288], [75.606, 17.3033], [75.6247, 17.2938], [75.6311, 17.2798], [75.6575, 17.2706], [75.6609, 17.24], [75.6639, 17.2138], [75.6574, 17.2038], [75.6436, 17.1941], [75.6307, 17.1862], [75.628, 17.1701], [75.6427, 17.1476], [75.6497, 17.1332], [75.6536, 17.1131], [75.6741, 17.1136], [75.6785, 17.0942], [75.6801, 17.0783], [75.6784, 17.0629], [75.6627, 17.0618], [75.6544, 17.0551], [75.6479, 17.0466], [75.654, 17.0306], [75.6722, 17.0357], [75.6705, 16.9988], [75.6687, 16.9832], [75.6746, 16.9694], [75.6637, 16.9579], [75.6496, 16.952], [75.6394, 16.9592], [75.6309, 16.9672], [75.6107, 16.9696], [75.6097, 16.9989], [75.5994, 17.0052], [75.5758, 17.0078], [75.5693, 16.9989], [75.5703, 16.9636], [75.5428, 16.9631], [75.53, 16.9658], [75.517, 16.9519], [75.5019, 16.9454], [75.4926, 16.9515], [75.4897, 16.9654], [75.4825, 16.976], [75.4686, 16.9796], [75.4535, 16.9827], [75.4389, 16.9709], [75.431, 16.9635], [75.4168, 16.9695], [75.3948, 16.9764], [75.3717, 16.9687], [75.3596, 16.9569], [75.3453, 16.9525], [75.3061, 16.9547], [75.2884, 16.9548], [75.2836, 16.9429], [75.2856, 16.9094], [75.2875, 16.8832], [75.2683, 16.8609], [75.2487, 16.8645], [75.2357, 16.8542], [75.23, 16.8409], [75.1883, 16.8409], [75.189, 16.8619], [75.1718, 16.8648], [75.1505, 16.8694], [75.1384, 16.8783], [75.1276, 16.8972], [75.122, 16.9072], [75.1069, 16.9095], [75.0947, 16.9212], [75.0941, 16.9472], [75.0654, 16.9393], [75.0481, 16.9387], [75.0345, 16.9287], [75.0303, 16.9415], [75.0114, 16.9426], [74.9945, 16.935], [74.9814, 16.9306], [74.9695, 16.9359], [74.958, 16.9291], [74.9483, 16.9358], [74.9384, 16.941], [74.9285, 16.9352], [74.9369, 16.9207], [74.948, 16.9092], [74.9673, 16.9054], [74.9641, 16.8779], [74.9486, 16.8801], [74.9399, 16.8723], [74.9278, 16.8634], [74.912, 16.8559], [74.9133, 16.8414], [74.9158, 16.8102], [74.9159, 16.7857], [74.9238, 16.77], [74.907, 16.7698], [74.8926, 16.7687], [74.8684, 16.7711], [74.8503, 16.7603], [74.8041, 16.7508], [74.7911, 16.7481], [74.7756, 16.744], [74.7638, 16.7368], [74.7541, 16.7262], [74.7366, 16.7158], [74.7224, 16.7133], [74.6982, 16.7152], [74.695, 16.6924], [74.6875, 16.6817], [74.6961, 16.675], [74.6717, 16.6635], [74.6605, 16.6376], [74.6739, 16.6285], [74.6853, 16.6199], [74.6946, 16.6108], [74.6786, 16.6066], [74.6639, 16.6011], [74.6517, 16.607], [74.6397, 16.5995], [74.6405, 16.5819], [74.6239, 16.5819], [74.617, 16.568], [74.6048, 16.5621], [74.5916, 16.5588], [74.5815, 16.5518], [74.5691, 16.5564], [74.5591, 16.5671], [74.5698, 16.5812], [74.5546, 16.5924], [74.5502, 16.609], [74.5514, 16.6332], [74.5301, 16.6306], [74.5103, 16.6315], [74.498, 16.6266], [74.4898, 16.6361], [74.4813, 16.6541], [74.4648, 16.653], [74.4645, 16.634], [74.4698, 16.6235], [74.4725, 16.6048], [74.447, 16.6003], [74.4335, 16.5944], [74.4288, 16.5827], [74.4137, 16.5802], [74.4022, 16.5747], [74.3955, 16.5595], [74.3957, 16.5357], [74.3854, 16.5274], [74.3711, 16.5377], [74.3629, 16.5486], [74.3461, 16.5465], [74.3322, 16.5537], [74.3222, 16.5445], [74.3227, 16.519], [74.3215, 16.5027], [74.3085, 16.5219], [74.2976, 16.5319], [74.2896, 16.5226], [74.2882, 16.5395], [74.2764, 16.5445], [74.272, 16.5334], [74.2766, 16.5206], [74.2867, 16.5068], [74.2631, 16.499], [74.2652, 16.4824], [74.2784, 16.4796], [74.2833, 16.496], [74.2999, 16.5026], [74.2976, 16.4816], [74.2964, 16.4667], [74.3071, 16.4596], [74.3219, 16.45], [74.3356, 16.4531], [74.3425, 16.4423], [74.3438, 16.4255], [74.3382, 16.4134], [74.3427, 16.4005], [74.3595, 16.404], [74.3691, 16.3943], [74.3596, 16.3788], [74.3617, 16.3648], [74.3511, 16.3768], [74.3458, 16.3895], [74.3347, 16.3829], [74.3278, 16.3703], [74.3322, 16.357], [74.3344, 16.3405], [74.3273, 16.3292], [74.3373, 16.3234], [74.3321, 16.3108], [74.3423, 16.3051], [74.3487, 16.2915], [74.3318, 16.2862], [74.3338, 16.2681], [74.3495, 16.2733], [74.3599, 16.2796], [74.3517, 16.2882], [74.3696, 16.2907], [74.3874, 16.2903], [74.3913, 16.2756], [74.418, 16.2809], [74.4208, 16.2639], [74.4363, 16.2548], [74.4612, 16.2484], [74.4732, 16.2385], [74.4841, 16.2467], [74.4948, 16.238], [74.5031, 16.231], [74.5021, 16.2141], [74.5133, 16.2012], [74.5091, 16.1878], [74.4978, 16.1813], [74.4947, 16.155], [74.4858, 16.147], [74.4971, 16.1124], [74.4935, 16.0986], [74.4891, 16.0873], [74.478, 16.0919], [74.4645, 16.1021], [74.4445, 16.1052], [74.4346, 16.1106], [74.4228, 16.1026], [74.4152, 16.0918], [74.3973, 16.0871], [74.3868, 16.0781], [74.3801, 16.0696], [74.371, 16.0596], [74.3817, 16.0536], [74.3782, 16.0393], [74.3901, 16.0351], [74.4093, 16.0453], [74.4229, 16.0532], [74.4363, 16.0567], [74.448, 16.0524], [74.4638, 16.0477], [74.4677, 16.0336], [74.4564, 16.0089], [74.4497, 15.9985], [74.45, 15.9832], [74.4423, 15.9655], [74.4352, 15.9512], [74.4123, 15.9252], [74.402, 15.9111], [74.3919, 15.9012], [74.4016, 15.8873], [74.3992, 15.8743], [74.4122, 15.8576], [74.4031, 15.849], [74.3923, 15.8575], [74.3856, 15.8732], [74.3766, 15.8849], [74.37, 15.8757], [74.353, 15.8592], [74.3445, 15.8521], [74.3874, 15.8471], [74.3745, 15.8275], [74.3664, 15.8155], [74.3745, 15.8045], [74.3708, 15.7822], [74.3509, 15.7634], [74.3345, 15.7677], [74.325, 15.7613], [74.3147, 15.7521], [74.2922, 15.7393], [74.274, 15.7531], [74.2589, 15.7434], [74.2439, 15.7444], [74.2352, 15.754], [74.2403, 15.7807], [74.2273, 15.7857], [74.2174, 15.7788], [74.2146, 15.766], [74.2044, 15.7534], [74.1711, 15.75], [74.1623, 15.7421], [74.1553, 15.7323], [74.143, 15.7272], [74.1306, 15.7179], [74.1389, 15.7063], [74.1389, 15.6862], [74.127, 15.6737], [74.1062, 15.6706], [74.1121, 15.655], [74.126, 15.6503], [74.1126, 15.6431], [74.0806, 15.6262], [74.0568, 15.6227], [74.0393, 15.6209], [74.0356, 15.6093], [74.0132, 15.6093], [73.9987, 15.6111], [73.9902, 15.6206], [73.976, 15.6289], [73.9693, 15.6443], [73.9742, 15.6547], [73.9716, 15.6684], [73.9713, 15.6873], [73.9572, 15.6967], [73.9589, 15.7113], [73.9508, 15.7232], [73.9454, 15.7415], [73.9242, 15.7428], [73.9086, 15.7423], [73.8859, 15.7473], [73.8843, 15.7646], [73.8802, 15.7774], [73.8759, 15.7932], [73.8601, 15.7878], [73.8519, 15.7784], [73.8472, 15.7661], [73.8403, 15.7562], [73.833, 15.7378], [73.816, 15.7353], [73.8028, 15.7322], [73.7932, 15.7237], [73.7758, 15.7305], [73.7582, 15.7328], [73.7441, 15.7256], [73.737, 15.7173], [73.7226, 15.7229], [73.7066, 15.7217], [73.6919, 15.7269], [73.6771, 15.7254], [73.6682, 15.7315], [73.6607, 15.739], [73.6518, 15.746], [73.661, 15.7521], [73.6746, 15.754], [73.6632, 15.7576], [73.661, 15.771], [73.6568, 15.7821], [73.6571, 15.7982], [73.6476, 15.8043], [73.6401, 15.8126], [73.6371, 15.8257], [73.6326, 15.8368], [73.6282, 15.8479], [73.6218, 15.8565], [73.611, 15.8626], [73.6071, 15.8737], [73.6029, 15.8851], [73.5965, 15.8938], [73.591, 15.9038], [73.5818, 15.9099], [73.5687, 15.9126], [73.5618, 15.9213], [73.5521, 15.9268], [73.5435, 15.9335], [73.5285, 15.9338], [73.5179, 15.9385], [73.5082, 15.944], [73.5029, 15.9537], [73.5065, 15.9657], [73.4985, 15.9729], [73.4921, 15.9815], [73.4885, 15.9932], [73.4899, 16.0071], [73.4879, 16.0204], [73.484, 16.0315], [73.479, 16.0415], [73.469, 16.0465], [73.4626, 16.0551], [73.4549, 16.0629], [73.4643, 16.0688], [73.4587, 16.0801], [73.4615, 16.094], [73.4576, 16.1096], [73.4563, 16.1238], [73.4526, 16.1351], [73.4504, 16.1479], [73.4468, 16.1593], [73.444, 16.1724], [73.4415, 16.1857], [73.4374, 16.1968], [73.4451, 16.2049], [73.4463, 16.219], [73.441, 16.2093], [73.434, 16.2013], [73.4274, 16.2101], [73.4249, 16.224], [73.4212, 16.2354], [73.4168, 16.2468], [73.414, 16.2601], [73.4112, 16.2735], [73.4179, 16.2832], [73.4335, 16.2838], [73.42, 16.2857], [73.4118, 16.2788], [73.4074, 16.2899], [73.4018, 16.2996], [73.3968, 16.3099], [73.3954, 16.3238], [73.3904, 16.334], [73.3899, 16.3485], [73.3985, 16.3554], [73.4107, 16.3585], [73.3965, 16.3596], [73.3824, 16.3607], [73.3688, 16.3624], [73.3712, 16.3751], [73.3718, 16.3899], [73.3735, 16.3765], [73.379, 16.3874], [73.3874, 16.3943], [73.3982, 16.3893], [73.4054, 16.3996], [73.3907, 16.4007], [73.3801, 16.3962], [73.366, 16.3971], [73.3657, 16.4118], [73.361, 16.4232], [73.3585, 16.4371], [73.3512, 16.4451], [73.3471, 16.4579], [73.3421, 16.4688], [73.3379, 16.4799], [73.3318, 16.489], [73.329, 16.5026], [73.3251, 16.5138], [73.3176, 16.5226], [73.3138, 16.5338], [73.316, 16.5468], [73.3246, 16.5535], [73.3315, 16.5618], [73.339, 16.5543], [73.344, 16.5443], [73.3465, 16.5318], [73.3529, 16.5229], [73.3626, 16.5176], [73.3554, 16.509], [73.3665, 16.5129], [73.3815, 16.5121], [73.3732, 16.519], [73.3635, 16.5243], [73.3551, 16.531], [73.3615, 16.5399], [73.3504, 16.5446], [73.346, 16.5557], [73.3587, 16.5529], [73.3729, 16.5507], [73.3843, 16.5546], [73.3715, 16.5521], [73.3593, 16.5551], [73.3549, 16.566], [73.3424, 16.5685], [73.339, 16.5801], [73.3254, 16.5815], [73.3207, 16.5918], [73.3201, 16.6071], [73.3349, 16.6068], [73.3438, 16.6001], [73.3468, 16.6126], [73.3518, 16.6226], [73.3374, 16.624], [73.3396, 16.6371], [73.3249, 16.6365], [73.3299, 16.6471], [73.3329, 16.6593], [73.3307, 16.674], [73.334, 16.686], [73.3243, 16.6915], [73.3174, 16.7004], [73.3143, 16.7129], [73.3099, 16.7238], [73.3062, 16.7354], [73.3074, 16.7493], [73.3054, 16.7638], [73.3074, 16.7771], [73.3115, 16.7882], [73.3168, 16.7979], [73.3218, 16.8079], [73.3318, 16.8129], [73.3187, 16.8099], [73.3035, 16.8087], [73.296, 16.8163], [73.2946, 16.8301], [73.2921, 16.8426], [73.2899, 16.8563], [73.2937, 16.8676], [73.286, 16.8763], [73.2926, 16.8849], [73.3029, 16.8904], [73.2948, 16.8976], [73.2835, 16.8929], [73.279, 16.904], [73.2854, 16.9126], [73.2826, 16.9249], [73.2874, 16.9351], [73.2832, 16.946], [73.2896, 16.9549], [73.2935, 16.9662], [73.2946, 16.9804], [73.2846, 16.989], [73.2721, 16.9857], [73.2679, 16.9965], [73.2801, 17.0004], [73.2838, 17.0121], [73.2779, 17.0212], [73.2629, 17.0204], [73.2543, 17.0271], [73.2571, 17.0399], [73.2635, 17.0487], [73.2701, 17.0399], [73.2779, 17.0321], [73.2812, 17.0204], [73.2862, 17.0093], [73.2912, 17.0193], [73.286, 17.0296], [73.2921, 17.039], [73.3032, 17.0349], [73.3165, 17.0368], [73.3037, 17.0393], [73.289, 17.0446], [73.2885, 17.0635], [73.2901, 17.0774], [73.2857, 17.0882], [73.2849, 17.1024], [73.2796, 17.1124], [73.269, 17.1171], [73.2688, 17.1321], [73.266, 17.1443], [73.264, 17.1574], [73.259, 17.1676], [73.256, 17.1796], [73.2518, 17.1904], [73.2399, 17.1935], [73.231, 17.2007], [73.2435, 17.1979], [73.2465, 17.2101], [73.244, 17.2226], [73.2346, 17.2282], [73.2324, 17.241], [73.2235, 17.2474], [73.221, 17.2604], [73.2171, 17.2715], [73.2046, 17.2685], [73.201, 17.2801], [73.1974, 17.2926], [73.1912, 17.3018], [73.2035, 17.299], [73.2154, 17.3026], [73.2224, 17.2943], [73.2257, 17.2821], [73.2351, 17.2885], [73.2387, 17.2999], [73.2424, 17.3113], [73.2343, 17.3188], [73.2246, 17.3243], [73.2232, 17.3382], [73.2149, 17.3451], [73.2199, 17.3565], [73.2157, 17.3674], [73.2104, 17.3774], [73.2024, 17.3846], [73.191, 17.3888], [73.1771, 17.3871], [73.1721, 17.3971], [73.1787, 17.4068], [73.1865, 17.4143], [73.1871, 17.429], [73.1954, 17.4357], [73.186, 17.4418], [73.184, 17.4549], [73.1915, 17.4629], [73.1899, 17.4763], [73.1857, 17.4874], [73.1824, 17.5004], [73.1776, 17.5107], [73.1704, 17.5188], [73.164, 17.5276], [73.1535, 17.5332], [73.1465, 17.5413], [73.1401, 17.5501], [73.1399, 17.5679], [73.1496, 17.5735], [73.1599, 17.5676], [73.1663, 17.5771], [73.1629, 17.589], [73.1524, 17.5943], [73.1443, 17.6013], [73.1382, 17.6104], [73.1343, 17.6218], [73.131, 17.6336], [73.1357, 17.6443], [73.1318, 17.6554], [73.1254, 17.6643], [73.1185, 17.6735], [73.1143, 17.6846], [73.1165, 17.6976], [73.1268, 17.7024], [73.1349, 17.7099], [73.1326, 17.7232], [73.1279, 17.7365], [73.1237, 17.7479], [73.1196, 17.7593], [73.1157, 17.7704], [73.1118, 17.7815], [73.1074, 17.7921], [73.1032, 17.8029], [73.096, 17.8107], [73.0946, 17.8251], [73.0888, 17.8343], [73.0971, 17.8415], [73.1076, 17.8368], [73.1229, 17.8354], [73.1315, 17.8288], [73.1235, 17.8368], [73.1093, 17.8376], [73.099, 17.8424], [73.0879, 17.8465], [73.084, 17.8585], [73.0796, 17.8693], [73.0749, 17.8796], [73.0715, 17.8918], [73.059, 17.8946], [73.0524, 17.9035], [73.0551, 17.9163], [73.0521, 17.929], [73.0654, 17.9268], [73.0757, 17.9315], [73.0843, 17.9379], [73.074, 17.9329], [73.0576, 17.9324], [73.0424, 17.9326], [73.034, 17.9393], [73.0285, 17.949], [73.0296, 17.9651], [73.0365, 17.9732], [73.0343, 17.9862], [73.0224, 17.9896], [73.0182, 18.0015], [73.0121, 18.0104], [73.0049, 18.019], [73.0146, 18.0251], [73.0279, 18.0268], [73.0357, 18.034], [73.0413, 18.0435], [73.0346, 18.0351], [73.0215, 18.0393], [73.0293, 18.0468], [73.0399, 18.0518], [73.0274, 18.0493], [73.021, 18.0407], [73.0099, 18.0446], [73.0032, 18.0532], [72.9899, 18.0551], [72.9938, 18.0665], [73.0024, 18.0746], [72.996, 18.0835], [72.9921, 18.0951], [72.9846, 18.1026], [72.9788, 18.1118], [72.9751, 18.1232], [72.9785, 18.1354], [72.9854, 18.1474], [72.9901, 18.1579], [72.9857, 18.1688], [72.9821, 18.1821], [72.9876, 18.1935], [72.9776, 18.1993], [72.9682, 18.2051], [72.9615, 18.2135], [72.9518, 18.219], [72.9382, 18.2168], [72.934, 18.2276], [72.9415, 18.2374], [72.9424, 18.2518], [72.9396, 18.2643], [72.9365, 18.2763], [72.9446, 18.2851], [72.9535, 18.2787], [72.9668, 18.2768], [72.9704, 18.2651], [72.9729, 18.2521], [72.9807, 18.2449], [72.9954, 18.2454], [73.0104, 18.2449], [73.0218, 18.241], [73.0335, 18.2376], [73.0449, 18.2337], [73.0571, 18.2301], [73.0665, 18.2243], [73.0704, 18.211], [73.064, 18.2024], [73.056, 18.1954], [73.0587, 18.1829], [73.0671, 18.176], [73.0743, 18.1682], [73.081, 18.1599], [73.0865, 18.1504], [73.0882, 18.1638], [73.0813, 18.1721], [73.0751, 18.181], [73.0646, 18.1857], [73.0679, 18.1979], [73.0765, 18.2043], [73.0807, 18.2154], [73.0804, 18.2301], [73.0738, 18.2393], [73.0657, 18.2462], [73.0621, 18.2576], [73.069, 18.2668], [73.0632, 18.2765], [73.0526, 18.281], [73.0474, 18.291], [73.0512, 18.3037], [73.0632, 18.2996], [73.0768, 18.2982], [73.084, 18.2904], [73.0826, 18.3049], [73.0854, 18.3174], [73.076, 18.3118], [73.0674, 18.3049], [73.0537, 18.3062], [73.0418, 18.3029], [73.0432, 18.289], [73.0485, 18.279], [73.0454, 18.2668], [73.0312, 18.2657], [73.0207, 18.2704], [73.0168, 18.2815], [73.0029, 18.2846], [72.9962, 18.2763], [72.9901, 18.2854], [72.9835, 18.294], [72.9746, 18.3001], [72.9685, 18.309], [72.9576, 18.3132], [72.9554, 18.3265], [72.9504, 18.3365], [72.9424, 18.3435], [72.9346, 18.3507], [72.9221, 18.3482], [72.914, 18.3554], [72.9129, 18.3696], [72.9243, 18.3735], [72.926, 18.3879], [72.916, 18.3929], [72.9082, 18.4004], [72.9071, 18.4143], [72.9054, 18.4276], [72.9049, 18.4421], [72.9004, 18.4532], [72.8949, 18.4638], [72.8999, 18.474], [72.9007, 18.4899], [72.9043, 18.5015], [72.911, 18.5101], [72.9107, 18.5254], [72.9062, 18.5365], [72.9146, 18.5296], [72.9262, 18.5338], [72.924, 18.5476], [72.9204, 18.5599], [72.9146, 18.5696], [72.9093, 18.5793], [72.9046, 18.5899], [72.8996, 18.6013], [72.8943, 18.6112], [72.8885, 18.6204], [72.8849, 18.6326], [72.8982, 18.6304], [72.8918, 18.639], [72.8776, 18.6374], [72.8688, 18.6437], [72.8646, 18.6551], [72.864, 18.6699], [72.8607, 18.6832], [72.8568, 18.6946], [72.8604, 18.7071], [72.8635, 18.719], [72.864, 18.7346], [72.8643, 18.7501], [72.8649, 18.7646], [72.8632, 18.7779], [72.8637, 18.7935], [72.8688, 18.8037], [72.886, 18.804], [72.901, 18.8037], [72.9065, 18.794], [72.9201, 18.7954], [72.9271, 18.8035], [72.9321, 18.8138], [72.9368, 18.8243], [72.9476, 18.8199], [72.9529, 18.8101], [72.9585, 18.8004], [72.966, 18.7926], [72.9757, 18.7979], [72.9812, 18.8079], [72.9796, 18.8221], [72.9835, 18.834], [72.9807, 18.8467], [72.9849, 18.8577], [72.9704, 18.8571], [72.9604, 18.8518], [72.9493, 18.8474], [72.9326, 18.8493], [72.9226, 18.8549], [72.921, 18.8685], [72.9154, 18.8779], [72.9082, 18.8885], [72.9093, 18.9026], [72.9168, 18.9104], [72.9304, 18.9088], [72.9376, 18.901], [72.9446, 18.909], [72.9582, 18.9104], [72.9618, 18.9218], [72.9538, 18.929], [72.946, 18.9363], [72.9396, 18.9454], [72.9457, 18.9543], [72.9535, 18.9615], [72.9568, 18.974], [72.9649, 18.9668], [72.9774, 18.9629], [72.9854, 18.9701], [73.0001, 18.9704], [73.009, 18.9771], [73.0171, 18.9854], [73.0274, 18.9904], [73.0238, 19.0024], [73.0118, 18.999], [73.0024, 19.0049], [73.0029, 19.0207], [73.0015, 19.0346], [72.9985, 19.0487], [72.9932, 19.0585], [72.9801, 19.0624], [72.9682, 19.0593], [72.9624, 19.0496], [72.9601, 19.0368], [72.954, 19.0271], [72.9457, 19.0199], [72.9365, 19.014], [72.9276, 19.0074], [72.919, 19.0007], [72.9063, 18.9982], [72.8904, 18.9996], [72.8818, 19.009], [72.8701, 19.0054], [72.8604, 18.9999], [72.8593, 18.986], [72.8526, 18.9771], [72.8496, 18.9643], [72.8468, 18.9482], [72.8438, 18.936], [72.8388, 18.926], [72.8321, 18.9174], [72.8262, 18.9082], [72.8176, 18.9015], [72.811, 18.8926], [72.8043, 18.901], [72.8071, 18.9135], [72.8176, 18.9185], [72.8215, 18.9296], [72.8229, 18.9432], [72.8162, 18.9518], [72.8032, 18.9496], [72.7954, 18.9424], [72.7962, 18.9568], [72.8026, 18.9657], [72.8057, 18.9782], [72.8143, 18.9851], [72.8115, 18.9979], [72.8143, 19.0101], [72.8154, 19.024], [72.8251, 19.0179], [72.8335, 19.0246], [72.8382, 19.0393], [72.8335, 19.0499], [72.8251, 19.0432], [72.8232, 19.0568], [72.8224, 19.071], [72.8262, 19.0824], [72.8262, 19.0982], [72.8232, 19.111], [72.8199, 19.1232], [72.8126, 19.131], [72.8054, 19.139], [72.8085, 19.151], [72.8165, 19.1585], [72.8251, 19.166], [72.8304, 19.1757], [72.8193, 19.1712], [72.8129, 19.1624], [72.8057, 19.1546], [72.8015, 19.1438], [72.7968, 19.1335], [72.7879, 19.1401], [72.786, 19.1535], [72.781, 19.1643], [72.7904, 19.1701], [72.7965, 19.1807], [72.7965, 19.1982], [72.8032, 19.2065], [72.8107, 19.2143], [72.8157, 19.2243], [72.8229, 19.2335], [72.8274, 19.2443], [72.8376, 19.2493], [72.8363, 19.2635], [72.8335, 19.2507], [72.8229, 19.2462], [72.8185, 19.2354], [72.8107, 19.2282], [72.8007, 19.2224], [72.7976, 19.2104], [72.7918, 19.2007], [72.7846, 19.1926], [72.7815, 19.2062], [72.779, 19.2193], [72.7796, 19.2354], [72.7821, 19.2479], [72.7835, 19.2615], [72.7804, 19.2735], [72.7838, 19.2876], [72.7843, 19.3026], [72.7918, 19.3101], [72.796, 19.3213], [72.7943, 19.3351], [72.7876, 19.3435], [72.7799, 19.351], [72.7726, 19.3587], [72.7663, 19.3674], [72.7585, 19.3749], [72.7604, 19.3882], [72.7618, 19.4029], [72.7599, 19.416], [72.7565, 19.4282], [72.7524, 19.4393], [72.7485, 19.4504], [72.7446, 19.4621], [72.7515, 19.4707], [72.7613, 19.4763], [72.7682, 19.4846], [72.7782, 19.4913], [72.7796, 19.5054], [72.7846, 19.516], [72.7787, 19.5287], [72.7835, 19.5163], [72.7757, 19.5088], [72.7649, 19.5043], [72.7529, 19.5088], [72.7435, 19.5149], [72.7371, 19.5243], [72.7288, 19.5318], [72.7207, 19.5388], [72.7215, 19.5532], [72.7199, 19.5668], [72.7171, 19.5793], [72.714, 19.5912], [72.7232, 19.5974], [72.7379, 19.5979], [72.7299, 19.6057], [72.7274, 19.621], [72.721, 19.6296], [72.7154, 19.639], [72.7118, 19.6504], [72.7107, 19.6668], [72.7071, 19.679], [72.7099, 19.6912], [72.7099, 19.7068], [72.7043, 19.7162], [72.6968, 19.7238], [72.7087, 19.7279], [72.7124, 19.7418], [72.7165, 19.7529], [72.7107, 19.7424], [72.7046, 19.7324], [72.6932, 19.7362], [72.6888, 19.7468], [72.6854, 19.7601], [72.6885, 19.7732], [72.6879, 19.7888], [72.6896, 19.8029], [72.681, 19.8093], [72.6749, 19.8182], [72.6621, 19.8204], [72.6554, 19.8293], [72.6507, 19.8399], [72.651, 19.8554], [72.6626, 19.8518], [72.6735, 19.856], [72.6804, 19.8643], [72.6818, 19.8801], [72.681, 19.8949], [72.6757, 19.9049], [72.6771, 19.9193], [72.6676, 19.9276], [72.6724, 19.9385], [72.6824, 19.944], [72.6876, 19.9543], [72.6963, 19.961], [72.7057, 19.9668], [72.7199, 19.9688], [72.7271, 19.961], [72.7312, 19.9501], [72.7387, 19.9415], [72.7526, 19.9404], [72.7549, 19.9274], [72.7538, 19.9418], [72.7407, 19.9438], [72.7351, 19.9543], [72.7293, 19.9638], [72.721, 19.9707], [72.7207, 19.986], [72.7213, 20.0007], [72.7188, 20.0132], [72.7149, 20.0251], [72.7151, 20.0404], [72.7118, 20.0524], [72.7093, 20.0651], [72.711, 20.0788], [72.7249, 20.081], [72.729, 20.0924], [72.7337, 20.1032], [72.7379, 20.1146], [72.7376, 20.1326], [72.7546, 20.133], [72.7745, 20.1308], [72.7945, 20.1282], [72.8013, 20.1378], [72.8054, 20.15], [72.826, 20.1463], [72.8336, 20.1836], [72.8435, 20.19], [72.8461, 20.2036], [72.8644, 20.2086], [72.8719, 20.2226], [72.8843, 20.2266], [72.8998, 20.2217], [72.9109, 20.2261], [72.9284, 20.2234], [72.9418, 20.2178], [72.9608, 20.214], [72.9759, 20.1896], [72.986, 20.1765], [72.986, 20.1575], [72.9732, 20.1308], [72.9853, 20.1135], [73.0043, 20.1179], [73.0076, 20.1325], [73.015, 20.1249], [73.0102, 20.1104], [73.0247, 20.0963], [73.0318, 20.0844], [73.0453, 20.0718], [73.0592, 20.0679], [73.058, 20.0967], [73.0782, 20.0953], [73.0984, 20.0937], [73.1079, 20.0873], [73.1175, 20.0788], [73.1367, 20.0853], [73.1445, 20.0779], [73.1567, 20.074], [73.1702, 20.0656], [73.1814, 20.0516], [73.1989, 20.0623], [73.198, 20.0778], [73.2139, 20.0906], [73.2177, 20.1063], [73.2163, 20.122], [73.2303, 20.1282], [73.2355, 20.141], [73.2381, 20.1281], [73.2536, 20.1285], [73.265, 20.1338], [73.2835, 20.1458], [73.2936, 20.1539], [73.2907, 20.1744], [73.2941, 20.1939], [73.3111, 20.2072], [73.3279, 20.2025], [73.3481, 20.1991], [73.3593, 20.2091], [73.3669, 20.1963], [73.3763, 20.2053], [73.3953, 20.2092], [73.3981, 20.196], [73.4092, 20.2005], [73.4268, 20.2016], [73.4261, 20.2236], [73.4228, 20.2368], [73.4216, 20.2537], [73.4244, 20.2691], [73.4362, 20.279], [73.4308, 20.298], [73.4285, 20.3119], [73.4254, 20.3377], [73.4234, 20.3521], [73.4148, 20.3816], [73.3981, 20.3747], [73.3914, 20.3902], [73.3977, 20.3992], [73.4088, 20.4042], [73.4229, 20.4143], [73.4308, 20.4288], [73.4379, 20.4457], [73.449, 20.4667], [73.4559, 20.4754], [73.4652, 20.4842], [73.4759, 20.495], [73.4723, 20.5141], [73.4847, 20.5257], [73.4973, 20.5362], [73.4818, 20.5434], [73.4858, 20.5641], [73.4837, 20.5784], [73.4686, 20.5888], [73.4548, 20.5946], [73.4375, 20.5975], [73.4338, 20.6147], [73.4276, 20.6245], [73.4151, 20.6281], [73.4027, 20.6426], [73.4098, 20.655], [73.4304, 20.6609], [73.4433, 20.6744], [73.4529, 20.683], [73.4473, 20.7011], [73.4537, 20.7105], [73.4752, 20.7217], [73.4842, 20.7091], [73.4934, 20.6943], [73.4972, 20.681], [73.4874, 20.6756], [73.4934, 20.6656], [73.4984, 20.6534], [73.5123, 20.663], [73.5252, 20.6671], [73.5384, 20.6739], [73.5537, 20.6553], [73.5629, 20.6474], [73.5842, 20.6479], [73.6028, 20.6379], [73.6222, 20.6253], [73.6295, 20.6123], [73.6351, 20.5917], [73.6395, 20.5779], [73.6571, 20.5722], [73.6658, 20.5628], [73.6814, 20.5677], [73.6924, 20.5754], [73.7096, 20.5745], [73.7243, 20.5758], [73.7377, 20.574], [73.7482, 20.5674], [73.7639, 20.5833], [73.7757, 20.5888], [73.7871, 20.6023], [73.8024, 20.6058], [73.8166, 20.6094], [73.8307, 20.6149], [73.8464, 20.6235], [73.8431, 20.6444], [73.8471, 20.6564], [73.8415, 20.6751], [73.8254, 20.6736], [73.8226, 20.6938], [73.8336, 20.6996], [73.8636, 20.6943], [73.8736, 20.7077], [73.8773, 20.7213], [73.8856, 20.7296], [73.9038, 20.7306], [73.9209, 20.7235], [73.9351, 20.7346], [73.9495, 20.7423], [73.9472, 20.7608], [73.9381, 20.7897], [73.9411, 20.8038], [73.9463, 20.8187], [73.9451, 20.8401], [73.9337, 20.845], [73.9301, 20.8601], [73.9312, 20.8766], [73.9273, 20.8991], [73.9203, 20.9112], [73.9096, 20.9214], [73.8963, 20.933], [73.8969, 20.9526], [73.9112, 20.9624], [73.9064, 20.9831], [73.8792, 20.9865], [73.8572, 20.9977], [73.8408, 20.9931], [73.8275, 20.9961], [73.814, 21.0008], [73.8077, 21.0226], [73.7938, 21.0198], [73.7749, 21.0104], [73.7756, 21.0276], [73.7661, 21.0401], [73.7476, 21.04], [73.7422, 21.0555], [73.7408, 21.0729], [73.7391, 21.0948], [73.7495, 21.1077], [73.7389, 21.1013], [73.7148, 21.1072], [73.7106, 21.119], [73.7032, 21.109], [73.6934, 21.101], [73.6789, 21.1093], [73.6599, 21.1084], [73.6554, 21.1218], [73.638, 21.1217], [73.6236, 21.138], [73.6142, 21.147], [73.6049, 21.1551], [73.5888, 21.1542], [73.5982, 21.1747], [73.6132, 21.1761], [73.6197, 21.1579], [73.6375, 21.1531], [73.6364, 21.1327], [73.6715, 21.1451], [73.6813, 21.1521], [73.6982, 21.1501], [73.7132, 21.1505], [73.7224, 21.1392], [73.7367, 21.1383], [73.746, 21.1476], [73.7408, 21.1604], [73.7531, 21.1682], [73.7797, 21.1646], [73.7911, 21.1762], [73.8075, 21.1746], [73.8225, 21.1719], [73.8292, 21.1823], [73.8359, 21.1952], [73.8195, 21.1996], [73.8184, 21.2137], [73.8232, 21.2276], [73.8363, 21.2423], [73.8322, 21.2583], [73.8584, 21.27], [73.8717, 21.2674], [73.8843, 21.2626], [73.9235, 21.281], [73.9485, 21.2976], [73.9513, 21.315], [73.952, 21.3306], [73.957, 21.3445], [73.9566, 21.3616], [73.9556, 21.39], [73.9528, 21.4024], [73.9619, 21.3931], [73.9774, 21.395], [73.9888, 21.4045], [74.0055, 21.4118], [74.0158, 21.418], [74.031, 21.4192], [74.0468, 21.4185], [74.0525, 21.43], [74.0543, 21.4449], [74.058, 21.4574], [74.0641, 21.4684], [74.0672, 21.4819], [74.0753, 21.4739], [74.077, 21.4593], [74.0899, 21.4557], [74.1037, 21.4539], [74.1149, 21.4486], [74.1227, 21.4563], [74.1309, 21.4637], [74.1426, 21.4577], [74.1545, 21.4533], [74.1666, 21.4587], [74.1802, 21.4616], [74.1915, 21.4664], [74.2009, 21.4597], [74.2167, 21.4593], [74.2235, 21.4681], [74.2291, 21.4796], [74.2406, 21.4756], [74.2458, 21.4637], [74.2614, 21.4649], [74.2684, 21.4747], [74.2822, 21.4767], [74.2961, 21.4779], [74.3094, 21.4812], [74.315, 21.4908], [74.3277, 21.4958], [74.3308, 21.5086], [74.3355, 21.5402], [74.3206, 21.5414], [74.3141, 21.5501], [74.3121, 21.5642], [74.3019, 21.5592], [74.2892, 21.556], [74.2806, 21.5485], [74.2733, 21.5395], [74.2621, 21.5352], [74.2514, 21.5399], [74.2428, 21.5464], [74.2311, 21.5431], [74.2218, 21.5371], [74.2111, 21.5324], [74.1987, 21.5352], [74.1932, 21.5454], [74.1874, 21.5551], [74.1789, 21.5618], [74.1649, 21.5601], [74.1563, 21.5527], [74.1427, 21.5505], [74.1333, 21.557], [74.1192, 21.5559], [74.1057, 21.5578], [74.0917, 21.5566], [74.0792, 21.5592], [74.0644, 21.5582], [74.0543, 21.5522], [74.0256, 21.5526], [74.0053, 21.5408], [73.9835, 21.542], [73.9875, 21.5224], [73.9734, 21.5314], [73.9628, 21.5379], [73.9611, 21.5193], [73.9394, 21.5101], [73.9361, 21.5224], [73.9105, 21.5202], [73.9036, 21.5088], [73.8866, 21.5047], [73.8703, 21.4973], [73.854, 21.5073], [73.845, 21.5216], [73.8402, 21.5369], [73.8338, 21.5535], [73.8291, 21.5729], [73.8245, 21.5983], [73.8068, 21.6024], [73.7906, 21.6185], [73.8001, 21.6346], [73.829, 21.6398], [73.8452, 21.6332], [73.8603, 21.6418], [73.8856, 21.6451], [73.8944, 21.6571], [73.8964, 21.7003], [73.8902, 21.7106], [73.8783, 21.7169], [73.8651, 21.7294], [73.8464, 21.742], [73.8312, 21.7629], [73.8413, 21.7687], [73.8384, 21.7841], [73.8342, 21.7966], [73.8321, 21.8108], [73.8176, 21.8085], [73.8105, 21.8233], [73.8279, 21.8349], [73.8415, 21.8385], [73.8637, 21.8367], [73.8796, 21.8386], [73.8995, 21.8545], [73.9219, 21.8566], [73.9364, 21.8632], [73.9492, 21.8703], [73.9608, 21.876], [73.9797, 21.8875], [74.0049, 21.8994], [74.023, 21.906], [74.0356, 21.916], [74.0467, 21.9228], [74.0616, 21.9281], [74.0987, 21.9376], [74.1136, 21.9447], [74.1382, 21.9534], [74.153, 21.9537], [74.164, 21.9494], [74.1742, 21.9434], [74.1814, 21.9344], [74.1907, 21.9276], [74.2036, 21.9254], [74.2173, 21.9278], [74.2301, 21.93], [74.245, 21.9307], [74.2589, 21.9329], [74.2729, 21.934], [74.2868, 21.9353], [74.2948, 21.9424], [74.297, 21.9563], [74.302, 21.9674], [74.3126, 21.9726], [74.3266, 21.9741], [74.3416, 21.9749], [74.3538, 21.9787], [74.3618, 21.9869], [74.3707, 21.9939], [74.3782, 22.0022], [74.3837, 22.0118], [74.3964, 22.0237], [74.4177, 22.0258], [74.435547, 22.030998]]]]}}, {"type": "Feature", "properties": {"ID_0": 105, "ISO": "IND", "NAME_0": "India", "ID_1": 22, "NAME_1": "Manipur", "NL_NAME_1": "", "VARNAME_1": "", "TYPE_1": "State", "ENGTYPE_1": "State", "filename": "", "filename_1": "", "filename_2": "", "filename_3": "", "filename_4": ""}, "geometry": {"type": "Polygon", "coordinates": [[[94.577232, 25.648331], [94.5952, 25.6439], [94.5838, 25.6345], [94.5769, 25.6204], [94.5686, 25.6078], [94.5596, 25.5941], [94.5615, 25.5783], [94.5614, 25.5605], [94.5599, 25.5457], [94.5613, 25.5307], [94.5574, 25.5128], [94.5682, 25.5066], [94.585, 25.4969], [94.5949, 25.4882], [94.6075, 25.4824], [94.6253, 25.4691], [94.6482, 25.4616], [94.6587, 25.457], [94.6824, 25.4597], [94.6797, 25.4424], [94.6781, 25.4265], [94.671, 25.4125], [94.6588, 25.4095], [94.6444, 25.4016], [94.635, 25.3924], [94.6274, 25.3747], [94.6277, 25.3554], [94.6221, 25.3368], [94.6152, 25.3252], [94.6096, 25.3135], [94.6019, 25.2987], [94.5989, 25.2811], [94.5972, 25.257], [94.5919, 25.2374], [94.5866, 25.225], [94.5921, 25.2055], [94.6017, 25.1952], [94.6131, 25.1895], [94.6309, 25.1904], [94.6381, 25.1816], [94.6478, 25.1744], [94.667, 25.1682], [94.6812, 25.1613], [94.6986, 25.1606], [94.7082, 25.1539], [94.7289, 25.1437], [94.7419, 25.1394], [94.7452, 25.1268], [94.7453, 25.1112], [94.7481, 25.0899], [94.751, 25.0754], [94.7492, 25.0579], [94.7457, 25.0444], [94.743, 25.0301], [94.7352, 25.0127], [94.7261, 25.0013], [94.7132, 24.9937], [94.7058, 24.9836], [94.7019, 24.9684], [94.7091, 24.9558], [94.7171, 24.9465], [94.7059, 24.9343], [94.6938, 24.9097], [94.6889, 24.895], [94.6797, 24.8869], [94.6616, 24.8774], [94.6561, 24.8629], [94.6482, 24.8551], [94.6397, 24.8458], [94.6348, 24.8293], [94.6324, 24.8109], [94.6248, 24.7958], [94.6296, 24.7773], [94.6333, 24.765], [94.625, 24.754], [94.6177, 24.7441], [94.6124, 24.7336], [94.6072, 24.72], [94.591, 24.7109], [94.5865, 24.7223], [94.5776, 24.7302], [94.5766, 24.7121], [94.5625, 24.7183], [94.5466, 24.7075], [94.5529, 24.6928], [94.5507, 24.6749], [94.5406, 24.649], [94.5315, 24.6324], [94.5208, 24.6168], [94.5075, 24.6015], [94.4982, 24.5928], [94.4853, 24.5822], [94.4725, 24.5779], [94.4595, 24.5668], [94.4558, 24.5553], [94.4502, 24.5427], [94.4455, 24.5315], [94.4405, 24.5204], [94.4324, 24.5042], [94.4215, 24.4905], [94.4034, 24.4878], [94.4115, 24.4697], [94.4005, 24.4621], [94.408, 24.4538], [94.4075, 24.4312], [94.3992, 24.4131], [94.3834, 24.4076], [94.3668, 24.4046], [94.3763, 24.3928], [94.3861, 24.3846], [94.3775, 24.3711], [94.3694, 24.3619], [94.3557, 24.3465], [94.3471, 24.3394], [94.3263, 24.3389], [94.3275, 24.323], [94.3282, 24.3061], [94.3218, 24.2759], [94.3148, 24.2598], [94.3073, 24.2486], [94.2951, 24.2399], [94.2916, 24.2231], [94.2851, 24.2026], [94.2837, 24.1799], [94.2665, 24.1722], [94.2601, 24.1558], [94.2591, 24.1317], [94.2567, 24.1066], [94.2597, 24.0896], [94.254, 24.0777], [94.2472, 24.0626], [94.2331, 24.0669], [94.2436, 24.048], [94.2316, 24.0215], [94.2203, 24.006], [94.2103, 23.9924], [94.2013, 23.978], [94.1945, 23.965], [94.1968, 23.944], [94.1904, 23.9341], [94.1769, 23.9388], [94.1695, 23.9287], [94.169, 23.9115], [94.1682, 23.8891], [94.165, 23.8649], [94.1615, 23.8528], [94.1471, 23.8561], [94.1351, 23.8461], [94.1229, 23.8427], [94.1148, 23.8525], [94.1116, 23.8709], [94.101, 23.889], [94.0906, 23.8945], [94.0757, 23.8931], [94.0609, 23.8973], [94.0493, 23.9074], [94.0432, 23.918], [94.0277, 23.926], [94.0177, 23.9339], [94.0015, 23.9312], [93.9816, 23.9333], [93.9622, 23.9371], [93.9538, 23.9502], [93.9358, 23.9534], [93.921, 23.9568], [93.9021, 23.9556], [93.8871, 23.9475], [93.8732, 23.9439], [93.8486, 23.9381], [93.8375, 23.9321], [93.816, 23.9298], [93.8057, 23.9374], [93.8036, 23.9511], [93.7943, 23.9628], [93.7856, 23.9694], [93.7735, 23.9824], [93.7666, 23.997], [93.7569, 24.0095], [93.7444, 24.0012], [93.7268, 24.0038], [93.7127, 24.0052], [93.697, 24.0075], [93.6775, 24.0111], [93.6675, 24.0054], [93.655, 24.01], [93.6353, 24.0134], [93.6207, 24.0142], [93.6167, 24.003], [93.6209, 23.9912], [93.6123, 23.9771], [93.6035, 23.9696], [93.5839, 23.9685], [93.5771, 23.9779], [93.5688, 23.9887], [93.5573, 23.9797], [93.5549, 23.9652], [93.5395, 23.9633], [93.5242, 23.9547], [93.5151, 23.9472], [93.5025, 23.9558], [93.4894, 23.9615], [93.478, 23.9695], [93.4662, 23.9792], [93.467, 23.9993], [93.4588, 24.0097], [93.4533, 24.0228], [93.4411, 24.0347], [93.4329, 24.0617], [93.4247, 24.0717], [93.4154, 24.0792], [93.4042, 24.0843], [93.3911, 24.0882], [93.3705, 24.0922], [93.3615, 24.1002], [93.3514, 24.1124], [93.3538, 24.0977], [93.3393, 24.0932], [93.3376, 24.0789], [93.342, 24.0674], [93.3363, 24.0567], [93.3125, 24.0541], [93.2982, 24.0516], [93.2854, 24.0465], [93.2739, 24.0339], [93.2553, 24.0238], [93.2623, 24.0577], [93.2637, 24.0728], [93.248, 24.0853], [93.2267, 24.0865], [93.2224, 24.0677], [93.2167, 24.0501], [93.1983, 24.0525], [93.1784, 24.0541], [93.167, 24.0612], [93.1699, 24.0751], [93.1585, 24.0838], [93.1422, 24.0868], [93.1351, 24.0729], [93.1208, 24.0603], [93.1109, 24.0501], [93.1009, 24.0564], [93.1023, 24.074], [93.0895, 24.0841], [93.0795, 24.103], [93.0652, 24.0943], [93.0537, 24.0907], [93.0377, 24.0952], [93.0273, 24.1036], [93.0097, 24.11], [92.9964, 24.1167], [92.9764, 24.1148], [92.9861, 24.1289], [92.9929, 24.1404], [93.0007, 24.1567], [93.0033, 24.174], [93.0109, 24.1822], [93.0031, 24.1943], [93.0166, 24.2], [93.0223, 24.2101], [93.0194, 24.2251], [93.0067, 24.254], [93.0139, 24.2717], [93.0111, 24.2881], [93.0239, 24.3007], [93.0352, 24.3184], [93.0434, 24.3434], [93.0216, 24.3468], [93.0201, 24.366], [93.0171, 24.38], [93.0244, 24.3905], [93.0005, 24.4033], [93.016, 24.4025], [93.0292, 24.4063], [93.0393, 24.4176], [93.0322, 24.4289], [93.0367, 24.4439], [93.0379, 24.4612], [93.0485, 24.4755], [93.0358, 24.4969], [93.0443, 24.5058], [93.0528, 24.5196], [93.0485, 24.5309], [93.0527, 24.5447], [93.0612, 24.5548], [93.0727, 24.5611], [93.0611, 24.5748], [93.0785, 24.5749], [93.0962, 24.5802], [93.1044, 24.5876], [93.0885, 24.59], [93.0754, 24.5962], [93.0868, 24.6113], [93.0794, 24.6213], [93.0894, 24.6276], [93.0848, 24.6477], [93.0963, 24.6527], [93.099, 24.6665], [93.1047, 24.6791], [93.0932, 24.6841], [93.0845, 24.6979], [93.0759, 24.7104], [93.093, 24.7155], [93.0973, 24.728], [93.1044, 24.7369], [93.1015, 24.7494], [93.1043, 24.7632], [93.1013, 24.7783], [93.1085, 24.7909], [93.1127, 24.8022], [93.1198, 24.8173], [93.127, 24.8085], [93.1399, 24.8048], [93.1515, 24.7961], [93.1658, 24.7986], [93.1788, 24.7961], [93.1859, 24.805], [93.1974, 24.8113], [93.1916, 24.8226], [93.1973, 24.8339], [93.2015, 24.8502], [93.2101, 24.859], [93.2191, 24.8697], [93.2291, 24.8773], [93.2348, 24.8899], [93.242, 24.9012], [93.239, 24.915], [93.2533, 24.9188], [93.2445, 24.9301], [93.2469, 24.9439], [93.2535, 24.9551], [93.2633, 24.9639], [93.2529, 24.9726], [93.252, 24.9888], [93.2557, 25.0022], [93.2492, 25.0132], [93.2578, 25.0217], [93.2638, 25.0359], [93.2695, 25.0466], [93.2845, 25.0515], [93.297, 25.0477], [93.3043, 25.056], [93.3088, 25.0706], [93.3223, 25.0884], [93.3358, 25.0958], [93.3405, 25.1144], [93.3464, 25.1251], [93.351, 25.1445], [93.3474, 25.1639], [93.3531, 25.1818], [93.3608, 25.192], [93.3685, 25.2001], [93.3781, 25.2161], [93.3848, 25.2257], [93.3871, 25.2424], [93.3946, 25.2503], [93.4036, 25.2631], [93.4207, 25.2663], [93.4264, 25.2811], [93.4386, 25.2866], [93.452, 25.2947], [93.4656, 25.2991], [93.474, 25.3093], [93.4746, 25.2924], [93.4768, 25.279], [93.4949, 25.2787], [93.5108, 25.2756], [93.5042, 25.2534], [93.5164, 25.2448], [93.5294, 25.2484], [93.5472, 25.2485], [93.5631, 25.2466], [93.5701, 25.2356], [93.5782, 25.2257], [93.5903, 25.22], [93.5929, 25.2067], [93.608, 25.2021], [93.6211, 25.2249], [93.6289, 25.2357], [93.6381, 25.2504], [93.6435, 25.2659], [93.6514, 25.2737], [93.6656, 25.2984], [93.6729, 25.3115], [93.6721, 25.3287], [93.6871, 25.3312], [93.6915, 25.3474], [93.6928, 25.3616], [93.7116, 25.3581], [93.719, 25.3704], [93.731, 25.3804], [93.7413, 25.3894], [93.7467, 25.4057], [93.7603, 25.4141], [93.7811, 25.4247], [93.7881, 25.4359], [93.7937, 25.4487], [93.8024, 25.4604], [93.8139, 25.4847], [93.8076, 25.4956], [93.7972, 25.5044], [93.7734, 25.4978], [93.7643, 25.5155], [93.769, 25.5307], [93.7795, 25.538], [93.8078, 25.5445], [93.8233, 25.5482], [93.8333, 25.5564], [93.8442, 25.5617], [93.8622, 25.5575], [93.8784, 25.562], [93.892, 25.5684], [93.9109, 25.5675], [93.9301, 25.5654], [93.9435, 25.5634], [93.9574, 25.5568], [93.9726, 25.5612], [93.9805, 25.5713], [94.0006, 25.5739], [94.0118, 25.5791], [94.0077, 25.5909], [94.0255, 25.5934], [94.0334, 25.5847], [94.0436, 25.5775], [94.0647, 25.5664], [94.08, 25.5616], [94.095, 25.5464], [94.0921, 25.5327], [94.1061, 25.5289], [94.1285, 25.5259], [94.1452, 25.5276], [94.1518, 25.5419], [94.1601, 25.5553], [94.1679, 25.547], [94.1828, 25.5533], [94.1939, 25.5422], [94.1992, 25.5228], [94.2069, 25.514], [94.2128, 25.5028], [94.223, 25.4968], [94.2521, 25.4991], [94.2669, 25.5024], [94.2799, 25.5055], [94.299, 25.5007], [94.309, 25.4938], [94.3207, 25.4993], [94.329, 25.5084], [94.3647, 25.5215], [94.3885, 25.5366], [94.4045, 25.5409], [94.4203, 25.5426], [94.4256, 25.5529], [94.4251, 25.573], [94.43, 25.5927], [94.4443, 25.596], [94.474, 25.6216], [94.4912, 25.6198], [94.5054, 25.617], [94.5109, 25.6299], [94.5242, 25.6434], [94.5395, 25.6511], [94.5518, 25.6625], [94.5651, 25.6808], [94.573, 25.6977], [94.5871, 25.6919], [94.5881, 25.6773], [94.5834, 25.6652], [94.5768, 25.6528], [94.577232, 25.648331]]]}}, {"type": "Feature", "properties": {"ID_0": 105, "ISO": "IND", "NAME_0": "India", "ID_1": 23, "NAME_1": "Meghalaya", "NL_NAME_1": "", "VARNAME_1": "", "TYPE_1": "State", "ENGTYPE_1": "State", "filename": "", "filename_1": "", "filename_2": "", "filename_3": "", "filename_4": ""}, "geometry": {"type": "Polygon", "coordinates": [[[91.853836, 26.10479], [91.8647, 26.1003], [91.8752, 26.0846], [91.8693, 26.0569], [91.8832, 26.03], [91.9009, 26.0263], [91.917, 26.0215], [91.9187, 26.0072], [91.934, 26.0147], [91.9524, 26.0178], [91.9782, 26.0258], [91.9874, 26.0387], [92.0034, 26.038], [92.0176, 26.0396], [92.0348, 26.0397], [92.0502, 26.033], [92.0705, 26.0378], [92.0811, 26.0436], [92.0934, 26.0485], [92.1089, 26.0497], [92.1234, 26.0449], [92.1382, 26.0528], [92.149, 26.0616], [92.1691, 26.0776], [92.1789, 26.0692], [92.2018, 26.07], [92.2161, 26.0693], [92.2412, 26.0625], [92.2657, 26.0654], [92.2807, 26.0692], [92.2939, 26.0778], [92.2557, 26.0289], [92.2214, 26.0023], [92.211, 25.9947], [92.2009, 25.9856], [92.181, 25.9752], [92.1674, 25.9677], [92.1653, 25.954], [92.1563, 25.9448], [92.1614, 25.9325], [92.1599, 25.9152], [92.1743, 25.9092], [92.1867, 25.9158], [92.1977, 25.9113], [92.2175, 25.9099], [92.225, 25.9016], [92.2156, 25.8938], [92.2033, 25.8901], [92.195, 25.8813], [92.181, 25.8716], [92.181, 25.8514], [92.1714, 25.8377], [92.1633, 25.8257], [92.1557, 25.8166], [92.1537, 25.7955], [92.1548, 25.7798], [92.156, 25.7645], [92.1648, 25.7448], [92.1642, 25.7287], [92.1537, 25.7227], [92.1559, 25.7091], [92.161, 25.6973], [92.1644, 25.6849], [92.1605, 25.6733], [92.1698, 25.6664], [92.1848, 25.6811], [92.1969, 25.687], [92.2106, 25.6959], [92.2249, 25.714], [92.2348, 25.7088], [92.248, 25.711], [92.2705, 25.7109], [92.2846, 25.7159], [92.3061, 25.7231], [92.3335, 25.7252], [92.3481, 25.7319], [92.363, 25.7365], [92.3715, 25.7465], [92.3851, 25.7536], [92.3921, 25.7426], [92.4107, 25.7431], [92.417, 25.7297], [92.432, 25.732], [92.442, 25.7209], [92.4296, 25.7133], [92.4333, 25.6952], [92.443, 25.6877], [92.4552, 25.6842], [92.4715, 25.6749], [92.4813, 25.6639], [92.4883, 25.65], [92.4933, 25.6361], [92.5017, 25.6229], [92.5173, 25.6201], [92.5332, 25.616], [92.5532, 25.6138], [92.5572, 25.5962], [92.5609, 25.5827], [92.5647, 25.5683], [92.5725, 25.5604], [92.5875, 25.553], [92.6026, 25.5574], [92.6125, 25.5655], [92.6261, 25.568], [92.6341, 25.5789], [92.6406, 25.5874], [92.6512, 25.5927], [92.6605, 25.5851], [92.6574, 25.5634], [92.645, 25.5466], [92.6376, 25.5285], [92.6276, 25.5222], [92.6096, 25.5126], [92.5936, 25.5031], [92.581, 25.4952], [92.5678, 25.4808], [92.5691, 25.4648], [92.5823, 25.4729], [92.5982, 25.4717], [92.5998, 25.457], [92.6053, 25.4419], [92.607, 25.4272], [92.6118, 25.4161], [92.6206, 25.4237], [92.6293, 25.4346], [92.6379, 25.4227], [92.6505, 25.4317], [92.6569, 25.4157], [92.6709, 25.4167], [92.68, 25.4086], [92.6935, 25.4], [92.7004, 25.3878], [92.7129, 25.3845], [92.7206, 25.3749], [92.7348, 25.3825], [92.7406, 25.3668], [92.7482, 25.3581], [92.7588, 25.3399], [92.7825, 25.3343], [92.788, 25.3176], [92.7869, 25.3007], [92.7922, 25.2868], [92.7821, 25.2759], [92.7698, 25.2689], [92.7767, 25.2605], [92.7646, 25.2493], [92.7722, 25.2333], [92.7863, 25.2314], [92.8031, 25.2215], [92.7929, 25.2124], [92.7796, 25.2031], [92.7635, 25.2038], [92.7517, 25.2074], [92.7333, 25.2032], [92.7162, 25.1942], [92.7046, 25.1905], [92.6939, 25.1814], [92.6794, 25.1831], [92.6669, 25.1771], [92.6608, 25.1623], [92.6512, 25.1524], [92.638, 25.1452], [92.6308, 25.1318], [92.6247, 25.1187], [92.61, 25.1241], [92.5944, 25.1283], [92.5817, 25.1319], [92.568, 25.1301], [92.5532, 25.1307], [92.5399, 25.1373], [92.5275, 25.1399], [92.5252, 25.1256], [92.5331, 25.1121], [92.5408, 25.1041], [92.5265, 25.1059], [92.5098, 25.1055], [92.4843, 25.1081], [92.4798, 25.0957], [92.4765, 25.0783], [92.4709, 25.0669], [92.4637, 25.0556], [92.4633, 25.0371], [92.451, 25.041], [92.4379, 25.0338], [92.423, 25.0328], [92.4071, 25.035], [92.3973, 25.0424], [92.3817, 25.0443], [92.3721, 25.0501], [92.3572, 25.0513], [92.3458, 25.0557], [92.3543, 25.0634], [92.3478, 25.0783], [92.3343, 25.0819], [92.3225, 25.0744], [92.2914, 25.0789], [92.278, 25.0826], [92.2615, 25.0877], [92.2444, 25.0965], [92.2294, 25.1007], [92.2206, 25.1096], [92.2123, 25.1165], [92.2257, 25.1187], [92.2168, 25.1254], [92.2033, 25.1283], [92.1931, 25.1229], [92.1807, 25.1292], [92.1661, 25.1336], [92.154, 25.1385], [92.1433, 25.1447], [92.1453, 25.159], [92.132, 25.1669], [92.1188, 25.1731], [92.1086, 25.1793], [92.0938, 25.1831], [92.0796, 25.1873], [92.0672, 25.19], [92.0506, 25.1874], [92.0363, 25.1848], [92.0229, 25.1868], [92.008, 25.1886], [91.9958, 25.1796], [91.9796, 25.1756], [91.9668, 25.1831], [91.9503, 25.184], [91.9339, 25.1855], [91.9182, 25.1866], [91.9031, 25.1836], [91.8889, 25.1809], [91.8733, 25.1786], [91.8578, 25.1776], [91.8374, 25.1824], [91.8258, 25.1781], [91.8126, 25.1738], [91.7993, 25.1719], [91.7857, 25.1691], [91.7719, 25.1706], [91.7597, 25.1775], [91.7502, 25.1718], [91.7449, 25.1603], [91.7381, 25.1507], [91.724, 25.1536], [91.7133, 25.1591], [91.7042, 25.1495], [91.6958, 25.1391], [91.6818, 25.1376], [91.6708, 25.1334], [91.655, 25.1295], [91.6445, 25.1227], [91.6334, 25.1266], [91.6276, 25.1401], [91.6158, 25.1449], [91.6043, 25.151], [91.6076, 25.1667], [91.6197, 25.1727], [91.6051, 25.1742], [91.5846, 25.1719], [91.5764, 25.1643], [91.5669, 25.1588], [91.5589, 25.1493], [91.5463, 25.1465], [91.5335, 25.1442], [91.5136, 25.1454], [91.5046, 25.1373], [91.4897, 25.1361], [91.4741, 25.1339], [91.4725, 25.1478], [91.4565, 25.148], [91.4423, 25.151], [91.4301, 25.156], [91.422, 25.1688], [91.4083, 25.1653], [91.395, 25.1671], [91.3776, 25.1665], [91.3705, 25.1752], [91.3599, 25.1702], [91.3464, 25.1717], [91.3345, 25.1761], [91.3226, 25.1832], [91.3077, 25.183], [91.2949, 25.1858], [91.2875, 25.1953], [91.2775, 25.2006], [91.2612, 25.1995], [91.2448, 25.1944], [91.2314, 25.197], [91.2155, 25.1991], [91.199, 25.1996], [91.1835, 25.1959], [91.1653, 25.1942], [91.1458, 25.1949], [91.132, 25.1933], [91.116, 25.1948], [91.0996, 25.1972], [91.0825, 25.1975], [91.0709, 25.1914], [91.0559, 25.1878], [91.0429, 25.1852], [91.0277, 25.1853], [91.0146, 25.1806], [91.0017, 25.1775], [90.987, 25.1734], [90.9705, 25.1714], [90.9585, 25.1677], [90.9433, 25.1634], [90.9299, 25.1606], [90.9118, 25.1598], [90.9008, 25.164], [90.8857, 25.1643], [90.8758, 25.1583], [90.8584, 25.1558], [90.8434, 25.1592], [90.8273, 25.1609], [90.8085, 25.1652], [90.8011, 25.1755], [90.7867, 25.1808], [90.772, 25.1779], [90.7639, 25.17], [90.751, 25.1641], [90.7422, 25.1568], [90.7299, 25.163], [90.7165, 25.1661], [90.7058, 25.1571], [90.6954, 25.1635], [90.6861, 25.1709], [90.6755, 25.1653], [90.6732, 25.1809], [90.6711, 25.1943], [90.6637, 25.1855], [90.6509, 25.1828], [90.6423, 25.1746], [90.6274, 25.173], [90.6162, 25.1784], [90.6002, 25.1755], [90.5873, 25.1734], [90.5719, 25.1714], [90.5593, 25.1741], [90.5407, 25.1729], [90.5248, 25.172], [90.5081, 25.1714], [90.4976, 25.1651], [90.4844, 25.1591], [90.4651, 25.1533], [90.4566, 25.146], [90.4406, 25.1483], [90.4284, 25.1515], [90.4186, 25.1574], [90.4065, 25.1606], [90.3925, 25.1625], [90.375, 25.1674], [90.3649, 25.1741], [90.355, 25.1801], [90.3475, 25.188], [90.3374, 25.1942], [90.3214, 25.191], [90.305, 25.1932], [90.2907, 25.1972], [90.2776, 25.2001], [90.2612, 25.2013], [90.2481, 25.2038], [90.2343, 25.2056], [90.2191, 25.2077], [90.2054, 25.2116], [90.1946, 25.2159], [90.1831, 25.2213], [90.1665, 25.2246], [90.1432, 25.2251], [90.1288, 25.2265], [90.1095, 25.2304], [90.0993, 25.2387], [90.0857, 25.2425], [90.0759, 25.2484], [90.063, 25.2592], [90.0484, 25.2645], [90.0343, 25.267], [90.0244, 25.2728], [90.0083, 25.2824], [89.9957, 25.2793], [89.9835, 25.2846], [89.9799, 25.2982], [89.9672, 25.3033], [89.9562, 25.2993], [89.9437, 25.3022], [89.9269, 25.3043], [89.9147, 25.3084], [89.9016, 25.3032], [89.8941, 25.2954], [89.8864, 25.2878], [89.8676, 25.2884], [89.8534, 25.2901], [89.8343, 25.2957], [89.8411, 25.3053], [89.8381, 25.3174], [89.837, 25.3324], [89.8296, 25.3455], [89.8225, 25.3557], [89.8231, 25.3764], [89.8264, 25.3924], [89.8305, 25.4038], [89.8331, 25.4175], [89.8378, 25.4338], [89.8451, 25.445], [89.8524, 25.4564], [89.856, 25.4682], [89.8687, 25.4764], [89.88, 25.4886], [89.8756, 25.5055], [89.8703, 25.5215], [89.8712, 25.537], [89.8776, 25.5489], [89.8864, 25.5579], [89.9044, 25.5595], [89.9181, 25.5626], [89.9358, 25.5627], [89.9494, 25.5683], [89.9665, 25.5717], [89.9751, 25.5835], [89.9895, 25.5888], [90.0021, 25.5842], [90.0111, 25.5984], [90.0184, 25.6084], [90.0045, 25.6238], [89.9833, 25.6267], [89.947, 25.6588], [89.9418, 25.6737], [89.937, 25.6866], [89.9211, 25.6944], [89.9143, 25.704], [89.9049, 25.7148], [89.8942, 25.7272], [89.8954, 25.7441], [89.9114, 25.7416], [89.9279, 25.7414], [89.9337, 25.7525], [89.9435, 25.7605], [89.9524, 25.7702], [89.9508, 25.792], [89.952, 25.8109], [89.9458, 25.8202], [89.9589, 25.8266], [89.9735, 25.8281], [89.9908, 25.8355], [90.0016, 25.8422], [90.0115, 25.8497], [90.0208, 25.8616], [90.0144, 25.8718], [90.0047, 25.8787], [90.0153, 25.8886], [90.0279, 25.8943], [90.0421, 25.8908], [90.0522, 25.8987], [90.0589, 25.9103], [90.0724, 25.9193], [90.0874, 25.9263], [90.0961, 25.9395], [90.1079, 25.9506], [90.1187, 25.9613], [90.1341, 25.9578], [90.1474, 25.9645], [90.1584, 25.9583], [90.1761, 25.9571], [90.1825, 25.9444], [90.1895, 25.9532], [90.2084, 25.9616], [90.2274, 25.9551], [90.2778, 25.9632], [90.3243, 25.9744], [90.3299, 25.9885], [90.3393, 25.9969], [90.365, 26.0103], [90.3808, 26.0116], [90.394, 26.0141], [90.4076, 26.0076], [90.4165, 25.9969], [90.4286, 25.989], [90.4471, 25.9965], [90.4579, 26.0013], [90.4709, 26.0126], [90.4896, 26.0096], [90.5001, 26.0014], [90.5136, 25.9824], [90.5241, 25.9699], [90.5345, 25.958], [90.5338, 25.9363], [90.5262, 25.9283], [90.5185, 25.9094], [90.5111, 25.9001], [90.5255, 25.901], [90.5336, 25.9088], [90.5468, 25.9199], [90.5534, 25.9291], [90.5632, 25.9356], [90.5727, 25.944], [90.5788, 25.958], [90.5918, 25.9521], [90.6054, 25.947], [90.629, 25.9374], [90.6076, 25.9196], [90.6107, 25.9075], [90.6248, 25.8989], [90.6273, 25.917], [90.6378, 25.9233], [90.654, 25.9297], [90.6702, 25.9343], [90.686, 25.9508], [90.7131, 25.9522], [90.7254, 25.9488], [90.7403, 25.9549], [90.7441, 25.9328], [90.7405, 25.9152], [90.7589, 25.9216], [90.7691, 25.9085], [90.7785, 25.9143], [90.7917, 25.9357], [90.8087, 25.9472], [90.8239, 25.9451], [90.8368, 25.9382], [90.8568, 25.9443], [90.8729, 25.9429], [90.8814, 25.9506], [90.8924, 25.9391], [90.9012, 25.9296], [90.9125, 25.9203], [90.9159, 25.9432], [90.9321, 25.9397], [90.9427, 25.9476], [90.9539, 25.9367], [90.9606, 25.9277], [90.9669, 25.9053], [90.9675, 25.8872], [90.9848, 25.8899], [91.0013, 25.8865], [91.0206, 25.8873], [91.0291, 25.8799], [91.0265, 25.8666], [91.0151, 25.8591], [91.0087, 25.8382], [91.0016, 25.8258], [91.0127, 25.8211], [91.0249, 25.8276], [91.042, 25.8394], [91.0491, 25.8488], [91.0659, 25.8464], [91.0785, 25.8526], [91.073, 25.8425], [91.0618, 25.8361], [91.0499, 25.8289], [91.059, 25.8223], [91.0814, 25.8293], [91.1208, 25.8313], [91.1317, 25.8419], [91.1454, 25.8473], [91.1617, 25.8493], [91.179, 25.8428], [91.193, 25.8552], [91.2026, 25.8405], [91.1945, 25.8306], [91.1882, 25.8156], [91.1847, 25.795], [91.1799, 25.7763], [91.1857, 25.7669], [91.1887, 25.7389], [91.198, 25.731], [91.2159, 25.7239], [91.2325, 25.7292], [91.2554, 25.7478], [91.2756, 25.7469], [91.2873, 25.7641], [91.2969, 25.7782], [91.3063, 25.7964], [91.325, 25.8238], [91.3324, 25.8321], [91.3444, 25.8394], [91.3637, 25.8405], [91.3769, 25.8449], [91.4012, 25.8511], [91.4189, 25.8547], [91.4308, 25.8478], [91.4412, 25.8416], [91.455, 25.8513], [91.4687, 25.859], [91.483, 25.8629], [91.5079, 25.8648], [91.5191, 25.8731], [91.5289, 25.8809], [91.5173, 25.8747], [91.5078, 25.8674], [91.4937, 25.8655], [91.4774, 25.8687], [91.4787, 25.8847], [91.4885, 25.8949], [91.5033, 25.8922], [91.5085, 25.9098], [91.5248, 25.9208], [91.5359, 25.934], [91.5217, 25.9248], [91.5108, 25.9154], [91.5163, 25.9383], [91.5182, 25.9528], [91.5258, 25.9613], [91.5373, 25.9684], [91.5489, 25.9751], [91.5548, 25.9866], [91.5654, 26.0018], [91.5697, 26.0168], [91.5758, 26.0331], [91.5881, 26.0301], [91.5971, 26.0171], [91.6165, 26.0247], [91.6322, 26.0224], [91.633, 26.0049], [91.6247, 25.9859], [91.6321, 25.9708], [91.6301, 25.9446], [91.6109, 25.9446], [91.6228, 25.931], [91.6328, 25.9258], [91.6479, 25.9137], [91.6619, 25.9099], [91.676, 25.9118], [91.6864, 25.9212], [91.702, 25.9379], [91.7139, 25.9472], [91.7216, 25.9651], [91.7198, 25.9783], [91.7212, 26.0018], [91.7228, 26.0198], [91.7264, 26.0469], [91.7346, 26.0566], [91.7595, 26.0713], [91.7785, 26.0912], [91.7904, 26.087], [91.8018, 26.1049], [91.8156, 26.1114], [91.8266, 26.1181], [91.853836, 26.10479]]]}}, {"type": "Feature", "properties": {"ID_0": 105, "ISO": "IND", "NAME_0": "India", "ID_1": 24, "NAME_1": "Mizoram", "NL_NAME_1": "", "VARNAME_1": "", "TYPE_1": "State", "ENGTYPE_1": "State", "filename": "", "filename_1": "", "filename_2": "", "filename_3": "", "filename_4": ""}, "geometry": {"type": "Polygon", "coordinates": [[[92.800797, 24.41905], [92.8111, 24.4136], [92.8211, 24.4068], [92.8314, 24.4005], [92.825, 24.3905], [92.829, 24.3778], [92.8443, 24.3799], [92.8516, 24.3924], [92.8629, 24.3995], [92.8782, 24.3989], [92.8908, 24.4023], [92.901, 24.3934], [92.9093, 24.4032], [92.9234, 24.4057], [92.9357, 24.3955], [92.9512, 24.4048], [92.9603, 24.3959], [92.9708, 24.4012], [92.9803, 24.4097], [92.9919, 24.4055], [93.0244, 24.3905], [93.0171, 24.38], [93.0201, 24.366], [93.0216, 24.3468], [93.0434, 24.3434], [93.0352, 24.3184], [93.0239, 24.3007], [93.0111, 24.2881], [93.0139, 24.2717], [93.0067, 24.2628], [93.018, 24.2364], [93.0237, 24.2176], [93.018, 24.2075], [93.0124, 24.1975], [93.0109, 24.1822], [93.0033, 24.174], [93.0054, 24.1606], [92.9931, 24.1532], [92.9894, 24.1318], [92.9776, 24.1264], [92.9848, 24.1148], [93.0007, 24.1152], [93.0141, 24.1045], [93.0303, 24.1008], [93.0537, 24.0907], [93.0652, 24.0943], [93.0795, 24.103], [93.0852, 24.0904], [93.0952, 24.0803], [93.1009, 24.0664], [93.1038, 24.0526], [93.1194, 24.0565], [93.1294, 24.0641], [93.1351, 24.0792], [93.1479, 24.0881], [93.1613, 24.0776], [93.167, 24.0612], [93.1755, 24.0537], [93.194, 24.0563], [93.2167, 24.0501], [93.221, 24.0614], [93.2253, 24.074], [93.2366, 24.084], [93.2637, 24.0728], [93.2666, 24.0603], [93.2524, 24.0338], [93.2739, 24.0339], [93.2854, 24.0465], [93.2982, 24.0516], [93.3125, 24.0541], [93.3374, 24.0534], [93.3332, 24.0398], [93.3422, 24.0307], [93.3378, 24.0199], [93.3393, 24.0029], [93.3344, 23.987], [93.3474, 23.9807], [93.3559, 23.9613], [93.3624, 23.9508], [93.371, 23.9405], [93.391, 23.934], [93.3996, 23.9244], [93.3967, 23.8987], [93.3954, 23.8767], [93.3966, 23.8585], [93.3971, 23.8409], [93.3992, 23.8242], [93.4098, 23.8136], [93.4101, 23.7988], [93.4044, 23.7751], [93.4071, 23.7556], [93.4144, 23.7435], [93.4158, 23.7269], [93.4169, 23.7121], [93.4296, 23.7007], [93.4387, 23.6922], [93.4447, 23.6824], [93.4361, 23.6718], [93.4304, 23.6602], [93.4286, 23.6452], [93.4327, 23.6188], [93.4334, 23.5951], [93.4271, 23.5717], [93.4272, 23.553], [93.4278, 23.5382], [93.4219, 23.5272], [93.4112, 23.5132], [93.4073, 23.502], [93.4044, 23.485], [93.406, 23.4673], [93.3998, 23.4469], [93.3972, 23.4333], [93.3976, 23.4155], [93.4039, 23.4017], [93.4098, 23.3919], [93.4017, 23.3795], [93.3965, 23.3681], [93.3763, 23.3626], [93.3658, 23.3545], [93.372, 23.3442], [93.3793, 23.3327], [93.3767, 23.3195], [93.3798, 23.3012], [93.3782, 23.2868], [93.3751, 23.2746], [93.3784, 23.2561], [93.3833, 23.2448], [93.3947, 23.2243], [93.3874, 23.2112], [93.3853, 23.188], [93.3815, 23.1749], [93.376, 23.1589], [93.3791, 23.1436], [93.3907, 23.1479], [93.382, 23.1275], [93.3691, 23.1206], [93.364, 23.1062], [93.3574, 23.0909], [93.3511, 23.0803], [93.353, 23.0648], [93.3406, 23.0552], [93.3368, 23.0436], [93.3296, 23.0316], [93.3212, 23.0219], [93.3062, 23.0137], [93.2977, 23.0058], [93.2786, 23.0056], [93.2681, 23.0123], [93.2532, 23.0065], [93.2412, 23.0141], [93.2317, 23.0271], [93.2202, 23.0452], [93.2062, 23.0569], [93.1945, 23.0603], [93.1768, 23.0531], [93.162, 23.0519], [93.1473, 23.0617], [93.1385, 23.0548], [93.1351, 23.0416], [93.1316, 23.0259], [93.1358, 23.0129], [93.1292, 23.0008], [93.1426, 22.9937], [93.1476, 22.9806], [93.1427, 22.9686], [93.1488, 22.9565], [93.1526, 22.9415], [93.1572, 22.9267], [93.1684, 22.9191], [93.1586, 22.9136], [93.1388, 22.9132], [93.1383, 22.8934], [93.1332, 22.8752], [93.1239, 22.8659], [93.1215, 22.8434], [93.1166, 22.8326], [93.1162, 22.8163], [93.1043, 22.8118], [93.1028, 22.7921], [93.108, 22.7703], [93.1113, 22.753], [93.1092, 22.7378], [93.1019, 22.7274], [93.0991, 22.7143], [93.1042, 22.6961], [93.1067, 22.6818], [93.1074, 22.6641], [93.1145, 22.6549], [93.1148, 22.6392], [93.1243, 22.6301], [93.1364, 22.6229], [93.1429, 22.6076], [93.1456, 22.5861], [93.1337, 22.5773], [93.1244, 22.5671], [93.1155, 22.5547], [93.1144, 22.5369], [93.1258, 22.5285], [93.1337, 22.5199], [93.1306, 22.5059], [93.1378, 22.4951], [93.1363, 22.4796], [93.1421, 22.4633], [93.1567, 22.4521], [93.1754, 22.4513], [93.1822, 22.4388], [93.1908, 22.4273], [93.1889, 22.4135], [93.1955, 22.4033], [93.1923, 22.3908], [93.1974, 22.38], [93.1945, 22.3634], [93.2, 22.3436], [93.2066, 22.3295], [93.1963, 22.3246], [93.2006, 22.3132], [93.2011, 22.292], [93.204, 22.2757], [93.2086, 22.2611], [93.1964, 22.2556], [93.1837, 22.2491], [93.166, 22.2489], [93.1515, 22.2481], [93.1565, 22.2287], [93.1586, 22.2112], [93.1698, 22.2001], [93.163, 22.1823], [93.1484, 22.1768], [93.1307, 22.1791], [93.1228, 22.189], [93.1172, 22.2013], [93.1022, 22.1988], [93.0888, 22.2026], [93.077, 22.2101], [93.0598, 22.204], [93.0491, 22.1995], [93.0537, 22.1758], [93.052, 22.1567], [93.047, 22.1391], [93.0592, 22.1275], [93.0665, 22.1133], [93.0598, 22.0998], [93.0463, 22.1013], [93.0322, 22.1049], [93.016, 22.1055], [93.0145, 22.0852], [93.0081, 22.0699], [93.0008, 22.0556], [92.9999, 22.0395], [93.0067, 22.023], [93.0104, 22.0112], [93.0101, 21.9958], [93.0066, 21.9799], [92.9924, 21.9808], [92.9858, 21.9901], [92.9818, 22.0019], [92.9731, 22.01], [92.9669, 22.0203], [92.9609, 22.0302], [92.9484, 22.0229], [92.9346, 22.02], [92.9391, 22.0086], [92.9277, 21.9959], [92.9223, 21.9808], [92.9158, 21.9651], [92.9161, 21.9494], [92.9047, 21.9808], [92.8964, 22.0039], [92.8894, 22.0182], [92.8795, 22.0259], [92.8725, 22.0365], [92.8701, 22.0542], [92.8633, 22.0676], [92.849, 22.0624], [92.8414, 22.072], [92.8256, 22.0797], [92.8203, 22.0903], [92.8104, 22.0976], [92.7952, 22.1062], [92.7774, 22.1098], [92.7701, 22.1231], [92.7513, 22.1327], [92.7378, 22.139], [92.7328, 22.1496], [92.7179, 22.1526], [92.7034, 22.1538], [92.7006, 22.1384], [92.6997, 22.1224], [92.6971, 22.0993], [92.697, 22.0809], [92.6906, 22.0948], [92.6864, 22.1094], [92.6845, 22.0921], [92.6858, 22.0765], [92.6863, 22.0586], [92.69, 22.041], [92.6873, 22.0239], [92.6808, 22.0142], [92.6632, 22.0155], [92.6493, 22.0034], [92.641, 21.9922], [92.6301, 21.985], [92.6181, 21.9814], [92.6081, 21.9874], [92.6115, 22.0002], [92.6051, 22.0101], [92.6043, 22.0253], [92.599, 22.0378], [92.6047, 22.0499], [92.6007, 22.062], [92.5978, 22.0741], [92.5917, 22.0865], [92.5866, 22.0995], [92.5806, 22.1118], [92.5737, 22.1216], [92.5802, 22.134], [92.5916, 22.1382], [92.6018, 22.1299], [92.61, 22.1213], [92.6137, 22.1421], [92.6135, 22.1606], [92.6116, 22.1761], [92.6046, 22.1867], [92.6025, 22.2], [92.6007, 22.2149], [92.5977, 22.2321], [92.5979, 22.2483], [92.595, 22.265], [92.5904, 22.2768], [92.5862, 22.2894], [92.5874, 22.3175], [92.5845, 22.331], [92.5795, 22.3471], [92.5771, 22.3602], [92.5703, 22.3771], [92.5656, 22.3919], [92.5641, 22.4141], [92.5618, 22.4276], [92.559, 22.4426], [92.5576, 22.4627], [92.5532, 22.4811], [92.5506, 22.5025], [92.5517, 22.5174], [92.5469, 22.5307], [92.5434, 22.5467], [92.5375, 22.5581], [92.5338, 22.5698], [92.5403, 22.5783], [92.5399, 22.6002], [92.5372, 22.6141], [92.5354, 22.6301], [92.5326, 22.6511], [92.5291, 22.6635], [92.5263, 22.6777], [92.5204, 22.6953], [92.5176, 22.7077], [92.5134, 22.7193], [92.5072, 22.7324], [92.4886, 22.7474], [92.4813, 22.7625], [92.4865, 22.7728], [92.4777, 22.7843], [92.4728, 22.8008], [92.4665, 22.8105], [92.4607, 22.8201], [92.4644, 22.8319], [92.4575, 22.8417], [92.461, 22.8533], [92.4545, 22.8635], [92.4511, 22.8769], [92.4479, 22.8906], [92.4363, 22.8855], [92.4299, 22.8967], [92.4242, 22.9061], [92.4211, 22.9187], [92.4072, 22.9161], [92.4009, 22.9255], [92.391, 22.9307], [92.3758, 22.9338], [92.3787, 22.9485], [92.3778, 22.9648], [92.3803, 22.9807], [92.3856, 22.9935], [92.3831, 23.0078], [92.3858, 23.0221], [92.3856, 23.0373], [92.3926, 23.047], [92.3916, 23.0625], [92.3885, 23.0762], [92.3839, 23.0874], [92.3745, 23.0954], [92.3663, 23.1046], [92.3689, 23.1175], [92.3726, 23.1295], [92.3647, 23.1374], [92.368, 23.1495], [92.3703, 23.1627], [92.3663, 23.174], [92.3651, 23.1879], [92.3641, 23.2038], [92.364, 23.2202], [92.3611, 23.2375], [92.3763, 23.2398], [92.3915, 23.2405], [92.4068, 23.242], [92.4055, 23.2558], [92.398, 23.2635], [92.3945, 23.2821], [92.3898, 23.2945], [92.3877, 23.3086], [92.3824, 23.3194], [92.3722, 23.3268], [92.3794, 23.3352], [92.3835, 23.3502], [92.3804, 23.3625], [92.3694, 23.3671], [92.3664, 23.3813], [92.3611, 23.3911], [92.3622, 23.4074], [92.3535, 23.4144], [92.3529, 23.4294], [92.3405, 23.4324], [92.3372, 23.4457], [92.3336, 23.4575], [92.329, 23.4701], [92.3256, 23.4859], [92.3266, 23.5006], [92.323, 23.5139], [92.3191, 23.5287], [92.3142, 23.54], [92.318, 23.5546], [92.3136, 23.5655], [92.3115, 23.5791], [92.3059, 23.5913], [92.2936, 23.596], [92.2933, 23.6148], [92.3002, 23.6253], [92.2866, 23.6278], [92.2813, 23.639], [92.2852, 23.6513], [92.2925, 23.6701], [92.2959, 23.6823], [92.2942, 23.6961], [92.2856, 23.7068], [92.2767, 23.7211], [92.2685, 23.7286], [92.2683, 23.7564], [92.2637, 23.7917], [92.2607, 23.8071], [92.2695, 23.8178], [92.2837, 23.8163], [92.2821, 23.8309], [92.2759, 23.8399], [92.2852, 23.8573], [92.292, 23.8714], [92.3042, 23.8638], [92.3196, 23.8652], [92.3171, 23.8792], [92.3207, 23.8912], [92.323, 23.9042], [92.3311, 23.9118], [92.3279, 23.924], [92.3181, 23.9304], [92.3127, 23.9412], [92.3126, 23.9575], [92.3152, 23.971], [92.3227, 23.9798], [92.3291, 23.9897], [92.3275, 24.0042], [92.3172, 24.0176], [92.3193, 24.0313], [92.3154, 24.0449], [92.3186, 24.0573], [92.3233, 24.0696], [92.3281, 24.0806], [92.3302, 24.096], [92.3293, 24.1103], [92.3282, 24.1246], [92.3292, 24.1399], [92.3344, 24.1508], [92.3318, 24.1636], [92.33, 24.1801], [92.3248, 24.1948], [92.319, 24.209], [92.3097, 24.2148], [92.3009, 24.222], [92.2963, 24.2338], [92.2953, 24.248], [92.3105, 24.2513], [92.3765, 24.2513], [92.3957, 24.2525], [92.4165, 24.2534], [92.4201, 24.2352], [92.4185, 24.2216], [92.4197, 24.2025], [92.4222, 24.1885], [92.4332, 24.1833], [92.4378, 24.1705], [92.4366, 24.1524], [92.4506, 24.1437], [92.4631, 24.1364], [92.4733, 24.142], [92.4806, 24.1501], [92.4849, 24.1614], [92.5001, 24.1605], [92.512, 24.1648], [92.5176, 24.1762], [92.5315, 24.1774], [92.5378, 24.1965], [92.5424, 24.2106], [92.5474, 24.2244], [92.5488, 24.2432], [92.5646, 24.2501], [92.5818, 24.2454], [92.596, 24.2493], [92.6116, 24.2533], [92.6158, 24.2705], [92.6194, 24.2868], [92.618, 24.3044], [92.6231, 24.3203], [92.6262, 24.3345], [92.6393, 24.3318], [92.6524, 24.3353], [92.6607, 24.3452], [92.6748, 24.3498], [92.688, 24.352], [92.6939, 24.3636], [92.6983, 24.375], [92.7075, 24.387], [92.7142, 24.4053], [92.7238, 24.4359], [92.7305, 24.4528], [92.7436, 24.4746], [92.7488, 24.4885], [92.7545, 24.5011], [92.7592, 24.5118], [92.7652, 24.5208], [92.7791, 24.4865], [92.7844, 24.4712], [92.7899, 24.4561], [92.7939, 24.444], [92.8003, 24.432], [92.800797, 24.41905]]]}}, {"type": "Feature", "properties": {"ID_0": 105, "ISO": "IND", "NAME_0": "India", "ID_1": 25, "NAME_1": "Nagaland", "NL_NAME_1": "", "VARNAME_1": "", "TYPE_1": "State", "ENGTYPE_1": "State", "filename": "", "filename_1": "", "filename_2": "", "filename_3": "", "filename_4": ""}, "geometry": {"type": "Polygon", "coordinates": [[[95.214447, 26.936951], [95.2293, 26.9306], [95.234, 26.9188], [95.2313, 26.8984], [95.2178, 26.8869], [95.2064, 26.8779], [95.1845, 26.8648], [95.193, 26.8512], [95.2086, 26.8507], [95.2005, 26.8429], [95.2026, 26.8288], [95.2068, 26.8117], [95.2151, 26.7984], [95.2275, 26.7923], [95.2403, 26.7892], [95.2316, 26.7777], [95.2241, 26.7617], [95.221, 26.7474], [95.2161, 26.7353], [95.2282, 26.7238], [95.2361, 26.7122], [95.2337, 26.6971], [95.2317, 26.6776], [95.2247, 26.6675], [95.2149, 26.6557], [95.2062, 26.6491], [95.1913, 26.6477], [95.1743, 26.6342], [95.1648, 26.6266], [95.1547, 26.6195], [95.1525, 26.6018], [95.1562, 26.5868], [95.1508, 26.5768], [95.1445, 26.5679], [95.1338, 26.5624], [95.1213, 26.553], [95.1191, 26.5396], [95.1132, 26.5187], [95.1035, 26.5129], [95.096, 26.4985], [95.0879, 26.4907], [95.0804, 26.4817], [95.0723, 26.4698], [95.0663, 26.4568], [95.0816, 26.4532], [95.0968, 26.4394], [95.1062, 26.43], [95.1058, 26.415], [95.1217, 26.398], [95.1309, 26.3906], [95.1346, 26.3757], [95.1297, 26.362], [95.1317, 26.3465], [95.128, 26.3307], [95.1299, 26.3172], [95.1315, 26.3026], [95.1298, 26.2887], [95.1213, 26.2794], [95.1249, 26.2643], [95.1283, 26.2526], [95.1229, 26.2426], [95.1284, 26.2295], [95.1406, 26.2181], [95.1342, 26.2077], [95.1247, 26.1966], [95.123, 26.1763], [95.1168, 26.163], [95.1238, 26.1491], [95.1279, 26.137], [95.1209, 26.122], [95.1233, 26.1042], [95.138, 26.1026], [95.1516, 26.0949], [95.1659, 26.099], [95.177, 26.0923], [95.1854, 26.0847], [95.1816, 26.0726], [95.173, 26.0618], [95.1656, 26.0534], [95.165, 26.0389], [95.1489, 26.0188], [95.1407, 26.0065], [95.1315, 26.0001], [95.1175, 25.9877], [95.1101, 25.9757], [95.1002, 25.9649], [95.0885, 25.9576], [95.0789, 25.9508], [95.0655, 25.9477], [95.0531, 25.9445], [95.0449, 25.9348], [95.0364, 25.927], [95.028, 25.9198], [95.0219, 25.91], [95.0203, 25.8945], [95.0156, 25.8807], [95.0182, 25.8678], [95.0244, 25.8585], [95.0332, 25.8465], [95.0346, 25.829], [95.0403, 25.817], [95.0494, 25.8101], [95.0476, 25.7877], [95.0525, 25.7627], [95.0444, 25.7533], [95.0337, 25.7414], [95.0189, 25.7385], [95.0024, 25.7326], [94.9932, 25.7143], [94.9837, 25.7043], [94.9739, 25.6974], [94.9538, 25.6834], [94.9429, 25.6753], [94.9351, 25.6646], [94.9319, 25.652], [94.9266, 25.6406], [94.9223, 25.6245], [94.9197, 25.6111], [94.9115, 25.6033], [94.8957, 25.598], [94.8877, 25.5876], [94.8971, 25.5774], [94.905, 25.5671], [94.8878, 25.5654], [94.8586, 25.5634], [94.8434, 25.5557], [94.8339, 25.5467], [94.8297, 25.5349], [94.8253, 25.5209], [94.8186, 25.5069], [94.8125, 25.4954], [94.7971, 25.4937], [94.7845, 25.4902], [94.7727, 25.4813], [94.7623, 25.4915], [94.7515, 25.4825], [94.7392, 25.4768], [94.7218, 25.4725], [94.7024, 25.4686], [94.6886, 25.4655], [94.6698, 25.4554], [94.6565, 25.4586], [94.633, 25.4657], [94.6075, 25.4824], [94.5949, 25.4882], [94.585, 25.4969], [94.5746, 25.5052], [94.5574, 25.5128], [94.5613, 25.5307], [94.5599, 25.5457], [94.5614, 25.5605], [94.5615, 25.5783], [94.5596, 25.5941], [94.5669, 25.6041], [94.5769, 25.6204], [94.5838, 25.6345], [94.5946, 25.6427], [94.5761, 25.6447], [94.5814, 25.6574], [94.5856, 25.67], [94.59, 25.6812], [94.5956, 25.6913], [94.5786, 25.696], [94.5651, 25.6808], [94.5522, 25.6674], [94.5447, 25.6575], [94.5315, 25.6501], [94.5145, 25.6305], [94.5078, 25.619], [94.4934, 25.6143], [94.474, 25.6216], [94.4493, 25.6011], [94.4377, 25.5959], [94.4257, 25.5815], [94.4264, 25.5615], [94.4203, 25.5426], [94.4045, 25.5409], [94.3885, 25.5366], [94.3647, 25.5215], [94.329, 25.5084], [94.3207, 25.4993], [94.309, 25.4938], [94.299, 25.5007], [94.2907, 25.5095], [94.2741, 25.503], [94.2573, 25.5034], [94.2317, 25.4983], [94.2149, 25.5002], [94.2069, 25.5116], [94.1992, 25.5228], [94.1907, 25.5308], [94.1949, 25.5524], [94.1795, 25.5502], [94.1635, 25.5499], [94.1518, 25.5419], [94.1452, 25.5276], [94.1285, 25.5259], [94.1061, 25.5289], [94.0921, 25.5327], [94.095, 25.5464], [94.086, 25.5597], [94.0694, 25.559], [94.0541, 25.5768], [94.039, 25.5799], [94.0273, 25.588], [94.0147, 25.5961], [94.0078, 25.5875], [94.0123, 25.5753], [93.9805, 25.5713], [93.9726, 25.5612], [93.9574, 25.5568], [93.9435, 25.5634], [93.9301, 25.5654], [93.9109, 25.5675], [93.892, 25.5684], [93.8784, 25.562], [93.8622, 25.5575], [93.8442, 25.5617], [93.8333, 25.5564], [93.8233, 25.5482], [93.8078, 25.5445], [93.7795, 25.538], [93.769, 25.5307], [93.7643, 25.5155], [93.7658, 25.4999], [93.7885, 25.5065], [93.804, 25.499], [93.8139, 25.4847], [93.809, 25.4656], [93.7984, 25.4539], [93.7902, 25.4434], [93.7845, 25.4319], [93.7644, 25.4181], [93.7467, 25.4057], [93.7401, 25.3952], [93.731, 25.3804], [93.719, 25.3704], [93.7116, 25.3581], [93.6928, 25.3616], [93.6915, 25.3474], [93.6871, 25.3312], [93.6721, 25.3287], [93.6729, 25.3115], [93.6647, 25.3042], [93.6516, 25.279], [93.6435, 25.2659], [93.6381, 25.2504], [93.6289, 25.2357], [93.6211, 25.2249], [93.6126, 25.2062], [93.601, 25.2024], [93.592, 25.2139], [93.5816, 25.226], [93.5708, 25.2325], [93.5631, 25.2466], [93.5472, 25.2485], [93.5294, 25.2484], [93.5164, 25.2448], [93.5042, 25.2534], [93.5108, 25.2756], [93.4949, 25.2787], [93.4768, 25.279], [93.4746, 25.2924], [93.474, 25.3093], [93.4631, 25.3199], [93.458, 25.3301], [93.4519, 25.3442], [93.4623, 25.3589], [93.4782, 25.3799], [93.4739, 25.3931], [93.4672, 25.4031], [93.4651, 25.4234], [93.4569, 25.4419], [93.4436, 25.4506], [93.4275, 25.4553], [93.4029, 25.4592], [93.3904, 25.4692], [93.3905, 25.4856], [93.383, 25.4976], [93.3711, 25.5052], [93.3647, 25.5162], [93.3576, 25.5277], [93.3523, 25.5376], [93.3357, 25.5454], [93.3413, 25.5549], [93.3483, 25.5632], [93.3607, 25.5604], [93.3694, 25.5703], [93.3827, 25.5762], [93.3906, 25.5891], [93.4002, 25.5963], [93.4096, 25.6041], [93.4168, 25.6149], [93.4275, 25.6315], [93.4415, 25.6348], [93.4594, 25.6331], [93.4656, 25.6442], [93.4834, 25.6458], [93.4902, 25.656], [93.5021, 25.662], [93.5102, 25.671], [93.5203, 25.6837], [93.5259, 25.6997], [93.538, 25.7032], [93.5488, 25.7147], [93.5448, 25.727], [93.5569, 25.7377], [93.5701, 25.7517], [93.5838, 25.7578], [93.5927, 25.7662], [93.6057, 25.7726], [93.6223, 25.7798], [93.627, 25.7916], [93.6333, 25.8052], [93.6403, 25.8134], [93.6485, 25.824], [93.6686, 25.8246], [93.6829, 25.8358], [93.692, 25.8441], [93.7036, 25.8535], [93.6909, 25.8893], [93.6858, 25.9049], [93.6977, 25.9171], [93.7125, 25.9227], [93.7289, 25.9284], [93.7501, 25.9373], [93.7588, 25.9487], [93.7684, 25.955], [93.773, 25.966], [93.7852, 25.9583], [93.7894, 25.946], [93.7932, 25.931], [93.7963, 25.9182], [93.7957, 25.9012], [93.7915, 25.8901], [93.7875, 25.8789], [93.7853, 25.8633], [93.7798, 25.8463], [93.7845, 25.8358], [93.7907, 25.8208], [93.8076, 25.8163], [93.8188, 25.8262], [93.8243, 25.8471], [93.8327, 25.8563], [93.8423, 25.8626], [93.8687, 25.8554], [93.8827, 25.8459], [93.8916, 25.8586], [93.9018, 25.871], [93.9138, 25.8818], [93.9239, 25.8898], [93.9402, 25.901], [93.9598, 25.9053], [93.9692, 25.9114], [93.9794, 25.9197], [93.9711, 25.9449], [93.9692, 25.9608], [93.956, 25.9742], [93.9606, 25.997], [93.9549, 26.0073], [93.9627, 26.0222], [93.9659, 26.0424], [93.9745, 26.0522], [93.9911, 26.0726], [93.986, 26.0836], [93.9925, 26.0928], [93.9996, 26.1085], [93.9912, 26.1181], [93.9966, 26.1281], [94.0031, 26.139], [93.9997, 26.1582], [94.0039, 26.1694], [94.0088, 26.1805], [94.022, 26.1915], [94.0311, 26.1994], [94.0368, 26.2097], [94.0405, 26.2235], [94.0442, 26.24], [94.0491, 26.2502], [94.0646, 26.2618], [94.076, 26.2692], [94.0768, 26.2852], [94.0872, 26.2904], [94.0981, 26.3029], [94.1045, 26.322], [94.1287, 26.3233], [94.1194, 26.3305], [94.1357, 26.3382], [94.1545, 26.34], [94.1722, 26.3444], [94.18, 26.3541], [94.1645, 26.3601], [94.1736, 26.3676], [94.1791, 26.3887], [94.1768, 26.4134], [94.1758, 26.4318], [94.1865, 26.4605], [94.2011, 26.4699], [94.2094, 26.4837], [94.2236, 26.5006], [94.2399, 26.5114], [94.2521, 26.5277], [94.2626, 26.5439], [94.2767, 26.5588], [94.2898, 26.5641], [94.2856, 26.5466], [94.2891, 26.5252], [94.2872, 26.5085], [94.2902, 26.496], [94.2939, 26.4807], [94.3033, 26.4673], [94.3165, 26.4629], [94.3243, 26.4707], [94.3293, 26.4838], [94.3434, 26.49], [94.3518, 26.4992], [94.3587, 26.5091], [94.3776, 26.5131], [94.3914, 26.5328], [94.4025, 26.5388], [94.408, 26.5497], [94.4093, 26.569], [94.4148, 26.5833], [94.406, 26.6019], [94.4099, 26.6164], [94.4345, 26.6254], [94.4545, 26.639], [94.4614, 26.6481], [94.4618, 26.6632], [94.4857, 26.6737], [94.503, 26.6777], [94.5155, 26.6873], [94.5201, 26.7015], [94.5409, 26.7096], [94.5611, 26.7081], [94.5623, 26.6938], [94.5747, 26.691], [94.5828, 26.7056], [94.595, 26.7124], [94.6046, 26.7199], [94.5933, 26.7261], [94.5999, 26.7377], [94.6119, 26.7327], [94.6211, 26.7212], [94.6403, 26.724], [94.6585, 26.7248], [94.6866, 26.7326], [94.6969, 26.7397], [94.7114, 26.7528], [94.7319, 26.764], [94.7417, 26.7736], [94.7507, 26.7797], [94.7683, 26.7834], [94.7731, 26.795], [94.7856, 26.7986], [94.8022, 26.8061], [94.7966, 26.8185], [94.8092, 26.8233], [94.8154, 26.8368], [94.8217, 26.8493], [94.8323, 26.8627], [94.8388, 26.874], [94.8515, 26.8813], [94.859, 26.8933], [94.8653, 26.9069], [94.8815, 26.9267], [94.8945, 26.9373], [94.9088, 26.9423], [94.9238, 26.9503], [94.9336, 26.9385], [94.9471, 26.9402], [94.9642, 26.9406], [94.9707, 26.9284], [94.9857, 26.9182], [94.9931, 26.9262], [95.0166, 26.9244], [95.0286, 26.9325], [95.038, 26.9385], [95.0546, 26.9409], [95.0653, 26.9482], [95.0869, 26.9527], [95.11, 26.9669], [95.1169, 26.9837], [95.137, 26.9936], [95.1495, 26.9998], [95.1955, 27.043], [95.1979, 27.0198], [95.2001, 27.0062], [95.1952, 26.99], [95.2078, 26.9847], [95.215, 26.9704], [95.2068, 26.9626], [95.2122, 26.9433], [95.214447, 26.936951]]]}}, {"type": "Feature", "properties": {"ID_0": 105, "ISO": "IND", "NAME_0": "India", "ID_1": 26, "NAME_1": "Orissa", "NL_NAME_1": "", "VARNAME_1": "", "TYPE_1": "State", "ENGTYPE_1": "State", "filename": "", "filename_1": "", "filename_2": "", "filename_3": "", "filename_4": ""}, "geometry": {"type": "MultiPolygon", "coordinates": [[[[84.769859, 19.105972], [84.769859, 19.105972]]], [[[84.756531, 19.110971], [84.7657, 19.1049], [84.7554, 19.1099], [84.756531, 19.110971]]], [[[84.783195, 19.110971], [84.7787, 19.1004], [84.7732, 19.0907], [84.7676, 19.0813], [84.7618, 19.0721], [84.7302, 19.0893], [84.7438, 19.0876], [84.7582, 19.0888], [84.7618, 19.1004], [84.7724, 19.1049], [84.7818, 19.1107], [84.783195, 19.110971]]], [[[86.240555, 19.909447], [86.240555, 19.909447]]], [[[86.372498, 19.954445], [86.3608, 19.9508], [86.3713, 19.9558], [86.372498, 19.954445]]], [[[86.386948, 19.962776], [86.386948, 19.962776]]], [[[86.392487, 19.966108], [86.392487, 19.966108]]], [[[86.368607, 19.97389], [86.368607, 19.97389]]], [[[86.321106, 19.98806], [86.321106, 19.98806]]], [[[86.321388, 19.99889], [86.321388, 19.99889]]], [[[86.335571, 19.990829], [86.3272, 19.9986], [86.3356, 19.9917], [86.335571, 19.990829]]], [[[86.310425, 20.016247], [86.310425, 20.016247]]], [[[86.253052, 20.02528], [86.253052, 20.02528]]], [[[86.410851, 20.01833], [86.410851, 20.01833]]], [[[86.272499, 20.024445], [86.272499, 20.024445]]], [[[86.320274, 20.029444], [86.320274, 20.029444]]], [[[86.315002, 20.03167], [86.3206, 20.0219], [86.3072, 20.0236], [86.3147, 20.0317], [86.315002, 20.03167]]], [[[86.265831, 20.033611], [86.265831, 20.033611]]], [[[86.309998, 20.040833], [86.309998, 20.040833]]], [[[86.300552, 20.0425], [86.300552, 20.0425]]], [[[86.426392, 20.03861], [86.426392, 20.03861]]], [[[86.294998, 20.049723], [86.294998, 20.049723]]], [[[86.270279, 20.058058], [86.2783, 20.051], [86.2875, 20.0447], [86.2978, 20.0386], [86.2917, 20.0294], [86.2789, 20.0267], [86.27, 20.0333], [86.2564, 20.0317], [86.2451, 20.0357], [86.2512, 20.0447], [86.2586, 20.0531], [86.2686, 20.0583], [86.270279, 20.058058]]], [[[86.263351, 20.05806], [86.2542, 20.0522], [86.263351, 20.05806]]], [[[86.437225, 20.059444], [86.437225, 20.059444]]], [[[86.491112, 20.149723], [86.491112, 20.149723]]], [[[86.501663, 20.17584], [86.4979, 20.1639], [86.5012, 20.1759], [86.501663, 20.17584]]], [[[86.552971, 20.205271], [86.552971, 20.205271]]], [[[86.791664, 20.373611], [86.791664, 20.373611]]], [[[86.793907, 20.37993], [86.793907, 20.37993]]], [[[86.793053, 20.384171], [86.793053, 20.384171]]], [[[86.80278, 20.420834], [86.8122, 20.4153], [86.8139, 20.4017], [86.8094, 20.3908], [86.8072, 20.375], [86.8059, 20.3888], [86.7998, 20.3982], [86.8014, 20.4122], [86.80278, 20.420834]]], [[[86.789726, 20.387609], [86.7888, 20.403], [86.7903, 20.4167], [86.793, 20.4037], [86.7922, 20.3891], [86.789726, 20.387609]]], [[[86.802727, 20.459473], [86.802727, 20.459473]]], [[[86.805275, 20.491945], [86.8094, 20.4806], [86.8058, 20.4692], [86.8042, 20.4828], [86.805275, 20.491945]]], [[[86.874161, 20.673611], [86.874161, 20.673611]]], [[[86.798058, 20.691942], [86.7939, 20.6808], [86.7953, 20.6947], [86.798058, 20.691942]]], [[[87.003021, 20.710791], [87.0087, 20.7202], [87.003021, 20.710791]]], [[[87.008514, 20.708122], [87.012, 20.7204], [87.0092, 20.7082], [87.008514, 20.708122]]], [[[87.05751, 20.744358], [87.05751, 20.744358]]], [[[87.070557, 20.736214], [87.070557, 20.736214]]], [[[87.090836, 20.757521], [87.08, 20.7532], [87.0845, 20.7644], [87.090836, 20.757521]]], [[[86.870651, 20.771778], [86.883, 20.7686], [86.8969, 20.7669], [86.9114, 20.7685], [86.9267, 20.7678], [86.9411, 20.7665], [86.9572, 20.7669], [86.9702, 20.7692], [86.9825, 20.7722], [86.9947, 20.7686], [86.9989, 20.7558], [87.0044, 20.7461], [87.0053, 20.7314], [87.0022, 20.7194], [86.9961, 20.71], [86.9831, 20.7125], [86.9699, 20.715], [86.9547, 20.7147], [86.9413, 20.7166], [86.9283, 20.7145], [86.9183, 20.7093], [86.9082, 20.7039], [86.8983, 20.6983], [86.889, 20.6919], [86.8806, 20.6847], [86.8728, 20.6771], [86.8658, 20.6689], [86.8633, 20.6817], [86.8683, 20.6919], [86.8764, 20.6994], [86.8847, 20.7064], [86.8781, 20.715], [86.8789, 20.7325], [86.8761, 20.7203], [86.8822, 20.7106], [86.8767, 20.7008], [86.8692, 20.6933], [86.8583, 20.6883], [86.8636, 20.6783], [86.8564, 20.6703], [86.8542, 20.6575], [86.8444, 20.6519], [86.8384, 20.661], [86.8327, 20.6707], [86.8227, 20.6758], [86.8082, 20.6769], [86.7967, 20.6725], [86.8069, 20.6671], [86.8149, 20.6597], [86.8205, 20.6497], [86.8171, 20.6379], [86.8079, 20.6441], [86.7944, 20.646], [86.7794, 20.6464], [86.7825, 20.6583], [86.7897, 20.6661], [86.7958, 20.675], [86.8021, 20.6852], [86.8044, 20.6983], [86.8092, 20.7089], [86.8172, 20.7169], [86.8211, 20.7281], [86.8238, 20.7424], [86.8278, 20.7536], [86.8358, 20.7658], [86.8475, 20.7731], [86.8611, 20.7756], [86.870651, 20.771778]]], [[[86.875275, 20.775833], [86.875275, 20.775833]]], [[[86.86499, 20.781111], [86.86499, 20.781111]]], [[[86.984169, 20.782223], [86.984169, 20.782223]]], [[[86.948128, 20.784571], [86.948128, 20.784571]]], [[[86.881943, 20.78861], [86.8967, 20.7872], [86.9089, 20.7842], [86.9219, 20.7817], [86.9364, 20.7803], [86.9494, 20.7767], [86.9353, 20.7728], [86.9208, 20.7742], [86.9058, 20.7736], [86.8908, 20.7719], [86.88, 20.7764], [86.8692, 20.7806], [86.8767, 20.7883], [86.881943, 20.78861]]], [[[87.01651, 20.80283], [87.0066, 20.8082], [87.0029, 20.8196], [87.0066, 20.8323], [87.0154, 20.8258], [87.02, 20.8148], [87.01651, 20.80283]]], [[[87.123886, 21.51972], [87.123886, 21.51972]]], [[[86.078346, 22.530411], [86.0916, 22.5092], [86.0981, 22.4956], [86.1073, 22.4849], [86.1462, 22.4791], [86.166, 22.4767], [86.1967, 22.4677], [86.2091, 22.4628], [86.2204, 22.4491], [86.2426, 22.4445], [86.2596, 22.4413], [86.2798, 22.4455], [86.288, 22.4254], [86.3007, 22.4153], [86.3098, 22.3973], [86.3199, 22.3804], [86.3393, 22.3661], [86.3474, 22.359], [86.3527, 22.3454], [86.363, 22.3396], [86.3755, 22.3371], [86.3906, 22.3253], [86.4013, 22.3194], [86.4217, 22.3139], [86.4334, 22.3015], [86.4402, 22.3114], [86.4418, 22.3253], [86.4582, 22.3221], [86.467, 22.3289], [86.4785, 22.3345], [86.4837, 22.3444], [86.4999, 22.341], [86.508, 22.324], [86.5237, 22.3186], [86.5246, 22.3029], [86.5399, 22.3037], [86.5521, 22.2953], [86.5677, 22.297], [86.5813, 22.2949], [86.5899, 22.2821], [86.5985, 22.2744], [86.6161, 22.276], [86.6272, 22.2668], [86.6414, 22.2642], [86.6483, 22.2532], [86.6482, 22.2357], [86.6627, 22.2375], [86.674, 22.225], [86.6918, 22.2174], [86.7115, 22.2177], [86.72, 22.2102], [86.7161, 22.1938], [86.7134, 22.1814], [86.7169, 22.1638], [86.7154, 22.1435], [86.7323, 22.1449], [86.7522, 22.144], [86.7715, 22.1468], [86.7868, 22.1537], [86.8005, 22.1459], [86.8005, 22.1305], [86.8044, 22.1171], [86.8149, 22.1124], [86.8313, 22.1007], [86.8417, 22.0918], [86.9088, 22.0864], [86.929, 22.0845], [86.9443, 22.082], [86.9671, 22.0778], [86.9719, 22.0663], [86.9875, 22.0551], [86.9952, 22.0458], [87.0094, 22.0415], [87.0247, 22.0327], [87.0223, 22.0121], [87.028, 21.9984], [87.0343, 21.9892], [87.0203, 21.9684], [87.0149, 21.9533], [87.0055, 21.9407], [87.0025, 21.9224], [86.9979, 21.9075], [87.0048, 21.8955], [87.0148, 21.8897], [87.0251, 21.8703], [87.0538, 21.8609], [87.0777, 21.8598], [87.0946, 21.8603], [87.0929, 21.8742], [87.0961, 21.8863], [87.0885, 21.8951], [87.0935, 21.9079], [87.1018, 21.9161], [87.1126, 21.9212], [87.1309, 21.918], [87.1478, 21.9259], [87.1583, 21.9306], [87.1598, 21.9491], [87.1652, 21.9675], [87.1884, 21.957], [87.2029, 21.9564], [87.2212, 21.9532], [87.2323, 21.9465], [87.2354, 21.9337], [87.2521, 21.921], [87.2394, 21.9068], [87.2348, 21.8956], [87.2473, 21.8717], [87.2448, 21.8564], [87.2553, 21.8439], [87.2617, 21.8333], [87.2676, 21.8215], [87.2738, 21.8117], [87.2806, 21.7992], [87.2928, 21.8055], [87.2987, 21.7944], [87.3092, 21.7889], [87.3229, 21.786], [87.3357, 21.7812], [87.3521, 21.7857], [87.3678, 21.7746], [87.3701, 21.7601], [87.3833, 21.7709], [87.3938, 21.7638], [87.4121, 21.7638], [87.4314, 21.7644], [87.4437, 21.7609], [87.4433, 21.7421], [87.4514, 21.7324], [87.4628, 21.7264], [87.4708, 21.7072], [87.4697, 21.6916], [87.4683, 21.6773], [87.4649, 21.6586], [87.4586, 21.6449], [87.4775, 21.6318], [87.4827, 21.618], [87.4778, 21.6075], [87.4639, 21.6064], [87.455, 21.5992], [87.4472, 21.5908], [87.4378, 21.585], [87.4292, 21.5786], [87.4192, 21.5733], [87.4114, 21.5656], [87.405, 21.5567], [87.393, 21.5611], [87.384, 21.554], [87.3761, 21.5461], [87.3653, 21.5514], [87.3497, 21.5517], [87.335, 21.5533], [87.3189, 21.5542], [87.3044, 21.5556], [87.2895, 21.5551], [87.2743, 21.5543], [87.2605, 21.553], [87.2457, 21.5516], [87.2322, 21.55], [87.2184, 21.5482], [87.2033, 21.5483], [87.1946, 21.5417], [87.1825, 21.538], [87.1712, 21.5337], [87.1603, 21.5295], [87.1497, 21.5236], [87.139, 21.5183], [87.1286, 21.513], [87.1219, 21.5214], [87.1114, 21.5164], [87.1092, 21.5028], [87.1014, 21.4956], [87.0931, 21.4881], [87.085, 21.4803], [87.0744, 21.4714], [87.0628, 21.4756], [87.0483, 21.4767], [87.0608, 21.4736], [87.0556, 21.4636], [87.0468, 21.4568], [87.0383, 21.45], [87.0296, 21.443], [87.0206, 21.4369], [87.0117, 21.4308], [87.0028, 21.4247], [86.9933, 21.4186], [86.9847, 21.4119], [86.9764, 21.4042], [86.9686, 21.3964], [86.9594, 21.3872], [86.9508, 21.3786], [86.9439, 21.37], [86.9364, 21.3614], [86.9292, 21.3531], [86.9203, 21.3431], [86.91, 21.3369], [86.9039, 21.3242], [86.8953, 21.3175], [86.8903, 21.3072], [86.885, 21.2972], [86.8775, 21.2872], [86.8697, 21.2778], [86.8636, 21.2681], [86.8576, 21.2576], [86.8522, 21.2478], [86.8469, 21.2378], [86.8433, 21.2258], [86.8381, 21.2133], [86.8314, 21.205], [86.8278, 21.1933], [86.8211, 21.1847], [86.8283, 21.1764], [86.8264, 21.1625], [86.825, 21.1486], [86.8267, 21.135], [86.83, 21.1222], [86.8339, 21.1106], [86.8375, 21.0992], [86.8425, 21.0892], [86.8481, 21.0783], [86.8533, 21.0683], [86.8578, 21.0575], [86.8661, 21.0469], [86.8731, 21.0367], [86.8808, 21.0269], [86.8889, 21.0164], [86.8939, 21.0056], [86.8992, 20.9958], [86.9029, 20.9841], [86.9073, 20.9734], [86.9099, 20.9609], [86.9138, 20.9489], [86.9194, 20.9387], [86.9247, 20.9269], [86.9306, 20.9169], [86.9353, 20.9064], [86.9397, 20.8953], [86.9447, 20.8853], [86.9517, 20.8764], [86.9578, 20.8664], [86.9619, 20.8547], [86.9652, 20.8419], [86.9687, 20.8301], [86.9678, 20.8156], [86.9656, 20.8028], [86.9628, 20.7906], [86.9519, 20.7864], [86.94, 20.79], [86.9256, 20.7908], [86.91, 20.7922], [86.895, 20.7933], [86.8833, 20.7967], [86.8703, 20.7942], [86.8594, 20.7892], [86.8492, 20.7831], [86.8386, 20.7786], [86.8292, 20.7725], [86.8208, 20.7644], [86.8158, 20.7542], [86.8186, 20.7403], [86.8164, 20.7272], [86.8067, 20.7142], [86.7997, 20.7053], [86.7939, 20.6958], [86.7894, 20.685], [86.7869, 20.6719], [86.7808, 20.6628], [86.7728, 20.6547], [86.7672, 20.6453], [86.7658, 20.6301], [86.7606, 20.6194], [86.77, 20.6253], [86.7715, 20.6402], [86.7836, 20.6433], [86.7972, 20.645], [86.81, 20.6411], [86.8227, 20.6436], [86.8188, 20.6551], [86.813, 20.6645], [86.8019, 20.6689], [86.8104, 20.6757], [86.8241, 20.6741], [86.8333, 20.6682], [86.8375, 20.657], [86.8474, 20.6517], [86.8568, 20.6575], [86.8659, 20.6639], [86.8744, 20.6708], [86.8817, 20.6789], [86.8899, 20.6859], [86.8978, 20.6933], [86.9064, 20.6997], [86.9172, 20.7039], [86.928, 20.7083], [86.9405, 20.7114], [86.954, 20.7097], [86.9684, 20.7089], [86.9797, 20.7042], [86.9931, 20.702], [87.0057, 20.6994], [86.991, 20.6991], [87.0029, 20.696], [87.0144, 20.6996], [87.0265, 20.703], [87.0373, 20.7075], [87.0304, 20.699], [87.0214, 20.6928], [87.0114, 20.686], [87.0022, 20.6797], [86.9931, 20.6736], [86.9844, 20.6669], [86.9744, 20.6617], [86.9633, 20.6544], [86.9528, 20.6481], [86.9431, 20.6414], [86.9331, 20.6361], [86.9217, 20.6286], [86.9125, 20.6228], [86.9014, 20.6158], [86.8919, 20.6097], [86.8825, 20.6036], [86.8725, 20.5981], [86.8639, 20.5917], [86.8524, 20.5873], [86.8456, 20.5789], [86.8364, 20.5725], [86.8275, 20.5664], [86.8186, 20.56], [86.8086, 20.5531], [86.7994, 20.5472], [86.7894, 20.5397], [86.7819, 20.5317], [86.7769, 20.5208], [86.7739, 20.5078], [86.7633, 20.5033], [86.7536, 20.4978], [86.7506, 20.4858], [86.7467, 20.4747], [86.7361, 20.4792], [86.7369, 20.465], [86.7331, 20.4536], [86.7325, 20.4392], [86.7333, 20.425], [86.7325, 20.41], [86.7431, 20.405], [86.75, 20.3967], [86.7569, 20.3886], [86.7633, 20.3975], [86.7761, 20.3944], [86.7822, 20.3853], [86.7739, 20.3786], [86.7661, 20.37], [86.775, 20.3761], [86.7797, 20.3656], [86.7894, 20.3603], [86.7836, 20.3508], [86.7747, 20.3442], [86.7705, 20.3331], [86.7617, 20.3264], [86.7517, 20.3214], [86.7431, 20.315], [86.735, 20.3078], [86.7214, 20.3061], [86.7119, 20.3006], [86.7181, 20.2917], [86.7108, 20.2839], [86.7, 20.2792], [86.6886, 20.2733], [86.68, 20.2667], [86.6764, 20.2786], [86.6664, 20.2733], [86.6733, 20.265], [86.6671, 20.2561], [86.6533, 20.2514], [86.641, 20.2469], [86.6295, 20.2422], [86.6178, 20.2372], [86.6069, 20.2317], [86.5975, 20.2258], [86.5867, 20.2214], [86.575, 20.2181], [86.5647, 20.2133], [86.5531, 20.2097], [86.5458, 20.2019], [86.5331, 20.1967], [86.5244, 20.1903], [86.515, 20.1842], [86.5047, 20.1789], [86.5, 20.1894], [86.4925, 20.1806], [86.4864, 20.1717], [86.4775, 20.1656], [86.4736, 20.1531], [86.4605, 20.1573], [86.4647, 20.1464], [86.4744, 20.1517], [86.4781, 20.1631], [86.4897, 20.1597], [86.4861, 20.1472], [86.4754, 20.1419], [86.48, 20.1314], [86.4725, 20.1233], [86.4633, 20.1158], [86.4669, 20.1036], [86.4678, 20.1181], [86.4783, 20.1231], [86.4847, 20.1372], [86.4878, 20.1233], [86.4917, 20.1344], [86.495, 20.1464], [86.5, 20.1569], [86.5056, 20.1664], [86.5142, 20.1736], [86.5242, 20.1792], [86.5322, 20.187], [86.5406, 20.1939], [86.553, 20.1975], [86.5447, 20.1894], [86.5344, 20.1822], [86.5261, 20.1753], [86.5192, 20.1672], [86.5125, 20.1572], [86.5067, 20.1472], [86.4997, 20.1389], [86.4953, 20.1272], [86.4883, 20.1186], [86.4814, 20.1092], [86.4747, 20.0994], [86.4625, 20.0869], [86.455, 20.0792], [86.4467, 20.0722], [86.4387, 20.0644], [86.43, 20.0577], [86.4161, 20.0564], [86.4272, 20.0517], [86.4183, 20.0456], [86.4158, 20.0328], [86.4092, 20.024], [86.4128, 20.0122], [86.41, 19.9995], [86.4011, 19.9906], [86.3931, 19.9833], [86.3836, 19.9761], [86.3806, 19.9892], [86.3742, 19.9803], [86.3589, 19.9803], [86.3501, 19.9868], [86.3395, 19.9931], [86.3373, 20.0061], [86.3328, 20.0167], [86.3285, 20.0282], [86.3208, 20.036], [86.3114, 20.0417], [86.3011, 20.047], [86.2934, 20.0549], [86.2789, 20.0556], [86.27, 20.0622], [86.2575, 20.0592], [86.2479, 20.0532], [86.245, 20.0403], [86.2406, 20.0294], [86.2482, 20.0214], [86.2599, 20.0181], [86.2744, 20.0175], [86.2844, 20.0226], [86.297, 20.0201], [86.3056, 20.0136], [86.3118, 20.0044], [86.3178, 19.9928], [86.3141, 19.9811], [86.3286, 19.9786], [86.3398, 19.9739], [86.3347, 19.9639], [86.3278, 19.9556], [86.3172, 19.95], [86.3281, 19.9544], [86.3367, 19.9625], [86.3491, 19.9655], [86.3589, 19.9603], [86.3517, 19.9505], [86.3395, 19.9474], [86.3246, 19.9441], [86.3128, 19.9407], [86.3003, 19.9366], [86.2896, 19.9323], [86.2787, 19.9273], [86.2672, 19.9216], [86.2567, 19.9164], [86.2462, 19.9112], [86.2418, 19.922], [86.2369, 19.9114], [86.2283, 19.9039], [86.2239, 19.9147], [86.2125, 19.9108], [86.2231, 19.9042], [86.2144, 19.8962], [86.2023, 19.8921], [86.1906, 19.888], [86.1789, 19.8844], [86.167, 19.881], [86.1551, 19.8773], [86.1427, 19.8734], [86.1306, 19.8697], [86.1183, 19.8667], [86.1061, 19.8636], [86.0947, 19.8598], [86.0806, 19.8571], [86.0661, 19.8558], [86.0535, 19.8534], [86.0381, 19.8544], [86.0292, 19.8483], [86.0442, 19.848], [86.0321, 19.8441], [86.0185, 19.8416], [86.0054, 19.8391], [85.9911, 19.8369], [85.9781, 19.8347], [85.9644, 19.8319], [85.9514, 19.8294], [85.9389, 19.8267], [85.9269, 19.8236], [85.9133, 19.822], [85.9064, 19.8308], [85.9034, 19.817], [85.8897, 19.8128], [85.8769, 19.81], [85.865, 19.8067], [85.8539, 19.8027], [85.8414, 19.7995], [85.829, 19.7957], [85.817, 19.7924], [85.8053, 19.7889], [85.793, 19.7843], [85.78, 19.7806], [85.77, 19.7756], [85.7583, 19.7719], [85.7467, 19.7681], [85.7342, 19.7636], [85.7206, 19.7589], [85.709, 19.7551], [85.6972, 19.7508], [85.6858, 19.7467], [85.6739, 19.7425], [85.6628, 19.7383], [85.6536, 19.732], [85.6431, 19.7275], [85.6331, 19.7225], [85.6228, 19.7175], [85.6122, 19.7131], [85.6023, 19.7078], [85.5919, 19.7031], [85.5819, 19.6975], [85.57, 19.6928], [85.5603, 19.6875], [85.5497, 19.6825], [85.5364, 19.6764], [85.5254, 19.6715], [85.5135, 19.6655], [85.5028, 19.6592], [85.4928, 19.6542], [85.4819, 19.65], [85.4714, 19.6453], [85.4611, 19.6406], [85.4497, 19.6364], [85.4389, 19.6317], [85.4255, 19.6255], [85.4147, 19.6203], [85.4034, 19.6147], [85.3926, 19.6091], [85.3825, 19.6031], [85.3725, 19.5981], [85.3601, 19.5923], [85.3506, 19.5867], [85.3409, 19.5814], [85.3317, 19.5753], [85.3222, 19.5697], [85.3131, 19.5636], [85.3019, 19.5567], [85.2905, 19.5505], [85.2817, 19.5442], [85.2722, 19.5378], [85.2633, 19.5314], [85.2533, 19.5236], [85.2436, 19.5167], [85.2344, 19.5108], [85.2247, 19.5039], [85.2161, 19.4972], [85.2067, 19.4906], [85.1978, 19.4844], [85.1886, 19.4781], [85.1772, 19.47], [85.1672, 19.4631], [85.155, 19.4542], [85.1461, 19.4481], [85.1356, 19.44], [85.1264, 19.4319], [85.1173, 19.4254], [85.1079, 19.4167], [85.1006, 19.4084], [85.0939, 19.3992], [85.0874, 19.3899], [85.0806, 19.3803], [85.0689, 19.3731], [85.0631, 19.3637], [85.0528, 19.3589], [85.0431, 19.3533], [85.0333, 19.3481], [85.0239, 19.3425], [85.0142, 19.3367], [85.0047, 19.3308], [84.9951, 19.3251], [84.9857, 19.3193], [84.9774, 19.3126], [84.9688, 19.3062], [84.9615, 19.2985], [84.9521, 19.2926], [84.9432, 19.286], [84.9349, 19.2793], [84.9271, 19.2721], [84.9191, 19.2651], [84.9076, 19.2693], [84.9068, 19.2546], [84.8985, 19.2476], [84.8901, 19.2407], [84.8821, 19.2335], [84.8746, 19.226], [84.8665, 19.219], [84.859, 19.2112], [84.8515, 19.2032], [84.844, 19.1951], [84.8371, 19.1865], [84.8296, 19.1787], [84.8224, 19.1707], [84.8157, 19.1624], [84.8087, 19.154], [84.8032, 19.144], [84.7979, 19.1338], [84.791, 19.1254], [84.7835, 19.1179], [84.7765, 19.1099], [84.7626, 19.1115], [84.751, 19.116], [84.7396, 19.1124], [84.7351, 19.1013], [84.736, 19.1157], [84.746, 19.121], [84.7476, 19.1346], [84.7401, 19.144], [84.7285, 19.1404], [84.721, 19.1329], [84.7126, 19.1262], [84.7032, 19.1199], [84.7068, 19.1085], [84.7138, 19.1004], [84.6975, 19.1088], [84.6939, 19.1216], [84.7065, 19.1436], [84.6976, 19.1503], [84.6814, 19.1498], [84.6733, 19.1569], [84.6633, 19.1475], [84.6645, 19.1282], [84.6534, 19.1229], [84.6293, 19.1207], [84.6094, 19.1175], [84.5946, 19.1235], [84.6029, 19.0966], [84.6144, 19.0923], [84.6198, 19.0765], [84.6314, 19.0726], [84.6446, 19.0845], [84.6596, 19.0709], [84.6545, 19.0523], [84.6368, 19.0572], [84.6261, 19.0503], [84.6127, 19.0548], [84.6005, 19.0329], [84.597, 19.0197], [84.5877, 19.013], [84.5781, 19.0189], [84.5736, 19.0351], [84.5781, 19.0621], [84.5597, 19.0596], [84.5536, 19.0474], [84.5348, 19.0454], [84.5099, 19.0375], [84.5031, 19.0293], [84.4894, 19.0209], [84.4821, 19.0099], [84.4755, 18.996], [84.4731, 18.9826], [84.4522, 18.9883], [84.4374, 18.9975], [84.4222, 19.0085], [84.4253, 18.9953], [84.428, 18.9826], [84.4406, 18.9669], [84.4203, 18.9494], [84.4156, 18.938], [84.4294, 18.9137], [84.4203, 18.9049], [84.4062, 18.9061], [84.4121, 18.8939], [84.3978, 18.8861], [84.3785, 18.8932], [84.3653, 18.8963], [84.3742, 18.8889], [84.3861, 18.883], [84.3832, 18.8693], [84.3741, 18.8765], [84.3547, 18.8829], [84.3596, 18.8719], [84.3716, 18.8672], [84.3624, 18.8511], [84.347, 18.86], [84.336, 18.8667], [84.3341, 18.8516], [84.3381, 18.8362], [84.3452, 18.8268], [84.3441, 18.8119], [84.3293, 18.809], [84.3336, 18.7951], [84.3157, 18.7862], [84.3043, 18.7807], [84.2839, 18.7908], [84.2732, 18.7825], [84.2589, 18.7748], [84.2312, 18.7801], [84.2215, 18.7865], [84.2038, 18.7826], [84.1903, 18.7767], [84.1798, 18.769], [84.1626, 18.7686], [84.1549, 18.776], [84.1404, 18.7677], [84.1279, 18.7613], [84.1229, 18.7483], [84.1141, 18.7551], [84.1007, 18.7527], [84.0916, 18.7452], [84.0779, 18.7489], [84.0605, 18.7627], [84.0492, 18.7707], [84.0387, 18.7874], [84.0308, 18.7954], [84.0159, 18.8014], [84.0, 18.8048], [83.9823, 18.8], [83.9694, 18.8038], [83.9512, 18.8], [83.9366, 18.7992], [83.9264, 18.8066], [83.9078, 18.8164], [83.8906, 18.8069], [83.8846, 18.8178], [83.8702, 18.8184], [83.8643, 18.839], [83.848, 18.8476], [83.8371, 18.8647], [83.8423, 18.8882], [83.8403, 18.9041], [83.8231, 18.9055], [83.8212, 18.922], [83.8134, 18.9336], [83.8161, 18.9487], [83.8106, 18.9648], [83.8025, 18.9818], [83.7912, 18.9924], [83.7883, 19.0078], [83.7732, 19.0066], [83.7664, 18.998], [83.7547, 18.9934], [83.7411, 18.9839], [83.7417, 18.9671], [83.749, 18.9584], [83.7504, 18.9444], [83.7653, 18.9364], [83.7772, 18.9191], [83.7713, 18.9013], [83.7561, 18.9167], [83.7421, 18.9231], [83.7365, 18.939], [83.73, 18.9602], [83.7263, 18.9756], [83.7169, 18.9825], [83.7048, 18.992], [83.7148, 19.0021], [83.7233, 19.0119], [83.6998, 19.015], [83.6844, 19.0439], [83.6764, 19.0525], [83.6667, 19.0645], [83.6569, 19.0749], [83.6503, 19.1001], [83.6447, 19.1133], [83.6333, 19.1244], [83.6302, 19.1448], [83.6233, 19.1536], [83.6191, 19.1419], [83.6106, 19.1309], [83.5943, 19.1203], [83.5968, 19.1052], [83.6044, 19.0929], [83.5932, 19.0849], [83.5822, 19.0756], [83.5808, 19.0551], [83.5674, 19.0523], [83.5571, 19.06], [83.555, 19.0781], [83.5449, 19.0694], [83.5515, 19.0504], [83.5428, 19.0368], [83.5348, 19.0286], [83.5331, 19.0125], [83.5153, 19.0049], [83.5046, 19.0101], [83.4929, 19.018], [83.4993, 19.0271], [83.5137, 19.0248], [83.5098, 19.0401], [83.5062, 19.0543], [83.4804, 19.0665], [83.4732, 19.0778], [83.4638, 19.0714], [83.4574, 19.0598], [83.4628, 19.044], [83.4774, 19.0255], [83.4751, 19.0115], [83.4718, 18.999], [83.4585, 19.0021], [83.4482, 18.9959], [83.4502, 18.9824], [83.4583, 18.9725], [83.4623, 18.9592], [83.4555, 18.9456], [83.44, 18.9502], [83.4329, 18.9614], [83.4148, 18.9779], [83.4106, 18.9926], [83.3961, 18.9958], [83.3772, 18.9947], [83.358, 19.0061], [83.3463, 19.0099], [83.3327, 18.9998], [83.3292, 18.9882], [83.3078, 18.991], [83.3096, 18.9768], [83.3198, 18.9613], [83.326, 18.9502], [83.333, 18.9393], [83.3212, 18.936], [83.329, 18.9169], [83.3396, 18.9262], [83.3448, 18.9453], [83.349, 18.9561], [83.3608, 18.9481], [83.3674, 18.9335], [83.3802, 18.9233], [83.371, 18.9171], [83.3628, 18.9301], [83.349, 18.9338], [83.3502, 18.9159], [83.3565, 18.9048], [83.3672, 18.9004], [83.381, 18.9018], [83.3744, 18.8919], [83.3789, 18.8803], [83.3878, 18.871], [83.4018, 18.8671], [83.4113, 18.8593], [83.3999, 18.8537], [83.3987, 18.8335], [83.3865, 18.8258], [83.3728, 18.8212], [83.3623, 18.8321], [83.3501, 18.8216], [83.36, 18.8073], [83.3478, 18.8013], [83.3376, 18.7957], [83.323, 18.7983], [83.3042, 18.7989], [83.2921, 18.7925], [83.2795, 18.7896], [83.2699, 18.7753], [83.2699, 18.7598], [83.2554, 18.7588], [83.2396, 18.7588], [83.2293, 18.7641], [83.2173, 18.759], [83.2227, 18.7486], [83.2145, 18.7372], [83.2092, 18.7245], [83.2019, 18.7361], [83.1918, 18.7418], [83.1808, 18.7483], [83.1739, 18.7568], [83.1562, 18.7573], [83.1469, 18.7632], [83.1388, 18.7711], [83.1158, 18.7621], [83.106, 18.7385], [83.0992, 18.7269], [83.0908, 18.7193], [83.0779, 18.7053], [83.0707, 18.6972], [83.0558, 18.6671], [83.051, 18.6542], [83.0362, 18.6477], [83.0226, 18.6444], [83.0115, 18.639], [83.0146, 18.6263], [83.0213, 18.6105], [83.0095, 18.5914], [83.0277, 18.5823], [83.0378, 18.5887], [83.0489, 18.5953], [83.0447, 18.5782], [83.0311, 18.5718], [83.0337, 18.5583], [83.0402, 18.5449], [83.0512, 18.5349], [83.0715, 18.5425], [83.0871, 18.5411], [83.0823, 18.5272], [83.0732, 18.5147], [83.0688, 18.502], [83.0604, 18.4944], [83.0518, 18.4775], [83.037, 18.4631], [83.0267, 18.4569], [83.0164, 18.4477], [83.0248, 18.4367], [83.039, 18.432], [83.0356, 18.4201], [83.0486, 18.4249], [83.0621, 18.4209], [83.0553, 18.4081], [83.0637, 18.3957], [83.0562, 18.3773], [83.0395, 18.3701], [83.0238, 18.3764], [83.0035, 18.3769], [82.9876, 18.3695], [82.9784, 18.361], [82.9598, 18.3572], [82.9482, 18.3521], [82.9327, 18.3514], [82.9201, 18.3597], [82.9027, 18.3559], [82.8919, 18.3669], [82.8849, 18.3786], [82.891, 18.3922], [82.8884, 18.4063], [82.8794, 18.4146], [82.87, 18.4062], [82.856, 18.4108], [82.8398, 18.4118], [82.8358, 18.4242], [82.8242, 18.4299], [82.7992, 18.4394], [82.7871, 18.4267], [82.7762, 18.4197], [82.7816, 18.4043], [82.7933, 18.395], [82.7868, 18.3846], [82.781, 18.3725], [82.7842, 18.3542], [82.7714, 18.3397], [82.7618, 18.3278], [82.7506, 18.3233], [82.7378, 18.3199], [82.7253, 18.3116], [82.7109, 18.3128], [82.7017, 18.3048], [82.6937, 18.2973], [82.6818, 18.2928], [82.6649, 18.2906], [82.6565, 18.2788], [82.6491, 18.2638], [82.6476, 18.2447], [82.6372, 18.2349], [82.6269, 18.2287], [82.6164, 18.2381], [82.6095, 18.2492], [82.5983, 18.2545], [82.5887, 18.2621], [82.5807, 18.2701], [82.5884, 18.2783], [82.591, 18.292], [82.5827, 18.3008], [82.586, 18.3159], [82.6021, 18.3173], [82.6003, 18.3308], [82.6079, 18.3417], [82.5986, 18.354], [82.6005, 18.3687], [82.5892, 18.3771], [82.5756, 18.3799], [82.556, 18.3885], [82.5352, 18.3896], [82.5403, 18.4019], [82.5397, 18.4169], [82.5502, 18.4265], [82.5477, 18.4418], [82.5356, 18.4367], [82.5267, 18.4473], [82.5161, 18.4559], [82.5275, 18.4682], [82.5245, 18.4828], [82.522, 18.497], [82.5074, 18.5081], [82.4815, 18.5151], [82.4757, 18.5294], [82.4534, 18.517], [82.4371, 18.4973], [82.4291, 18.4851], [82.4203, 18.4699], [82.3974, 18.4516], [82.3823, 18.4317], [82.3717, 18.4202], [82.3613, 18.4099], [82.3725, 18.3981], [82.3752, 18.3831], [82.3844, 18.3724], [82.3788, 18.3617], [82.3695, 18.3504], [82.3601, 18.3437], [82.3502, 18.3289], [82.3364, 18.3201], [82.3429, 18.3073], [82.358, 18.3082], [82.3653, 18.3164], [82.3805, 18.3193], [82.3884, 18.3112], [82.3854, 18.2891], [82.3719, 18.2741], [82.3437, 18.2717], [82.3339, 18.2523], [82.331, 18.2334], [82.3213, 18.2225], [82.3328, 18.2158], [82.3197, 18.201], [82.3061, 18.1957], [82.3082, 18.1813], [82.3193, 18.1714], [82.333, 18.1634], [82.3487, 18.1618], [82.359, 18.1491], [82.3652, 18.1397], [82.3576, 18.1251], [82.3449, 18.1346], [82.3334, 18.1424], [82.3354, 18.1273], [82.3325, 18.1071], [82.3347, 18.0899], [82.3432, 18.0825], [82.3369, 18.0491], [82.3298, 18.0404], [82.3218, 18.0502], [82.317, 18.036], [82.3044, 18.0396], [82.2928, 18.0543], [82.267, 18.0483], [82.2622, 18.0363], [82.2689, 18.0199], [82.2705, 17.9977], [82.2611, 17.9824], [82.2417, 17.9798], [82.237, 17.992], [82.2182, 17.9942], [82.2078, 18.0007], [82.1969, 18.0087], [82.1774, 18.0106], [82.1731, 18.0256], [82.1637, 18.0416], [82.1473, 18.0404], [82.1324, 18.0356], [82.1292, 18.0487], [82.1133, 18.0578], [82.0924, 18.0528], [82.0801, 18.0604], [82.0644, 18.0584], [82.0597, 18.0451], [82.0452, 18.0456], [82.0326, 18.0517], [82.0168, 18.0551], [82.0066, 18.0492], [82.0047, 18.0343], [81.9915, 18.0218], [81.9805, 18.0113], [81.964, 17.9999], [81.9518, 17.9921], [81.9361, 17.9841], [81.9137, 17.9799], [81.9045, 17.9735], [81.8851, 17.9658], [81.8741, 17.9598], [81.8468, 17.9508], [81.8198, 17.9455], [81.801, 17.9361], [81.7893, 17.9214], [81.7824, 17.9097], [81.7622, 17.8966], [81.7263, 17.8741], [81.7032, 17.8611], [81.6979, 17.8755], [81.6883, 17.8848], [81.6778, 17.8776], [81.6631, 17.8769], [81.6527, 17.8682], [81.646, 17.8563], [81.6428, 17.8393], [81.6314, 17.8304], [81.6157, 17.822], [81.5997, 17.8154], [81.5749, 17.8273], [81.5539, 17.8164], [81.5257, 17.8109], [81.5113, 17.8066], [81.4963, 17.8065], [81.4812, 17.8029], [81.4727, 17.8179], [81.4594, 17.8247], [81.4376, 17.8153], [81.4259, 17.8213], [81.4143, 17.8164], [81.4093, 17.8048], [81.3943, 17.8081], [81.3831, 17.8141], [81.3933, 17.8358], [81.3981, 17.8468], [81.3899, 17.8594], [81.3905, 17.8743], [81.3959, 17.8876], [81.4117, 17.8854], [81.4231, 17.8774], [81.4373, 17.8759], [81.4437, 17.8932], [81.4482, 17.9051], [81.4445, 17.9221], [81.4548, 17.9466], [81.467, 17.9549], [81.4733, 17.9653], [81.4731, 17.9833], [81.4789, 18.0037], [81.4775, 18.02], [81.4775, 18.0387], [81.4815, 18.0499], [81.4947, 18.058], [81.4968, 18.0727], [81.5087, 18.0924], [81.5119, 18.1292], [81.5217, 18.1483], [81.5149, 18.1722], [81.5052, 18.1778], [81.5088, 18.1925], [81.5229, 18.2274], [81.5237, 18.2487], [81.5395, 18.2621], [81.5676, 18.2732], [81.5818, 18.2882], [81.592, 18.2975], [81.6061, 18.2994], [81.6214, 18.3037], [81.6321, 18.308], [81.6468, 18.3115], [81.6604, 18.3158], [81.6525, 18.3248], [81.6581, 18.3393], [81.6808, 18.341], [81.6992, 18.3436], [81.7175, 18.3432], [81.7371, 18.3442], [81.7461, 18.3517], [81.7555, 18.3863], [81.7604, 18.3998], [81.7674, 18.4148], [81.7976, 18.4398], [81.8289, 18.4689], [81.8443, 18.4815], [81.849, 18.5006], [81.8579, 18.5131], [81.8708, 18.5176], [81.8787, 18.5263], [81.8961, 18.5284], [81.8976, 18.5427], [81.9008, 18.5572], [81.9132, 18.5612], [81.9255, 18.5577], [81.9435, 18.5554], [81.9458, 18.5749], [81.9545, 18.5867], [81.9385, 18.5918], [81.9262, 18.6032], [81.913, 18.6129], [81.8999, 18.6196], [81.8873, 18.6244], [81.8893, 18.6411], [81.8932, 18.6539], [81.9049, 18.6464], [81.9155, 18.6358], [81.9356, 18.6329], [81.9474, 18.6288], [81.9459, 18.6464], [81.9516, 18.661], [81.9606, 18.6677], [81.9551, 18.6802], [81.9639, 18.6878], [81.976, 18.6951], [81.9919, 18.6977], [82.01, 18.7106], [82.0337, 18.7188], [82.0494, 18.7176], [82.0674, 18.7171], [82.0786, 18.7121], [82.0849, 18.7327], [82.0867, 18.7469], [82.1057, 18.7584], [82.1291, 18.7577], [82.139, 18.7695], [82.15, 18.7787], [82.1592, 18.7881], [82.161, 18.8036], [82.1649, 18.8302], [82.1624, 18.8451], [82.1628, 18.8655], [82.1704, 18.8776], [82.1727, 18.8953], [82.1987, 18.9055], [82.2138, 18.9121], [82.2277, 18.9067], [82.2396, 18.9105], [82.2267, 18.994], [82.2251, 19.0146], [82.1941, 19.0602], [82.2086, 19.0785], [82.2121, 19.0905], [82.1985, 19.0942], [82.2015, 19.1158], [82.1762, 19.1251], [82.1698, 19.1129], [82.1598, 19.1265], [82.1681, 19.1338], [82.1748, 19.1452], [82.165, 19.1504], [82.1768, 19.155], [82.1711, 19.1683], [82.1734, 19.1843], [82.158, 19.1932], [82.1612, 19.2084], [82.1516, 19.2236], [82.152, 19.2389], [82.151, 19.2584], [82.1549, 19.2748], [82.1685, 19.2907], [82.1737, 19.3163], [82.1803, 19.3322], [82.169, 19.3372], [82.1572, 19.3428], [82.1423, 19.3482], [82.1408, 19.3619], [82.1508, 19.3703], [82.1664, 19.3659], [82.174, 19.3769], [82.1778, 19.4056], [82.1831, 19.4176], [82.1705, 19.4295], [82.1341, 19.4248], [82.1193, 19.4239], [82.1068, 19.4431], [82.0969, 19.4611], [82.1018, 19.4737], [82.099, 19.4896], [82.0921, 19.5098], [82.0708, 19.5159], [82.0598, 19.5036], [82.0224, 19.5018], [82.0302, 19.5142], [82.041, 19.5257], [82.0461, 19.5386], [82.0404, 19.5522], [82.0441, 19.5648], [82.0378, 19.5772], [82.034, 19.5907], [82.0451, 19.6016], [82.0485, 19.6158], [82.0508, 19.6316], [82.0464, 19.644], [82.0477, 19.6627], [82.0385, 19.6928], [82.0416, 19.7083], [82.0426, 19.7231], [82.044, 19.7377], [82.0572, 19.7534], [82.059, 19.7751], [82.0522, 19.7913], [82.0349, 19.7927], [82.0082, 19.7966], [81.9924, 19.7944], [81.9702, 19.8127], [81.9615, 19.8244], [81.9574, 19.836], [81.9604, 19.8547], [81.9394, 19.8648], [81.9245, 19.8687], [81.8981, 19.8785], [81.8692, 19.8928], [81.8584, 19.8995], [81.8496, 19.9081], [81.8457, 19.923], [81.8488, 19.9386], [81.839, 19.9455], [81.8469, 19.9704], [81.8503, 19.9826], [81.8521, 19.9972], [81.8576, 20.0091], [81.8602, 20.0234], [81.8655, 20.0339], [81.8738, 20.0462], [81.885, 20.0417], [81.8942, 20.0482], [81.9014, 20.0591], [81.9103, 20.0671], [81.9219, 20.0869], [81.9339, 20.0993], [81.9548, 20.0915], [81.9736, 20.0756], [81.9833, 20.057], [81.9927, 20.0478], [82.01, 20.0448], [82.0145, 20.0303], [82.0244, 20.01], [82.031, 20.0229], [82.049, 20.0352], [82.0579, 20.0499], [82.0763, 20.044], [82.083, 20.0327], [82.0952, 20.0268], [82.1055, 20.0178], [82.1161, 20.0104], [82.1317, 20.0127], [82.1483, 20.003], [82.1658, 19.9981], [82.1758, 19.9855], [82.1938, 19.9813], [82.2106, 19.9908], [82.2244, 19.9959], [82.2527, 19.9765], [82.2686, 19.9579], [82.2833, 19.9181], [82.2953, 19.899], [82.2982, 19.8835], [82.3179, 19.8592], [82.3251, 19.8405], [82.3394, 19.83], [82.3562, 19.8466], [82.368, 19.8545], [82.3773, 19.863], [82.3862, 19.8768], [82.397, 19.8845], [82.4104, 19.8934], [82.4209, 19.8983], [82.4395, 19.9029], [82.4584, 19.8946], [82.4757, 19.9005], [82.4869, 19.8965], [82.4985, 19.8852], [82.518, 19.8763], [82.5299, 19.8821], [82.5443, 19.869], [82.5667, 19.8717], [82.5776, 19.8634], [82.5908, 19.8662], [82.5898, 19.8482], [82.5815, 19.8405], [82.5742, 19.832], [82.5718, 19.8076], [82.5793, 19.7972], [82.5779, 19.7796], [82.5851, 19.771], [82.5983, 19.7752], [82.6081, 19.7851], [82.623, 19.7893], [82.6289, 19.8038], [82.6418, 19.8137], [82.6457, 19.8254], [82.66, 19.8237], [82.6833, 19.8237], [82.6984, 19.8269], [82.7059, 19.8381], [82.711, 19.8486], [82.7139, 19.8621], [82.7064, 19.8785], [82.7005, 19.8933], [82.7059, 19.9112], [82.7063, 19.9269], [82.7106, 19.9395], [82.7109, 19.9833], [82.7006, 19.9929], [82.6864, 19.9946], [82.6505, 19.9994], [82.6363, 19.9983], [82.6209, 19.9956], [82.6144, 19.987], [82.5984, 19.9856], [82.5824, 19.9899], [82.5759, 19.999], [82.5436, 20.0121], [82.5242, 20.0104], [82.5021, 20.0135], [82.4901, 20.0186], [82.4759, 20.03], [82.4583, 20.0339], [82.4414, 20.0354], [82.4248, 20.0435], [82.4062, 20.0463], [82.3909, 20.0596], [82.3926, 20.0733], [82.3947, 20.0892], [82.3926, 20.1083], [82.3878, 20.1269], [82.3823, 20.1382], [82.3872, 20.1489], [82.3833, 20.1605], [82.4057, 20.179], [82.4076, 20.1941], [82.4131, 20.208], [82.4082, 20.2206], [82.4043, 20.2396], [82.4054, 20.2559], [82.4123, 20.2699], [82.428, 20.2786], [82.424, 20.2965], [82.4163, 20.317], [82.4005, 20.3247], [82.3938, 20.3355], [82.398, 20.3468], [82.4025, 20.3613], [82.4104, 20.3772], [82.4099, 20.4027], [82.4243, 20.4102], [82.4292, 20.4258], [82.4177, 20.4383], [82.4194, 20.4573], [82.4101, 20.4733], [82.3973, 20.4519], [82.3896, 20.4654], [82.3838, 20.4827], [82.3812, 20.5018], [82.3699, 20.5139], [82.3488, 20.5229], [82.3422, 20.5377], [82.3278, 20.5493], [82.3324, 20.5623], [82.3406, 20.5697], [82.3377, 20.5849], [82.3455, 20.5979], [82.3558, 20.6035], [82.3663, 20.6203], [82.3638, 20.6396], [82.3658, 20.6611], [82.3607, 20.6719], [82.3513, 20.6781], [82.3456, 20.6949], [82.3443, 20.7095], [82.3394, 20.7258], [82.3404, 20.7467], [82.3351, 20.7585], [82.3369, 20.7793], [82.3357, 20.7974], [82.3331, 20.8197], [82.334, 20.8406], [82.3412, 20.8681], [82.3466, 20.8838], [82.3562, 20.8764], [82.368, 20.8641], [82.3828, 20.8699], [82.4014, 20.8624], [82.4073, 20.848], [82.4135, 20.8296], [82.4365, 20.8295], [82.4484, 20.8222], [82.4625, 20.8276], [82.4683, 20.8426], [82.4819, 20.8553], [82.4845, 20.8729], [82.4831, 20.8997], [82.4936, 20.9093], [82.5134, 20.9172], [82.5263, 20.9277], [82.5457, 20.9349], [82.5665, 20.967], [82.5781, 20.9789], [82.5951, 20.9971], [82.6044, 21.0059], [82.6086, 21.0182], [82.6223, 21.0366], [82.6091, 21.0639], [82.6153, 21.0752], [82.6318, 21.087], [82.643, 21.0978], [82.6371, 21.1116], [82.6453, 21.1207], [82.6384, 21.1316], [82.6328, 21.1427], [82.6458, 21.1517], [82.662, 21.1508], [82.6845, 21.1581], [82.7005, 21.1533], [82.7212, 21.1589], [82.7354, 21.1579], [82.7523, 21.1597], [82.7821, 21.141], [82.7956, 21.1506], [82.8068, 21.1566], [82.84, 21.1634], [82.854, 21.157], [82.8688, 21.1597], [82.8792, 21.1491], [82.8951, 21.1598], [82.9144, 21.1606], [82.9374, 21.1611], [82.949, 21.1698], [82.9636, 21.1617], [82.9799, 21.1575], [82.993, 21.1543], [83.0055, 21.1458], [83.0159, 21.1397], [83.0295, 21.1313], [83.0364, 21.1212], [83.0514, 21.1172], [83.0644, 21.1111], [83.0816, 21.1067], [83.0952, 21.1043], [83.1083, 21.1077], [83.1198, 21.1011], [83.134, 21.1052], [83.1488, 21.1199], [83.1614, 21.1315], [83.1766, 21.1307], [83.1901, 21.1355], [83.1937, 21.1577], [83.2001, 21.1689], [83.2052, 21.184], [83.2076, 21.2014], [83.2154, 21.2155], [83.2147, 21.2404], [83.2184, 21.2601], [83.2319, 21.2653], [83.2424, 21.2764], [83.2573, 21.2756], [83.2677, 21.2686], [83.2713, 21.2805], [83.2727, 21.2961], [83.2588, 21.3021], [83.2542, 21.3196], [83.2606, 21.3372], [83.2708, 21.3592], [83.27, 21.375], [83.2872, 21.3715], [83.3016, 21.3678], [83.3193, 21.3581], [83.3346, 21.3558], [83.3748, 21.34], [83.3939, 21.3421], [83.4027, 21.3484], [83.3942, 21.3611], [83.3931, 21.3832], [83.3938, 21.3994], [83.3814, 21.4096], [83.3739, 21.4222], [83.3701, 21.4361], [83.3609, 21.4422], [83.3473, 21.4551], [83.342, 21.4741], [83.3356, 21.4919], [83.3459, 21.5082], [83.3543, 21.5353], [83.3658, 21.5497], [83.3633, 21.5678], [83.3682, 21.5971], [83.3773, 21.6047], [83.3868, 21.6154], [83.3952, 21.6242], [83.4052, 21.6318], [83.4241, 21.6385], [83.4412, 21.6493], [83.4414, 21.6325], [83.4499, 21.617], [83.463, 21.6055], [83.4699, 21.6268], [83.4845, 21.6256], [83.4831, 21.6396], [83.4662, 21.6441], [83.4408, 21.6552], [83.4287, 21.6689], [83.4197, 21.675], [83.4249, 21.689], [83.4408, 21.6934], [83.4563, 21.6943], [83.4616, 21.7063], [83.478, 21.728], [83.4841, 21.7416], [83.4739, 21.7496], [83.4779, 21.7646], [83.4672, 21.7827], [83.484, 21.7943], [83.4913, 21.8087], [83.5061, 21.8004], [83.5222, 21.7941], [83.5358, 21.799], [83.5364, 21.8183], [83.5312, 21.8319], [83.5485, 21.8352], [83.5645, 21.8304], [83.5795, 21.8371], [83.5859, 21.8476], [83.5715, 21.8719], [83.5767, 21.8862], [83.5815, 21.8974], [83.5993, 21.906], [83.5878, 21.9261], [83.5534, 21.9322], [83.5577, 21.9439], [83.5352, 21.9635], [83.5354, 21.9796], [83.5408, 21.9932], [83.5467, 22.0034], [83.5389, 22.0144], [83.5327, 22.0286], [83.5341, 22.0434], [83.5384, 22.0554], [83.5656, 22.0568], [83.5835, 22.055], [83.6003, 22.0655], [83.5892, 22.0764], [83.5737, 22.0888], [83.5589, 22.0955], [83.5658, 22.1129], [83.5925, 22.14], [83.6023, 22.1518], [83.6118, 22.1771], [83.6193, 22.1964], [83.6263, 22.2059], [83.6458, 22.2246], [83.6646, 22.232], [83.679, 22.2406], [83.693, 22.2455], [83.719, 22.2433], [83.7457, 22.2412], [83.7569, 22.2504], [83.7713, 22.2573], [83.7786, 22.2745], [83.7886, 22.2803], [83.7975, 22.2895], [83.816, 22.2912], [83.8201, 22.3051], [83.8252, 22.3196], [83.843, 22.3263], [83.8533, 22.3388], [83.8641, 22.3436], [83.897, 22.3397], [83.9053, 22.3526], [83.9155, 22.3597], [83.9296, 22.3563], [83.9432, 22.3585], [83.9566, 22.3611], [83.9782, 22.3651], [83.993, 22.3692], [84.0017, 22.3759], [84.009, 22.3914], [84.0144, 22.4041], [84.026, 22.4191], [84.04, 22.4329], [84.0395, 22.4487], [84.0416, 22.4641], [84.0238, 22.4707], [84.0155, 22.4824], [83.9971, 22.4908], [83.9807, 22.4987], [83.9738, 22.5091], [83.9801, 22.522], [83.993, 22.5274], [84.0025, 22.5209], [84.0191, 22.5211], [84.0331, 22.5121], [84.0507, 22.5124], [84.0605, 22.505], [84.0716, 22.4942], [84.0878, 22.4849], [84.0999, 22.4803], [84.1178, 22.4714], [84.1349, 22.4709], [84.1375, 22.4572], [84.1331, 22.4453], [84.1359, 22.4207], [84.1525, 22.4009], [84.1752, 22.3889], [84.1941, 22.3718], [84.2261, 22.3741], [84.2466, 22.3737], [84.2609, 22.3537], [84.2732, 22.3451], [84.2892, 22.3373], [84.3146, 22.3389], [84.334, 22.3429], [84.3533, 22.3451], [84.3674, 22.3496], [84.3879, 22.3464], [84.4191, 22.3508], [84.4314, 22.36], [84.4421, 22.373], [84.4557, 22.3752], [84.4728, 22.3827], [84.4745, 22.4017], [84.5018, 22.4153], [84.521, 22.4149], [84.5407, 22.4206], [84.5722, 22.423], [84.5891, 22.4254], [84.6136, 22.4276], [84.6321, 22.4287], [84.6616, 22.4139], [84.6815, 22.4149], [84.7113, 22.4139], [84.7261, 22.4166], [84.7439, 22.4148], [84.7527, 22.442], [84.7781, 22.4435], [84.8012, 22.4437], [84.8105, 22.4352], [84.8284, 22.4292], [84.8395, 22.434], [84.8553, 22.432], [84.8712, 22.4382], [84.8815, 22.4294], [84.8938, 22.418], [84.9077, 22.4196], [84.9199, 22.426], [84.9253, 22.4366], [84.9408, 22.4474], [84.9524, 22.4528], [84.9546, 22.4389], [84.9778, 22.4509], [84.9941, 22.4583], [85.0216, 22.4671], [85.0333, 22.4769], [85.0514, 22.4794], [85.0732, 22.4729], [85.0711, 22.4559], [85.0605, 22.4495], [85.0629, 22.4361], [85.0681, 22.4181], [85.0773, 22.4083], [85.0807, 22.3955], [85.0831, 22.3784], [85.075, 22.361], [85.0799, 22.3444], [85.093, 22.3411], [85.0905, 22.3249], [85.0951, 22.3124], [85.1077, 22.3152], [85.1148, 22.3004], [85.1084, 22.2895], [85.0824, 22.2777], [85.0705, 22.2722], [85.0743, 22.2509], [85.0695, 22.2307], [85.0625, 22.2162], [85.0469, 22.1858], [85.0415, 22.1707], [85.0332, 22.1608], [85.0262, 22.1485], [85.0312, 22.1374], [85.0274, 22.1226], [85.0195, 22.1084], [84.9936, 22.0979], [84.9835, 22.0915], [84.9874, 22.0767], [85.0023, 22.0799], [85.009, 22.0907], [85.02, 22.1034], [85.0351, 22.1081], [85.0695, 22.1071], [85.0841, 22.1004], [85.099, 22.0961], [85.1045, 22.0828], [85.1133, 22.0711], [85.1351, 22.0711], [85.1489, 22.0726], [85.159, 22.0619], [85.1672, 22.0487], [85.1644, 22.0652], [85.1791, 22.0648], [85.187, 22.0527], [85.2107, 22.0432], [85.2139, 22.0272], [85.2149, 22.0107], [85.2309, 22.0003], [85.2411, 22.0125], [85.2465, 22.0254], [85.2561, 22.0425], [85.2655, 22.0603], [85.2742, 22.0801], [85.2874, 22.0932], [85.3001, 22.1071], [85.3097, 22.1134], [85.323, 22.125], [85.3385, 22.1247], [85.3536, 22.1206], [85.3587, 22.1328], [85.3629, 22.1466], [85.3694, 22.1552], [85.3854, 22.1523], [85.3944, 22.1586], [85.4103, 22.1561], [85.4358, 22.1442], [85.457, 22.1358], [85.4717, 22.1241], [85.4858, 22.1165], [85.5057, 22.1115], [85.5242, 22.103], [85.5335, 22.0968], [85.5395, 22.0866], [85.5543, 22.0908], [85.5662, 22.087], [85.5822, 22.081], [85.5911, 22.0744], [85.6036, 22.0792], [85.6196, 22.0778], [85.6312, 22.0815], [85.6401, 22.0902], [85.6503, 22.0813], [85.6647, 22.0666], [85.672, 22.0515], [85.6879, 22.0561], [85.7047, 22.0543], [85.7176, 22.0577], [85.7338, 22.0645], [85.7461, 22.0699], [85.7521, 22.0792], [85.765, 22.0882], [85.779, 22.0934], [85.7909, 22.1004], [85.802, 22.1108], [85.8147, 22.1021], [85.8087, 22.0918], [85.8249, 22.0871], [85.8308, 22.077], [85.8144, 22.0701], [85.7968, 22.0745], [85.7703, 22.0513], [85.7789, 22.0363], [85.7722, 22.0247], [85.7618, 22.0179], [85.7561, 22.0084], [85.7605, 21.9969], [85.7714, 21.9837], [85.7822, 21.9794], [85.801, 21.9817], [85.8154, 21.9801], [85.8223, 21.9701], [85.8404, 21.9765], [85.8713, 21.9748], [85.8861, 21.9754], [85.9028, 21.9666], [85.9092, 21.9755], [85.9131, 21.9967], [85.9195, 22.0098], [85.9288, 22.0194], [85.9447, 22.0233], [85.9515, 22.0316], [85.958, 22.0425], [85.9633, 22.0544], [85.9712, 22.0668], [85.9774, 22.0767], [85.9892, 22.0935], [86.0005, 22.109], [85.9961, 22.1207], [85.9991, 22.1371], [86.0039, 22.1511], [86.0131, 22.1636], [86.0267, 22.1852], [86.0174, 22.1988], [85.9928, 22.2155], [85.9851, 22.2238], [85.9778, 22.2355], [85.9698, 22.2434], [85.9818, 22.2521], [85.9852, 22.2672], [85.9975, 22.2753], [86.0085, 22.2927], [86.0198, 22.2978], [86.0303, 22.303], [86.0433, 22.3062], [86.0282, 22.3077], [86.0114, 22.3094], [86.0133, 22.324], [86.0048, 22.3356], [86.0169, 22.3622], [86.0212, 22.375], [86.0191, 22.3907], [86.0123, 22.399], [86.012, 22.4147], [86.006, 22.4254], [85.993, 22.4221], [85.9821, 22.429], [85.967, 22.4412], [85.9614, 22.4527], [85.9583, 22.4659], [85.9608, 22.4786], [85.9656, 22.4902], [85.9807, 22.5097], [85.9959, 22.509], [86.0087, 22.5186], [86.022, 22.5206], [86.0283, 22.5343], [86.0183, 22.5436], [86.0385, 22.5636], [86.0534, 22.5547], [86.0692, 22.5431], [86.078346, 22.530411]]]]}}, {"type": "Feature", "properties": {"ID_0": 105, "ISO": "IND", "NAME_0": "India", "ID_1": 27, "NAME_1": "Puducherry", "NL_NAME_1": "", "VARNAME_1": "Pondicherry|Puduchcheri|Pondichry", "TYPE_1": "Union Territor", "ENGTYPE_1": "Union Territory", "filename": "", "filename_1": "", "filename_2": "", "filename_3": "", "filename_4": ""}, "geometry": {"type": "MultiPolygon", "coordinates": [[[[79.844856, 10.826532], [79.844856, 10.826532]]], [[[79.748238, 10.981531], [79.7652, 10.9792], [79.7739, 10.971], [79.7896, 10.9734], [79.7964, 10.9831], [79.812, 10.983], [79.8248, 10.9866], [79.8345, 10.9768], [79.8506, 10.9758], [79.8532, 10.9621], [79.8532, 10.9457], [79.854, 10.9232], [79.8476, 10.9129], [79.8526, 10.9024], [79.8512, 10.8879], [79.8529, 10.8746], [79.8521, 10.859], [79.8526, 10.8396], [79.8474, 10.8268], [79.8363, 10.8226], [79.8254, 10.8185], [79.8373, 10.8221], [79.8515, 10.826], [79.8433, 10.8123], [79.8198, 10.8111], [79.8133, 10.8287], [79.8031, 10.8337], [79.7931, 10.8395], [79.8034, 10.8473], [79.7973, 10.8581], [79.8114, 10.8644], [79.8028, 10.8711], [79.7883, 10.8729], [79.7756, 10.8758], [79.7732, 10.8896], [79.7605, 10.8832], [79.7492, 10.8894], [79.743, 10.8994], [79.7269, 10.8975], [79.7196, 10.9058], [79.7092, 10.9132], [79.713, 10.9279], [79.7212, 10.9353], [79.7044, 10.9352], [79.7037, 10.9519], [79.7209, 10.9506], [79.7327, 10.9412], [79.7457, 10.9493], [79.7381, 10.9586], [79.7302, 10.971], [79.7319, 10.987], [79.748238, 10.981531]]], [[[79.690483, 12.001121], [79.7017, 11.9861], [79.7099, 11.9762], [79.7249, 11.9779], [79.7347, 11.9943], [79.7496, 11.9861], [79.7451, 11.9709], [79.7354, 11.9636], [79.7221, 11.9674], [79.7145, 11.9553], [79.7336, 11.9472], [79.7369, 11.9274], [79.7366, 11.9102], [79.7475, 11.9152], [79.7581, 11.9304], [79.7655, 11.9392], [79.7758, 11.946], [79.7876, 11.9384], [79.7924, 11.9571], [79.8046, 11.9631], [79.8081, 11.9465], [79.818, 11.9404], [79.8376, 11.9405], [79.8351, 11.9279], [79.8318, 11.916], [79.8251, 11.9076], [79.8274, 11.8949], [79.824, 11.8832], [79.8079, 11.8824], [79.7937, 11.881], [79.8085, 11.8807], [79.8182, 11.8751], [79.8165, 11.8613], [79.8118, 11.851], [79.8085, 11.8393], [79.8054, 11.8274], [79.8024, 11.8149], [79.7918, 11.827], [79.7862, 11.8384], [79.7671, 11.8405], [79.7604, 11.823], [79.7473, 11.8327], [79.7539, 11.8422], [79.755, 11.8578], [79.7434, 11.8536], [79.7384, 11.835], [79.7303, 11.8469], [79.7067, 11.8471], [79.6935, 11.8539], [79.6957, 11.8734], [79.6804, 11.8706], [79.6591, 11.8657], [79.6682, 11.8763], [79.6807, 11.8819], [79.6829, 11.9047], [79.7026, 11.9025], [79.6917, 11.8978], [79.6915, 11.8784], [79.7044, 11.8746], [79.716, 11.8867], [79.7041, 11.913], [79.706, 11.9287], [79.6961, 11.9201], [79.6841, 11.9272], [79.6782, 11.9365], [79.6854, 11.9452], [79.7016, 11.9522], [79.6953, 11.961], [79.69, 11.9756], [79.6734, 11.9724], [79.6596, 11.9771], [79.6442, 11.9732], [79.6443, 11.9927], [79.6593, 11.9969], [79.6689, 12.0073], [79.679, 12.0193], [79.6924, 12.0111], [79.690483, 12.001121]]], [[[75.374603, 12.14908], [75.3885, 12.1463], [75.3998, 12.1405], [75.3922, 12.1263], [75.3793, 12.1221], [75.3659, 12.1169], [75.3553, 12.1094], [75.3399, 12.0983], [75.3282, 12.1073], [75.3129, 12.1053], [75.3096, 12.0906], [75.2992, 12.0668], [75.3048, 12.0529], [75.3046, 12.0379], [75.2993, 12.0282], [75.2946, 12.0176], [75.2899, 12.0279], [75.2779, 12.0249], [75.266, 12.0215], [75.2626, 12.009], [75.2688, 12.0001], [75.2768, 11.9929], [75.2832, 11.984], [75.2885, 11.974], [75.294, 11.9643], [75.3015, 11.9568], [75.2871, 11.9576], [75.281, 11.9665], [75.2749, 11.9754], [75.2685, 11.9843], [75.2615, 11.9926], [75.2549, 12.0013], [75.2476, 12.0093], [75.2396, 12.0165], [75.2318, 12.0237], [75.2249, 12.032], [75.2237, 12.0545], [75.2242, 12.0744], [75.2211, 12.101], [75.2366, 12.1102], [75.2474, 12.1037], [75.2599, 12.1089], [75.2745, 12.1003], [75.282, 12.1091], [75.2928, 12.1161], [75.3107, 12.1247], [75.3143, 12.1401], [75.3252, 12.1449], [75.3419, 12.1372], [75.3636, 12.135], [75.3715, 12.1426], [75.374603, 12.14908]]], [[[82.265686, 16.702921], [82.2779, 16.7001], [82.2647, 16.6905], [82.2579, 16.7018], [82.265686, 16.702921]]], [[[82.210968, 16.72794], [82.2204, 16.7183], [82.2449, 16.719], [82.2637, 16.7194], [82.2807, 16.7228], [82.2851, 16.7345], [82.2937, 16.743], [82.3011, 16.7333], [82.2995, 16.7143], [82.2913, 16.7074], [82.2718, 16.7082], [82.2626, 16.7143], [82.2507, 16.7179], [82.2438, 16.7093], [82.251, 16.7013], [82.2571, 16.6924], [82.2274, 16.7047], [82.2154, 16.7098], [82.1936, 16.7084], [82.1791, 16.7163], [82.1888, 16.7272], [82.1968, 16.7365], [82.2072, 16.7437], [82.2177, 16.7517], [82.21, 16.7313], [82.210968, 16.72794]]]]}}, {"type": "Feature", "properties": {"ID_0": 105, "ISO": "IND", "NAME_0": "India", "ID_1": 28, "NAME_1": "Punjab", "NL_NAME_1": "", "VARNAME_1": "", "TYPE_1": "State", "ENGTYPE_1": "State", "filename": "", "filename_1": "", "filename_2": "", "filename_3": "", "filename_4": ""}, "geometry": {"type": "Polygon", "coordinates": [[[75.868767, 32.488682], [75.8871, 32.472], [75.8954, 32.4619], [75.9155, 32.4487], [75.9244, 32.439], [75.9314, 32.4308], [75.9259, 32.4118], [75.9111, 32.4092], [75.8719, 32.3984], [75.8439, 32.3793], [75.8189, 32.355], [75.7993, 32.3374], [75.7855, 32.3238], [75.7634, 32.3022], [75.7547, 32.2861], [75.7364, 32.2738], [75.7049, 32.2672], [75.6849, 32.265], [75.6549, 32.2559], [75.6409, 32.2474], [75.6225, 32.2347], [75.6201, 32.2202], [75.6183, 32.197], [75.6496, 32.1797], [75.6618, 32.1647], [75.6555, 32.1461], [75.6479, 32.1377], [75.6312, 32.1195], [75.6106, 32.0996], [75.5788, 32.0817], [75.5985, 32.066], [75.6253, 32.0727], [75.6401, 32.0767], [75.6731, 32.0669], [75.6898, 32.0615], [75.7004, 32.0436], [75.7105, 32.036], [75.734, 32.0373], [75.7484, 32.0272], [75.7615, 32.0139], [75.7743, 32.0008], [75.7843, 31.9943], [75.7951, 31.9886], [75.814, 31.9834], [75.8364, 31.9816], [75.8513, 31.9725], [75.8662, 31.9688], [75.8777, 31.962], [75.8945, 31.9498], [75.9028, 31.9279], [75.9127, 31.9166], [75.9262, 31.8898], [75.9384, 31.8679], [75.9443, 31.8575], [75.9536, 31.84], [75.9676, 31.8235], [75.9529, 31.824], [75.9361, 31.8183], [75.9218, 31.8172], [75.9272, 31.8051], [75.9358, 31.7897], [75.9451, 31.7813], [75.9519, 31.763], [75.9595, 31.7495], [75.966, 31.7335], [75.9694, 31.7197], [75.9774, 31.705], [75.9856, 31.6854], [75.9974, 31.676], [76.0047, 31.663], [76.0027, 31.6466], [76.0176, 31.6217], [76.0314, 31.6095], [76.044, 31.603], [76.0515, 31.5818], [76.0649, 31.5618], [76.0768, 31.546], [76.084, 31.5372], [76.0906, 31.519], [76.1041, 31.5023], [76.108, 31.4822], [76.1147, 31.4735], [76.1213, 31.461], [76.1282, 31.4438], [76.1435, 31.4323], [76.1471, 31.4188], [76.1567, 31.4045], [76.1471, 31.3919], [76.1341, 31.3826], [76.135, 31.3618], [76.1477, 31.3481], [76.1663, 31.3415], [76.1661, 31.3262], [76.1728, 31.3067], [76.2064, 31.3053], [76.2232, 31.3131], [76.2441, 31.3137], [76.2612, 31.3058], [76.2774, 31.3099], [76.2904, 31.3156], [76.3023, 31.3264], [76.296, 31.3422], [76.3158, 31.3475], [76.3301, 31.3453], [76.33, 31.3677], [76.3182, 31.3811], [76.3158, 31.4024], [76.3346, 31.4037], [76.3531, 31.4125], [76.3568, 31.4296], [76.3631, 31.4414], [76.3692, 31.4281], [76.373, 31.4136], [76.3904, 31.3973], [76.3792, 31.3912], [76.3911, 31.3786], [76.3992, 31.3655], [76.4088, 31.3537], [76.4182, 31.3373], [76.428, 31.3252], [76.4374, 31.3174], [76.4483, 31.306], [76.4358, 31.2946], [76.4311, 31.2828], [76.4458, 31.2897], [76.4621, 31.3068], [76.4751, 31.299], [76.4832, 31.2843], [76.4886, 31.2734], [76.5034, 31.2779], [76.5143, 31.2831], [76.5143, 31.2645], [76.5279, 31.27], [76.5312, 31.2835], [76.5326, 31.2665], [76.5459, 31.2559], [76.5522, 31.2649], [76.5705, 31.2801], [76.6016, 31.2509], [76.5847, 31.2396], [76.576, 31.2258], [76.5868, 31.2161], [76.6163, 31.2294], [76.6245, 31.221], [76.6341, 31.2153], [76.6201, 31.2067], [76.6058, 31.1971], [76.5983, 31.1865], [76.5925, 31.1723], [76.5901, 31.1573], [76.594, 31.1365], [76.6073, 31.1196], [76.6237, 31.118], [76.6118, 31.0964], [76.6078, 31.0835], [76.6095, 31.0607], [76.599, 31.0536], [76.6052, 31.0335], [76.6136, 31.022], [76.6101, 31.0042], [76.6209, 30.9983], [76.6333, 30.9907], [76.6531, 30.9818], [76.6626, 30.9711], [76.6942, 30.9725], [76.7051, 30.9633], [76.7241, 30.9506], [76.7384, 30.9301], [76.7487, 30.9238], [76.7699, 30.9064], [76.7625, 30.8934], [76.769, 30.8765], [76.7849, 30.8613], [76.8012, 30.8425], [76.8189, 30.8371], [76.8321, 30.8254], [76.8335, 30.8046], [76.8468, 30.7925], [76.8308, 30.7679], [76.812, 30.7666], [76.7931, 30.7665], [76.8035, 30.7776], [76.7961, 30.7858], [76.7809, 30.7739], [76.7727, 30.7831], [76.7676, 30.7951], [76.7509, 30.7968], [76.74, 30.7911], [76.7305, 30.781], [76.7227, 30.7707], [76.7079, 30.7701], [76.6906, 30.7601], [76.6927, 30.7447], [76.7099, 30.7355], [76.718, 30.7206], [76.7255, 30.71], [76.7275, 30.6957], [76.7385, 30.6892], [76.7707, 30.6779], [76.7893, 30.6706], [76.8029, 30.6755], [76.8105, 30.685], [76.8184, 30.673], [76.8241, 30.6601], [76.8399, 30.6568], [76.8498, 30.6649], [76.8622, 30.6793], [76.8619, 30.6597], [76.8586, 30.6406], [76.8771, 30.637], [76.8836, 30.6271], [76.8996, 30.62], [76.9106, 30.6058], [76.9072, 30.5914], [76.9039, 30.5752], [76.8989, 30.564], [76.9022, 30.551], [76.8922, 30.5444], [76.8982, 30.5347], [76.9143, 30.5266], [76.9183, 30.5072], [76.9124, 30.4937], [76.9011, 30.4888], [76.8889, 30.4846], [76.8966, 30.4754], [76.8952, 30.4556], [76.8888, 30.4411], [76.9017, 30.4283], [76.9052, 30.4132], [76.9195, 30.403], [76.9314, 30.3971], [76.9208, 30.3848], [76.9035, 30.3675], [76.8923, 30.3597], [76.8764, 30.3633], [76.8804, 30.383], [76.8662, 30.3948], [76.8647, 30.4088], [76.8473, 30.4149], [76.8325, 30.4339], [76.8231, 30.4225], [76.8085, 30.4119], [76.7807, 30.415], [76.7643, 30.425], [76.7633, 30.4397], [76.7544, 30.4328], [76.7379, 30.4249], [76.7252, 30.4204], [76.7265, 30.405], [76.7129, 30.3982], [76.7001, 30.3936], [76.7049, 30.3808], [76.7181, 30.3771], [76.7089, 30.3682], [76.7304, 30.3674], [76.7385, 30.3596], [76.729, 30.3484], [76.7152, 30.3399], [76.7048, 30.3317], [76.6885, 30.326], [76.6709, 30.3192], [76.6624, 30.2996], [76.6263, 30.2839], [76.6144, 30.2753], [76.5809, 30.2699], [76.5579, 30.2643], [76.5458, 30.2586], [76.546, 30.2435], [76.5329, 30.2321], [76.5477, 30.2344], [76.569, 30.2513], [76.584, 30.2565], [76.5959, 30.2439], [76.6093, 30.2349], [76.6063, 30.22], [76.6168, 30.2111], [76.6328, 30.21], [76.6372, 30.197], [76.6227, 30.1703], [76.6276, 30.1551], [76.6294, 30.1348], [76.6252, 30.121], [76.6267, 30.1057], [76.6195, 30.0954], [76.6106, 30.0889], [76.6029, 30.0813], [76.5895, 30.0793], [76.5792, 30.0746], [76.5766, 30.0888], [76.5677, 30.0951], [76.5549, 30.0988], [76.5336, 30.0828], [76.5089, 30.0795], [76.495, 30.0871], [76.4835, 30.0996], [76.4616, 30.099], [76.4491, 30.1048], [76.4445, 30.1229], [76.4465, 30.1371], [76.4314, 30.1407], [76.4249, 30.1546], [76.429, 30.173], [76.42, 30.1979], [76.3988, 30.199], [76.3867, 30.187], [76.4016, 30.1577], [76.3925, 30.1503], [76.3883, 30.1383], [76.3844, 30.1238], [76.3637, 30.1275], [76.3483, 30.1505], [76.3259, 30.1492], [76.3357, 30.1393], [76.3483, 30.1317], [76.3379, 30.1158], [76.3284, 30.1095], [76.3128, 30.1085], [76.2931, 30.1186], [76.2798, 30.1137], [76.2655, 30.1177], [76.2512, 30.119], [76.243, 30.1275], [76.2338, 30.1356], [76.2247, 30.1418], [76.2173, 30.1498], [76.2088, 30.1574], [76.2074, 30.1435], [76.1959, 30.14], [76.2004, 30.1293], [76.2106, 30.1216], [76.2192, 30.1151], [76.2287, 30.1093], [76.2447, 30.1079], [76.2546, 30.1024], [76.2446, 30.0961], [76.2366, 30.0888], [76.2287, 30.0789], [76.2215, 30.0685], [76.2145, 30.0581], [76.2072, 30.0478], [76.1996, 30.0398], [76.2084, 30.0314], [76.2026, 30.0212], [76.1909, 30.0164], [76.193, 29.9966], [76.1971, 29.9851], [76.1947, 29.9657], [76.2035, 29.9521], [76.1909, 29.9445], [76.1696, 29.9366], [76.1715, 29.9232], [76.1836, 29.9157], [76.1827, 29.8939], [76.1974, 29.884], [76.2169, 29.8839], [76.2325, 29.8813], [76.242, 29.869], [76.2352, 29.8598], [76.2229, 29.8556], [76.2097, 29.8502], [76.1942, 29.845], [76.1858, 29.8312], [76.1667, 29.8183], [76.1531, 29.8163], [76.1321, 29.8121], [76.1214, 29.7995], [76.1032, 29.8084], [76.0906, 29.8108], [76.0777, 29.8058], [76.0754, 29.7879], [76.0699, 29.776], [76.0415, 29.7488], [76.0242, 29.7556], [76.0113, 29.7528], [75.9893, 29.7423], [75.98, 29.7362], [75.9649, 29.7314], [75.9501, 29.7339], [75.934, 29.7325], [75.9139, 29.7388], [75.9031, 29.7463], [75.8972, 29.7555], [75.8793, 29.7471], [75.8638, 29.7523], [75.8546, 29.7697], [75.8436, 29.776], [75.8334, 29.7907], [75.829, 29.8123], [75.7961, 29.8071], [75.7832, 29.8153], [75.7724, 29.8247], [75.7606, 29.8187], [75.7484, 29.8121], [75.7327, 29.8113], [75.7099, 29.8123], [75.6974, 29.7552], [75.6783, 29.7571], [75.6662, 29.7727], [75.6497, 29.7746], [75.6254, 29.7732], [75.6226, 29.7536], [75.6132, 29.7465], [75.5927, 29.7492], [75.5688, 29.7426], [75.5564, 29.7658], [75.5442, 29.7718], [75.524, 29.7672], [75.5117, 29.76], [75.5063, 29.7741], [75.4443, 29.8078], [75.4355, 29.7988], [75.4438, 29.7862], [75.4346, 29.7803], [75.4198, 29.7744], [75.3972, 29.761], [75.3909, 29.7386], [75.3822, 29.7271], [75.3788, 29.7113], [75.3619, 29.7129], [75.3527, 29.7045], [75.3412, 29.6952], [75.346, 29.6714], [75.3504, 29.6593], [75.3301, 29.6723], [75.3162, 29.6608], [75.3117, 29.6488], [75.3075, 29.6326], [75.2879, 29.6198], [75.2806, 29.6101], [75.2936, 29.5977], [75.3045, 29.5885], [75.2961, 29.5681], [75.275, 29.5611], [75.2545, 29.5542], [75.2381, 29.5515], [75.2235, 29.5462], [75.2282, 29.5586], [75.2218, 29.5703], [75.2112, 29.5824], [75.2194, 29.5925], [75.2212, 29.6065], [75.1994, 29.6227], [75.1733, 29.6301], [75.1733, 29.6495], [75.1628, 29.658], [75.1589, 29.6694], [75.1753, 29.6781], [75.1889, 29.6808], [75.1977, 29.6965], [75.1884, 29.7037], [75.1937, 29.7252], [75.2062, 29.7353], [75.2166, 29.73], [75.231, 29.7521], [75.2233, 29.7635], [75.2162, 29.7799], [75.2054, 29.79], [75.1965, 29.8051], [75.2025, 29.8213], [75.1886, 29.8346], [75.1752, 29.8295], [75.16, 29.8236], [75.1513, 29.8018], [75.1549, 29.7891], [75.1417, 29.777], [75.1314, 29.7849], [75.1249, 29.8056], [75.1023, 29.8026], [75.0902, 29.8067], [75.0933, 29.8193], [75.1071, 29.8265], [75.099, 29.8414], [75.0857, 29.8448], [75.1006, 29.8679], [75.1027, 29.897], [75.0948, 29.9051], [75.0848, 29.9151], [75.07, 29.8934], [75.0655, 29.879], [75.0518, 29.8749], [75.0375, 29.8818], [75.0235, 29.8729], [75.0141, 29.8646], [74.9941, 29.8632], [74.9695, 29.8807], [74.9579, 29.8977], [74.9432, 29.9025], [74.9357, 29.9154], [74.9286, 29.9292], [74.9241, 29.9415], [74.9157, 29.9492], [74.8944, 29.9394], [74.8898, 29.959], [74.8815, 29.9683], [74.872, 29.9591], [74.8496, 29.9591], [74.8366, 29.9642], [74.8214, 29.9731], [74.8167, 29.9845], [74.8012, 29.9926], [74.7842, 29.9804], [74.7674, 29.9727], [74.7507, 29.9712], [74.7372, 29.969], [74.724, 29.9619], [74.7061, 29.9689], [74.6908, 29.9693], [74.6832, 29.9611], [74.6657, 29.9417], [74.6489, 29.9309], [74.6399, 29.9225], [74.647, 29.9047], [74.6326, 29.9057], [74.5858, 29.9148], [74.573, 29.9259], [74.552, 29.9292], [74.5302, 29.945], [74.4666, 29.9447], [74.444, 29.9467], [74.4281, 29.9495], [74.4038, 29.9473], [74.3725, 29.95], [74.3559, 29.9503], [74.3215, 29.954], [74.29, 29.9563], [74.2603, 29.9557], [74.2407, 29.9563], [74.2238, 29.9597], [74.186, 29.9604], [74.1544, 29.9633], [74.0833, 29.9674], [74.0692, 29.9689], [74.0027, 29.9701], [73.9765, 29.9691], [73.9569, 29.9695], [73.933, 29.9707], [73.8912, 29.9701], [73.883, 29.9913], [73.8819, 30.0112], [73.8926, 30.0385], [73.8984, 30.0537], [73.9085, 30.0601], [73.9182, 30.0681], [73.9315, 30.0838], [73.9429, 30.0991], [73.95, 30.1098], [73.9579, 30.1196], [73.9612, 30.1342], [73.9634, 30.1718], [73.9681, 30.1843], [73.9646, 30.2245], [73.9612, 30.2412], [73.9598, 30.2552], [73.9544, 30.2662], [73.9473, 30.2747], [73.9423, 30.2862], [73.937, 30.2963], [73.9314, 30.3065], [73.9231, 30.3149], [73.9162, 30.325], [73.9085, 30.3367], [73.8998, 30.3449], [73.8856, 30.3544], [73.8756, 30.3608], [73.8709, 30.375], [73.8798, 30.3911], [73.8935, 30.4023], [73.9012, 30.4127], [73.9202, 30.4201], [73.9303, 30.425], [73.9366, 30.443], [73.9323, 30.4584], [73.9445, 30.4624], [73.9553, 30.458], [73.9665, 30.4635], [73.9688, 30.4802], [73.9836, 30.5005], [73.9998, 30.5109], [74.0186, 30.5215], [74.0295, 30.5317], [74.0402, 30.5377], [74.0477, 30.5286], [74.0609, 30.5211], [74.0776, 30.5294], [74.0848, 30.5407], [74.0764, 30.5503], [74.0841, 30.5662], [74.0926, 30.5754], [74.092, 30.5981], [74.091, 30.6128], [74.1047, 30.6074], [74.1117, 30.6168], [74.1184, 30.6322], [74.1299, 30.6279], [74.1439, 30.6291], [74.1787, 30.6557], [74.1968, 30.6718], [74.2082, 30.6883], [74.222, 30.7081], [74.2322, 30.7196], [74.254, 30.723], [74.2683, 30.7314], [74.2825, 30.7346], [74.2737, 30.7433], [74.2663, 30.7624], [74.2737, 30.7728], [74.2848, 30.777], [74.2963, 30.7816], [74.2906, 30.7942], [74.2946, 30.8102], [74.3076, 30.8211], [74.3105, 30.8347], [74.3161, 30.8476], [74.3311, 30.849], [74.3427, 30.8545], [74.3536, 30.8487], [74.372, 30.8529], [74.3653, 30.8682], [74.3655, 30.8854], [74.3827, 30.8917], [74.395, 30.9035], [74.4129, 30.9063], [74.4203, 30.9222], [74.4276, 30.9333], [74.4464, 30.9489], [74.4643, 30.9615], [74.4851, 30.9705], [74.4997, 30.969], [74.5089, 30.98], [74.5227, 30.989], [74.5366, 30.9922], [74.5336, 31.0051], [74.538, 31.0317], [74.5461, 31.0387], [74.5531, 31.0609], [74.5717, 31.0674], [74.5925, 31.052], [74.6002, 31.0435], [74.6144, 31.0462], [74.6335, 31.0529], [74.6489, 31.0532], [74.6666, 31.0588], [74.6782, 31.0668], [74.685, 31.0765], [74.691, 31.0921], [74.6907, 31.1101], [74.6821, 31.1202], [74.6773, 31.1306], [74.6637, 31.1268], [74.6527, 31.1351], [74.6398, 31.1301], [74.6312, 31.1213], [74.626, 31.1324], [74.6141, 31.1357], [74.595, 31.135], [74.598, 31.1154], [74.5982, 31.0998], [74.5928, 31.0874], [74.5854, 31.0952], [74.5747, 31.0902], [74.5577, 31.087], [74.5459, 31.0985], [74.5443, 31.1124], [74.5363, 31.1251], [74.5232, 31.1296], [74.5062, 31.1358], [74.5054, 31.1507], [74.5038, 31.165], [74.5013, 31.1799], [74.5095, 31.187], [74.5118, 31.203], [74.5138, 31.2175], [74.5113, 31.2313], [74.5196, 31.2417], [74.5176, 31.2567], [74.5116, 31.2681], [74.5169, 31.278], [74.5218, 31.2899], [74.5302, 31.2987], [74.5519, 31.2985], [74.5675, 31.3348], [74.5721, 31.3465], [74.5946, 31.3971], [74.6243, 31.4227], [74.632, 31.4409], [74.6363, 31.4522], [74.6421, 31.4615], [74.6338, 31.4687], [74.6207, 31.478], [74.6131, 31.4861], [74.6028, 31.4948], [74.5901, 31.4984], [74.5751, 31.4966], [74.5659, 31.5029], [74.5714, 31.5145], [74.5794, 31.5238], [74.5935, 31.5255], [74.6027, 31.5333], [74.6023, 31.5589], [74.5926, 31.5923], [74.5863, 31.6064], [74.5785, 31.6234], [74.5718, 31.6339], [74.5625, 31.6486], [74.5415, 31.6807], [74.5302, 31.6981], [74.5198, 31.7177], [74.5181, 31.7406], [74.5289, 31.7497], [74.5455, 31.7505], [74.5449, 31.7654], [74.5472, 31.7843], [74.5549, 31.7916], [74.5576, 31.8078], [74.5563, 31.8216], [74.5647, 31.8324], [74.5726, 31.8417], [74.5823, 31.8551], [74.596, 31.8648], [74.598, 31.8835], [74.6118, 31.8813], [74.6266, 31.8829], [74.6355, 31.8945], [74.6508, 31.8981], [74.6564, 31.9114], [74.6666, 31.9169], [74.6847, 31.9231], [74.7033, 31.9249], [74.7092, 31.9579], [74.7267, 31.9422], [74.7396, 31.9385], [74.7452, 31.9492], [74.7595, 31.9462], [74.7837, 31.9555], [74.8014, 31.9618], [74.8151, 31.9717], [74.8201, 31.9844], [74.8205, 32.0002], [74.8384, 32.007], [74.8403, 32.0203], [74.855, 32.0232], [74.8675, 32.0312], [74.8621, 32.0433], [74.8724, 32.0505], [74.8973, 32.0494], [74.9042, 32.0578], [74.9134, 32.0649], [74.9387, 32.062], [74.9603, 32.055], [74.9638, 32.0431], [74.9869, 32.035], [74.9984, 32.0287], [75.023, 32.039], [75.0459, 32.0392], [75.0689, 32.0584], [75.0858, 32.0629], [75.0975, 32.0703], [75.1081, 32.0749], [75.1163, 32.0828], [75.1298, 32.0807], [75.1444, 32.0829], [75.1542, 32.0759], [75.1628, 32.0678], [75.1716, 32.079], [75.1836, 32.0826], [75.1877, 32.0993], [75.1932, 32.1146], [75.2113, 32.1188], [75.2227, 32.1125], [75.2236, 32.0911], [75.2334, 32.0844], [75.272, 32.1128], [75.2773, 32.1352], [75.288, 32.1444], [75.3094, 32.1546], [75.3178, 32.1708], [75.3172, 32.1928], [75.3333, 32.2047], [75.3196, 32.2082], [75.33, 32.2188], [75.3462, 32.218], [75.3579, 32.2259], [75.3637, 32.2383], [75.357, 32.249], [75.3632, 32.2618], [75.3611, 32.2748], [75.3494, 32.284], [75.3362, 32.2957], [75.3367, 32.3226], [75.3304, 32.3317], [75.3244, 32.3417], [75.344, 32.3402], [75.3592, 32.3349], [75.3735, 32.3306], [75.386, 32.3277], [75.415, 32.3243], [75.4311, 32.3265], [75.4486, 32.3313], [75.4666, 32.3389], [75.4678, 32.3176], [75.4799, 32.3103], [75.4921, 32.3028], [75.49, 32.288], [75.4947, 32.2769], [75.5056, 32.2813], [75.5158, 32.298], [75.5243, 32.34], [75.5452, 32.3608], [75.5573, 32.367], [75.5926, 32.3817], [75.637, 32.3874], [75.6627, 32.3935], [75.685, 32.4006], [75.6982, 32.4095], [75.7115, 32.4182], [75.7197, 32.4303], [75.7297, 32.4451], [75.7353, 32.4547], [75.7437, 32.4691], [75.753, 32.4752], [75.7725, 32.4751], [75.7901, 32.4788], [75.8043, 32.4871], [75.8157, 32.4992], [75.8236, 32.5076], [75.8289, 32.52], [75.8378, 32.5376], [75.8565, 32.5584], [75.8718, 32.5753], [75.8703, 32.5588], [75.8564, 32.5377], [75.8514, 32.5213], [75.8553, 32.4996], [75.868767, 32.488682]]]}}, {"type": "Feature", "properties": {"ID_0": 105, "ISO": "IND", "NAME_0": "India", "ID_1": 29, "NAME_1": "Rajasthan", "NL_NAME_1": "", "VARNAME_1": "Greater Rajasthan|Rajputana", "TYPE_1": "State", "ENGTYPE_1": "State", "filename": "", "filename_1": "", "filename_2": "", "filename_3": "", "filename_4": ""}, "geometry": {"type": "Polygon", "coordinates": [[[73.889442, 29.97761], [73.933, 29.9707], [73.9569, 29.9695], [73.9765, 29.9691], [73.9909, 29.9712], [74.0692, 29.9689], [74.0833, 29.9674], [74.1544, 29.9633], [74.186, 29.9604], [74.2128, 29.9604], [74.2407, 29.9563], [74.2603, 29.9557], [74.279, 29.9551], [74.3215, 29.954], [74.3559, 29.9503], [74.3725, 29.95], [74.4038, 29.9473], [74.4281, 29.9495], [74.442, 29.9471], [74.4666, 29.9447], [74.5191, 29.9433], [74.5128, 29.93], [74.505, 29.9078], [74.5255, 29.9026], [74.5435, 29.8887], [74.5518, 29.8735], [74.5475, 29.8569], [74.5325, 29.8393], [74.5059, 29.8326], [74.4917, 29.8265], [74.4806, 29.8152], [74.4706, 29.802], [74.4653, 29.7875], [74.4691, 29.7582], [74.472, 29.744], [74.4968, 29.7418], [74.5116, 29.7407], [74.5319, 29.7493], [74.5493, 29.7548], [74.5714, 29.7532], [74.5782, 29.767], [74.5975, 29.758], [74.606, 29.7467], [74.6035, 29.7214], [74.599, 29.7062], [74.5939, 29.6914], [74.5851, 29.675], [74.5785, 29.6548], [74.586, 29.6353], [74.5754, 29.6273], [74.5703, 29.5859], [74.5706, 29.5685], [74.5818, 29.5477], [74.5995, 29.5369], [74.6114, 29.5315], [74.6045, 29.5104], [74.5927, 29.4921], [74.5855, 29.469], [74.5789, 29.4586], [74.5595, 29.4644], [74.5428, 29.4666], [74.5307, 29.4575], [74.5296, 29.435], [74.5411, 29.4231], [74.5578, 29.4186], [74.57, 29.4062], [74.5729, 29.3864], [74.5905, 29.3707], [74.6, 29.3543], [74.5958, 29.3283], [74.6418, 29.3312], [74.6437, 29.3544], [74.6502, 29.3724], [74.676, 29.3682], [74.6887, 29.3652], [74.7112, 29.3689], [74.7226, 29.3608], [74.7317, 29.3538], [74.7566, 29.356], [74.7759, 29.3602], [74.7858, 29.3705], [74.7988, 29.3847], [74.8095, 29.3985], [74.8351, 29.4015], [74.8495, 29.4028], [74.8639, 29.3964], [74.8706, 29.3851], [74.8885, 29.3867], [74.8991, 29.3782], [74.9102, 29.3712], [74.922, 29.366], [74.9359, 29.3379], [74.9461, 29.3328], [74.9506, 29.3185], [74.9401, 29.3048], [74.9475, 29.2882], [74.96, 29.2802], [74.9769, 29.2811], [74.991, 29.2717], [75.0059, 29.2838], [75.0239, 29.2915], [75.0399, 29.2871], [75.0505, 29.2724], [75.0606, 29.2533], [75.0627, 29.2389], [75.0781, 29.2325], [75.0925, 29.2291], [75.1082, 29.2268], [75.1137, 29.2429], [75.1475, 29.2459], [75.1608, 29.2538], [75.18, 29.2686], [75.1885, 29.2586], [75.1953, 29.2442], [75.212, 29.2345], [75.2352, 29.2519], [75.2495, 29.2565], [75.2717, 29.2544], [75.2767, 29.2735], [75.2897, 29.2777], [75.3086, 29.2889], [75.3193, 29.2934], [75.3254, 29.2783], [75.3232, 29.2518], [75.3149, 29.236], [75.3345, 29.2288], [75.3502, 29.2474], [75.3725, 29.26], [75.388, 29.2644], [75.3987, 29.255], [75.3994, 29.2403], [75.3873, 29.229], [75.3923, 29.2181], [75.3999, 29.2015], [75.3944, 29.1743], [75.3785, 29.1715], [75.3676, 29.1504], [75.3738, 29.1371], [75.3962, 29.1284], [75.3807, 29.1107], [75.3832, 29.0954], [75.3807, 29.0703], [75.4303, 29.0647], [75.4375, 29.0505], [75.4326, 29.0221], [75.4587, 29.0202], [75.4836, 29.0189], [75.5051, 29.0151], [75.5111, 29.0041], [75.5153, 28.9911], [75.5165, 28.9754], [75.5089, 28.9657], [75.5035, 28.9518], [75.4976, 28.9415], [75.4689, 28.938], [75.4846, 28.9017], [75.488, 28.8596], [75.4992, 28.8504], [75.5105, 28.8434], [75.5088, 28.8153], [75.5039, 28.7967], [75.505, 28.7828], [75.5161, 28.7722], [75.522, 28.7562], [75.526, 28.7429], [75.5309, 28.7328], [75.5315, 28.7173], [75.5355, 28.6884], [75.5398, 28.676], [75.5379, 28.6613], [75.549, 28.6431], [75.5557, 28.6146], [75.577, 28.6167], [75.585, 28.6064], [75.6093, 28.6059], [75.62, 28.5992], [75.6253, 28.5585], [75.6291, 28.546], [75.6435, 28.5429], [75.6633, 28.5361], [75.6639, 28.5209], [75.6901, 28.4991], [75.724, 28.4913], [75.7365, 28.4872], [75.735, 28.4726], [75.7471, 28.4694], [75.7782, 28.4576], [75.7851, 28.4392], [75.7768, 28.4305], [75.7655, 28.4208], [75.7703, 28.4076], [75.7876, 28.4044], [75.8026, 28.4142], [75.8167, 28.4115], [75.8351, 28.3977], [75.8721, 28.3909], [75.8832, 28.3867], [75.8969, 28.39], [75.9047, 28.3761], [75.9224, 28.3689], [75.9284, 28.356], [75.9563, 28.3384], [75.9547, 28.3185], [75.9676, 28.3241], [75.9747, 28.3159], [75.9866, 28.2959], [76.0187, 28.281], [76.0074, 28.2532], [76.0112, 28.2418], [76.0258, 28.2359], [76.0363, 28.2271], [76.053, 28.2242], [76.0498, 28.2098], [76.0567, 28.2012], [76.0693, 28.1943], [76.0716, 28.1792], [76.0804, 28.1681], [76.0929, 28.1552], [76.0879, 28.1435], [76.0651, 28.1445], [76.0664, 28.1678], [76.0277, 28.1727], [76.0162, 28.1611], [75.9998, 28.1564], [75.9957, 28.1353], [75.9771, 28.1272], [75.9676, 28.1194], [75.9474, 28.1097], [75.9361, 28.0935], [75.959, 28.0841], [75.9771, 28.0842], [75.9876, 28.0706], [75.9746, 28.0571], [75.9845, 28.0507], [75.9976, 28.0575], [76.0124, 28.0764], [76.0156, 28.0889], [76.0312, 28.0839], [76.0331, 28.0687], [76.0223, 28.0623], [76.0054, 28.0545], [76.0101, 28.0367], [75.9911, 28.0399], [75.9744, 28.0369], [75.9708, 28.0237], [75.9792, 28.0155], [75.9905, 28.0102], [75.9799, 28.0015], [75.9645, 28.0027], [75.9553, 27.9942], [75.9657, 27.9866], [75.9821, 27.987], [75.9738, 27.9699], [75.9632, 27.937], [75.9446, 27.9401], [75.9385, 27.9511], [75.9286, 27.9417], [75.9288, 27.9265], [75.9417, 27.9191], [75.9675, 27.9154], [75.9774, 27.9093], [75.9672, 27.8993], [75.9728, 27.8854], [75.9643, 27.8715], [75.9754, 27.8646], [75.9945, 27.8609], [76.0093, 27.8626], [76.0208, 27.8575], [76.0338, 27.8542], [76.0437, 27.8488], [76.06, 27.8572], [76.0801, 27.8511], [76.0856, 27.8652], [76.1033, 27.8624], [76.1221, 27.8544], [76.1282, 27.8378], [76.1427, 27.8278], [76.1532, 27.8213], [76.1628, 27.8148], [76.1729, 27.8075], [76.1862, 27.8191], [76.1941, 27.8312], [76.2077, 27.8285], [76.2233, 27.8409], [76.2106, 27.8448], [76.2051, 27.8555], [76.1931, 27.8639], [76.189, 27.8764], [76.1998, 27.8881], [76.191, 27.9027], [76.1752, 27.9071], [76.1665, 27.9151], [76.1704, 27.9333], [76.1764, 27.9483], [76.1782, 27.9675], [76.167, 27.9792], [76.1539, 27.9925], [76.1587, 28.0046], [76.1694, 28.0169], [76.1796, 28.0233], [76.1959, 28.0217], [76.2035, 28.0304], [76.2136, 28.0402], [76.1982, 28.0349], [76.1832, 28.043], [76.1755, 28.0543], [76.1928, 28.0598], [76.2083, 28.0556], [76.2259, 28.0552], [76.2436, 28.0689], [76.2649, 28.0687], [76.282, 28.0589], [76.2901, 28.0491], [76.2901, 28.0299], [76.3166, 28.021], [76.33, 28.0249], [76.3413, 28.0361], [76.3533, 28.0656], [76.3444, 28.0739], [76.3321, 28.0768], [76.3249, 28.0922], [76.3072, 28.0965], [76.3013, 28.1062], [76.3142, 28.1121], [76.3319, 28.1067], [76.3435, 28.1132], [76.3556, 28.1285], [76.3432, 28.1328], [76.331, 28.139], [76.3227, 28.1492], [76.3111, 28.1547], [76.2959, 28.1547], [76.2782, 28.1686], [76.2889, 28.1827], [76.305, 28.1839], [76.326, 28.1774], [76.3426, 28.1739], [76.3532, 28.1662], [76.3574, 28.1479], [76.3768, 28.1381], [76.393, 28.141], [76.4122, 28.1475], [76.4273, 28.1459], [76.4371, 28.1522], [76.456, 28.1514], [76.471, 28.1547], [76.47, 28.1385], [76.4833, 28.1348], [76.4869, 28.1228], [76.4973, 28.116], [76.4887, 28.1047], [76.4725, 28.1127], [76.4569, 28.1104], [76.4512, 28.0977], [76.4588, 28.085], [76.4859, 28.0751], [76.4954, 28.0676], [76.4838, 28.0583], [76.4713, 28.0611], [76.454, 28.0551], [76.4617, 28.0446], [76.4831, 28.0463], [76.496, 28.0436], [76.5052, 28.035], [76.5186, 28.039], [76.5312, 28.0431], [76.5355, 28.0257], [76.5386, 28.0121], [76.5355, 27.9931], [76.531, 27.9793], [76.5382, 27.9705], [76.5534, 27.975], [76.5675, 27.9836], [76.5773, 27.9949], [76.5918, 28.0037], [76.6039, 28.0108], [76.6253, 28.0105], [76.6467, 28.0126], [76.6601, 28.0191], [76.6596, 28.0337], [76.651, 28.0445], [76.6489, 28.0617], [76.648, 28.0791], [76.6512, 28.0968], [76.6779, 28.0978], [76.6856, 28.1069], [76.6949, 28.1153], [76.7054, 28.1277], [76.72, 28.1315], [76.733, 28.1286], [76.7551, 28.1466], [76.7729, 28.1514], [76.7915, 28.1572], [76.7961, 28.1705], [76.7923, 28.1829], [76.7931, 28.1983], [76.8025, 28.2046], [76.8132, 28.2163], [76.8272, 28.2175], [76.8505, 28.2267], [76.8636, 28.2246], [76.8662, 28.2115], [76.8867, 28.2105], [76.8998, 28.2048], [76.8857, 28.1967], [76.8991, 28.1793], [76.912, 28.1719], [76.9211, 28.1623], [76.9378, 28.1553], [76.9565, 28.146], [76.9558, 28.1237], [76.9511, 28.0961], [76.9481, 28.0787], [76.9425, 28.0668], [76.9336, 28.0481], [76.9307, 28.0305], [76.9266, 28.0125], [76.9186, 27.9976], [76.9223, 27.9858], [76.9228, 27.9658], [76.9195, 27.9528], [76.9191, 27.9249], [76.9388, 27.919], [76.9382, 27.896], [76.9261, 27.8884], [76.9283, 27.8671], [76.9281, 27.844], [76.9219, 27.8318], [76.9079, 27.8359], [76.9011, 27.8254], [76.9052, 27.8126], [76.9039, 27.7949], [76.8956, 27.7861], [76.8923, 27.772], [76.8906, 27.742], [76.8841, 27.7309], [76.8885, 27.7196], [76.9028, 27.7164], [76.9122, 27.7061], [76.906, 27.6958], [76.888, 27.7017], [76.8947, 27.6897], [76.8972, 27.6724], [76.9026, 27.6585], [76.919, 27.6615], [76.9303, 27.6717], [76.9448, 27.6706], [76.9602, 27.6624], [76.9705, 27.6571], [76.9723, 27.6729], [76.9761, 27.6928], [76.9791, 27.7062], [76.9828, 27.7185], [76.9874, 27.7293], [76.9935, 27.7417], [77.0114, 27.7465], [77.0289, 27.7494], [77.0393, 27.7416], [77.0507, 27.7281], [77.0657, 27.7324], [77.078, 27.7373], [77.0725, 27.7491], [77.0673, 27.7638], [77.0501, 27.761], [77.0394, 27.7749], [77.0284, 27.7803], [77.024, 27.7982], [77.0304, 27.8114], [77.0383, 27.82], [77.0518, 27.8152], [77.0653, 27.8126], [77.0743, 27.8044], [77.0936, 27.7897], [77.1075, 27.7867], [77.12, 27.7895], [77.1252, 27.7769], [77.1354, 27.784], [77.1514, 27.7918], [77.1497, 27.8124], [77.1724, 27.8163], [77.1807, 27.8087], [77.1692, 27.8006], [77.1622, 27.7906], [77.1756, 27.7872], [77.1889, 27.7984], [77.1875, 27.815], [77.2021, 27.8126], [77.2068, 27.8011], [77.2168, 27.7955], [77.2272, 27.7887], [77.2409, 27.7904], [77.2528, 27.7976], [77.2581, 27.8093], [77.2758, 27.8065], [77.2906, 27.8017], [77.3011, 27.7937], [77.3037, 27.776], [77.3028, 27.7612], [77.306, 27.7447], [77.2963, 27.7298], [77.3024, 27.7132], [77.3173, 27.7112], [77.3339, 27.7079], [77.3368, 27.6855], [77.3372, 27.6697], [77.3428, 27.6572], [77.3323, 27.6378], [77.3132, 27.6173], [77.3258, 27.5969], [77.3501, 27.5934], [77.3384, 27.5766], [77.3312, 27.5686], [77.3336, 27.5546], [77.3325, 27.5385], [77.3403, 27.5248], [77.3522, 27.52], [77.3762, 27.5186], [77.3896, 27.5054], [77.3923, 27.4861], [77.4074, 27.4764], [77.4155, 27.4661], [77.4296, 27.462], [77.423, 27.4494], [77.417, 27.4382], [77.4251, 27.4189], [77.43, 27.405], [77.4433, 27.3933], [77.4616, 27.3876], [77.487, 27.3856], [77.5022, 27.3774], [77.5094, 27.3678], [77.522, 27.3576], [77.5354, 27.3529], [77.5427, 27.3424], [77.5617, 27.3354], [77.5727, 27.3301], [77.5866, 27.3353], [77.6048, 27.3379], [77.6155, 27.3254], [77.6089, 27.3119], [77.6001, 27.3047], [77.6091, 27.288], [77.6113, 27.2743], [77.6128, 27.2603], [77.6258, 27.2623], [77.6342, 27.2537], [77.6384, 27.2406], [77.6395, 27.2232], [77.6478, 27.2145], [77.6672, 27.2071], [77.672, 27.1951], [77.6654, 27.1862], [77.6546, 27.1756], [77.6359, 27.1701], [77.6225, 27.175], [77.6051, 27.1685], [77.6065, 27.1541], [77.5937, 27.148], [77.5946, 27.1337], [77.5859, 27.1242], [77.5561, 27.1158], [77.5395, 27.1113], [77.5294, 27.1041], [77.5138, 27.1081], [77.5023, 27.0992], [77.5147, 27.0919], [77.5177, 27.0798], [77.5214, 27.0672], [77.5414, 27.0774], [77.5632, 27.0786], [77.5669, 27.0663], [77.5611, 27.0516], [77.5574, 27.0369], [77.5751, 27.0416], [77.5888, 27.0371], [77.5988, 27.0288], [77.6156, 27.0274], [77.6243, 27.0169], [77.6343, 27.027], [77.652, 27.0226], [77.6633, 27.0303], [77.6708, 27.0489], [77.6843, 27.0449], [77.6937, 27.0195], [77.6966, 27.0069], [77.7086, 27.0011], [77.7234, 27.0039], [77.7222, 27.0261], [77.7355, 27.0337], [77.7439, 27.0237], [77.7462, 27.0109], [77.7434, 26.9977], [77.7363, 26.9882], [77.7146, 26.9917], [77.7012, 26.9843], [77.6703, 26.9771], [77.6653, 26.9669], [77.6566, 26.9741], [77.6423, 26.9673], [77.6048, 26.946], [77.5938, 26.9377], [77.5798, 26.9309], [77.5574, 26.926], [77.5453, 26.922], [77.5186, 26.9155], [77.4958, 26.9058], [77.4825, 26.9038], [77.4648, 26.8927], [77.4555, 26.8804], [77.4418, 26.8776], [77.4365, 26.8679], [77.4235, 26.8576], [77.4175, 26.8428], [77.4258, 26.8357], [77.4342, 26.8254], [77.4382, 26.8089], [77.4319, 26.7924], [77.4273, 26.7761], [77.4453, 26.7775], [77.4643, 26.7695], [77.4483, 26.7467], [77.4804, 26.7539], [77.4933, 26.767], [77.4843, 26.7824], [77.4866, 26.8012], [77.497, 26.838], [77.5067, 26.8474], [77.512, 26.828], [77.5284, 26.8246], [77.5474, 26.8217], [77.5648, 26.8246], [77.5775, 26.8331], [77.5962, 26.8417], [77.6045, 26.8328], [77.6132, 26.8445], [77.6573, 26.8564], [77.667, 26.8624], [77.6717, 26.8741], [77.6823, 26.8792], [77.6937, 26.8729], [77.7054, 26.8803], [77.7198, 26.8867], [77.7108, 26.903], [77.7189, 26.9164], [77.729, 26.9258], [77.7443, 26.9232], [77.7534, 26.9377], [77.7735, 26.9363], [77.7815, 26.9277], [77.7959, 26.9234], [77.8146, 26.9228], [77.8364, 26.9196], [77.8494, 26.9124], [77.8715, 26.9055], [77.8821, 26.896], [77.8961, 26.8897], [77.9028, 26.9011], [77.8986, 26.9154], [77.9066, 26.924], [77.9219, 26.9146], [77.9347, 26.9052], [77.963, 26.9126], [77.9706, 26.8997], [77.985, 26.9014], [77.9919, 26.9109], [78.0141, 26.9084], [78.0191, 26.8974], [78.0176, 26.882], [78.0279, 26.8761], [78.0164, 26.8638], [78.0311, 26.8655], [78.0376, 26.877], [78.0452, 26.9029], [78.0422, 26.9154], [78.0571, 26.9133], [78.0728, 26.9076], [78.0868, 26.902], [78.1015, 26.905], [78.0991, 26.9206], [78.1063, 26.93], [78.1152, 26.9382], [78.1079, 26.9483], [78.1271, 26.9555], [78.1461, 26.9531], [78.1631, 26.9527], [78.1905, 26.9468], [78.2013, 26.9403], [78.2122, 26.9496], [78.2234, 26.9451], [78.2306, 26.9368], [78.2473, 26.9307], [78.2612, 26.9318], [78.2595, 26.9162], [78.2527, 26.9046], [78.2325, 26.8955], [78.2266, 26.8826], [78.2049, 26.8774], [78.1935, 26.8895], [78.1969, 26.8721], [78.2045, 26.8556], [78.214, 26.8485], [78.2098, 26.8361], [78.1921, 26.8298], [78.1733, 26.8326], [78.1609, 26.827], [78.1794, 26.8012], [78.1598, 26.7911], [78.1405, 26.7936], [78.119, 26.8026], [78.1055, 26.8008], [78.0954, 26.7894], [78.0957, 26.7718], [78.111, 26.7621], [78.096, 26.7438], [78.0868, 26.7318], [78.089, 26.7007], [78.0857, 26.6831], [78.0754, 26.6782], [78.0609, 26.6818], [78.0491, 26.6898], [78.0316, 26.6913], [78.0192, 26.6976], [77.9922, 26.7026], [77.9757, 26.6833], [77.9605, 26.6715], [77.9479, 26.665], [77.9239, 26.665], [77.9036, 26.6662], [77.8909, 26.6545], [77.8888, 26.6328], [77.8794, 26.6203], [77.8514, 26.616], [77.8341, 26.6118], [77.8254, 26.6052], [77.8184, 26.5939], [77.8244, 26.5844], [77.8177, 26.5602], [77.8043, 26.5514], [77.783, 26.5526], [77.767, 26.5535], [77.75, 26.5467], [77.7307, 26.5299], [77.727, 26.5154], [77.714, 26.5042], [77.695, 26.5009], [77.678, 26.5055], [77.6547, 26.4972], [77.6394, 26.4892], [77.6267, 26.483], [77.6167, 26.4719], [77.6087, 26.4593], [77.5791, 26.4511], [77.5691, 26.4431], [77.5515, 26.4406], [77.5425, 26.4295], [77.5299, 26.418], [77.5059, 26.4129], [77.475, 26.4146], [77.459, 26.4112], [77.4341, 26.4092], [77.4254, 26.4021], [77.4337, 26.3875], [77.4394, 26.373], [77.4155, 26.3681], [77.3945, 26.3667], [77.3829, 26.3624], [77.3662, 26.3715], [77.3467, 26.3604], [77.3347, 26.3572], [77.327, 26.3472], [77.3118, 26.3338], [77.3085, 26.3216], [77.2899, 26.2956], [77.267, 26.2762], [77.2515, 26.267], [77.2378, 26.2627], [77.2084, 26.2442], [77.1945, 26.236], [77.1775, 26.2391], [77.1649, 26.2445], [77.1528, 26.238], [77.1295, 26.2397], [77.1136, 26.2314], [77.1059, 26.2194], [77.0982, 26.2023], [77.0917, 26.1909], [77.0689, 26.1854], [77.0526, 26.1862], [77.0347, 26.1819], [77.0239, 26.1762], [77.0112, 26.1653], [76.9997, 26.1526], [76.9945, 26.1378], [76.9686, 26.124], [76.9535, 26.1153], [76.9419, 26.1081], [76.929, 26.1027], [76.9063, 26.1011], [76.8878, 26.0933], [76.8822, 26.0786], [76.8726, 26.0642], [76.8639, 26.0517], [76.8518, 26.0435], [76.8381, 26.0364], [76.8402, 26.0113], [76.8296, 25.9959], [76.8198, 25.9887], [76.8189, 25.9713], [76.8063, 25.953], [76.7948, 25.9442], [76.7768, 25.9394], [76.7607, 25.9425], [76.7534, 25.9322], [76.7628, 25.9253], [76.7556, 25.9162], [76.7455, 25.9092], [76.7333, 25.9026], [76.7145, 25.901], [76.6965, 25.9071], [76.6841, 25.9102], [76.6566, 25.9108], [76.6414, 25.9062], [76.6356, 25.8959], [76.6317, 25.8752], [76.6165, 25.8712], [76.5975, 25.8765], [76.5853, 25.8677], [76.5668, 25.8397], [76.5495, 25.825], [76.5416, 25.8174], [76.5293, 25.798], [76.5227, 25.7743], [76.5304, 25.7437], [76.5266, 25.731], [76.5108, 25.73], [76.4824, 25.7181], [76.4779, 25.706], [76.4818, 25.6894], [76.5078, 25.6761], [76.4994, 25.6483], [76.5054, 25.6382], [76.5158, 25.607], [76.5099, 25.5872], [76.5124, 25.5718], [76.5203, 25.5569], [76.5225, 25.5415], [76.5226, 25.5243], [76.5346, 25.5135], [76.5421, 25.4974], [76.5507, 25.4843], [76.5596, 25.4733], [76.5607, 25.4499], [76.5743, 25.4367], [76.589, 25.4315], [76.5991, 25.4053], [76.6025, 25.389], [76.6149, 25.3841], [76.6226, 25.3768], [76.6363, 25.3803], [76.6575, 25.3614], [76.6728, 25.35], [76.7032, 25.3476], [76.7145, 25.3424], [76.732, 25.3479], [76.7537, 25.3393], [76.7667, 25.3362], [76.7598, 25.3227], [76.7701, 25.3122], [76.7953, 25.3218], [76.8217, 25.3271], [76.8398, 25.3293], [76.867, 25.3252], [76.8816, 25.3229], [76.9046, 25.3179], [76.9154, 25.309], [76.923, 25.3014], [76.9326, 25.2875], [76.9418, 25.2754], [76.9553, 25.2846], [76.9587, 25.2972], [76.9927, 25.3018], [77.0101, 25.3015], [77.0341, 25.3119], [77.0394, 25.3251], [77.053, 25.3207], [77.0679, 25.3297], [77.0755, 25.3397], [77.0926, 25.3373], [77.1081, 25.3353], [77.1214, 25.3313], [77.1363, 25.3241], [77.149, 25.3154], [77.1678, 25.3155], [77.1821, 25.3133], [77.1974, 25.311], [77.1982, 25.3305], [77.2107, 25.3337], [77.217, 25.3493], [77.2211, 25.3611], [77.2256, 25.3792], [77.2442, 25.3896], [77.26, 25.3995], [77.273, 25.412], [77.283, 25.4236], [77.2956, 25.4317], [77.3169, 25.4328], [77.3292, 25.4286], [77.3437, 25.4224], [77.3613, 25.413], [77.354, 25.4036], [77.3461, 25.3925], [77.3484, 25.3756], [77.356, 25.3679], [77.3439, 25.3374], [77.3364, 25.3256], [77.3532, 25.3324], [77.3658, 25.3285], [77.3736, 25.3155], [77.3738, 25.3002], [77.3695, 25.2885], [77.36, 25.2802], [77.3497, 25.2718], [77.3603, 25.2609], [77.3705, 25.251], [77.38, 25.2454], [77.3916, 25.2311], [77.4064, 25.2263], [77.4095, 25.2124], [77.4137, 25.1995], [77.4077, 25.1901], [77.3907, 25.1882], [77.3896, 25.1684], [77.3893, 25.151], [77.3869, 25.133], [77.3939, 25.1233], [77.3752, 25.1168], [77.3608, 25.1043], [77.3487, 25.0978], [77.3324, 25.0966], [77.3204, 25.0907], [77.307, 25.0858], [77.2913, 25.0941], [77.2844, 25.1042], [77.2756, 25.1121], [77.2623, 25.1193], [77.2416, 25.1127], [77.2208, 25.1102], [77.2058, 25.1124], [77.1888, 25.1118], [77.1696, 25.1137], [77.1646, 25.0986], [77.1577, 25.0883], [77.1405, 25.0909], [77.1145, 25.0691], [77.0904, 25.0664], [77.0772, 25.058], [77.0613, 25.0614], [77.0443, 25.0658], [77.0293, 25.0719], [77.0124, 25.0749], [77.0003, 25.0797], [76.9837, 25.0776], [76.9747, 25.0707], [76.9687, 25.0559], [76.9535, 25.0485], [76.9299, 25.0416], [76.9098, 25.0357], [76.882, 25.0341], [76.8767, 25.0199], [76.8693, 25.0111], [76.8543, 25.0103], [76.8681, 25.0014], [76.8664, 24.9718], [76.8716, 24.9613], [76.8797, 24.9458], [76.8932, 24.9354], [76.8902, 24.9231], [76.9074, 24.9233], [76.9209, 24.9168], [76.9158, 24.9012], [76.9139, 24.8879], [76.934, 24.8843], [76.9419, 24.8747], [76.9431, 24.8601], [76.9332, 24.8539], [76.9151, 24.8487], [76.895, 24.8395], [76.8781, 24.8396], [76.8633, 24.8417], [76.8422, 24.8401], [76.8271, 24.8384], [76.8167, 24.8325], [76.8023, 24.8266], [76.8087, 24.815], [76.8157, 24.8037], [76.8258, 24.7934], [76.8359, 24.7851], [76.8467, 24.77], [76.845, 24.7521], [76.8608, 24.7487], [76.8867, 24.7541], [76.8983, 24.7478], [76.9217, 24.7488], [76.9458, 24.7641], [76.9633, 24.7596], [76.9653, 24.7441], [76.972, 24.7317], [76.9823, 24.7249], [76.9921, 24.7174], [77.0042, 24.7137], [77.0192, 24.715], [77.0335, 24.703], [77.0349, 24.6886], [77.0489, 24.6613], [77.0595, 24.6424], [77.0611, 24.6246], [77.0603, 24.6061], [77.0636, 24.5853], [77.0647, 24.5699], [77.0615, 24.5548], [77.0534, 24.5442], [77.0503, 24.5265], [77.032, 24.5288], [77.0248, 24.5171], [77.0241, 24.5013], [77.0123, 24.4944], [77.0026, 24.4835], [76.9925, 24.4734], [76.9775, 24.472], [76.9653, 24.4609], [76.9529, 24.4639], [76.9411, 24.4673], [76.9308, 24.4767], [76.9146, 24.4877], [76.9153, 24.5114], [76.9189, 24.5244], [76.9157, 24.5404], [76.9024, 24.5475], [76.8929, 24.5397], [76.889, 24.5268], [76.8729, 24.532], [76.8662, 24.5494], [76.846, 24.551], [76.8311, 24.5432], [76.819, 24.5366], [76.8281, 24.5104], [76.8345, 24.4983], [76.8453, 24.4909], [76.8463, 24.4755], [76.8484, 24.4588], [76.8379, 24.4506], [76.8507, 24.4374], [76.846, 24.4193], [76.8483, 24.3963], [76.848, 24.3788], [76.8388, 24.3647], [76.8389, 24.3426], [76.8449, 24.328], [76.8588, 24.3123], [76.8626, 24.2988], [76.8671, 24.2809], [76.8742, 24.2711], [76.8974, 24.2471], [76.9112, 24.2376], [76.9186, 24.2264], [76.9283, 24.2135], [76.9425, 24.2084], [76.9332, 24.1869], [76.9161, 24.1887], [76.9112, 24.1769], [76.9058, 24.1532], [76.8999, 24.1311], [76.8776, 24.1349], [76.8663, 24.1388], [76.8461, 24.1361], [76.8355, 24.1313], [76.8218, 24.1267], [76.8011, 24.1203], [76.7909, 24.1258], [76.7756, 24.1531], [76.7689, 24.1647], [76.7573, 24.1697], [76.7359, 24.1718], [76.7268, 24.1651], [76.7125, 24.1666], [76.7011, 24.1714], [76.6894, 24.1837], [76.6742, 24.1934], [76.6768, 24.2105], [76.6849, 24.2248], [76.6952, 24.2421], [76.7014, 24.2544], [76.6948, 24.2678], [76.693, 24.285], [76.6787, 24.2706], [76.6582, 24.2678], [76.6472, 24.2724], [76.6401, 24.2623], [76.6234, 24.2646], [76.614, 24.2422], [76.6005, 24.245], [76.588, 24.2496], [76.5967, 24.2353], [76.5926, 24.2239], [76.5715, 24.2135], [76.5658, 24.2008], [76.577, 24.1913], [76.5727, 24.1773], [76.5625, 24.1724], [76.546, 24.168], [76.5314, 24.1635], [76.5174, 24.1666], [76.5105, 24.179], [76.5084, 24.2002], [76.5018, 24.209], [76.4844, 24.215], [76.4746, 24.2287], [76.461, 24.2254], [76.4532, 24.2168], [76.4418, 24.2219], [76.4295, 24.2271], [76.4225, 24.2142], [76.4118, 24.2096], [76.4001, 24.2228], [76.3735, 24.2377], [76.3612, 24.2445], [76.3442, 24.2519], [76.3269, 24.2536], [76.3101, 24.2464], [76.2939, 24.2407], [76.2888, 24.2256], [76.2828, 24.2157], [76.2654, 24.2216], [76.2518, 24.2248], [76.2361, 24.2239], [76.2182, 24.2174], [76.2062, 24.2327], [76.2036, 24.2506], [76.2044, 24.269], [76.1947, 24.2848], [76.1991, 24.2973], [76.2062, 24.3109], [76.194, 24.3209], [76.1855, 24.3315], [76.1721, 24.3156], [76.1692, 24.2961], [76.1495, 24.2922], [76.1422, 24.2812], [76.1455, 24.2658], [76.1545, 24.2438], [76.147, 24.2278], [76.1316, 24.2124], [76.1234, 24.2054], [76.1209, 24.1836], [76.1289, 24.1749], [76.1305, 24.1537], [76.1344, 24.1393], [76.1307, 24.1229], [76.1313, 24.1066], [76.1233, 24.0923], [76.1124, 24.0965], [76.099, 24.0892], [76.0845, 24.0821], [76.0637, 24.0779], [76.047, 24.0757], [76.04, 24.0669], [76.0267, 24.0505], [76.0089, 24.0403], [75.9945, 24.0319], [75.9798, 24.0311], [75.9602, 24.0254], [75.9591, 24.01], [75.9613, 23.9948], [75.9768, 23.982], [75.9802, 23.9688], [75.9798, 23.9522], [75.976, 23.939], [75.9665, 23.9299], [75.9482, 23.9223], [75.9381, 23.9122], [75.9318, 23.9019], [75.9055, 23.8961], [75.8888, 23.8917], [75.8786, 23.8846], [75.8671, 23.894], [75.8414, 23.8884], [75.8179, 23.8794], [75.8027, 23.8711], [75.7851, 23.8654], [75.7799, 23.8547], [75.7616, 23.8569], [75.7592, 23.8813], [75.7497, 23.89], [75.7365, 23.8941], [75.7282, 23.9021], [75.713, 23.9], [75.7009, 23.8949], [75.6981, 23.8771], [75.7066, 23.8682], [75.7275, 23.8645], [75.724, 23.848], [75.7187, 23.8324], [75.7157, 23.8171], [75.6902, 23.8196], [75.694, 23.8045], [75.6987, 23.7918], [75.6901, 23.776], [75.6845, 23.7606], [75.6761, 23.7821], [75.6626, 23.7882], [75.6518, 23.8019], [75.637, 23.8024], [75.6166, 23.806], [75.5917, 23.8024], [75.5845, 23.814], [75.566, 23.8157], [75.5561, 23.8259], [75.5615, 23.837], [75.5762, 23.8415], [75.5672, 23.8476], [75.5625, 23.8581], [75.5525, 23.8652], [75.5379, 23.8767], [75.5167, 23.8888], [75.5041, 23.8919], [75.4874, 23.9108], [75.4609, 23.9173], [75.4564, 23.9322], [75.4606, 23.9476], [75.4624, 23.9681], [75.4672, 23.9845], [75.4806, 23.9923], [75.4892, 24.0003], [75.5144, 24.0487], [75.5319, 24.0315], [75.5426, 24.0256], [75.5611, 24.0236], [75.5717, 24.0174], [75.5688, 24.0046], [75.5804, 23.9943], [75.5974, 23.9986], [75.6247, 23.9988], [75.6385, 24.0028], [75.6415, 24.0184], [75.6531, 24.0276], [75.6692, 24.0335], [75.677, 24.0201], [75.6843, 24.0046], [75.6864, 23.9905], [75.6979, 23.9721], [75.7138, 23.9721], [75.7265, 23.9788], [75.736, 23.9848], [75.7476, 23.9935], [75.762, 23.998], [75.7609, 24.0129], [75.7738, 24.0191], [75.7802, 24.0363], [75.7777, 24.0571], [75.789, 24.0633], [75.8073, 24.0676], [75.8207, 24.0706], [75.8338, 24.0754], [75.8327, 24.0957], [75.8358, 24.1114], [75.8122, 24.1029], [75.8024, 24.1183], [75.7896, 24.1098], [75.7832, 24.1227], [75.7787, 24.1347], [75.7651, 24.1366], [75.7435, 24.1396], [75.7507, 24.1617], [75.7583, 24.1746], [75.7637, 24.1898], [75.7678, 24.2075], [75.7735, 24.2209], [75.7919, 24.2232], [75.8053, 24.2297], [75.8106, 24.242], [75.8264, 24.2426], [75.8181, 24.25], [75.8125, 24.2607], [75.8129, 24.2771], [75.8168, 24.2908], [75.8112, 24.3035], [75.803, 24.3123], [75.781, 24.3086], [75.7651, 24.3107], [75.7563, 24.3272], [75.7379, 24.348], [75.7418, 24.3611], [75.7396, 24.3889], [75.7269, 24.4053], [75.7433, 24.405], [75.7553, 24.4093], [75.7564, 24.4277], [75.7682, 24.4403], [75.7757, 24.4483], [75.7858, 24.4551], [75.7868, 24.4718], [75.805, 24.4728], [75.8151, 24.4651], [75.8142, 24.4481], [75.8241, 24.4308], [75.8473, 24.419], [75.8612, 24.4233], [75.8752, 24.4303], [75.8865, 24.4369], [75.8986, 24.4416], [75.9034, 24.4539], [75.9094, 24.4636], [75.9081, 24.4781], [75.9118, 24.4924], [75.9055, 24.5053], [75.8911, 24.5096], [75.897, 24.5223], [75.9093, 24.5149], [75.922, 24.5273], [75.9205, 24.5438], [75.907, 24.5505], [75.9078, 24.5654], [75.9174, 24.5715], [75.9029, 24.5768], [75.8844, 24.5817], [75.8758, 24.5908], [75.8741, 24.6071], [75.8635, 24.6129], [75.8482, 24.6112], [75.8423, 24.6002], [75.8281, 24.6134], [75.8343, 24.6238], [75.8462, 24.6314], [75.8488, 24.6531], [75.8439, 24.6694], [75.8282, 24.6682], [75.8337, 24.686], [75.842, 24.7175], [75.8388, 24.7299], [75.8278, 24.7364], [75.8055, 24.7563], [75.7862, 24.7655], [75.7726, 24.762], [75.7597, 24.7648], [75.7418, 24.7604], [75.7308, 24.7555], [75.7118, 24.7454], [75.68, 24.7278], [75.6592, 24.7017], [75.634, 24.6912], [75.6133, 24.6884], [75.6026, 24.7013], [75.5819, 24.7227], [75.569, 24.7199], [75.5521, 24.7138], [75.5351, 24.72], [75.5059, 24.7094], [75.4835, 24.6976], [75.4519, 24.6932], [75.4375, 24.6955], [75.4197, 24.7], [75.3964, 24.7046], [75.3781, 24.7064], [75.3639, 24.7095], [75.3509, 24.7171], [75.3044, 24.7207], [75.2858, 24.7259], [75.2672, 24.7327], [75.2495, 24.7291], [75.2284, 24.7351], [75.2194, 24.7231], [75.2019, 24.7461], [75.1956, 24.76], [75.1855, 24.7681], [75.1923, 24.7888], [75.2027, 24.7963], [75.2064, 24.8099], [75.2174, 24.8205], [75.2366, 24.8202], [75.2495, 24.8264], [75.2462, 24.8442], [75.2277, 24.8478], [75.2217, 24.8582], [75.2104, 24.8714], [75.2013, 24.8842], [75.2082, 24.8978], [75.2126, 24.9101], [75.2214, 24.9028], [75.2306, 24.8944], [75.2412, 24.9026], [75.2499, 24.8957], [75.248, 24.8809], [75.2367, 24.8709], [75.2274, 24.8591], [75.2417, 24.8609], [75.2598, 24.8575], [75.2789, 24.8535], [75.2904, 24.8409], [75.2977, 24.8264], [75.3057, 24.8133], [75.3198, 24.8178], [75.3302, 24.8317], [75.3551, 24.8374], [75.3997, 24.8549], [75.4105, 24.8612], [75.4206, 24.8773], [75.4242, 24.8928], [75.4075, 24.8919], [75.372, 24.878], [75.3501, 24.885], [75.3353, 24.8867], [75.3212, 24.8827], [75.3113, 24.8695], [75.2941, 24.8714], [75.2793, 24.8846], [75.2651, 24.8882], [75.2597, 24.8998], [75.267, 24.9142], [75.2824, 24.9225], [75.2849, 24.9371], [75.2772, 24.9479], [75.27, 24.9563], [75.2759, 24.9767], [75.2856, 24.9641], [75.2905, 24.952], [75.3027, 24.9432], [75.3061, 24.929], [75.3122, 24.9111], [75.3254, 24.9381], [75.3343, 24.9506], [75.3375, 24.9631], [75.3313, 24.9761], [75.3221, 24.9896], [75.3189, 25.0065], [75.3295, 25.0176], [75.3431, 25.0223], [75.3536, 25.0287], [75.3496, 25.0417], [75.3362, 25.0449], [75.3105, 25.0461], [75.2926, 25.0429], [75.2783, 25.0447], [75.2556, 25.04], [75.2375, 25.0419], [75.2182, 25.0414], [75.2036, 25.0388], [75.1853, 25.0425], [75.1738, 25.0538], [75.167, 25.0442], [75.1563, 25.0354], [75.1653, 25.0223], [75.1692, 25.01], [75.1644, 24.9917], [75.1522, 24.9887], [75.138, 24.9864], [75.1491, 24.9812], [75.1347, 24.9777], [75.1198, 24.9758], [75.1153, 24.9611], [75.1177, 24.9463], [75.1194, 24.9181], [75.1194, 24.8958], [75.0901, 24.8797], [75.0817, 24.8891], [75.0662, 24.8784], [75.0571, 24.8711], [75.0434, 24.8592], [75.0229, 24.8656], [75.0126, 24.8741], [74.9977, 24.8766], [74.9773, 24.8775], [74.9635, 24.8741], [74.9488, 24.8781], [74.9502, 24.8929], [74.9355, 24.8952], [74.9201, 24.8919], [74.9069, 24.9072], [74.9117, 24.9189], [74.9043, 24.9301], [74.8899, 24.9414], [74.8791, 24.9488], [74.8709, 24.9372], [74.8639, 24.9476], [74.862, 24.9628], [74.8532, 24.9747], [74.8327, 24.9675], [74.8263, 24.9522], [74.8236, 24.9285], [74.8271, 24.8991], [74.8394, 24.8929], [74.8424, 24.875], [74.8529, 24.8603], [74.856, 24.8472], [74.859, 24.829], [74.853, 24.8155], [74.8375, 24.8085], [74.8489, 24.7927], [74.8595, 24.7995], [74.8679, 24.8131], [74.8805, 24.808], [74.892, 24.7991], [74.91, 24.7882], [74.9294, 24.7955], [74.946, 24.7917], [74.9616, 24.7912], [74.99, 24.7938], [75.0071, 24.7961], [75.0163, 24.7859], [75.02, 24.7745], [75.0202, 24.7528], [74.9971, 24.7542], [74.992, 24.7438], [74.9921, 24.7283], [74.9952, 24.7161], [74.9641, 24.7005], [74.9599, 24.6888], [74.952, 24.6765], [74.943, 24.6689], [74.9348, 24.6618], [74.9199, 24.6584], [74.9056, 24.6603], [74.8935, 24.6639], [74.8802, 24.668], [74.8727, 24.6759], [74.8669, 24.6905], [74.8585, 24.7022], [74.8488, 24.7087], [74.8349, 24.732], [74.8293, 24.7459], [74.8185, 24.7653], [74.815, 24.7814], [74.8098, 24.7964], [74.7985, 24.7905], [74.8019, 24.7665], [74.7998, 24.7517], [74.7861, 24.7469], [74.7839, 24.7304], [74.7844, 24.7126], [74.7796, 24.7007], [74.7753, 24.6877], [74.7857, 24.6799], [74.8097, 24.6865], [74.8177, 24.6765], [74.8087, 24.67], [74.8024, 24.6569], [74.7935, 24.6494], [74.7834, 24.6368], [74.7878, 24.6208], [74.7818, 24.6072], [74.7602, 24.6014], [74.748, 24.5968], [74.7538, 24.5784], [74.757, 24.5636], [74.7523, 24.5524], [74.7477, 24.5362], [74.7286, 24.5348], [74.7157, 24.5228], [74.7119, 24.5109], [74.7272, 24.5108], [74.735, 24.5036], [74.7507, 24.492], [74.7662, 24.4906], [74.779, 24.4834], [74.7919, 24.4933], [74.808, 24.493], [74.8224, 24.4878], [74.8201, 24.4729], [74.8338, 24.4604], [74.8446, 24.4659], [74.8582, 24.4555], [74.8477, 24.4436], [74.8352, 24.4295], [74.8272, 24.4168], [74.8148, 24.4107], [74.8054, 24.3955], [74.7983, 24.3842], [74.7884, 24.3718], [74.7817, 24.3584], [74.7863, 24.3439], [74.7832, 24.3194], [74.7671, 24.3045], [74.7575, 24.2962], [74.7528, 24.2827], [74.7665, 24.2734], [74.7903, 24.2719], [74.8152, 24.277], [74.8326, 24.2716], [74.8533, 24.27], [74.8697, 24.2807], [74.8853, 24.2687], [74.8943, 24.2617], [74.897, 24.2492], [74.9073, 24.2408], [74.8982, 24.2291], [74.8867, 24.2249], [74.8811, 24.2135], [74.8973, 24.187], [74.9003, 24.1743], [74.9202, 24.1628], [74.9235, 24.1493], [74.9367, 24.139], [74.9362, 24.1238], [74.9549, 24.112], [74.9607, 24.0942], [74.9652, 24.0827], [74.9763, 24.076], [74.9812, 24.041], [74.9904, 24.0334], [74.9878, 24.0143], [74.9722, 24.0036], [74.9687, 23.9797], [74.9415, 23.9605], [74.9315, 23.9468], [74.9243, 23.9386], [74.9174, 23.9176], [74.9139, 23.9034], [74.9105, 23.8885], [74.9072, 23.8768], [74.9069, 23.8564], [74.9158, 23.8457], [74.9119, 23.8126], [74.915, 23.7992], [74.9299, 23.7942], [74.9379, 23.7767], [74.9319, 23.7581], [74.9381, 23.7429], [74.932, 23.7283], [74.9242, 23.7192], [74.9231, 23.6966], [74.9104, 23.688], [74.9242, 23.6685], [74.9284, 23.6532], [74.939, 23.6432], [74.9279, 23.6244], [74.9096, 23.6242], [74.898, 23.6122], [74.8861, 23.6064], [74.8794, 23.596], [74.875, 23.5835], [74.8617, 23.5723], [74.8515, 23.5574], [74.8376, 23.5532], [74.8192, 23.5408], [74.8029, 23.5341], [74.7963, 23.5463], [74.7741, 23.5433], [74.7639, 23.5247], [74.7424, 23.5195], [74.7378, 23.5068], [74.7259, 23.4985], [74.7109, 23.5056], [74.6874, 23.4958], [74.6809, 23.4851], [74.6641, 23.4733], [74.6547, 23.4644], [74.6364, 23.4641], [74.6134, 23.4614], [74.5985, 23.4298], [74.5797, 23.4224], [74.5724, 23.3833], [74.5652, 23.3752], [74.5602, 23.3645], [74.5458, 23.3638], [74.5427, 23.3387], [74.5203, 23.3317], [74.5303, 23.3241], [74.5357, 23.3095], [74.5439, 23.3001], [74.5486, 23.2868], [74.5621, 23.2921], [74.5719, 23.3009], [74.5868, 23.2845], [74.6067, 23.2854], [74.6223, 23.2813], [74.6296, 23.2658], [74.6462, 23.2597], [74.6665, 23.2711], [74.6805, 23.2753], [74.7011, 23.2721], [74.7103, 23.2581], [74.7185, 23.246], [74.7038, 23.2331], [74.695, 23.2231], [74.7129, 23.2214], [74.7329, 23.2238], [74.7458, 23.2327], [74.746, 23.2154], [74.7348, 23.2064], [74.7211, 23.197], [74.6876, 23.1967], [74.6692, 23.2015], [74.6598, 23.1879], [74.642, 23.1727], [74.6257, 23.1629], [74.6178, 23.1519], [74.6081, 23.1448], [74.5886, 23.1415], [74.5736, 23.1372], [74.5457, 23.1321], [74.5475, 23.1185], [74.5427, 23.1069], [74.5233, 23.0989], [74.5123, 23.0888], [74.4914, 23.0884], [74.4672, 23.0853], [74.4454, 23.0929], [74.4332, 23.1057], [74.4188, 23.1085], [74.4068, 23.1118], [74.3912, 23.112], [74.367, 23.0955], [74.3595, 23.0805], [74.3479, 23.0708], [74.3228, 23.0627], [74.3155, 23.0721], [74.3039, 23.0839], [74.2868, 23.0917], [74.2808, 23.101], [74.2881, 23.1187], [74.2795, 23.13], [74.2718, 23.156], [74.2619, 23.1716], [74.2498, 23.1784], [74.237, 23.1827], [74.2075, 23.1921], [74.2001, 23.1837], [74.1895, 23.1718], [74.1866, 23.1525], [74.1649, 23.1565], [74.1485, 23.172], [74.1362, 23.1777], [74.1245, 23.188], [74.1247, 23.2066], [74.1339, 23.2152], [74.1395, 23.2268], [74.1365, 23.2448], [74.1361, 23.2647], [74.1186, 23.2754], [74.1111, 23.2857], [74.1017, 23.2958], [74.0765, 23.2982], [74.0487, 23.2951], [74.0477, 23.3109], [74.0376, 23.3057], [74.0301, 23.3199], [74.0327, 23.3324], [74.0038, 23.3362], [73.987, 23.3412], [73.9835, 23.3598], [73.971, 23.3771], [73.9473, 23.3735], [73.9438, 23.3536], [73.9389, 23.3414], [73.914, 23.336], [73.8943, 23.3371], [73.8949, 23.3526], [73.8794, 23.3681], [73.8668, 23.3958], [73.8574, 23.4048], [73.8365, 23.4307], [73.8321, 23.4468], [73.7942, 23.4356], [73.7778, 23.4423], [73.771, 23.4526], [73.7566, 23.4496], [73.734, 23.4249], [73.7261, 23.4127], [73.7172, 23.4188], [73.7136, 23.4337], [73.7042, 23.4558], [73.6819, 23.4571], [73.6687, 23.4519], [73.6532, 23.4405], [73.6381, 23.4503], [73.6406, 23.473], [73.6438, 23.4968], [73.6584, 23.5041], [73.6522, 23.5214], [73.637, 23.5311], [73.6371, 23.548], [73.6383, 23.5626], [73.6498, 23.5753], [73.6487, 23.5907], [73.65, 23.6077], [73.6607, 23.6229], [73.6423, 23.6313], [73.633, 23.6385], [73.619, 23.6514], [73.5773, 23.6554], [73.553, 23.6314], [73.5414, 23.6227], [73.5322, 23.6135], [73.5135, 23.6168], [73.5057, 23.6289], [73.5116, 23.6451], [73.5005, 23.6507], [73.5078, 23.6626], [73.5112, 23.6801], [73.5104, 23.697], [73.5019, 23.7066], [73.4856, 23.705], [73.4766, 23.721], [73.4628, 23.7343], [73.4513, 23.7488], [73.4322, 23.7621], [73.4205, 23.7793], [73.4086, 23.7836], [73.3939, 23.7785], [73.3759, 23.7667], [73.3713, 23.7779], [73.3626, 23.7874], [73.3704, 23.8144], [73.3719, 23.8321], [73.3598, 23.8546], [73.3661, 23.8691], [73.377, 23.8888], [73.3865, 23.9058], [73.3961, 23.9168], [73.4201, 23.9234], [73.4191, 23.9538], [73.4215, 23.9747], [73.414, 23.9884], [73.4108, 24.0025], [73.4115, 24.0252], [73.4138, 24.0511], [73.4042, 24.0652], [73.3853, 24.0796], [73.3748, 24.0871], [73.3696, 24.1125], [73.3735, 24.1281], [73.3608, 24.1141], [73.3428, 24.1158], [73.3319, 24.104], [73.3345, 24.0826], [73.3266, 24.0625], [73.3114, 24.0546], [73.2979, 24.0368], [73.291, 24.0274], [73.2753, 24.028], [73.2639, 24.0201], [73.2525, 24.0111], [73.2403, 24.0183], [73.2294, 24.024], [73.2081, 24.0395], [73.1989, 24.0515], [73.2091, 24.0666], [73.2144, 24.0802], [73.2204, 24.0893], [73.2158, 24.1017], [73.2, 24.1084], [73.1717, 24.1113], [73.1611, 24.1201], [73.1472, 24.1226], [73.1234, 24.1403], [73.1165, 24.1529], [73.1024, 24.1652], [73.091, 24.1753], [73.0827, 24.185], [73.0872, 24.2008], [73.0917, 24.2209], [73.106, 24.2262], [73.1009, 24.2377], [73.1069, 24.249], [73.1161, 24.2626], [73.1389, 24.28], [73.1439, 24.2995], [73.1512, 24.3108], [73.1733, 24.3011], [73.1848, 24.3091], [73.1861, 24.327], [73.1929, 24.3436], [73.2014, 24.3341], [73.2164, 24.3505], [73.2256, 24.3565], [73.211, 24.3754], [73.2007, 24.3668], [73.1904, 24.3558], [73.1802, 24.3507], [73.162, 24.3527], [73.1453, 24.3631], [73.1274, 24.3688], [73.1186, 24.3757], [73.1112, 24.3868], [73.085, 24.3945], [73.0907, 24.4088], [73.1062, 24.4203], [73.1066, 24.4454], [73.0985, 24.4726], [73.0989, 24.4915], [73.0838, 24.4902], [73.0749, 24.4827], [73.0671, 24.4746], [73.0534, 24.4665], [73.0332, 24.4637], [73.0128, 24.4824], [73.0003, 24.4706], [72.9891, 24.457], [72.9832, 24.4403], [72.9906, 24.4209], [72.9794, 24.4056], [72.9642, 24.3922], [72.9746, 24.3834], [72.9875, 24.3751], [72.9915, 24.364], [72.9775, 24.3588], [72.9654, 24.3511], [72.946, 24.3393], [72.9338, 24.3362], [72.9239, 24.3263], [72.91, 24.3405], [72.9006, 24.3514], [72.8843, 24.3608], [72.8681, 24.3658], [72.8391, 24.3648], [72.8153, 24.3582], [72.7933, 24.3602], [72.7728, 24.3607], [72.7487, 24.3575], [72.7325, 24.3613], [72.7175, 24.3756], [72.7066, 24.3913], [72.6935, 24.4193], [72.6926, 24.4414], [72.6975, 24.4526], [72.6846, 24.4592], [72.6586, 24.4564], [72.6393, 24.4615], [72.6041, 24.4691], [72.5885, 24.4725], [72.5742, 24.4881], [72.5591, 24.4946], [72.5477, 24.5056], [72.5188, 24.473], [72.5117, 24.4474], [72.5044, 24.4309], [72.51, 24.4183], [72.501, 24.4073], [72.4874, 24.4054], [72.4647, 24.4071], [72.4613, 24.4269], [72.4562, 24.4381], [72.4462, 24.4483], [72.4367, 24.4605], [72.4386, 24.4791], [72.4456, 24.4877], [72.4425, 24.5042], [72.426, 24.5083], [72.3977, 24.5003], [72.3709, 24.5288], [72.3655, 24.5393], [72.3579, 24.5525], [72.3433, 24.555], [72.337, 24.5441], [72.3018, 24.5406], [72.2919, 24.5505], [72.2717, 24.5502], [72.251, 24.5802], [72.2767, 24.5992], [72.2931, 24.5971], [72.3089, 24.5909], [72.326, 24.5869], [72.3422, 24.5935], [72.3492, 24.6023], [72.3531, 24.6162], [72.3402, 24.623], [72.331, 24.6119], [72.3151, 24.6089], [72.2997, 24.6162], [72.2747, 24.6222], [72.2606, 24.6207], [72.242, 24.6233], [72.2336, 24.6308], [72.2164, 24.6202], [72.207, 24.6121], [72.1859, 24.6094], [72.1654, 24.6145], [72.1536, 24.6311], [72.1347, 24.6338], [72.121, 24.632], [72.1019, 24.6433], [72.0909, 24.6487], [72.0855, 24.6587], [72.0923, 24.6748], [72.0853, 24.697], [72.0525, 24.7058], [72.0409, 24.6955], [72.0073, 24.686], [71.9941, 24.6776], [71.9934, 24.6567], [71.9828, 24.6509], [71.9674, 24.6379], [71.9508, 24.6326], [71.9395, 24.6276], [71.928, 24.6338], [71.9188, 24.6462], [71.926, 24.6587], [71.9121, 24.6696], [71.8938, 24.6658], [71.8813, 24.6757], [71.865, 24.6629], [71.8626, 24.6495], [71.8678, 24.63], [71.8609, 24.6141], [71.8466, 24.6149], [71.8214, 24.6166], [71.8115, 24.6259], [71.8174, 24.6459], [71.8129, 24.6609], [71.8046, 24.6691], [71.7845, 24.6689], [71.7583, 24.6603], [71.7458, 24.6543], [71.7163, 24.6543], [71.686, 24.6398], [71.6698, 24.6366], [71.6503, 24.6399], [71.6449, 24.6525], [71.6342, 24.6581], [71.6234, 24.6642], [71.61, 24.6685], [71.5978, 24.6639], [71.5831, 24.6765], [71.5684, 24.6735], [71.5514, 24.6706], [71.537, 24.6789], [71.5228, 24.6753], [71.5035, 24.6738], [71.4883, 24.6739], [71.4742, 24.6632], [71.4589, 24.6613], [71.4453, 24.654], [71.4324, 24.6462], [71.4223, 24.6381], [71.407, 24.6347], [71.3996, 24.627], [71.3831, 24.6217], [71.3677, 24.6273], [71.362, 24.6416], [71.3567, 24.6541], [71.3428, 24.6482], [71.3265, 24.6429], [71.3178, 24.6359], [71.3101, 24.6211], [71.2977, 24.6076], [71.2871, 24.6127], [71.261, 24.6205], [71.2415, 24.6266], [71.2073, 24.6395], [71.1716, 24.6489], [71.1467, 24.658], [71.1193, 24.6686], [71.1071, 24.6807], [71.0865, 24.6978], [71.077, 24.7077], [71.0628, 24.7389], [71.0538, 24.7555], [71.0353, 24.7988], [71.0236, 24.8212], [71.0124, 24.8359], [71.004, 24.8529], [70.9896, 24.8725], [70.9787, 24.8897], [70.9619, 24.9082], [70.9455, 24.9345], [70.9326, 24.9735], [70.9256, 24.9947], [70.9147, 25.0416], [70.912, 25.0579], [70.9054, 25.095], [70.9001, 25.1197], [70.8943, 25.1441], [70.8846, 25.1536], [70.8748, 25.1632], [70.8608, 25.1758], [70.8093, 25.2238], [70.7962, 25.2398], [70.7664, 25.2649], [70.7591, 25.275], [70.7535, 25.2963], [70.7443, 25.321], [70.7323, 25.3348], [70.7232, 25.3452], [70.7059, 25.3601], [70.687, 25.3783], [70.6787, 25.3854], [70.6763, 25.4011], [70.6797, 25.4165], [70.6796, 25.4475], [70.6829, 25.4735], [70.685, 25.4895], [70.686, 25.5107], [70.6762, 25.5239], [70.6773, 25.5887], [70.6794, 25.614], [70.6804, 25.6326], [70.6811, 25.6521], [70.6761, 25.6803], [70.666, 25.6972], [70.6554, 25.7038], [70.6425, 25.7059], [70.6171, 25.7066], [70.6017, 25.7033], [70.5747, 25.6906], [70.5371, 25.677], [70.4903, 25.676], [70.4704, 25.6744], [70.4253, 25.6696], [70.4088, 25.6663], [70.3944, 25.6641], [70.3752, 25.6685], [70.2853, 25.6989], [70.2723, 25.7087], [70.2673, 25.7235], [70.2608, 25.7423], [70.2464, 25.7635], [70.2362, 25.7749], [70.2238, 25.7879], [70.2067, 25.8023], [70.178, 25.8195], [70.1714, 25.8323], [70.1663, 25.8424], [70.1547, 25.8587], [70.145, 25.8685], [70.1067, 25.9242], [70.0974, 25.9419], [70.0913, 25.9652], [70.0911, 25.9837], [70.0866, 26.0312], [70.0805, 26.0582], [70.0826, 26.0739], [70.0943, 26.0974], [70.1264, 26.1394], [70.1373, 26.1549], [70.1452, 26.1662], [70.1594, 26.1945], [70.1673, 26.2239], [70.1727, 26.2451], [70.1708, 26.2591], [70.1668, 26.2726], [70.1646, 26.2909], [70.1667, 26.307], [70.1783, 26.3498], [70.1779, 26.3658], [70.1785, 26.3844], [70.178, 26.4042], [70.176, 26.4333], [70.181, 26.4696], [70.1839, 26.4868], [70.1785, 26.5141], [70.1727, 26.5349], [70.1678, 26.5506], [70.1605, 26.559], [70.1502, 26.5683], [70.1389, 26.5744], [70.1069, 26.5895], [70.0884, 26.5956], [70.0662, 26.5993], [70.0478, 26.5991], [70.0248, 26.5987], [70.0, 26.5945], [69.9548, 26.5873], [69.9183, 26.5826], [69.8793, 26.5811], [69.8556, 26.5829], [69.8318, 26.5877], [69.8154, 26.5922], [69.7948, 26.6], [69.7719, 26.6137], [69.7433, 26.6385], [69.7219, 26.6538], [69.699, 26.6651], [69.6767, 26.6726], [69.6083, 26.7003], [69.5921, 26.7072], [69.5805, 26.7119], [69.5504, 26.7246], [69.5224, 26.736], [69.5114, 26.7445], [69.4875, 26.7937], [69.4837, 26.8062], [69.4855, 26.8235], [69.4957, 26.8725], [69.5009, 26.9003], [69.5036, 26.9433], [69.5129, 27.0144], [69.5373, 27.0693], [69.5426, 27.0833], [69.5568, 27.1173], [69.5648, 27.1376], [69.5781, 27.1655], [69.5867, 27.178], [69.6006, 27.1894], [69.6659, 27.2514], [69.6987, 27.2777], [69.7247, 27.2948], [69.7939, 27.3465], [69.8125, 27.3596], [69.8325, 27.3788], [69.8488, 27.3929], [69.862, 27.4028], [69.9076, 27.4596], [69.9211, 27.4794], [69.9362, 27.5021], [70.0, 27.545], [70.0163, 27.556], [70.0246, 27.5697], [70.0514, 27.6353], [70.0831, 27.7084], [70.1078, 27.7669], [70.157, 27.834], [70.1808, 27.8551], [70.2072, 27.8849], [70.2813, 27.9304], [70.3029, 27.9462], [70.3219, 27.9649], [70.3329, 27.9771], [70.3662, 28.0082], [70.4086, 28.0173], [70.4324, 28.0215], [70.4597, 28.0295], [70.4791, 28.0337], [70.5098, 28.0355], [70.5303, 28.0325], [70.5626, 28.0198], [70.5823, 28.0027], [70.5988, 27.9883], [70.6116, 27.9766], [70.6283, 27.9614], [70.6509, 27.9399], [70.6607, 27.9305], [70.6721, 27.9143], [70.6728, 27.8698], [70.6758, 27.851], [70.6879, 27.8219], [70.6982, 27.8077], [70.7044, 27.7965], [70.7143, 27.7795], [70.7216, 27.769], [70.738, 27.7422], [70.7514, 27.7266], [70.7577, 27.7172], [70.7888, 27.71], [70.819, 27.7043], [70.8414, 27.7033], [70.8579, 27.7022], [70.8714, 27.7002], [70.898, 27.7002], [70.95, 27.7188], [70.9616, 27.7227], [70.9843, 27.7342], [71.034, 27.7573], [71.0559, 27.7639], [71.0705, 27.7683], [71.087, 27.7768], [71.1251, 27.7923], [71.1399, 27.7983], [71.1737, 27.812], [71.2087, 27.8243], [71.2301, 27.8288], [71.2427, 27.833], [71.2552, 27.837], [71.273, 27.8419], [71.3258, 27.8517], [71.3419, 27.8547], [71.3811, 27.8619], [71.4097, 27.8658], [71.4479, 27.8661], [71.4997, 27.8656], [71.5236, 27.8654], [71.5491, 27.8662], [71.5866, 27.8703], [71.6045, 27.8682], [71.6208, 27.8684], [71.6444, 27.8687], [71.6639, 27.8727], [71.681, 27.8772], [71.698, 27.8826], [71.7199, 27.8916], [71.7434, 27.9006], [71.7596, 27.9073], [71.8263, 27.9305], [71.8585, 27.9414], [71.8931, 27.9551], [71.9015, 27.969], [71.9036, 27.9834], [71.9055, 27.9975], [71.9087, 28.0139], [71.9119, 28.0262], [71.9124, 28.0481], [71.9176, 28.0652], [71.9221, 28.0914], [71.9253, 28.1055], [71.9306, 28.1219], [71.9427, 28.1397], [71.9535, 28.1527], [71.966, 28.1653], [71.9748, 28.1782], [71.9959, 28.207], [72.0054, 28.2154], [72.0191, 28.2266], [72.0443, 28.2435], [72.0663, 28.2608], [72.0908, 28.2785], [72.1086, 28.2899], [72.1261, 28.3035], [72.1363, 28.3149], [72.1509, 28.3311], [72.1844, 28.358], [72.198, 28.3814], [72.2071, 28.397], [72.2358, 28.4748], [72.2432, 28.4964], [72.2494, 28.5108], [72.2534, 28.527], [72.2796, 28.6014], [72.2855, 28.6188], [72.302, 28.6648], [72.3263, 28.6989], [72.3444, 28.716], [72.3658, 28.7419], [72.3751, 28.7521], [72.3847, 28.7639], [72.4027, 28.7779], [72.4309, 28.7886], [72.4466, 28.7932], [72.4592, 28.7992], [72.4848, 28.8104], [72.5038, 28.8203], [72.5199, 28.8286], [72.5442, 28.8436], [72.5879, 28.866], [72.6435, 28.8991], [72.6584, 28.9069], [72.6684, 28.9128], [72.7113, 28.935], [72.7414, 28.9483], [72.7858, 28.9654], [72.844, 28.9877], [72.862, 28.9962], [72.8877, 29.0037], [72.899, 29.0094], [72.9128, 29.0144], [72.9282, 29.0199], [72.9394, 29.0252], [72.9505, 29.0459], [72.9581, 29.0611], [72.9757, 29.0992], [72.9834, 29.1139], [72.9998, 29.1465], [73.0157, 29.1643], [73.0242, 29.174], [73.0318, 29.1834], [73.0401, 29.1916], [73.0552, 29.2071], [73.0785, 29.2334], [73.0893, 29.2491], [73.0984, 29.2658], [73.1094, 29.2827], [73.1147, 29.2927], [73.137, 29.3293], [73.1469, 29.3499], [73.1574, 29.3678], [73.169, 29.386], [73.1913, 29.4286], [73.2024, 29.4419], [73.2216, 29.4794], [73.2282, 29.4883], [73.2381, 29.5061], [73.2476, 29.5209], [73.2621, 29.5412], [73.2713, 29.557], [73.2839, 29.5977], [73.2976, 29.6336], [73.312, 29.6862], [73.3173, 29.699], [73.3255, 29.7277], [73.3337, 29.7497], [73.3403, 29.7689], [73.3457, 29.792], [73.3496, 29.8052], [73.3543, 29.8176], [73.3587, 29.8361], [73.3658, 29.8528], [73.3715, 29.874], [73.3854, 29.926], [73.3914, 29.9379], [73.4074, 29.9469], [73.4669, 29.9691], [73.5333, 29.9936], [73.5469, 29.9987], [73.5618, 30.0056], [73.5796, 30.0117], [73.5995, 30.0185], [73.6112, 30.0224], [73.6534, 30.0312], [73.6719, 30.0369], [73.7092, 30.0471], [73.754, 30.0565], [73.7872, 30.0664], [73.8005, 30.0764], [73.8377, 30.1087], [73.8484, 30.1161], [73.8726, 30.1323], [73.8835, 30.1389], [73.8955, 30.1494], [73.9235, 30.1679], [73.958, 30.1857], [73.9663, 30.195], [73.9664, 30.177], [73.9608, 30.1432], [73.9625, 30.1275], [73.95, 30.1098], [73.9429, 30.0991], [73.9315, 30.0838], [73.9182, 30.0681], [73.9085, 30.0601], [73.8984, 30.0537], [73.8926, 30.0385], [73.8855, 30.0174], [73.8811, 29.9963], [73.8885, 29.9818], [73.889442, 29.97761]]]}}, {"type": "Feature", "properties": {"ID_0": 105, "ISO": "IND", "NAME_0": "India", "ID_1": 30, "NAME_1": "Sikkim", "NL_NAME_1": "", "VARNAME_1": "", "TYPE_1": "State", "ENGTYPE_1": "State", "filename": "", "filename_1": "", "filename_2": "", "filename_3": "", "filename_4": ""}, "geometry": {"type": "Polygon", "coordinates": [[[88.645256, 28.099121], [88.6541, 28.0898], [88.6611, 28.0796], [88.6728, 28.0728], [88.6858, 28.079], [88.7039, 28.0781], [88.7194, 28.0764], [88.7403, 28.076], [88.7536, 28.0719], [88.768, 28.0612], [88.7823, 28.0508], [88.7947, 28.037], [88.8023, 28.0288], [88.8167, 28.021], [88.8291, 28.0152], [88.8346, 28.0004], [88.8409, 27.991], [88.8398, 27.9652], [88.8364, 27.9474], [88.8363, 27.932], [88.8535, 27.9267], [88.8648, 27.9131], [88.8702, 27.9024], [88.8797, 27.8957], [88.88, 27.8803], [88.8846, 27.8654], [88.881, 27.839], [88.873, 27.8274], [88.8623, 27.8218], [88.8541, 27.815], [88.8568, 27.7989], [88.8523, 27.7783], [88.8543, 27.7604], [88.8614, 27.7489], [88.8543, 27.7302], [88.8505, 27.7182], [88.8413, 27.7121], [88.8455, 27.7003], [88.8445, 27.6859], [88.8466, 27.669], [88.8384, 27.6587], [88.826, 27.6455], [88.8107, 27.6428], [88.8082, 27.6191], [88.8055, 27.6033], [88.7974, 27.596], [88.7885, 27.5881], [88.7848, 27.5754], [88.7685, 27.568], [88.7731, 27.5445], [88.7791, 27.534], [88.7889, 27.5261], [88.7861, 27.5136], [88.7832, 27.4965], [88.7826, 27.4796], [88.7822, 27.4633], [88.7873, 27.4524], [88.794, 27.4366], [88.8032, 27.4271], [88.806, 27.4142], [88.8114, 27.4032], [88.8208, 27.3974], [88.8312, 27.3888], [88.8383, 27.3788], [88.849, 27.3836], [88.8631, 27.3807], [88.8672, 27.3682], [88.8791, 27.3644], [88.8851, 27.3468], [88.8899, 27.3364], [88.9069, 27.3307], [88.9218, 27.3266], [88.9142, 27.318], [88.9095, 27.3059], [88.9073, 27.2835], [88.8992, 27.275], [88.8833, 27.2691], [88.8732, 27.2591], [88.8562, 27.2613], [88.8352, 27.2631], [88.8232, 27.2587], [88.8122, 27.2524], [88.8011, 27.2476], [88.8001, 27.2331], [88.7992, 27.2157], [88.7919, 27.2045], [88.7892, 27.1899], [88.7789, 27.18], [88.7618, 27.1759], [88.7607, 27.1581], [88.7517, 27.1482], [88.7372, 27.1395], [88.7178, 27.144], [88.7118, 27.1652], [88.702, 27.1741], [88.6915, 27.1787], [88.6735, 27.1766], [88.6596, 27.1622], [88.6425, 27.1672], [88.6333, 27.1745], [88.619, 27.1879], [88.6035, 27.1912], [88.5915, 27.1945], [88.5663, 27.1879], [88.5408, 27.1837], [88.529, 27.1778], [88.5267, 27.1603], [88.5187, 27.1478], [88.5075, 27.136], [88.4964, 27.1282], [88.4813, 27.1228], [88.4691, 27.1173], [88.4648, 27.1048], [88.4545, 27.0896], [88.4396, 27.0842], [88.411, 27.0907], [88.3977, 27.0944], [88.3707, 27.0994], [88.3523, 27.1011], [88.3408, 27.1107], [88.3238, 27.1049], [88.3205, 27.1166], [88.3113, 27.1254], [88.2949, 27.1248], [88.2781, 27.1308], [88.2635, 27.1274], [88.2401, 27.1204], [88.2215, 27.1253], [88.2138, 27.1351], [88.1956, 27.1362], [88.179, 27.1347], [88.1584, 27.1144], [88.1438, 27.1171], [88.1269, 27.1231], [88.0959, 27.1355], [88.0858, 27.1415], [88.0839, 27.1611], [88.0731, 27.1744], [88.0675, 27.1903], [88.0754, 27.1988], [88.0643, 27.2078], [88.0468, 27.2161], [88.0329, 27.221], [88.017, 27.2189], [88.0218, 27.2355], [88.0303, 27.2491], [88.0332, 27.263], [88.0356, 27.2814], [88.0407, 27.2914], [88.0441, 27.304], [88.0511, 27.3123], [88.0552, 27.3243], [88.0661, 27.3341], [88.0624, 27.3493], [88.0528, 27.3583], [88.0444, 27.3707], [88.0467, 27.3843], [88.0511, 27.4006], [88.0594, 27.418], [88.0691, 27.4246], [88.0826, 27.4264], [88.0705, 27.4385], [88.069, 27.4521], [88.0627, 27.4613], [88.0538, 27.4715], [88.0478, 27.4813], [88.0463, 27.4958], [88.0534, 27.5041], [88.0641, 27.5118], [88.0698, 27.5261], [88.0617, 27.5346], [88.0677, 27.5445], [88.0718, 27.5555], [88.0836, 27.5646], [88.0871, 27.589], [88.0954, 27.5973], [88.1082, 27.6023], [88.1163, 27.6104], [88.1221, 27.627], [88.1226, 27.6453], [88.1338, 27.6551], [88.1473, 27.6654], [88.1494, 27.6788], [88.1574, 27.6904], [88.151, 27.7017], [88.1581, 27.7172], [88.161, 27.7406], [88.1812, 27.7468], [88.1834, 27.7615], [88.1879, 27.777], [88.1979, 27.7863], [88.1925, 27.7979], [88.1879, 27.8103], [88.1761, 27.8173], [88.1901, 27.8251], [88.1972, 27.8355], [88.2002, 27.848], [88.1879, 27.8565], [88.1771, 27.861], [88.1669, 27.8682], [88.1513, 27.8765], [88.1375, 27.8815], [88.1274, 27.8913], [88.1196, 27.9021], [88.1139, 27.9122], [88.1168, 27.9258], [88.1259, 27.9344], [88.1237, 27.948], [88.1331, 27.9616], [88.1472, 27.9603], [88.1672, 27.9483], [88.1828, 27.9436], [88.1955, 27.9469], [88.1997, 27.9605], [88.2098, 27.9678], [88.2216, 27.964], [88.2352, 27.9541], [88.2479, 27.9501], [88.2588, 27.9563], [88.272, 27.9584], [88.2795, 27.9673], [88.2939, 27.9681], [88.3089, 27.9727], [88.3229, 27.9813], [88.335, 27.987], [88.3502, 27.9896], [88.3638, 27.9881], [88.3747, 27.9837], [88.3888, 27.9778], [88.4007, 27.9833], [88.4088, 27.9924], [88.4235, 28.0056], [88.4509, 28.015], [88.4616, 28.0198], [88.4692, 28.0329], [88.478, 28.0426], [88.4897, 28.0481], [88.507, 28.0465], [88.5208, 28.0411], [88.5315, 28.0364], [88.5427, 28.0441], [88.5504, 28.0611], [88.5525, 28.0776], [88.5583, 28.0876], [88.5748, 28.0856], [88.5855, 28.0902], [88.5952, 28.0956], [88.6134, 28.1026], [88.6116, 28.1158], [88.6067, 28.1262], [88.6212, 28.131], [88.6297, 28.1245], [88.6351, 28.1131], [88.6412, 28.1017], [88.645256, 28.099121]]]}}, {"type": "Feature", "properties": {"ID_0": 105, "ISO": "IND", "NAME_0": "India", "ID_1": 31, "NAME_1": "Tamil Nadu", "NL_NAME_1": "", "VARNAME_1": "Madras|Tamilnad", "TYPE_1": "State", "ENGTYPE_1": "State", "filename": "", "filename_1": "", "filename_2": "", "filename_3": "", "filename_4": ""}, "geometry": {"type": "MultiPolygon", "coordinates": [[[[77.555962, 8.079031], [77.555962, 8.079031]]], [[[78.115417, 8.616809], [78.115417, 8.616809]]], [[[78.121246, 8.617361], [78.121246, 8.617361]]], [[[78.12014, 8.637921], [78.1199, 8.6232], [78.1124, 8.631], [78.12014, 8.637921]]], [[[78.12764, 8.647922], [78.12764, 8.647922]]], [[[78.117081, 8.65653], [78.1246, 8.6462], [78.1171, 8.6537], [78.117081, 8.65653]]], [[[78.208473, 8.840971], [78.208473, 8.840971]]], [[[78.224861, 8.87375], [78.224861, 8.87375]]], [[[78.252907, 8.957921], [78.252907, 8.957921]]], [[[78.491806, 9.093194], [78.491806, 9.093194]]], [[[78.539307, 9.105973], [78.539307, 9.105973]]], [[[78.580414, 9.112362], [78.5735, 9.1029], [78.580414, 9.112362]]], [[[78.487915, 9.134861], [78.487915, 9.134861]]], [[[78.696251, 9.155141], [78.696251, 9.155141]]], [[[78.730698, 9.156251], [78.730698, 9.156251]]], [[[78.828194, 9.17125], [78.8224, 9.1612], [78.8274, 9.1713], [78.828194, 9.17125]]], [[[78.940697, 9.184583], [78.9285, 9.1818], [78.9135, 9.1813], [78.9013, 9.1779], [78.9129, 9.1818], [78.926, 9.1838], [78.9415, 9.1854], [78.940697, 9.184583]]], [[[78.967651, 9.18931], [78.967651, 9.18931]]], [[[79.070137, 9.208195], [79.0768, 9.1999], [79.0871, 9.1949], [79.0749, 9.1979], [79.061, 9.1968], [79.0663, 9.2068], [79.070137, 9.208195]]], [[[79.142067, 9.214861], [79.142067, 9.214861]]], [[[79.125687, 9.21792], [79.125687, 9.21792]]], [[[79.232353, 9.24459], [79.232353, 9.24459]]], [[[79.184029, 9.24903], [79.1901, 9.2399], [79.2012, 9.2354], [79.1874, 9.2371], [79.1787, 9.2435], [79.184029, 9.24903]]], [[[79.219025, 9.250972], [79.2099, 9.2449], [79.219025, 9.250972]]], [[[79.312363, 9.328472], [79.3226, 9.3235], [79.3315, 9.3171], [79.3307, 9.3026], [79.3251, 9.2926], [79.3171, 9.2854], [79.3193, 9.2724], [79.3251, 9.2632], [79.3321, 9.2551], [79.3404, 9.2479], [79.349, 9.2413], [79.3574, 9.2343], [79.3651, 9.2268], [79.3732, 9.2199], [79.3821, 9.2135], [79.391, 9.2074], [79.399, 9.2001], [79.4074, 9.1932], [79.4154, 9.186], [79.4235, 9.179], [79.4313, 9.1715], [79.4388, 9.1638], [79.4304, 9.1704], [79.4226, 9.1779], [79.4287, 9.169], [79.4362, 9.1615], [79.4276, 9.1682], [79.4193, 9.1754], [79.409, 9.181], [79.3996, 9.1871], [79.3907, 9.1932], [79.3812, 9.1988], [79.3718, 9.2046], [79.3626, 9.211], [79.3532, 9.2168], [79.3443, 9.2229], [79.3349, 9.2287], [79.3246, 9.2338], [79.3149, 9.2393], [79.304, 9.244], [79.2935, 9.2487], [79.2826, 9.2532], [79.2685, 9.256], [79.2554, 9.2588], [79.239, 9.2596], [79.224, 9.2593], [79.219, 9.2696], [79.2085, 9.2743], [79.2138, 9.2843], [79.2224, 9.2921], [79.2376, 9.2918], [79.2535, 9.2915], [79.2676, 9.2932], [79.2729, 9.3029], [79.2793, 9.3121], [79.2885, 9.3179], [79.2993, 9.3224], [79.309, 9.3279], [79.312363, 9.328472]]], [[[79.529305, 9.384028], [79.529137, 9.384028], [79.529305, 9.384197], [79.529305, 9.384028]]], [[[79.53009, 9.385958], [79.530136, 9.385694], [79.529984, 9.385694], [79.53009, 9.385958]]], [[[79.53009, 9.385958], [79.53009, 9.385958]]], [[[79.529861, 9.38875], [79.529861, 9.38875]]], [[[79.529861, 9.38875], [79.529861, 9.38875]]], [[[79.529305, 9.389304], [79.529587, 9.389311], [79.529587, 9.38916], [79.529305, 9.389304]]], [[[79.529305, 9.389304], [79.529305, 9.389304]]], [[[79.528648, 9.389853], [79.528358, 9.390138], [79.528748, 9.390141], [79.528648, 9.389853]]], [[[79.706802, 10.288195], [79.706802, 10.288195]]], [[[79.697906, 10.290139], [79.697906, 10.290139]]], [[[79.695694, 10.290971], [79.695694, 10.290971]]], [[[79.691246, 10.29792], [79.691246, 10.29792]]], [[[79.685974, 10.298472], [79.685974, 10.298472]]], [[[79.622643, 10.299862], [79.622643, 10.299862]]], [[[79.608192, 10.30264], [79.608192, 10.30264]]], [[[79.618752, 10.308751], [79.618752, 10.308751]]], [[[79.624031, 10.308751], [79.624031, 10.308751]]], [[[79.631531, 10.308751], [79.631531, 10.308751]]], [[[79.69986, 10.309583], [79.69986, 10.309583]]], [[[79.677361, 10.309861], [79.677361, 10.309861]]], [[[79.68985, 10.310421], [79.68985, 10.310421]]], [[[79.608757, 10.311251], [79.608757, 10.311251]]], [[[79.695976, 10.321252], [79.7085, 10.3157], [79.6968, 10.3124], [79.695976, 10.321252]]], [[[79.63208, 10.333194], [79.63208, 10.333194]]], [[[79.625687, 10.343751], [79.625687, 10.343751]]], [[[79.839027, 11.23653], [79.839027, 11.23653]]], [[[79.82708, 11.237362], [79.82708, 11.237362]]], [[[79.991249, 12.251251], [79.991249, 12.251251]]], [[[80.322906, 13.438471], [80.322906, 13.438471]]], [[[80.075821, 13.52676], [80.0938, 13.5136], [80.105, 13.5036], [80.1208, 13.5024], [80.1307, 13.4971], [80.1446, 13.4856], [80.1542, 13.4789], [80.1757, 13.479], [80.1941, 13.4762], [80.2094, 13.4818], [80.2303, 13.4769], [80.2409, 13.4702], [80.2506, 13.4606], [80.2583, 13.4493], [80.2634, 13.4394], [80.2653, 13.4211], [80.2779, 13.4075], [80.276, 13.3891], [80.2931, 13.3834], [80.3065, 13.3748], [80.3148, 13.3918], [80.3128, 13.4059], [80.3115, 13.4218], [80.3207, 13.4149], [80.3251, 13.404], [80.3229, 13.3907], [80.3301, 13.3804], [80.3246, 13.3707], [80.3315, 13.3796], [80.3301, 13.3935], [80.3268, 13.4054], [80.3235, 13.4174], [80.3262, 13.4299], [80.3282, 13.4168], [80.3296, 13.4024], [80.3324, 13.3901], [80.3354, 13.3779], [80.3385, 13.3654], [80.3412, 13.3529], [80.344, 13.3404], [80.3457, 13.326], [80.3468, 13.3118], [80.3463, 13.2968], [80.3432, 13.2843], [80.3404, 13.2718], [80.3371, 13.254], [80.334, 13.2418], [80.3262, 13.2343], [80.3171, 13.2404], [80.3168, 13.2257], [80.3096, 13.2176], [80.3193, 13.2229], [80.3274, 13.2301], [80.3265, 13.2157], [80.3226, 13.2043], [80.319, 13.1918], [80.3157, 13.1799], [80.3118, 13.1688], [80.3074, 13.1579], [80.3026, 13.1476], [80.2993, 13.1357], [80.3001, 13.1215], [80.3049, 13.1113], [80.2988, 13.1018], [80.3035, 13.091], [80.2971, 13.0824], [80.2915, 13.0729], [80.2854, 13.0632], [80.2815, 13.0507], [80.2804, 13.0365], [80.2785, 13.0232], [80.2718, 13.0146], [80.2712, 13.0001], [80.2693, 12.9857], [80.2665, 12.9729], [80.2635, 12.9599], [80.261, 12.9474], [80.2585, 12.9343], [80.2571, 12.9204], [80.2554, 12.9068], [80.2538, 12.8929], [80.2524, 12.8788], [80.2504, 12.8654], [80.249, 12.8515], [80.2482, 12.8371], [80.2474, 12.8168], [80.2421, 12.8054], [80.2387, 12.8174], [80.2376, 12.8318], [80.234, 12.8435], [80.2357, 12.8268], [80.2376, 12.8132], [80.2343, 12.801], [80.2326, 12.7876], [80.2393, 12.796], [80.2482, 12.8026], [80.2515, 12.7907], [80.2535, 12.7771], [80.2499, 12.7657], [80.246, 12.754], [80.2418, 12.7421], [80.2376, 12.731], [80.2335, 12.7193], [80.2293, 12.7082], [80.2257, 12.6968], [80.2215, 12.6854], [80.2174, 12.6743], [80.2135, 12.6629], [80.2096, 12.6518], [80.2049, 12.6415], [80.201, 12.6304], [80.2001, 12.6163], [80.1949, 12.6065], [80.1904, 12.5957], [80.1865, 12.5843], [80.1757, 12.5799], [80.1751, 12.5946], [80.179, 12.6062], [80.1654, 12.6043], [80.1701, 12.594], [80.1615, 12.5874], [80.1699, 12.5807], [80.1824, 12.576], [80.1799, 12.5635], [80.176, 12.5524], [80.1718, 12.5415], [80.1676, 12.529], [80.164, 12.5165], [80.1615, 12.5029], [80.159, 12.4876], [80.1576, 12.4735], [80.1535, 12.4624], [80.1482, 12.4524], [80.1424, 12.4432], [80.1357, 12.4349], [80.1296, 12.426], [80.1235, 12.4171], [80.1176, 12.4076], [80.1107, 12.3993], [80.104, 12.3907], [80.0968, 12.3826], [80.0893, 12.3749], [80.0824, 12.3668], [80.0757, 12.3585], [80.069, 12.3501], [80.0624, 12.3415], [80.0563, 12.3326], [80.0593, 12.3449], [80.0571, 12.3582], [80.0476, 12.3638], [80.0421, 12.3543], [80.0315, 12.3499], [80.0232, 12.3432], [80.0176, 12.3337], [80.0315, 12.3349], [80.0452, 12.3365], [80.0515, 12.3454], [80.0604, 12.3515], [80.0565, 12.3401], [80.0508, 12.3307], [80.0449, 12.321], [80.0401, 12.3107], [80.0335, 12.3021], [80.0279, 12.2926], [80.0218, 12.2835], [80.0168, 12.2718], [80.0121, 12.2613], [80.001, 12.2574], [79.9904, 12.2529], [79.9829, 12.2443], [79.9735, 12.2385], [79.964, 12.2324], [79.954, 12.2265], [79.9449, 12.2204], [79.9526, 12.2129], [79.9613, 12.2193], [79.9688, 12.2271], [79.9782, 12.2329], [79.9851, 12.241], [79.9929, 12.2482], [80.0024, 12.2537], [79.9996, 12.241], [79.9938, 12.2318], [79.9879, 12.2226], [79.9818, 12.2135], [79.9762, 12.204], [79.9701, 12.1949], [79.9643, 12.1857], [79.9582, 12.1762], [79.9518, 12.1674], [79.9454, 12.1587], [79.9393, 12.1493], [79.9329, 12.1404], [79.9274, 12.1307], [79.9218, 12.1212], [79.916, 12.1118], [79.9101, 12.1026], [79.9037, 12.0938], [79.8979, 12.0843], [79.8924, 12.0746], [79.886, 12.066], [79.8807, 12.0563], [79.876, 12.046], [79.871, 12.0354], [79.866, 12.0251], [79.861, 12.0146], [79.8568, 12.0038], [79.8526, 11.9926], [79.8482, 11.9812], [79.8446, 11.9693], [79.841, 11.9579], [79.8382, 11.9454], [79.8254, 11.9401], [79.811, 11.9425], [79.8063, 11.9553], [79.7997, 11.9643], [79.7917, 11.9477], [79.7758, 11.946], [79.7655, 11.9392], [79.7581, 11.9304], [79.7472, 11.9178], [79.7405, 11.9072], [79.7369, 11.9274], [79.7336, 11.9472], [79.7145, 11.9553], [79.7179, 11.9689], [79.7269, 11.9625], [79.7382, 11.9671], [79.7491, 11.9724], [79.7347, 11.9943], [79.7271, 11.98], [79.7126, 11.9756], [79.7017, 11.9861], [79.6908, 11.9963], [79.6924, 12.0111], [79.679, 12.0193], [79.6715, 12.0116], [79.6593, 11.9969], [79.647, 11.9933], [79.6423, 11.9758], [79.6596, 11.9771], [79.6654, 11.9675], [79.6775, 11.974], [79.6948, 11.9751], [79.7019, 11.9564], [79.6867, 11.9473], [79.6777, 11.9394], [79.6841, 11.9272], [79.6978, 11.9167], [79.6946, 11.9313], [79.7041, 11.913], [79.7249, 11.8915], [79.7169, 11.8768], [79.7017, 11.8765], [79.6917, 11.8978], [79.7026, 11.9025], [79.6829, 11.9047], [79.6838, 11.8875], [79.6759, 11.8793], [79.6604, 11.8773], [79.6712, 11.8666], [79.6821, 11.8734], [79.6935, 11.8539], [79.7038, 11.8383], [79.718, 11.8476], [79.7278, 11.8323], [79.7394, 11.8499], [79.7498, 11.8605], [79.7557, 11.8505], [79.7503, 11.836], [79.7581, 11.8221], [79.7636, 11.8325], [79.7785, 11.8388], [79.791, 11.8318], [79.793, 11.8177], [79.8004, 11.8084], [79.7974, 11.7935], [79.7957, 11.7787], [79.7932, 11.7657], [79.7899, 11.7532], [79.7876, 11.7404], [79.7843, 11.7279], [79.7801, 11.7168], [79.7768, 11.7043], [79.774, 11.6918], [79.7718, 11.6782], [79.769, 11.666], [79.7665, 11.6521], [79.7643, 11.6388], [79.7607, 11.6274], [79.7599, 11.6132], [79.7585, 11.5985], [79.7574, 11.584], [79.7574, 11.5674], [79.7588, 11.5521], [79.7615, 11.5382], [79.7654, 11.5268], [79.7699, 11.516], [79.7749, 11.5057], [79.7807, 11.4963], [79.7843, 11.4849], [79.789, 11.4743], [79.7954, 11.4657], [79.801, 11.4563], [79.806, 11.446], [79.8096, 11.4346], [79.8129, 11.4229], [79.8157, 11.4096], [79.8185, 11.3965], [79.8215, 11.3843], [79.8243, 11.3704], [79.8135, 11.3746], [79.8187, 11.3646], [79.8271, 11.3571], [79.8382, 11.3526], [79.8382, 11.3374], [79.8371, 11.3221], [79.8374, 11.304], [79.8388, 11.2876], [79.841, 11.2737], [79.8432, 11.2607], [79.8463, 11.2479], [79.8382, 11.2379], [79.8243, 11.2413], [79.8179, 11.2318], [79.8068, 11.236], [79.8182, 11.2307], [79.8301, 11.234], [79.8401, 11.229], [79.8471, 11.2376], [79.8501, 11.2235], [79.8518, 11.209], [79.8538, 11.1957], [79.8554, 11.1821], [79.8565, 11.1646], [79.8576, 11.1476], [79.859, 11.1221], [79.8585, 11.0943], [79.8574, 11.0768], [79.8568, 11.0554], [79.8562, 11.0374], [79.8576, 11.0237], [79.856, 11.0099], [79.8549, 10.9951], [79.8551, 10.9776], [79.8376, 10.9764], [79.8244, 10.9795], [79.8139, 10.9871], [79.7974, 10.9849], [79.7896, 10.9734], [79.7772, 10.9679], [79.7723, 10.9796], [79.7526, 10.9799], [79.7372, 10.9891], [79.7299, 10.9814], [79.7382, 10.9693], [79.7399, 10.9558], [79.7455, 10.9433], [79.7317, 10.9482], [79.7155, 10.9533], [79.7039, 10.9476], [79.7093, 10.9356], [79.7085, 10.9212], [79.7208, 10.9107], [79.7284, 10.9023], [79.743, 10.8994], [79.7414, 10.8833], [79.7479, 10.8952], [79.7519, 10.8809], [79.7612, 10.8914], [79.7764, 10.8817], [79.7674, 10.8756], [79.7803, 10.8713], [79.8028, 10.8711], [79.8114, 10.8644], [79.7918, 10.864], [79.8035, 10.8575], [79.7994, 10.8447], [79.8059, 10.828], [79.8137, 10.8184], [79.832, 10.8114], [79.8512, 10.8138], [79.8507, 10.7974], [79.851, 10.7799], [79.8518, 10.7649], [79.851, 10.7501], [79.8518, 10.7357], [79.8526, 10.7215], [79.8532, 10.7018], [79.8532, 10.6863], [79.8538, 10.6682], [79.8532, 10.6538], [79.8543, 10.6365], [79.8551, 10.6199], [79.856, 10.6038], [79.8565, 10.5893], [79.8574, 10.5751], [79.8587, 10.5599], [79.8599, 10.5451], [79.8607, 10.5293], [79.8613, 10.5138], [79.8621, 10.499], [79.8629, 10.4829], [79.8632, 10.4682], [79.864, 10.454], [79.8649, 10.4393], [79.8657, 10.4215], [79.8674, 10.4065], [79.8688, 10.3918], [79.8704, 10.3774], [79.8726, 10.3646], [79.8751, 10.3518], [79.8779, 10.339], [79.8807, 10.3257], [79.884, 10.314], [79.8815, 10.3012], [79.8749, 10.2926], [79.8662, 10.2863], [79.8562, 10.2813], [79.844, 10.2776], [79.8243, 10.2754], [79.8104, 10.274], [79.796, 10.2732], [79.7732, 10.2732], [79.7585, 10.2737], [79.7443, 10.2749], [79.7504, 10.2843], [79.7632, 10.2865], [79.7768, 10.2849], [79.7726, 10.296], [79.7632, 10.3018], [79.7576, 10.3113], [79.7671, 10.3057], [79.7785, 10.3018], [79.7682, 10.3065], [79.7593, 10.3132], [79.7438, 10.3135], [79.7301, 10.311], [79.7218, 10.3179], [79.7107, 10.3224], [79.6976, 10.3246], [79.6826, 10.3238], [79.6721, 10.3193], [79.6565, 10.3187], [79.6393, 10.319], [79.6363, 10.3318], [79.6301, 10.3407], [79.6285, 10.3543], [79.6215, 10.3463], [79.6104, 10.3415], [79.621, 10.3365], [79.6171, 10.3251], [79.6102, 10.3168], [79.601, 10.311], [79.5863, 10.3093], [79.5721, 10.3104], [79.5549, 10.3121], [79.5668, 10.3071], [79.5796, 10.3049], [79.5935, 10.3029], [79.606, 10.2996], [79.6196, 10.2979], [79.6321, 10.2949], [79.6451, 10.2926], [79.659, 10.291], [79.6651, 10.3004], [79.6782, 10.2985], [79.6888, 10.2935], [79.6976, 10.2865], [79.7138, 10.2868], [79.7243, 10.2821], [79.736, 10.2779], [79.7229, 10.2746], [79.7082, 10.2768], [79.6951, 10.2788], [79.6818, 10.2807], [79.6682, 10.2824], [79.6554, 10.2851], [79.6426, 10.2874], [79.6293, 10.2893], [79.6162, 10.2915], [79.6029, 10.2937], [79.589, 10.296], [79.5754, 10.2976], [79.5618, 10.3001], [79.5485, 10.3018], [79.5354, 10.304], [79.524, 10.3076], [79.5315, 10.3168], [79.5451, 10.3151], [79.5515, 10.3252], [79.5599, 10.3324], [79.5732, 10.3304], [79.5865, 10.3279], [79.5901, 10.3393], [79.5762, 10.3407], [79.564, 10.3438], [79.5518, 10.3468], [79.5429, 10.3399], [79.5432, 10.3252], [79.5312, 10.3221], [79.516, 10.3204], [79.5076, 10.3274], [79.5204, 10.3252], [79.5104, 10.3304], [79.5037, 10.3218], [79.4901, 10.3243], [79.486, 10.3357], [79.4715, 10.3365], [79.4576, 10.3379], [79.476, 10.3357], [79.484, 10.3285], [79.4713, 10.3257], [79.4574, 10.3243], [79.4679, 10.3193], [79.4843, 10.3179], [79.4993, 10.3176], [79.5137, 10.3151], [79.5046, 10.309], [79.4907, 10.3102], [79.4751, 10.3113], [79.4615, 10.3129], [79.4463, 10.3143], [79.4324, 10.3154], [79.4182, 10.3162], [79.4046, 10.3176], [79.3882, 10.3171], [79.3793, 10.3107], [79.3746, 10.3001], [79.3604, 10.301], [79.3571, 10.2893], [79.3479, 10.296], [79.3412, 10.2871], [79.3293, 10.2835], [79.3199, 10.2779], [79.3121, 10.2707], [79.3021, 10.2649], [79.2932, 10.2588], [79.2857, 10.2507], [79.2776, 10.2435], [79.2704, 10.2354], [79.2738, 10.2235], [79.2812, 10.2137], [79.2726, 10.2071], [79.2657, 10.1988], [79.2579, 10.1915], [79.2474, 10.186], [79.2415, 10.1743], [79.2401, 10.1574], [79.2312, 10.1507], [79.2288, 10.1379], [79.2371, 10.1287], [79.231, 10.119], [79.2293, 10.1051], [79.2296, 10.0901], [79.234, 10.0785], [79.244, 10.0732], [79.2524, 10.0665], [79.2529, 10.0518], [79.259, 10.0429], [79.2543, 10.0324], [79.2451, 10.0265], [79.2376, 10.0188], [79.2296, 10.0115], [79.2226, 10.0032], [79.2154, 9.9951], [79.2085, 9.9868], [79.2015, 9.9787], [79.1951, 9.9696], [79.1871, 9.9624], [79.1796, 9.9549], [79.1721, 9.9474], [79.1646, 9.9399], [79.156, 9.9332], [79.1537, 9.9204], [79.1465, 9.9115], [79.1393, 9.9035], [79.1307, 9.8965], [79.1254, 9.8865], [79.1199, 9.8768], [79.1237, 9.8654], [79.1207, 9.8532], [79.1129, 9.846], [79.1068, 9.8371], [79.0971, 9.8318], [79.089, 9.8249], [79.0835, 9.8151], [79.0796, 9.8038], [79.0729, 9.7954], [79.0662, 9.7868], [79.0604, 9.7774], [79.0526, 9.7701], [79.0415, 9.766], [79.0346, 9.7579], [79.0282, 9.7487], [79.0207, 9.741], [79.0157, 9.731], [79.0082, 9.7235], [79.0015, 9.7151], [78.9938, 9.7074], [78.9885, 9.6974], [78.9812, 9.6893], [78.9762, 9.679], [78.9718, 9.6676], [78.9701, 9.6532], [78.9646, 9.6429], [78.9601, 9.6321], [78.9532, 9.6237], [78.944, 9.6176], [78.9365, 9.6099], [78.9324, 9.599], [78.9282, 9.5879], [78.9257, 9.5751], [78.9221, 9.5635], [78.9204, 9.5501], [78.9185, 9.5365], [78.9215, 9.5243], [78.9165, 9.5135], [78.9143, 9.5007], [78.9085, 9.491], [78.8982, 9.4801], [78.9013, 9.4676], [78.9065, 9.4574], [78.9121, 9.4479], [78.9176, 9.4382], [78.9232, 9.4288], [78.9293, 9.4199], [78.9357, 9.4113], [78.9426, 9.4029], [78.9499, 9.3951], [78.9571, 9.3871], [78.9646, 9.3796], [78.9715, 9.3713], [78.9793, 9.364], [78.9871, 9.3565], [78.9954, 9.3493], [79.0038, 9.3426], [79.0124, 9.336], [79.021, 9.3293], [79.0293, 9.3224], [79.0382, 9.3163], [79.0474, 9.3101], [79.0571, 9.3043], [79.0676, 9.2993], [79.0804, 9.2968], [79.0924, 9.2932], [79.1046, 9.2896], [79.124, 9.2896], [79.1374, 9.2913], [79.1501, 9.289], [79.1612, 9.2843], [79.1771, 9.2846], [79.1907, 9.2829], [79.1774, 9.2807], [79.1637, 9.2785], [79.1496, 9.2765], [79.1368, 9.2724], [79.1243, 9.2699], [79.1129, 9.266], [79.101, 9.2624], [79.0857, 9.2604], [79.069, 9.261], [79.054, 9.2624], [79.0401, 9.2651], [79.0274, 9.2679], [79.0135, 9.2699], [79.0004, 9.2724], [78.986, 9.2735], [78.9707, 9.2735], [78.9571, 9.2721], [78.9437, 9.2701], [78.931, 9.2674], [78.921, 9.2621], [78.914, 9.254], [78.9021, 9.2504], [78.8904, 9.2538], [78.8774, 9.2562], [78.8649, 9.2535], [78.854, 9.2493], [78.8401, 9.2474], [78.8307, 9.2532], [78.8346, 9.2671], [78.8299, 9.2568], [78.8329, 9.2438], [78.8224, 9.2393], [78.8096, 9.2371], [78.799, 9.2324], [78.7876, 9.2285], [78.7765, 9.2243], [78.7649, 9.2204], [78.7532, 9.2154], [78.741, 9.2121], [78.7285, 9.209], [78.7199, 9.2026], [78.7168, 9.1901], [78.7024, 9.1915], [78.6907, 9.1949], [78.6774, 9.1968], [78.6635, 9.1951], [78.6543, 9.189], [78.646, 9.1818], [78.6432, 9.1693], [78.6501, 9.161], [78.6382, 9.1557], [78.6254, 9.1535], [78.6126, 9.151], [78.6012, 9.1468], [78.5915, 9.1412], [78.5826, 9.1349], [78.5676, 9.1346], [78.5546, 9.1371], [78.5387, 9.1374], [78.5246, 9.136], [78.5104, 9.1351], [78.4987, 9.1315], [78.4863, 9.1285], [78.4896, 9.1412], [78.4826, 9.1326], [78.4707, 9.1274], [78.4565, 9.126], [78.4451, 9.1224], [78.4326, 9.1193], [78.4212, 9.1151], [78.4101, 9.111], [78.4013, 9.1046], [78.3926, 9.0982], [78.384, 9.0915], [78.3754, 9.0849], [78.3635, 9.0882], [78.3626, 9.0738], [78.3549, 9.0665], [78.3471, 9.0593], [78.3385, 9.0529], [78.3296, 9.0468], [78.3207, 9.0407], [78.3124, 9.0337], [78.3032, 9.0276], [78.2943, 9.021], [78.2854, 9.0149], [78.2765, 9.0087], [78.2685, 9.0157], [78.2662, 9.0029], [78.2574, 8.9965], [78.2479, 8.991], [78.2387, 8.9851], [78.2301, 8.9785], [78.2218, 8.9715], [78.214, 8.964], [78.2068, 8.9557], [78.2007, 8.9468], [78.1946, 8.9379], [78.189, 8.9282], [78.184, 8.9179], [78.1804, 8.906], [78.1782, 8.8926], [78.1704, 8.8849], [78.1674, 8.8715], [78.1663, 8.8571], [78.166, 8.8424], [78.1679, 8.8285], [78.1637, 8.8176], [78.1637, 8.8024], [78.1621, 8.7885], [78.1588, 8.7768], [78.1682, 8.771], [78.1801, 8.7674], [78.1862, 8.7763], [78.191, 8.7654], [78.1979, 8.774], [78.194, 8.7851], [78.1993, 8.7746], [78.2029, 8.7632], [78.2132, 8.7585], [78.224, 8.7543], [78.2118, 8.7574], [78.201, 8.7618], [78.2057, 8.7507], [78.2174, 8.7474], [78.2038, 8.7488], [78.1885, 8.7488], [78.1751, 8.7471], [78.166, 8.741], [78.1596, 8.7324], [78.1557, 8.7213], [78.1526, 8.7093], [78.1446, 8.7021], [78.1382, 8.6935], [78.134, 8.6821], [78.1321, 8.6688], [78.1285, 8.6551], [78.119, 8.6624], [78.1107, 8.6554], [78.1135, 8.6429], [78.1012, 8.6401], [78.1015, 8.6238], [78.107, 8.614], [78.0996, 8.6063], [78.0954, 8.5954], [78.0965, 8.5813], [78.1082, 8.5849], [78.1204, 8.5885], [78.1312, 8.5932], [78.1182, 8.591], [78.1035, 8.5915], [78.1057, 8.6046], [78.1151, 8.599], [78.1243, 8.6054], [78.126, 8.6188], [78.1243, 8.6335], [78.1274, 8.619], [78.1304, 8.6062], [78.1354, 8.5957], [78.1382, 8.5835], [78.1349, 8.5712], [78.1326, 8.5574], [78.1279, 8.5471], [78.1246, 8.5349], [78.1226, 8.5218], [78.1254, 8.5096], [78.129, 8.4982], [78.1237, 8.4882], [78.1162, 8.4804], [78.1087, 8.4726], [78.101, 8.4652], [78.0938, 8.4574], [78.0871, 8.4485], [78.0801, 8.4401], [78.0735, 8.4315], [78.0671, 8.4226], [78.0629, 8.4115], [78.0601, 8.3985], [78.0557, 8.3865], [78.0604, 8.376], [78.0518, 8.3676], [78.0399, 8.3637], [78.0282, 8.3601], [78.0168, 8.3557], [78.0057, 8.3515], [77.9951, 8.3468], [77.9832, 8.3415], [77.9746, 8.3349], [77.9649, 8.3296], [77.9565, 8.3229], [77.951, 8.3126], [77.941, 8.3071], [77.9315, 8.3015], [77.9215, 8.2963], [77.9118, 8.291], [77.9015, 8.2863], [77.8946, 8.2782], [77.884, 8.2726], [77.8743, 8.2671], [77.8629, 8.2632], [77.8524, 8.2585], [77.8401, 8.2549], [77.8285, 8.251], [77.8174, 8.2471], [77.8071, 8.2424], [77.7993, 8.2343], [77.791, 8.2274], [77.7835, 8.2199], [77.7832, 8.2051], [77.7763, 8.1968], [77.7651, 8.1929], [77.756, 8.1868], [77.7482, 8.1796], [77.7374, 8.1743], [77.7254, 8.1713], [77.716, 8.1657], [77.7029, 8.1638], [77.6888, 8.1624], [77.676, 8.1601], [77.6624, 8.1585], [77.6471, 8.1585], [77.6349, 8.1554], [77.6226, 8.1526], [77.6107, 8.1493], [77.5993, 8.1451], [77.5882, 8.141], [77.5776, 8.1365], [77.5701, 8.1285], [77.5618, 8.1215], [77.5579, 8.1099], [77.5593, 8.0962], [77.5543, 8.0857], [77.5468, 8.0779], [77.5312, 8.0771], [77.5199, 8.0818], [77.5068, 8.0838], [77.4932, 8.0871], [77.4804, 8.0896], [77.4662, 8.0915], [77.4529, 8.0935], [77.4399, 8.0962], [77.4282, 8.0996], [77.4154, 8.1024], [77.4021, 8.106], [77.391, 8.1101], [77.3796, 8.1137], [77.3682, 8.1174], [77.3568, 8.1212], [77.344, 8.1237], [77.331, 8.1263], [77.3187, 8.1232], [77.3076, 8.1274], [77.3035, 8.1385], [77.2976, 8.1479], [77.2887, 8.1543], [77.2796, 8.1604], [77.2699, 8.1657], [77.2599, 8.1707], [77.2468, 8.1729], [77.2379, 8.179], [77.2304, 8.1874], [77.2237, 8.1963], [77.2149, 8.2026], [77.2051, 8.2079], [77.1957, 8.2138], [77.1854, 8.2188], [77.1793, 8.2279], [77.1718, 8.2354], [77.1663, 8.2449], [77.156, 8.2499], [77.1471, 8.2562], [77.1379, 8.2621], [77.1296, 8.269], [77.1207, 8.2751], [77.1121, 8.2815], [77.1035, 8.2879], [77.0946, 8.294], [77.1047, 8.3016], [77.1088, 8.3129], [77.1219, 8.3229], [77.137, 8.3201], [77.1521, 8.3195], [77.1509, 8.3355], [77.1568, 8.3452], [77.1475, 8.3546], [77.1358, 8.3457], [77.1432, 8.3623], [77.1358, 8.3725], [77.1407, 8.3828], [77.1494, 8.3754], [77.1645, 8.3878], [77.1722, 8.4017], [77.1804, 8.4186], [77.1887, 8.4347], [77.2095, 8.4377], [77.2051, 8.4555], [77.1946, 8.4694], [77.1909, 8.4882], [77.1986, 8.5039], [77.2173, 8.4961], [77.2275, 8.4906], [77.2413, 8.4981], [77.2525, 8.5171], [77.2582, 8.5281], [77.2652, 8.5374], [77.2597, 8.5491], [77.2515, 8.571], [77.2429, 8.5806], [77.2321, 8.5921], [77.2279, 8.6031], [77.2187, 8.6184], [77.2124, 8.6288], [77.1985, 8.6411], [77.1903, 8.6549], [77.1905, 8.6712], [77.1877, 8.6838], [77.1793, 8.6996], [77.167, 8.7076], [77.1629, 8.7209], [77.1574, 8.7312], [77.1709, 8.7334], [77.1811, 8.7408], [77.1808, 8.7576], [77.1978, 8.7577], [77.2053, 8.7704], [77.2154, 8.7867], [77.224, 8.7983], [77.2316, 8.8071], [77.2362, 8.8176], [77.247, 8.8319], [77.2404, 8.8515], [77.2399, 8.8681], [77.2271, 8.8718], [77.2239, 8.8851], [77.2147, 8.8921], [77.202, 8.9067], [77.1981, 8.9193], [77.1897, 8.9126], [77.1792, 8.921], [77.1797, 8.9375], [77.1753, 8.9508], [77.1632, 8.9623], [77.1584, 8.9782], [77.1469, 8.987], [77.1373, 8.9982], [77.1322, 9.0119], [77.1469, 9.0216], [77.1538, 9.0366], [77.1674, 9.0385], [77.1821, 9.0365], [77.1843, 9.0506], [77.1915, 9.062], [77.1959, 9.0884], [77.2048, 9.0958], [77.2117, 9.1064], [77.2257, 9.1141], [77.2377, 9.13], [77.2461, 9.1392], [77.2496, 9.156], [77.2484, 9.1758], [77.2366, 9.1792], [77.247, 9.1893], [77.2582, 9.2001], [77.2668, 9.2088], [77.2595, 9.2244], [77.2625, 9.2409], [77.2659, 9.2553], [77.2741, 9.2632], [77.2671, 9.2817], [77.2735, 9.2942], [77.2835, 9.3009], [77.2854, 9.3156], [77.2905, 9.3277], [77.307, 9.3276], [77.3206, 9.3511], [77.3198, 9.3761], [77.3276, 9.3898], [77.3214, 9.4018], [77.3301, 9.4152], [77.3343, 9.4311], [77.3429, 9.4404], [77.3516, 9.4497], [77.3636, 9.4433], [77.3786, 9.4507], [77.3868, 9.4674], [77.3855, 9.4862], [77.3962, 9.4965], [77.3864, 9.5068], [77.3707, 9.5087], [77.361, 9.5162], [77.3505, 9.5263], [77.3488, 9.5462], [77.3374, 9.5549], [77.3437, 9.5638], [77.3409, 9.5776], [77.3462, 9.5878], [77.3285, 9.5732], [77.3107, 9.5704], [77.3149, 9.5886], [77.3043, 9.593], [77.2865, 9.5873], [77.275, 9.581], [77.2611, 9.5667], [77.2467, 9.5687], [77.2299, 9.5759], [77.2147, 9.5788], [77.2086, 9.5888], [77.1966, 9.5957], [77.186, 9.6059], [77.1746, 9.5972], [77.1555, 9.6015], [77.1622, 9.6198], [77.1659, 9.638], [77.1689, 9.6516], [77.1796, 9.6604], [77.1848, 9.6715], [77.1917, 9.6862], [77.1902, 9.7062], [77.1999, 9.7173], [77.206, 9.7375], [77.2124, 9.7554], [77.2098, 9.7799], [77.2267, 9.7868], [77.2328, 9.7973], [77.2195, 9.8088], [77.2089, 9.8145], [77.215, 9.8309], [77.2237, 9.843], [77.2183, 9.8535], [77.1991, 9.866], [77.2065, 9.8778], [77.2044, 9.8943], [77.2169, 9.9058], [77.2209, 9.9178], [77.2345, 9.9381], [77.2499, 9.9425], [77.259, 9.9534], [77.2498, 9.9728], [77.2451, 9.9862], [77.2409, 10.0001], [77.2489, 10.0158], [77.2423, 10.0262], [77.2307, 10.0395], [77.2207, 10.0506], [77.2129, 10.0585], [77.2044, 10.0685], [77.1907, 10.0812], [77.1881, 10.0957], [77.1946, 10.1062], [77.2123, 10.1088], [77.2213, 10.1154], [77.2399, 10.1141], [77.2533, 10.1114], [77.261, 10.1287], [77.2591, 10.1554], [77.2644, 10.1797], [77.2714, 10.1941], [77.2791, 10.204], [77.2748, 10.2205], [77.2588, 10.2239], [77.2465, 10.2206], [77.2448, 10.2452], [77.2319, 10.2772], [77.2209, 10.296], [77.2145, 10.3058], [77.2183, 10.322], [77.2222, 10.3403], [77.1995, 10.342], [77.1814, 10.3432], [77.1688, 10.346], [77.1482, 10.3341], [77.1341, 10.3237], [77.1193, 10.3155], [77.1083, 10.3072], [77.0922, 10.3043], [77.0817, 10.2996], [77.0676, 10.2902], [77.0519, 10.2855], [77.0461, 10.2743], [77.0425, 10.262], [77.0386, 10.2482], [77.0186, 10.2418], [77.0067, 10.2364], [76.9958, 10.2294], [76.9873, 10.2199], [76.9746, 10.2139], [76.9588, 10.2187], [76.9459, 10.2228], [76.9278, 10.2296], [76.9093, 10.2232], [76.8987, 10.2326], [76.8918, 10.2431], [76.8846, 10.2551], [76.8708, 10.2641], [76.8621, 10.2826], [76.8406, 10.2836], [76.83, 10.2911], [76.8196, 10.3026], [76.8259, 10.32], [76.8276, 10.3376], [76.8358, 10.3464], [76.8393, 10.3597], [76.8307, 10.3721], [76.8205, 10.3818], [76.8226, 10.3989], [76.812, 10.4114], [76.8175, 10.4385], [76.821, 10.4802], [76.8253, 10.503], [76.8314, 10.5246], [76.8245, 10.5376], [76.8302, 10.553], [76.826, 10.5675], [76.8297, 10.5851], [76.8154, 10.5883], [76.8096, 10.6043], [76.8033, 10.6141], [76.8147, 10.626], [76.8313, 10.6259], [76.8525, 10.6239], [76.8726, 10.6294], [76.8722, 10.6535], [76.8677, 10.6662], [76.8551, 10.6724], [76.8616, 10.6863], [76.875, 10.7067], [76.8793, 10.7202], [76.8868, 10.7368], [76.8931, 10.7504], [76.8967, 10.7661], [76.8915, 10.7922], [76.8819, 10.8011], [76.86, 10.7998], [76.8526, 10.8085], [76.8371, 10.8155], [76.8452, 10.8265], [76.8387, 10.8376], [76.8276, 10.8471], [76.8209, 10.8589], [76.7909, 10.871], [76.7777, 10.879], [76.7619, 10.8798], [76.7491, 10.8848], [76.7327, 10.881], [76.7228, 10.8876], [76.7114, 10.8956], [76.7004, 10.9008], [76.6846, 10.9024], [76.6528, 10.92], [76.6556, 10.9343], [76.6593, 10.9505], [76.6778, 10.9797], [76.6808, 10.9927], [76.6904, 11.0175], [76.7065, 11.0314], [76.7324, 11.029], [76.757, 11.0246], [76.7818, 11.029], [76.7925, 11.0424], [76.7754, 11.0343], [76.7548, 11.0392], [76.7465, 11.047], [76.736, 11.0545], [76.7464, 11.0709], [76.7427, 11.086], [76.7341, 11.0934], [76.7394, 11.1036], [76.7387, 11.1213], [76.7222, 11.1225], [76.7127, 11.1329], [76.703, 11.1418], [76.6967, 11.1327], [76.6912, 11.1445], [76.686, 11.1577], [76.6935, 11.1667], [76.7013, 11.1745], [76.7138, 11.178], [76.7179, 11.1924], [76.7265, 11.2065], [76.7104, 11.2183], [76.697, 11.2313], [76.6794, 11.227], [76.6682, 11.2107], [76.6534, 11.2043], [76.6416, 11.1965], [76.6297, 11.1908], [76.6021, 11.1955], [76.5778, 11.1968], [76.548, 11.1931], [76.5361, 11.1893], [76.5212, 11.1903], [76.5102, 11.1953], [76.5023, 11.2029], [76.4748, 11.2013], [76.4665, 11.1861], [76.4527, 11.1802], [76.4436, 11.1909], [76.4464, 11.2305], [76.4881, 11.252], [76.5135, 11.262], [76.522, 11.2812], [76.5341, 11.288], [76.5285, 11.3034], [76.5352, 11.3163], [76.5408, 11.327], [76.5382, 11.3516], [76.5164, 11.349], [76.5101, 11.3612], [76.4729, 11.3753], [76.4484, 11.3814], [76.4393, 11.3907], [76.4184, 11.4053], [76.4082, 11.4148], [76.4104, 11.4336], [76.3906, 11.428], [76.3706, 11.4409], [76.3615, 11.448], [76.3391, 11.4542], [76.3209, 11.4447], [76.3059, 11.4534], [76.289, 11.4563], [76.2858, 11.4686], [76.2661, 11.4687], [76.2473, 11.4641], [76.2409, 11.4752], [76.2448, 11.4943], [76.2332, 11.5187], [76.243, 11.5242], [76.2345, 11.5465], [76.2269, 11.5597], [76.2597, 11.5869], [76.271, 11.5929], [76.2779, 11.5835], [76.2906, 11.5806], [76.2938, 11.565], [76.3052, 11.5704], [76.3286, 11.5886], [76.3356, 11.5783], [76.3501, 11.5827], [76.3654, 11.5917], [76.3768, 11.6046], [76.3801, 11.6224], [76.3962, 11.6253], [76.4213, 11.6251], [76.4342, 11.6335], [76.4298, 11.6451], [76.4235, 11.6593], [76.4514, 11.6551], [76.4666, 11.6723], [76.4738, 11.6842], [76.4878, 11.6855], [76.5042, 11.698], [76.5247, 11.686], [76.5353, 11.677], [76.543, 11.663], [76.5452, 11.6483], [76.5497, 11.627], [76.5536, 11.6129], [76.5748, 11.6057], [76.5967, 11.6034], [76.6257, 11.6038], [76.6644, 11.6051], [76.679, 11.6041], [76.7075, 11.6059], [76.7354, 11.6052], [76.7463, 11.6105], [76.7738, 11.6034], [76.7908, 11.5997], [76.8083, 11.5962], [76.8236, 11.5913], [76.836, 11.584], [76.8473, 11.5886], [76.8509, 11.6018], [76.8416, 11.6132], [76.8331, 11.6253], [76.8278, 11.6384], [76.8323, 11.6527], [76.8384, 11.6647], [76.8447, 11.6774], [76.8557, 11.6943], [76.8646, 11.7105], [76.8756, 11.7179], [76.8817, 11.7301], [76.886, 11.7445], [76.8893, 11.7606], [76.8934, 11.7773], [76.9068, 11.7812], [76.9267, 11.7809], [76.9444, 11.7813], [76.9532, 11.7713], [76.9654, 11.7765], [76.9748, 11.791], [76.9821, 11.7995], [77.0044, 11.803], [77.0186, 11.7973], [77.0286, 11.7891], [77.0223, 11.7647], [77.0413, 11.7776], [77.0565, 11.7771], [77.0501, 11.7577], [77.0739, 11.7295], [77.0963, 11.7231], [77.1093, 11.7128], [77.1054, 11.7316], [77.1032, 11.7459], [77.1053, 11.7595], [77.1197, 11.7634], [77.1346, 11.7664], [77.1554, 11.7743], [77.1723, 11.7757], [77.1897, 11.7828], [77.2039, 11.7845], [77.2271, 11.7837], [77.2413, 11.794], [77.2723, 11.7912], [77.2848, 11.7984], [77.3062, 11.7787], [77.3136, 11.77], [77.3261, 11.7589], [77.3457, 11.7641], [77.3552, 11.7784], [77.3819, 11.7762], [77.4015, 11.764], [77.4125, 11.7561], [77.4238, 11.7661], [77.4303, 11.7767], [77.4409, 11.7913], [77.4425, 11.8065], [77.4516, 11.8234], [77.4563, 11.8391], [77.4521, 11.8532], [77.4552, 11.8673], [77.4539, 11.8819], [77.4704, 11.8836], [77.4773, 11.8953], [77.4822, 11.9121], [77.4828, 11.9287], [77.5006, 11.9272], [77.5237, 11.9215], [77.548, 11.9307], [77.5733, 11.924], [77.5857, 11.9295], [77.6037, 11.9303], [77.6152, 11.9342], [77.6302, 11.938], [77.6434, 11.9442], [77.6548, 11.9374], [77.6637, 11.953], [77.6772, 11.9843], [77.6895, 12.0099], [77.7016, 12.0271], [77.7126, 12.0414], [77.7204, 12.0534], [77.734, 12.0602], [77.7461, 12.0693], [77.7505, 12.0805], [77.7563, 12.092], [77.7664, 12.101], [77.7528, 12.118], [77.7442, 12.1267], [77.7405, 12.1426], [77.732, 12.1546], [77.7264, 12.1673], [77.7108, 12.1733], [77.6728, 12.1814], [77.6554, 12.1877], [77.633, 12.1864], [77.6214, 12.1917], [77.6041, 12.1952], [77.5911, 12.1906], [77.5696, 12.1881], [77.5467, 12.1904], [77.5334, 12.1938], [77.5198, 12.1887], [77.4925, 12.1872], [77.4788, 12.194], [77.4657, 12.2023], [77.4723, 12.2173], [77.4668, 12.234], [77.4672, 12.2532], [77.4752, 12.266], [77.4906, 12.2731], [77.5021, 12.2663], [77.5183, 12.2695], [77.5235, 12.281], [77.5395, 12.2824], [77.5452, 12.2927], [77.5561, 12.2972], [77.566, 12.3167], [77.5753, 12.3263], [77.5862, 12.3363], [77.5912, 12.3492], [77.6038, 12.3538], [77.6075, 12.3677], [77.6109, 12.3857], [77.6158, 12.4049], [77.6171, 12.4187], [77.6201, 12.4381], [77.6217, 12.4544], [77.6252, 12.4773], [77.6173, 12.4855], [77.5966, 12.4646], [77.5754, 12.4684], [77.5825, 12.4763], [77.6018, 12.4917], [77.6052, 12.5033], [77.5785, 12.507], [77.5776, 12.5235], [77.5724, 12.5404], [77.5701, 12.5579], [77.5815, 12.5842], [77.5821, 12.6051], [77.5935, 12.6166], [77.5955, 12.6304], [77.588, 12.6427], [77.5903, 12.6575], [77.6094, 12.6634], [77.6329, 12.6701], [77.6543, 12.6742], [77.6703, 12.6712], [77.6674, 12.6528], [77.6875, 12.6519], [77.7018, 12.6583], [77.7038, 12.6737], [77.7141, 12.6654], [77.7314, 12.664], [77.7273, 12.6829], [77.74, 12.6886], [77.756, 12.6971], [77.7615, 12.7077], [77.7517, 12.7184], [77.7584, 12.7293], [77.7781, 12.7337], [77.785, 12.7451], [77.7738, 12.7511], [77.7815, 12.771], [77.7879, 12.7813], [77.7995, 12.7869], [77.7914, 12.7963], [77.7988, 12.8049], [77.801, 12.8208], [77.788, 12.8236], [77.7895, 12.8388], [77.8049, 12.8428], [77.817, 12.849], [77.8256, 12.859], [77.8396, 12.8559], [77.8545, 12.8567], [77.878, 12.8593], [77.8875, 12.8669], [77.9022, 12.8734], [77.9177, 12.8784], [77.9287, 12.8714], [77.9197, 12.8635], [77.9336, 12.8617], [77.9278, 12.8505], [77.9153, 12.8443], [77.9118, 12.8324], [77.9183, 12.8192], [77.933, 12.8129], [77.9399, 12.8293], [77.9326, 12.8396], [77.9386, 12.8497], [77.9468, 12.8381], [77.955, 12.8252], [77.9713, 12.8226], [77.9813, 12.8104], [77.986, 12.7953], [78.0015, 12.7954], [77.9933, 12.8137], [78.0071, 12.82], [78.0091, 12.8337], [78.0149, 12.8459], [78.04, 12.8382], [78.0514, 12.8323], [78.0646, 12.8302], [78.0737, 12.8213], [78.0825, 12.8092], [78.0951, 12.8002], [78.1095, 12.7914], [78.1178, 12.7799], [78.1271, 12.7702], [78.143, 12.7666], [78.1581, 12.7602], [78.1753, 12.7633], [78.1902, 12.7611], [78.2023, 12.7551], [78.2207, 12.7526], [78.2289, 12.7202], [78.2203, 12.7033], [78.2032, 12.699], [78.1895, 12.6836], [78.2001, 12.6756], [78.2281, 12.6739], [78.2274, 12.6893], [78.2644, 12.6918], [78.2842, 12.6676], [78.2889, 12.6566], [78.3088, 12.65], [78.3224, 12.6372], [78.3388, 12.6319], [78.3484, 12.6236], [78.3606, 12.6151], [78.3742, 12.6131], [78.3975, 12.6136], [78.4123, 12.6183], [78.4249, 12.6149], [78.4394, 12.6169], [78.4548, 12.612], [78.4591, 12.6315], [78.4577, 12.6623], [78.4741, 12.6592], [78.4886, 12.6633], [78.4941, 12.6747], [78.4896, 12.6866], [78.4941, 12.6979], [78.5098, 12.6988], [78.4936, 12.7112], [78.4844, 12.7231], [78.4943, 12.7304], [78.5018, 12.7215], [78.5123, 12.708], [78.5264, 12.7012], [78.5185, 12.6924], [78.5244, 12.6797], [78.5398, 12.6842], [78.548, 12.6954], [78.5482, 12.715], [78.5539, 12.7261], [78.5503, 12.7388], [78.5581, 12.7516], [78.5657, 12.759], [78.5777, 12.7659], [78.5829, 12.7762], [78.5898, 12.7925], [78.5977, 12.8111], [78.5938, 12.833], [78.599, 12.8495], [78.6046, 12.866], [78.6122, 12.8886], [78.6197, 12.9021], [78.6248, 12.9142], [78.6467, 12.919], [78.6357, 12.9383], [78.629, 12.9531], [78.6202, 12.9739], [78.6284, 12.9897], [78.6373, 12.9968], [78.645, 13.0073], [78.6511, 13.0179], [78.6686, 13.0111], [78.6938, 13.0044], [78.7013, 13.0443], [78.7255, 13.0528], [78.7395, 13.0455], [78.7545, 13.047], [78.7775, 13.0532], [78.7866, 13.0622], [78.7942, 13.0698], [78.8081, 13.0779], [78.8323, 13.0696], [78.8584, 13.0711], [78.8647, 13.0847], [78.8835, 13.082], [78.8804, 13.0696], [78.8809, 13.0443], [78.8794, 13.0255], [78.8901, 13.0198], [78.9159, 13.0231], [78.9044, 13.0311], [78.9009, 13.0521], [78.912, 13.0633], [78.9301, 13.066], [78.9458, 13.0635], [78.9592, 13.0654], [78.9717, 13.0751], [78.9883, 13.0727], [78.9952, 13.063], [79.0114, 13.0578], [79.0259, 13.0496], [79.0439, 13.0437], [79.0533, 13.038], [79.0606, 13.0208], [79.0691, 13.0142], [79.0828, 13.0125], [79.1044, 13.0242], [79.1193, 13.0226], [79.1311, 13.0168], [79.1416, 13.0098], [79.1612, 13.0118], [79.1731, 13.0193], [79.177, 13.0334], [79.1723, 13.0437], [79.1791, 13.0601], [79.1835, 13.0729], [79.1889, 13.0846], [79.2022, 13.0903], [79.2143, 13.0968], [79.2183, 13.1103], [79.2147, 13.1277], [79.2264, 13.1346], [79.2367, 13.1268], [79.2442, 13.1412], [79.2565, 13.1365], [79.2674, 13.1412], [79.2727, 13.1267], [79.2849, 13.1228], [79.2988, 13.1148], [79.2975, 13.0974], [79.31, 13.0999], [79.3124, 13.1138], [79.3307, 13.1212], [79.3444, 13.1236], [79.3546, 13.1298], [79.3469, 13.1402], [79.3478, 13.163], [79.3612, 13.156], [79.3672, 13.1656], [79.3784, 13.1824], [79.3926, 13.1845], [79.4133, 13.1858], [79.4216, 13.1932], [79.4216, 13.2085], [79.4455, 13.2168], [79.4425, 13.2292], [79.4269, 13.2227], [79.417, 13.2122], [79.4087, 13.2196], [79.4073, 13.2377], [79.4123, 13.2575], [79.419, 13.2663], [79.425, 13.2813], [79.4054, 13.2854], [79.3856, 13.2947], [79.3746, 13.303], [79.4014, 13.3158], [79.4173, 13.322], [79.4546, 13.3243], [79.4793, 13.3215], [79.4978, 13.3148], [79.5227, 13.3159], [79.5358, 13.3111], [79.5392, 13.2898], [79.5463, 13.2741], [79.5548, 13.2592], [79.5654, 13.2494], [79.5803, 13.2454], [79.5887, 13.2604], [79.6011, 13.2677], [79.6152, 13.2605], [79.6307, 13.2682], [79.6385, 13.2762], [79.6534, 13.2746], [79.6626, 13.2681], [79.6685, 13.2819], [79.6793, 13.2693], [79.6843, 13.2567], [79.6738, 13.247], [79.6733, 13.2295], [79.6846, 13.2339], [79.6957, 13.2238], [79.6894, 13.2112], [79.6996, 13.2027], [79.7114, 13.2105], [79.7186, 13.2226], [79.7325, 13.215], [79.7383, 13.1983], [79.7518, 13.2048], [79.7633, 13.2089], [79.7736, 13.2175], [79.7849, 13.2235], [79.7754, 13.2341], [79.7528, 13.2438], [79.7394, 13.2544], [79.7218, 13.2657], [79.7296, 13.2751], [79.7461, 13.28], [79.7506, 13.2988], [79.7684, 13.2896], [79.7798, 13.2821], [79.7923, 13.2916], [79.8003, 13.3043], [79.824, 13.3023], [79.8391, 13.3033], [79.8557, 13.3081], [79.8706, 13.3118], [79.8802, 13.3204], [79.8918, 13.3246], [79.9039, 13.3333], [79.9107, 13.3437], [79.9255, 13.3359], [79.94, 13.3581], [79.948, 13.3672], [79.9503, 13.382], [79.9356, 13.3849], [79.9325, 13.4044], [79.9443, 13.4108], [79.9585, 13.4129], [79.961, 13.4277], [79.9622, 13.4441], [79.9683, 13.4564], [79.9875, 13.4619], [80.0044, 13.4783], [80.0189, 13.4864], [80.036, 13.4845], [80.037, 13.4994], [80.0256, 13.504], [80.0084, 13.5083], [79.9902, 13.5101], [79.9897, 13.5268], [80.0077, 13.5324], [80.0175, 13.5251], [80.0341, 13.5218], [80.051, 13.5305], [80.0656, 13.5348], [80.075821, 13.52676]]]]}}, {"type": "Feature", "properties": {"ID_0": 105, "ISO": "IND", "NAME_0": "India", "ID_1": 32, "NAME_1": "Tripura", "NL_NAME_1": "", "VARNAME_1": "", "TYPE_1": "State", "ENGTYPE_1": "State", "filename": "", "filename_1": "", "filename_2": "", "filename_3": "", "filename_4": ""}, "geometry": {"type": "Polygon", "coordinates": [[[92.185196, 24.522873], [92.1971, 24.5166], [92.2073, 24.5066], [92.2211, 24.503], [92.2343, 24.5004], [92.2394, 24.4899], [92.2303, 24.48], [92.2312, 24.4654], [92.2359, 24.4538], [92.2565, 24.4363], [92.256, 24.419], [92.2627, 24.4098], [92.2698, 24.3949], [92.2725, 24.3794], [92.2681, 24.3673], [92.2129, 24.2493], [92.2405, 24.2506], [92.2596, 24.2504], [92.2848, 24.252], [92.2941, 24.2443], [92.2995, 24.2316], [92.3138, 24.2229], [92.319, 24.209], [92.3251, 24.199], [92.3296, 24.1882], [92.3286, 24.1661], [92.3344, 24.1508], [92.3292, 24.1399], [92.3282, 24.1246], [92.3319, 24.1118], [92.3283, 24.0986], [92.3291, 24.0822], [92.3229, 24.0718], [92.3186, 24.0573], [92.3154, 24.0449], [92.3193, 24.0313], [92.3172, 24.0176], [92.3246, 24.0065], [92.3291, 23.9897], [92.3241, 23.9795], [92.315, 23.9722], [92.3114, 23.9606], [92.3112, 23.9456], [92.3181, 23.9304], [92.3279, 23.924], [92.3311, 23.9118], [92.323, 23.9042], [92.3207, 23.8912], [92.3171, 23.8792], [92.3202, 23.8658], [92.3042, 23.8638], [92.2951, 23.8701], [92.2852, 23.8573], [92.2747, 23.8491], [92.2821, 23.8309], [92.2868, 23.8168], [92.2695, 23.8178], [92.2607, 23.8071], [92.2637, 23.7917], [92.2678, 23.77], [92.2664, 23.7387], [92.262, 23.7271], [92.2475, 23.7241], [92.2415, 23.7136], [92.2445, 23.6999], [92.2422, 23.6865], [92.2375, 23.6755], [92.2326, 23.6636], [92.2203, 23.6586], [92.2134, 23.6708], [92.2161, 23.6835], [92.2148, 23.6981], [92.204, 23.7066], [92.1939, 23.7116], [92.1834, 23.7182], [92.1789, 23.7324], [92.1739, 23.7428], [92.1587, 23.7376], [92.1488, 23.7281], [92.1422, 23.7152], [92.1326, 23.7068], [92.1255, 23.6982], [92.1171, 23.6897], [92.1102, 23.6816], [92.099, 23.6777], [92.0881, 23.6728], [92.0854, 23.6605], [92.0814, 23.6481], [92.0669, 23.6458], [92.0541, 23.6501], [92.0432, 23.656], [92.0314, 23.6608], [92.0186, 23.6649], [92.0095, 23.676], [92.002, 23.6886], [91.9977, 23.701], [91.9923, 23.7132], [91.9848, 23.7264], [91.9709, 23.7302], [91.9593, 23.7234], [91.9567, 23.708], [91.9543, 23.694], [91.9452, 23.6861], [91.9469, 23.6682], [91.9519, 23.6469], [91.9521, 23.6287], [91.9567, 23.6179], [91.9547, 23.5959], [91.9624, 23.5813], [91.9605, 23.567], [91.9642, 23.5557], [91.9624, 23.5419], [91.9665, 23.531], [91.9596, 23.5223], [91.9681, 23.5138], [91.9742, 23.5044], [91.9727, 23.4906], [91.9638, 23.4821], [91.9542, 23.4747], [91.9418, 23.4691], [91.9439, 23.4559], [91.9472, 23.4441], [91.9338, 23.44], [91.9204, 23.4424], [91.9035, 23.4414], [91.894, 23.4358], [91.887, 23.4268], [91.8773, 23.4192], [91.8668, 23.4118], [91.8561, 23.4053], [91.8439, 23.3965], [91.8381, 23.3845], [91.8344, 23.3689], [91.8237, 23.3572], [91.8167, 23.346], [91.8082, 23.3387], [91.8025, 23.3288], [91.796, 23.3175], [91.7899, 23.308], [91.7831, 23.294], [91.7769, 23.2825], [91.7728, 23.2701], [91.7732, 23.2539], [91.7773, 23.2429], [91.7872, 23.2335], [91.7887, 23.2188], [91.793, 23.2078], [91.7994, 23.1967], [91.8016, 23.1818], [91.8058, 23.1703], [91.8079, 23.1569], [91.8141, 23.1473], [91.8127, 23.1328], [91.8139, 23.1186], [91.8226, 23.1116], [91.8269, 23.1002], [91.8345, 23.0919], [91.8257, 23.0839], [91.8198, 23.0746], [91.8096, 23.0695], [91.7962, 23.0657], [91.7878, 23.0727], [91.7785, 23.0667], [91.7825, 23.0533], [91.7874, 23.0421], [91.7805, 23.0311], [91.7765, 23.0442], [91.7663, 23.0293], [91.7584, 23.0207], [91.7511, 23.01], [91.7392, 23.0046], [91.7289, 22.9976], [91.7213, 22.9888], [91.7109, 22.9978], [91.6983, 23.0026], [91.691, 22.9944], [91.679, 22.9913], [91.6668, 22.9878], [91.6527, 22.9919], [91.646, 22.9788], [91.6373, 22.9698], [91.6283, 22.9612], [91.6236, 22.948], [91.6192, 22.9598], [91.6067, 22.956], [91.6084, 22.97], [91.5982, 22.9752], [91.5898, 22.9683], [91.5678, 22.9723], [91.5627, 22.983], [91.5528, 22.9925], [91.549, 23.0063], [91.5441, 23.0179], [91.5517, 23.0295], [91.5385, 23.0347], [91.5414, 23.0504], [91.5286, 23.0536], [91.5393, 23.0621], [91.5338, 23.0745], [91.5338, 23.0895], [91.5258, 23.0967], [91.5161, 23.1048], [91.5235, 23.1142], [91.5149, 23.1249], [91.5217, 23.1391], [91.5063, 23.1412], [91.4996, 23.1505], [91.5031, 23.1648], [91.5054, 23.1788], [91.4956, 23.1873], [91.4815, 23.1859], [91.4889, 23.199], [91.486, 23.2122], [91.4671, 23.2125], [91.4745, 23.2243], [91.468, 23.235], [91.4583, 23.2426], [91.456, 23.2561], [91.4366, 23.2584], [91.4237, 23.255], [91.4232, 23.2708], [91.4181, 23.2543], [91.4078, 23.2609], [91.4132, 23.2488], [91.403, 23.2377], [91.3958, 23.2234], [91.3929, 23.2086], [91.3934, 23.1934], [91.3888, 23.1795], [91.3929, 23.1676], [91.3915, 23.1526], [91.3978, 23.1416], [91.4031, 23.1291], [91.405, 23.1159], [91.409, 23.1045], [91.4122, 23.0917], [91.4174, 23.0803], [91.4182, 23.0641], [91.4112, 23.0537], [91.3959, 23.0554], [91.3777, 23.0641], [91.3715, 23.0741], [91.3635, 23.0867], [91.3563, 23.0952], [91.3532, 23.111], [91.3472, 23.12], [91.3432, 23.1313], [91.3401, 23.1446], [91.3346, 23.1557], [91.3311, 23.1688], [91.3301, 23.1833], [91.3298, 23.2109], [91.3288, 23.2287], [91.3255, 23.2407], [91.3315, 23.2504], [91.3234, 23.2587], [91.3186, 23.269], [91.3226, 23.2821], [91.3082, 23.2883], [91.3125, 23.2995], [91.3187, 23.3096], [91.3045, 23.3144], [91.2981, 23.3272], [91.3025, 23.3411], [91.315, 23.3447], [91.3212, 23.3545], [91.3042, 23.3541], [91.2964, 23.3629], [91.2981, 23.3788], [91.285, 23.3818], [91.2825, 23.3971], [91.2821, 23.4162], [91.2725, 23.424], [91.2674, 23.4389], [91.2599, 23.4485], [91.2575, 23.4646], [91.2565, 23.4821], [91.245, 23.4917], [91.2377, 23.5001], [91.2245, 23.5024], [91.218, 23.5134], [91.2069, 23.5178], [91.2086, 23.5334], [91.2148, 23.5436], [91.204, 23.5478], [91.1991, 23.5591], [91.1948, 23.5709], [91.1859, 23.5811], [91.1821, 23.5937], [91.1672, 23.5979], [91.1646, 23.6121], [91.1626, 23.6283], [91.1627, 23.6435], [91.1644, 23.6588], [91.1809, 23.6564], [91.1952, 23.6553], [91.2065, 23.651], [91.2068, 23.6682], [91.2084, 23.6827], [91.201, 23.6924], [91.185, 23.6914], [91.1675, 23.6916], [91.1567, 23.6991], [91.1548, 23.7164], [91.1582, 23.7292], [91.1617, 23.7427], [91.1724, 23.7521], [91.1876, 23.7511], [91.2055, 23.7522], [91.2158, 23.747], [91.2246, 23.7401], [91.2294, 23.7526], [91.2341, 23.7694], [91.234, 23.7858], [91.2351, 23.8021], [91.2405, 23.8153], [91.2465, 23.8253], [91.2543, 23.8362], [91.2521, 23.8523], [91.2453, 23.8623], [91.2403, 23.8737], [91.2325, 23.8832], [91.2322, 23.8995], [91.2443, 23.906], [91.2468, 23.919], [91.2389, 23.9263], [91.2518, 23.929], [91.2672, 23.9271], [91.2759, 23.936], [91.2669, 23.9446], [91.27, 23.9584], [91.2759, 23.97], [91.2816, 23.9802], [91.2895, 23.968], [91.3006, 23.975], [91.304, 23.9895], [91.3188, 23.9937], [91.3347, 23.9918], [91.3444, 23.9844], [91.3601, 23.9863], [91.3698, 23.9808], [91.3769, 23.9901], [91.3743, 24.0079], [91.381, 24.0179], [91.3908, 24.0291], [91.3955, 24.0457], [91.3882, 24.0645], [91.381, 24.0753], [91.3763, 24.0891], [91.3752, 24.1044], [91.386, 24.1088], [91.3999, 24.1108], [91.418, 24.1098], [91.4308, 24.1042], [91.4441, 24.098], [91.4613, 24.0981], [91.4755, 24.1001], [91.4874, 24.0969], [91.4964, 24.0887], [91.5129, 24.0869], [91.525, 24.084], [91.537, 24.0807], [91.5507, 24.0779], [91.5676, 24.0783], [91.5846, 24.0761], [91.5962, 24.0802], [91.5943, 24.0947], [91.609, 24.096], [91.6257, 24.0988], [91.6382, 24.1057], [91.6416, 24.1232], [91.6372, 24.1368], [91.6432, 24.1511], [91.6451, 24.166], [91.6499, 24.177], [91.6587, 24.1842], [91.6528, 24.1961], [91.65, 24.211], [91.6547, 24.2218], [91.6645, 24.2294], [91.6691, 24.2188], [91.6736, 24.2042], [91.6795, 24.1922], [91.6826, 24.1771], [91.6884, 24.1653], [91.6993, 24.1608], [91.7101, 24.152], [91.7253, 24.1476], [91.7368, 24.1429], [91.7526, 24.1429], [91.7605, 24.152], [91.7574, 24.1702], [91.7551, 24.1831], [91.7528, 24.1972], [91.7491, 24.2183], [91.7435, 24.2471], [91.7846, 24.2244], [91.7967, 24.2206], [91.8099, 24.2164], [91.8181, 24.2092], [91.8306, 24.2143], [91.8377, 24.2242], [91.8514, 24.2215], [91.8477, 24.207], [91.8418, 24.1977], [91.8507, 24.1896], [91.858, 24.1815], [91.8693, 24.1766], [91.8746, 24.1619], [91.8785, 24.1478], [91.8883, 24.137], [91.9026, 24.1378], [91.9113, 24.1454], [91.9143, 24.1601], [91.9221, 24.2038], [91.9278, 24.2227], [91.9322, 24.2395], [91.9371, 24.2537], [91.9419, 24.2676], [91.9345, 24.2912], [91.9292, 24.3078], [91.9249, 24.3208], [91.9204, 24.3358], [91.936, 24.342], [91.9483, 24.3505], [91.9661, 24.3503], [91.9754, 24.3415], [91.9828, 24.3311], [91.9912, 24.3234], [91.9995, 24.3345], [91.9929, 24.3435], [91.9836, 24.3546], [91.9794, 24.3671], [91.9696, 24.3788], [91.9782, 24.3852], [91.9864, 24.3761], [91.9898, 24.3889], [92.0067, 24.3868], [92.0217, 24.383], [92.0343, 24.3795], [92.0486, 24.3768], [92.0642, 24.3758], [92.0804, 24.3759], [92.0965, 24.3755], [92.1053, 24.3835], [92.1237, 24.3873], [92.1279, 24.3992], [92.1358, 24.4082], [92.1391, 24.4245], [92.1557, 24.4264], [92.1669, 24.4221], [92.166, 24.4368], [92.1645, 24.4521], [92.1576, 24.4608], [92.1594, 24.4747], [92.1531, 24.4881], [92.1541, 24.5042], [92.1615, 24.5123], [92.1559, 24.5242], [92.1665, 24.5294], [92.1792, 24.5266], [92.185196, 24.522873]]]}}, {"type": "Feature", "properties": {"ID_0": 105, "ISO": "IND", "NAME_0": "India", "ID_1": 33, "NAME_1": "Uttar Pradesh", "NL_NAME_1": "", "VARNAME_1": "United Provinces", "TYPE_1": "State", "ENGTYPE_1": "State", "filename": "", "filename_1": "", "filename_2": "", "filename_3": "", "filename_4": ""}, "geometry": {"type": "Polygon", "coordinates": [[[77.584679, 30.408781], [77.6027, 30.4084], [77.6169, 30.4053], [77.6305, 30.4109], [77.6414, 30.4054], [77.6519, 30.3955], [77.663, 30.3906], [77.6718, 30.3839], [77.6798, 30.3756], [77.6871, 30.3646], [77.6934, 30.3557], [77.7011, 30.3475], [77.7099, 30.3399], [77.7209, 30.3354], [77.7324, 30.3299], [77.7483, 30.3254], [77.7587, 30.3201], [77.773, 30.3131], [77.7832, 30.3064], [77.7993, 30.2976], [77.8091, 30.2922], [77.8241, 30.2864], [77.8363, 30.2823], [77.8519, 30.2766], [77.8655, 30.2705], [77.8799, 30.2719], [77.8916, 30.2674], [77.9036, 30.2627], [77.9136, 30.2576], [77.9239, 30.2498], [77.9293, 30.24], [77.9218, 30.2297], [77.9145, 30.2218], [77.9044, 30.2152], [77.8999, 30.204], [77.8971, 30.1882], [77.8879, 30.1787], [77.8794, 30.1697], [77.8687, 30.1588], [77.8613, 30.1441], [77.8553, 30.1336], [77.8481, 30.1245], [77.8385, 30.1123], [77.8284, 30.1061], [77.8219, 30.0969], [77.8131, 30.0896], [77.8028, 30.0946], [77.7939, 30.1011], [77.7828, 30.0933], [77.7773, 30.0824], [77.7719, 30.0725], [77.7653, 30.0631], [77.7583, 30.0505], [77.7657, 30.0397], [77.7739, 30.0321], [77.7678, 30.0229], [77.7532, 30.0174], [77.7446, 30.0088], [77.7408, 29.9941], [77.7301, 29.9875], [77.7441, 29.9719], [77.7401, 29.9589], [77.7295, 29.9519], [77.7207, 29.939], [77.7288, 29.9286], [77.733, 29.9135], [77.7248, 29.9059], [77.7175, 29.8946], [77.703, 29.8898], [77.702, 29.8718], [77.7096, 29.8595], [77.7301, 29.8531], [77.7292, 29.8376], [77.739, 29.8303], [77.744, 29.8163], [77.7493, 29.8044], [77.7647, 29.7855], [77.7635, 29.7704], [77.7617, 29.7558], [77.7674, 29.7378], [77.7638, 29.7261], [77.7577, 29.7159], [77.7698, 29.7099], [77.7949, 29.7005], [77.7892, 29.6859], [77.8045, 29.6769], [77.8213, 29.669], [77.8343, 29.6719], [77.8429, 29.6813], [77.8541, 29.6889], [77.8662, 29.6934], [77.8739, 29.702], [77.8999, 29.6978], [77.9095, 29.7038], [77.9202, 29.7139], [77.9367, 29.7139], [77.9494, 29.7077], [77.9411, 29.7], [77.9454, 29.6872], [77.9567, 29.679], [77.9632, 29.6702], [77.9654, 29.6555], [77.9717, 29.6446], [77.9735, 29.6268], [77.9768, 29.614], [77.9624, 29.61], [77.9519, 29.616], [77.9509, 29.5984], [77.9532, 29.5847], [77.9674, 29.5857], [77.981, 29.5878], [77.9808, 29.5688], [77.9789, 29.5541], [77.988, 29.5459], [77.9942, 29.5551], [78.0166, 29.5546], [78.0326, 29.5517], [78.0383, 29.5614], [78.0407, 29.5753], [78.0439, 29.5931], [78.0593, 29.6016], [78.0732, 29.5999], [78.0887, 29.6133], [78.0942, 29.628], [78.107, 29.6332], [78.1148, 29.6452], [78.134, 29.6585], [78.1391, 29.6761], [78.1659, 29.6795], [78.1822, 29.6916], [78.1923, 29.7066], [78.2213, 29.7176], [78.2314, 29.7041], [78.2648, 29.7268], [78.2819, 29.7423], [78.3029, 29.7576], [78.3317, 29.7962], [78.3513, 29.7863], [78.386, 29.7739], [78.4084, 29.7734], [78.4243, 29.7616], [78.4522, 29.7521], [78.4736, 29.7485], [78.4876, 29.7414], [78.4902, 29.7249], [78.5003, 29.7153], [78.506, 29.6939], [78.5072, 29.677], [78.5092, 29.6597], [78.5177, 29.6392], [78.5255, 29.6298], [78.5612, 29.5937], [78.5765, 29.5806], [78.6052, 29.5618], [78.6215, 29.5529], [78.6396, 29.5478], [78.6504, 29.5407], [78.6766, 29.5214], [78.6854, 29.5135], [78.7083, 29.5094], [78.7266, 29.5087], [78.7391, 29.505], [78.7658, 29.4838], [78.7855, 29.476], [78.8114, 29.4698], [78.8301, 29.4685], [78.8461, 29.4637], [78.8658, 29.4596], [78.8827, 29.4578], [78.9003, 29.4562], [78.9198, 29.4601], [78.9071, 29.4518], [78.8965, 29.4236], [78.8872, 29.409], [78.8728, 29.3986], [78.8602, 29.3939], [78.8404, 29.3799], [78.8344, 29.3697], [78.8142, 29.37], [78.815, 29.3853], [78.8068, 29.3732], [78.7972, 29.3556], [78.7927, 29.3434], [78.7888, 29.3293], [78.7844, 29.3429], [78.7696, 29.3407], [78.7574, 29.3498], [78.747, 29.3433], [78.7415, 29.3326], [78.7257, 29.33], [78.7211, 29.3195], [78.7314, 29.311], [78.7468, 29.3027], [78.7611, 29.2933], [78.7815, 29.2712], [78.7899, 29.263], [78.7999, 29.2579], [78.8138, 29.2523], [78.8276, 29.2579], [78.8423, 29.2543], [78.8506, 29.2622], [78.8579, 29.2522], [78.871, 29.2407], [78.8829, 29.2253], [78.891, 29.2165], [78.8992, 29.2026], [78.9013, 29.1827], [78.9045, 29.1706], [78.895, 29.1568], [78.9145, 29.149], [78.9236, 29.1571], [78.9444, 29.1496], [78.9515, 29.1597], [78.9606, 29.1659], [78.9732, 29.1608], [78.9826, 29.147], [78.9881, 29.1351], [78.9947, 29.1254], [79.0066, 29.1205], [79.0219, 29.1189], [79.031, 29.1302], [79.019, 29.1351], [79.012, 29.1449], [79.0215, 29.1508], [79.0275, 29.1607], [79.0338, 29.1711], [79.0461, 29.1547], [79.0729, 29.152], [79.0922, 29.1367], [79.1085, 29.1304], [79.1308, 29.1294], [79.1422, 29.1197], [79.1432, 29.0989], [79.1347, 29.0819], [79.1437, 29.0601], [79.1535, 29.0548], [79.1654, 29.0513], [79.1587, 29.0342], [79.1641, 29.0206], [79.1849, 29.018], [79.1976, 29.0221], [79.2112, 29.0237], [79.2215, 29.0173], [79.2377, 29.0068], [79.2439, 28.9965], [79.258, 28.987], [79.2685, 28.9774], [79.2789, 28.9648], [79.2955, 28.9543], [79.3072, 28.9585], [79.321, 28.9568], [79.3376, 28.9545], [79.3519, 28.9524], [79.3551, 28.9653], [79.3674, 28.9599], [79.3725, 28.9476], [79.377, 28.937], [79.3956, 28.9367], [79.4014, 28.9214], [79.4012, 28.9019], [79.3957, 28.8854], [79.4043, 28.8749], [79.4088, 28.858], [79.4239, 28.8552], [79.4335, 28.8616], [79.4478, 28.8601], [79.4634, 28.8605], [79.4766, 28.8672], [79.4914, 28.8626], [79.5072, 28.8633], [79.5173, 28.8706], [79.5259, 28.882], [79.5331, 28.8903], [79.5505, 28.8842], [79.5517, 28.8682], [79.5477, 28.8543], [79.5536, 28.8451], [79.5658, 28.8495], [79.5788, 28.8524], [79.5923, 28.8666], [79.6087, 28.8667], [79.624, 28.8627], [79.6411, 28.8565], [79.6541, 28.8487], [79.6671, 28.8541], [79.6843, 28.8573], [79.6923, 28.8683], [79.7056, 28.8724], [79.7156, 28.8818], [79.7284, 28.8851], [79.7449, 28.8898], [79.7598, 28.8895], [79.7745, 28.8918], [79.7906, 28.8774], [79.8028, 28.8718], [79.809, 28.8589], [79.7946, 28.8529], [79.7992, 28.8362], [79.7978, 28.8208], [79.7821, 28.8132], [79.792, 28.803], [79.8042, 28.8071], [79.8159, 28.8123], [79.8128, 28.8302], [79.8224, 28.8418], [79.8417, 28.8426], [79.8556, 28.8391], [79.871, 28.8306], [79.8756, 28.8183], [79.8604, 28.8179], [79.8462, 28.8213], [79.8405, 28.8087], [79.8534, 28.8008], [79.8673, 28.7965], [79.886, 28.7988], [79.9013, 28.8021], [79.8934, 28.7919], [79.8993, 28.7739], [79.912, 28.765], [79.9181, 28.7522], [79.9223, 28.7383], [79.9295, 28.7265], [79.9409, 28.7215], [79.9529, 28.7175], [79.9678, 28.7156], [79.9883, 28.717], [79.9996, 28.7256], [80.0136, 28.7374], [80.023, 28.7487], [80.0291, 28.7581], [80.0345, 28.769], [80.0405, 28.7831], [80.0327, 28.7942], [80.0341, 28.8098], [80.0584, 28.8353], [80.0696, 28.8299], [80.1088, 28.8277], [80.1227, 28.8266], [80.1332, 28.819], [80.1567, 28.7978], [80.1649, 28.7898], [80.173, 28.782], [80.1834, 28.7758], [80.2024, 28.7645], [80.2177, 28.7553], [80.2354, 28.7591], [80.2523, 28.7578], [80.2636, 28.7489], [80.2634, 28.7327], [80.268, 28.7213], [80.2765, 28.7114], [80.2927, 28.7111], [80.3056, 28.7054], [80.3185, 28.7001], [80.3237, 28.6894], [80.3276, 28.6698], [80.3389, 28.6607], [80.3503, 28.6532], [80.3624, 28.6449], [80.3699, 28.6348], [80.3846, 28.6306], [80.4062, 28.6348], [80.4256, 28.6371], [80.4393, 28.6352], [80.4507, 28.6287], [80.4628, 28.6207], [80.4663, 28.6057], [80.4732, 28.5909], [80.4828, 28.5853], [80.4966, 28.5752], [80.5081, 28.568], [80.517, 28.5573], [80.532, 28.5734], [80.5165, 28.6158], [80.5079, 28.6463], [80.5052, 28.6652], [80.5416, 28.6905], [80.5671, 28.6885], [80.5792, 28.6845], [80.592, 28.6797], [80.5826, 28.6626], [80.5993, 28.6559], [80.5915, 28.6476], [80.6079, 28.6522], [80.6133, 28.6392], [80.6349, 28.6372], [80.6503, 28.6362], [80.6693, 28.6418], [80.6725, 28.6283], [80.6813, 28.6205], [80.679, 28.6043], [80.6974, 28.6033], [80.6919, 28.587], [80.7056, 28.5787], [80.7163, 28.5679], [80.7262, 28.5747], [80.7403, 28.5658], [80.7515, 28.5707], [80.7696, 28.5655], [80.771, 28.5518], [80.7844, 28.5467], [80.7863, 28.5292], [80.8014, 28.521], [80.8172, 28.5207], [80.8317, 28.5117], [80.8438, 28.501], [80.857, 28.497], [80.8673, 28.4894], [80.8633, 28.5041], [80.8776, 28.5097], [80.8979, 28.5056], [80.907, 28.4994], [80.9031, 28.4856], [80.9069, 28.4681], [80.9146, 28.4598], [80.9326, 28.4584], [80.9442, 28.4683], [80.934, 28.4585], [80.9465, 28.4547], [80.9551, 28.4477], [80.9688, 28.4569], [80.9698, 28.4429], [80.9809, 28.4343], [80.9909, 28.4416], [81.0014, 28.4539], [81.0178, 28.4518], [81.0148, 28.4386], [81.0273, 28.4359], [81.0356, 28.4278], [81.0185, 28.4156], [81.0264, 28.4066], [81.0341, 28.3987], [81.0366, 28.4133], [81.0691, 28.3944], [81.0815, 28.3848], [81.1504, 28.3713], [81.1949, 28.3638], [81.2124, 28.3605], [81.2214, 28.3448], [81.232, 28.3303], [81.2359, 28.3157], [81.2345, 28.2889], [81.2822, 28.2347], [81.2916, 28.225], [81.3224, 28.1972], [81.3202, 28.1823], [81.323, 28.1687], [81.3062, 28.1684], [81.3125, 28.1555], [81.3297, 28.1482], [81.3195, 28.1432], [81.3362, 28.1401], [81.3731, 28.1422], [81.3802, 28.1554], [81.3705, 28.1608], [81.3758, 28.1731], [81.3917, 28.1737], [81.4125, 28.1746], [81.4283, 28.1706], [81.4457, 28.1621], [81.4523, 28.1514], [81.464, 28.1313], [81.4745, 28.1255], [81.4858, 28.1181], [81.4802, 28.0825], [81.5075, 28.0698], [81.5395, 28.0535], [81.5812, 28.0294], [81.5989, 28.0204], [81.6189, 28.0103], [81.6259, 28.0015], [81.6379, 27.9973], [81.65, 27.9933], [81.6765, 27.9909], [81.6946, 27.9894], [81.7571, 27.943], [81.804, 27.9054], [81.8231, 27.9029], [81.8354, 27.8974], [81.8494, 27.8871], [81.8623, 27.8778], [81.8754, 27.8693], [81.8868, 27.8572], [81.904, 27.8537], [81.928, 27.8596], [81.9271, 27.8753], [81.9399, 27.8878], [81.9496, 27.9034], [81.9611, 27.9163], [81.9701, 27.9288], [81.9931, 27.9291], [82.0274, 27.925], [82.047, 27.9244], [82.0644, 27.9215], [82.0824, 27.909], [82.092, 27.8993], [82.1028, 27.886], [82.1161, 27.8774], [82.1231, 27.8678], [82.1413, 27.8598], [82.1559, 27.8661], [82.1697, 27.8592], [82.1835, 27.8529], [82.198, 27.8475], [82.2102, 27.843], [82.231, 27.8219], [82.2534, 27.8105], [82.305, 27.773], [82.3171, 27.7663], [82.3384, 27.7546], [82.353, 27.7488], [82.369, 27.7424], [82.3841, 27.7205], [82.4033, 27.7029], [82.4147, 27.6981], [82.4257, 27.6905], [82.439, 27.6849], [82.4507, 27.6786], [82.4673, 27.6768], [82.4838, 27.6827], [82.5022, 27.6848], [82.5181, 27.6902], [82.5325, 27.6865], [82.5514, 27.6886], [82.5639, 27.6916], [82.5869, 27.6985], [82.6021, 27.704], [82.6208, 27.7021], [82.6295, 27.709], [82.6572, 27.7131], [82.6662, 27.7219], [82.6827, 27.7136], [82.7009, 27.7216], [82.7075, 27.711], [82.7119, 27.6952], [82.7202, 27.6873], [82.718, 27.6724], [82.7223, 27.6616], [82.7322, 27.6528], [82.7381, 27.643], [82.7356, 27.6284], [82.7372, 27.6133], [82.7442, 27.6045], [82.7517, 27.5937], [82.7529, 27.5768], [82.7499, 27.5626], [82.742, 27.5514], [82.7437, 27.537], [82.7484, 27.5257], [82.7397, 27.5182], [82.737, 27.5045], [82.7605, 27.5011], [82.7773, 27.5005], [82.8036, 27.4964], [82.837, 27.5015], [82.8502, 27.4994], [82.8723, 27.4984], [82.8945, 27.5006], [82.9231, 27.5011], [82.9407, 27.492], [82.9469, 27.4768], [82.9562, 27.4678], [83.0, 27.4584], [83.0181, 27.4541], [83.0361, 27.4487], [83.0714, 27.4514], [83.0957, 27.4536], [83.1131, 27.4545], [83.1347, 27.4556], [83.1662, 27.4575], [83.1902, 27.454], [83.1981, 27.4459], [83.2055, 27.4347], [83.2125, 27.4242], [83.2278, 27.4118], [83.2399, 27.4073], [83.2592, 27.394], [83.2742, 27.3834], [83.2689, 27.3685], [83.2746, 27.3526], [83.2947, 27.336], [83.3068, 27.3312], [83.3206, 27.3357], [83.3336, 27.3325], [83.3461, 27.3381], [83.3576, 27.3444], [83.3666, 27.3556], [83.3744, 27.3648], [83.3848, 27.3707], [83.39, 27.3835], [83.3946, 27.3955], [83.4076, 27.4053], [83.4019, 27.419], [83.3938, 27.4295], [83.3884, 27.4391], [83.3961, 27.4464], [83.404, 27.4575], [83.3975, 27.4666], [83.3909, 27.4795], [83.4086, 27.4789], [83.4821, 27.4754], [83.5096, 27.4741], [83.5532, 27.4723], [83.6096, 27.4697], [83.641, 27.4585], [83.6681, 27.447], [83.6869, 27.4378], [83.7093, 27.4268], [83.7474, 27.409], [83.7619, 27.4024], [83.7971, 27.3862], [83.8141, 27.3783], [83.8332, 27.3695], [83.8547, 27.3537], [83.8493, 27.3356], [83.8293, 27.3275], [83.8425, 27.3213], [83.8505, 27.3121], [83.8724, 27.3162], [83.8879, 27.3265], [83.908, 27.3304], [83.9236, 27.3164], [83.9219, 27.2964], [83.9105, 27.2856], [83.898, 27.279], [83.898, 27.2594], [83.9076, 27.248], [83.9253, 27.2425], [83.9481, 27.2383], [83.9615, 27.228], [83.9646, 27.211], [83.9766, 27.2034], [83.9851, 27.1818], [83.9683, 27.1656], [83.9586, 27.1487], [83.9509, 27.1409], [83.9477, 27.1236], [83.9396, 27.1167], [83.9403, 27.1023], [83.9441, 27.0873], [83.9712, 27.0919], [83.9902, 27.0988], [84.0053, 27.104], [84.0207, 27.0955], [84.0169, 27.0838], [84.0056, 27.0719], [83.9911, 27.0713], [84.0122, 27.0538], [84.0243, 27.0447], [84.0408, 27.0447], [84.036, 27.029], [84.0304, 27.0118], [84.0399, 27.0059], [84.0495, 26.9908], [84.0364, 26.984], [84.0413, 26.968], [84.0391, 26.9543], [84.0264, 26.949], [84.0363, 26.9411], [84.0452, 26.9304], [84.0492, 26.9146], [84.052, 26.8917], [84.0716, 26.8819], [84.0855, 26.8852], [84.0999, 26.888], [84.1094, 26.8944], [84.123, 26.889], [84.1408, 26.8876], [84.1393, 26.874], [84.1317, 26.8557], [84.1505, 26.8395], [84.1689, 26.8345], [84.1774, 26.8427], [84.1808, 26.8574], [84.1966, 26.8612], [84.2092, 26.871], [84.2286, 26.8698], [84.2411, 26.8624], [84.2521, 26.8449], [84.251, 26.8307], [84.2428, 26.8218], [84.2523, 26.8087], [84.2485, 26.7927], [84.2411, 26.7754], [84.2246, 26.7571], [84.2332, 26.7451], [84.2423, 26.7308], [84.2545, 26.7343], [84.2668, 26.7421], [84.2786, 26.7512], [84.298, 26.7533], [84.3066, 26.7396], [84.3185, 26.7162], [84.3233, 26.6885], [84.3371, 26.6814], [84.3548, 26.6789], [84.4022, 26.6712], [84.4048, 26.6428], [84.4144, 26.6272], [84.4006, 26.6241], [84.3834, 26.6215], [84.3706, 26.6154], [84.3509, 26.6204], [84.3301, 26.6183], [84.3108, 26.6146], [84.295, 26.6066], [84.2793, 26.6066], [84.2629, 26.603], [84.2506, 26.6079], [84.2309, 26.6098], [84.2157, 26.6187], [84.202, 26.6243], [84.1847, 26.6259], [84.1678, 26.6263], [84.1485, 26.6277], [84.1395, 26.639], [84.1241, 26.6374], [84.1061, 26.6372], [84.0845, 26.6401], [84.0821, 26.6266], [84.0848, 26.6106], [84.0791, 26.5944], [84.0712, 26.5845], [84.0569, 26.5734], [84.0493, 26.5616], [84.0478, 26.5435], [84.0308, 26.5356], [84.0145, 26.532], [84.0007, 26.525], [83.9903, 26.5301], [83.9742, 26.5319], [83.9666, 26.5209], [83.9625, 26.5086], [83.9457, 26.5102], [83.9392, 26.5213], [83.9147, 26.5202], [83.9008, 26.5137], [83.9075, 26.5004], [83.9032, 26.4723], [83.9023, 26.4503], [83.919, 26.4455], [83.9361, 26.4417], [83.9613, 26.4371], [83.982, 26.4346], [83.9904, 26.4476], [84.0017, 26.4436], [84.0161, 26.442], [84.0205, 26.4288], [84.0332, 26.4138], [84.0413, 26.4056], [84.055, 26.402], [84.0615, 26.3901], [84.072, 26.3845], [84.0877, 26.3901], [84.1152, 26.3876], [84.1284, 26.3842], [84.154, 26.3762], [84.1714, 26.374], [84.1672, 26.3602], [84.1672, 26.3381], [84.1768, 26.3225], [84.1715, 26.3037], [84.171, 26.2866], [84.1682, 26.2737], [84.1637, 26.2614], [84.1557, 26.2525], [84.1453, 26.2617], [84.1259, 26.2614], [84.1123, 26.2566], [84.1105, 26.2418], [84.0923, 26.2402], [84.0795, 26.2318], [84.0737, 26.221], [84.0584, 26.2267], [84.0468, 26.2302], [84.0336, 26.2321], [84.024, 26.2396], [84.0109, 26.2358], [84.0168, 26.2216], [84.0195, 26.206], [84.009, 26.1996], [84.0021, 26.1901], [84.0138, 26.167], [84.0278, 26.163], [84.0181, 26.1451], [84.0336, 26.1375], [84.0452, 26.1204], [84.0482, 26.1038], [84.0692, 26.0991], [84.091, 26.0965], [84.1072, 26.0817], [84.1161, 26.0749], [84.1279, 26.0555], [84.1367, 26.047], [84.159, 26.0322], [84.166, 26.0027], [84.1702, 25.9917], [84.1923, 25.9895], [84.2018, 26.0006], [84.2141, 25.9962], [84.2352, 25.986], [84.2446, 25.9768], [84.2547, 25.9711], [84.2754, 25.9613], [84.2916, 25.9483], [84.3093, 25.9469], [84.3437, 25.9587], [84.365, 25.9505], [84.3863, 25.9382], [84.4083, 25.9314], [84.4175, 25.9114], [84.4242, 25.8983], [84.4437, 25.8897], [84.4611, 25.8887], [84.4787, 25.8884], [84.5065, 25.8724], [84.5286, 25.8777], [84.5405, 25.8621], [84.52, 25.8612], [84.527, 25.8343], [84.5443, 25.83], [84.5565, 25.8375], [84.5714, 25.8298], [84.5872, 25.8196], [84.5982, 25.8097], [84.6109, 25.8007], [84.6202, 25.7941], [84.6208, 25.7724], [84.6101, 25.7773], [84.6005, 25.7606], [84.6149, 25.7528], [84.6263, 25.7416], [84.6306, 25.7283], [84.6131, 25.7307], [84.5955, 25.7391], [84.5556, 25.7364], [84.559, 25.7217], [84.5586, 25.701], [84.5523, 25.684], [84.5314, 25.6928], [84.5359, 25.7265], [84.5279, 25.7154], [84.5246, 25.6844], [84.5058, 25.6823], [84.4884, 25.6779], [84.4665, 25.6855], [84.4632, 25.6986], [84.4552, 25.7103], [84.4386, 25.7107], [84.4242, 25.7117], [84.4236, 25.6951], [84.4109, 25.6985], [84.3971, 25.7091], [84.3955, 25.7244], [84.3812, 25.7343], [84.3885, 25.7443], [84.373, 25.7423], [84.3544, 25.7436], [84.3375, 25.7451], [84.3256, 25.7371], [84.3232, 25.7231], [84.3236, 25.704], [84.3207, 25.6821], [84.3134, 25.6689], [84.2988, 25.6718], [84.2878, 25.6763], [84.2901, 25.6628], [84.2729, 25.6617], [84.2476, 25.6628], [84.2332, 25.664], [84.2171, 25.6641], [84.2029, 25.6696], [84.1972, 25.6922], [84.174, 25.7157], [84.1555, 25.7259], [84.1445, 25.7206], [84.1293, 25.7174], [84.1367, 25.7275], [84.1231, 25.7239], [84.1079, 25.7236], [84.0944, 25.7204], [84.0829, 25.7127], [84.0696, 25.6956], [84.0736, 25.6836], [84.0797, 25.6527], [84.0765, 25.6375], [84.0568, 25.6322], [84.0282, 25.6227], [84.0142, 25.6161], [84.0, 25.6077], [83.9916, 25.601], [83.9559, 25.5754], [83.9443, 25.5673], [83.9253, 25.5632], [83.9136, 25.5543], [83.8994, 25.5318], [83.8881, 25.5232], [83.873, 25.5204], [83.8713, 25.5032], [83.8644, 25.4906], [83.8549, 25.4849], [83.8479, 25.471], [83.8338, 25.463], [83.8147, 25.4683], [83.8067, 25.4585], [83.8186, 25.4529], [83.8334, 25.4502], [83.8394, 25.4388], [83.8241, 25.4332], [83.8029, 25.4329], [83.8033, 25.4181], [83.7966, 25.4083], [83.7823, 25.3987], [83.7652, 25.3997], [83.7619, 25.3879], [83.7497, 25.3921], [83.7589, 25.4005], [83.742, 25.4006], [83.7349, 25.4093], [83.7272, 25.3985], [83.7095, 25.3953], [83.7014, 25.3859], [83.6963, 25.3964], [83.6894, 25.3859], [83.6763, 25.3817], [83.6878, 25.3741], [83.679, 25.3666], [83.6602, 25.371], [83.6497, 25.3654], [83.6435, 25.3544], [83.6388, 25.3402], [83.6248, 25.3349], [83.6107, 25.3326], [83.5881, 25.3264], [83.5788, 25.3173], [83.5694, 25.3101], [83.5543, 25.3141], [83.5395, 25.3177], [83.5312, 25.3045], [83.5181, 25.3025], [83.5112, 25.2878], [83.4982, 25.283], [83.4862, 25.2795], [83.471, 25.2721], [83.4633, 25.2564], [83.4429, 25.2593], [83.4332, 25.2536], [83.4185, 25.2521], [83.4069, 25.2473], [83.4015, 25.23], [83.395, 25.2169], [83.3882, 25.207], [83.3746, 25.2025], [83.3603, 25.1963], [83.3474, 25.193], [83.3359, 25.1836], [83.3481, 25.1786], [83.3432, 25.1587], [83.3525, 25.1518], [83.3521, 25.1312], [83.3538, 25.1104], [83.3401, 25.1124], [83.338, 25.0881], [83.3312, 25.0734], [83.3278, 25.061], [83.3338, 25.051], [83.3219, 25.0558], [83.3178, 25.0417], [83.3161, 25.0273], [83.3197, 25.0155], [83.3391, 25.0119], [83.3449, 25.0026], [83.3404, 24.9792], [83.3385, 24.9636], [83.357, 24.9554], [83.3585, 24.9374], [83.3574, 24.9192], [83.352, 24.9078], [83.36, 24.8919], [83.3639, 24.8804], [83.354, 24.8706], [83.3683, 24.8632], [83.3786, 24.8461], [83.3892, 24.8361], [83.3913, 24.8232], [83.3956, 24.811], [83.3925, 24.7971], [83.3863, 24.7866], [83.4034, 24.7767], [83.4194, 24.7699], [83.4342, 24.7568], [83.4415, 24.744], [83.4531, 24.7333], [83.467, 24.7345], [83.4798, 24.7378], [83.4833, 24.7228], [83.48, 24.7099], [83.4921, 24.7052], [83.4999, 24.6945], [83.5092, 24.6848], [83.5022, 24.6716], [83.497, 24.6592], [83.5025, 24.6487], [83.5159, 24.6428], [83.5207, 24.63], [83.5389, 24.6277], [83.5345, 24.6156], [83.5174, 24.6032], [83.5235, 24.5878], [83.5246, 24.5673], [83.5179, 24.5549], [83.505, 24.5444], [83.4932, 24.5361], [83.4867, 24.5244], [83.4619, 24.5179], [83.4356, 24.5136], [83.4, 24.5061], [83.3921, 24.4971], [83.3926, 24.4803], [83.3882, 24.4681], [83.3814, 24.4556], [83.3898, 24.4376], [83.399, 24.4121], [83.4165, 24.4095], [83.4299, 24.4038], [83.4347, 24.3906], [83.4398, 24.3801], [83.4476, 24.3684], [83.4343, 24.3475], [83.4266, 24.34], [83.4112, 24.3395], [83.3914, 24.3268], [83.3786, 24.3155], [83.3806, 24.3005], [83.3962, 24.2934], [83.4029, 24.2761], [83.3934, 24.2527], [83.3809, 24.24], [83.3793, 24.2202], [83.3782, 24.2053], [83.3705, 24.1867], [83.3656, 24.172], [83.3574, 24.1568], [83.3525, 24.1403], [83.349, 24.1264], [83.3428, 24.1142], [83.3236, 24.1013], [83.3111, 24.0928], [83.2924, 24.0772], [83.2842, 24.0647], [83.2775, 24.05], [83.28, 24.0348], [83.2761, 24.0233], [83.2657, 24.0173], [83.2531, 24.0121], [83.237, 24.01], [83.2335, 23.9983], [83.2225, 23.9921], [83.2156, 23.9808], [83.2084, 23.9728], [83.2112, 23.9604], [83.2032, 23.9475], [83.1914, 23.9326], [83.1831, 23.9195], [83.1679, 23.9179], [83.1556, 23.9113], [83.1388, 23.9044], [83.1274, 23.89], [83.0866, 23.8782], [83.061, 23.8752], [83.0435, 23.8794], [83.0255, 23.8816], [82.9923, 23.8785], [82.9536, 23.8728], [82.9388, 23.8759], [82.9252, 23.8907], [82.9061, 23.8979], [82.8903, 23.9046], [82.8753, 23.9164], [82.8657, 23.9227], [82.8552, 23.9388], [82.8413, 23.9502], [82.8207, 23.965], [82.8005, 23.9675], [82.8005, 23.9853], [82.8015, 24.0011], [82.7899, 24.0068], [82.7663, 24.006], [82.7524, 24.0084], [82.742, 24.0214], [82.7558, 24.0436], [82.7622, 24.0599], [82.7663, 24.0779], [82.7549, 24.0732], [82.7415, 24.0751], [82.7263, 24.0826], [82.7084, 24.0808], [82.7014, 24.0971], [82.6635, 24.1239], [82.6574, 24.1348], [82.6659, 24.1428], [82.6709, 24.1585], [82.6884, 24.1442], [82.7204, 24.139], [82.7231, 24.1568], [82.7361, 24.1684], [82.7348, 24.183], [82.7319, 24.2011], [82.727, 24.2233], [82.7371, 24.2303], [82.7499, 24.2361], [82.7494, 24.2566], [82.7546, 24.2716], [82.7641, 24.2924], [82.766, 24.3122], [82.7605, 24.3231], [82.7633, 24.3424], [82.7598, 24.3584], [82.7606, 24.373], [82.7348, 24.3712], [82.7185, 24.3712], [82.7072, 24.3852], [82.715, 24.4162], [82.7202, 24.4297], [82.7327, 24.4327], [82.725, 24.4447], [82.726, 24.4608], [82.7238, 24.4763], [82.7338, 24.4872], [82.7365, 24.4998], [82.7156, 24.5133], [82.7141, 24.5362], [82.7125, 24.5562], [82.7335, 24.5516], [82.746, 24.5415], [82.7809, 24.5461], [82.8008, 24.5527], [82.7964, 24.5875], [82.7854, 24.5995], [82.7683, 24.5975], [82.7672, 24.6294], [82.7628, 24.6457], [82.7431, 24.6441], [82.7275, 24.6465], [82.7146, 24.6421], [82.6952, 24.6443], [82.6935, 24.6616], [82.696, 24.6757], [82.6854, 24.6865], [82.6655, 24.6999], [82.6457, 24.6945], [82.6364, 24.6878], [82.603, 24.6795], [82.5876, 24.6737], [82.574, 24.663], [82.5443, 24.6549], [82.5293, 24.652], [82.5184, 24.6783], [82.5013, 24.6784], [82.4868, 24.6755], [82.4767, 24.6836], [82.464, 24.6801], [82.4489, 24.6779], [82.4448, 24.6964], [82.4323, 24.7063], [82.4074, 24.6951], [82.4016, 24.6838], [82.4055, 24.6668], [82.4118, 24.6578], [82.409, 24.6431], [82.4036, 24.631], [82.4057, 24.6175], [82.4146, 24.6064], [82.4008, 24.5987], [82.3856, 24.5974], [82.3608, 24.602], [82.3505, 24.6082], [82.346, 24.6188], [82.3351, 24.6229], [82.3192, 24.6203], [82.3094, 24.6129], [82.2939, 24.6137], [82.2984, 24.628], [82.2961, 24.6433], [82.2981, 24.6565], [82.2964, 24.67], [82.2817, 24.6717], [82.2695, 24.6819], [82.2531, 24.6661], [82.2355, 24.6764], [82.2287, 24.6908], [82.243, 24.7018], [82.2439, 24.7164], [82.2414, 24.7385], [82.2496, 24.7564], [82.2437, 24.7758], [82.2384, 24.7544], [82.2277, 24.7656], [82.2228, 24.7517], [82.2092, 24.7595], [82.1995, 24.7521], [82.2134, 24.7442], [82.2138, 24.7287], [82.2084, 24.739], [82.1887, 24.7438], [82.1729, 24.7396], [82.1915, 24.7532], [82.1906, 24.7696], [82.194, 24.7833], [82.2095, 24.7815], [82.2087, 24.7978], [82.1886, 24.7982], [82.179, 24.8047], [82.1913, 24.8177], [82.1737, 24.8142], [82.1628, 24.805], [82.1594, 24.7923], [82.1466, 24.7973], [82.1322, 24.8045], [82.1264, 24.7939], [82.1122, 24.7923], [82.1048, 24.8056], [82.0897, 24.8159], [82.0708, 24.8249], [82.0565, 24.8281], [82.0423, 24.8342], [82.0243, 24.8446], [82.0049, 24.8507], [81.9915, 24.8465], [81.9754, 24.8425], [81.9616, 24.8317], [81.9477, 24.8426], [81.9372, 24.8501], [81.9267, 24.8608], [81.9237, 24.8763], [81.9101, 24.8804], [81.8964, 24.8925], [81.9024, 24.9115], [81.9103, 24.9205], [81.9096, 24.9371], [81.901, 24.9731], [81.8945, 24.9874], [81.8992, 24.9992], [81.8914, 25.0135], [81.8931, 24.9998], [81.8833, 24.9936], [81.8735, 25.0021], [81.8494, 25.006], [81.84, 25.015], [81.7917, 25.01], [81.7801, 25.0152], [81.7714, 25.0232], [81.7498, 25.0316], [81.7382, 25.0391], [81.7324, 25.0487], [81.7164, 25.053], [81.7134, 25.0401], [81.6855, 25.0422], [81.6831, 25.0568], [81.6758, 25.066], [81.6604, 25.0715], [81.6468, 25.075], [81.6356, 25.0618], [81.6219, 25.0569], [81.6085, 25.0589], [81.604, 25.0695], [81.5945, 25.0769], [81.6044, 25.083], [81.6149, 25.094], [81.6258, 25.0999], [81.6253, 25.1178], [81.613, 25.1132], [81.6043, 25.0997], [81.6018, 25.116], [81.591, 25.123], [81.5942, 25.138], [81.61, 25.1472], [81.6197, 25.1556], [81.6135, 25.1705], [81.6029, 25.1659], [81.5818, 25.1683], [81.588, 25.1838], [81.5772, 25.1913], [81.5664, 25.1957], [81.549, 25.1866], [81.534, 25.1883], [81.5128, 25.1879], [81.5071, 25.1785], [81.5273, 25.1666], [81.52, 25.1537], [81.505, 25.1512], [81.492, 25.1488], [81.4905, 25.135], [81.4774, 25.1384], [81.4777, 25.1211], [81.4931, 25.1107], [81.5076, 25.1068], [81.4943, 25.1017], [81.4946, 25.0821], [81.4837, 25.0749], [81.4731, 25.0809], [81.4583, 25.0868], [81.4364, 25.0962], [81.4208, 25.1016], [81.4031, 25.1064], [81.4272, 25.1106], [81.4344, 25.1219], [81.4302, 25.1336], [81.416, 25.1323], [81.4002, 25.1338], [81.4067, 25.1251], [81.3912, 25.1231], [81.3865, 25.1339], [81.3743, 25.1388], [81.3625, 25.1457], [81.3555, 25.1577], [81.3494, 25.1674], [81.331, 25.1696], [81.313, 25.1635], [81.311, 25.149], [81.316, 25.1351], [81.3203, 25.1224], [81.3084, 25.1258], [81.3049, 25.1431], [81.307, 25.1597], [81.2925, 25.168], [81.2752, 25.169], [81.2748, 25.1534], [81.2656, 25.1449], [81.2621, 25.1311], [81.258, 25.1168], [81.2457, 25.1055], [81.2544, 25.0927], [81.253, 25.079], [81.2622, 25.0728], [81.2553, 25.0608], [81.2476, 25.0415], [81.2392, 25.0314], [81.2307, 25.0181], [81.2202, 25.0072], [81.2107, 25.0017], [81.2113, 24.9868], [81.2013, 24.9703], [81.206, 24.9581], [81.206, 24.9392], [81.1995, 24.9269], [81.1844, 24.9292], [81.1983, 24.934], [81.1884, 24.9451], [81.1766, 24.955], [81.1642, 24.9598], [81.1569, 24.9457], [81.1555, 24.932], [81.1525, 24.9196], [81.1401, 24.9164], [81.1333, 24.9056], [81.1282, 24.8936], [81.1168, 24.9018], [81.1075, 24.9121], [81.0987, 24.9184], [81.0895, 24.9245], [81.0816, 24.9358], [81.0764, 24.9523], [81.0574, 24.9531], [81.0267, 24.955], [81.0192, 24.945], [81.0095, 24.9543], [81.0153, 24.9401], [81.0, 24.9402], [80.9845, 24.9326], [80.9723, 24.9396], [80.9584, 24.9322], [80.9522, 24.9429], [80.9439, 24.9507], [80.9448, 24.968], [80.9285, 24.9677], [80.916, 24.9648], [80.8973, 24.9567], [80.9012, 24.9433], [80.8887, 24.9474], [80.875, 24.9407], [80.8566, 24.936], [80.8409, 24.9356], [80.8208, 24.9366], [80.8022, 24.9445], [80.7916, 24.9639], [80.7988, 24.9749], [80.8126, 24.9737], [80.8211, 24.9825], [80.8364, 24.9861], [80.845, 24.9935], [80.8419, 25.0125], [80.8291, 25.03], [80.8352, 25.0397], [80.8411, 25.0513], [80.8558, 25.0624], [80.8707, 25.0711], [80.8648, 25.0843], [80.8712, 25.0982], [80.8665, 25.1194], [80.8728, 25.1339], [80.8853, 25.14], [80.9016, 25.158], [80.896, 25.1713], [80.8862, 25.1772], [80.878, 25.1956], [80.8695, 25.1887], [80.8486, 25.19], [80.8359, 25.1854], [80.8411, 25.1753], [80.8374, 25.1603], [80.8338, 25.1456], [80.8378, 25.1275], [80.8334, 25.1133], [80.8215, 25.12], [80.8096, 25.1307], [80.8032, 25.1435], [80.7861, 25.138], [80.7767, 25.1448], [80.7596, 25.1406], [80.7404, 25.1374], [80.7287, 25.1429], [80.7153, 25.1467], [80.7009, 25.1381], [80.7075, 25.1274], [80.7224, 25.126], [80.719, 25.104], [80.7293, 25.0973], [80.7458, 25.0994], [80.767, 25.0856], [80.7796, 25.0779], [80.7783, 25.0639], [80.766, 25.0611], [80.7514, 25.064], [80.7336, 25.0624], [80.7272, 25.0718], [80.7144, 25.0678], [80.7053, 25.0614], [80.6869, 25.0588], [80.6736, 25.0542], [80.6779, 25.0731], [80.6683, 25.0868], [80.6563, 25.0744], [80.6505, 25.0875], [80.6365, 25.094], [80.622, 25.0934], [80.6085, 25.0986], [80.6151, 25.1112], [80.6223, 25.122], [80.625, 25.1377], [80.6083, 25.133], [80.6058, 25.1493], [80.5946, 25.1552], [80.5911, 25.1413], [80.5976, 25.1281], [80.5914, 25.118], [80.5919, 25.096], [80.6068, 25.0762], [80.5932, 25.0815], [80.5801, 25.087], [80.5624, 25.0914], [80.56, 25.075], [80.5486, 25.0693], [80.532, 25.0759], [80.519, 25.0819], [80.5143, 25.0958], [80.5019, 25.1041], [80.4839, 25.1028], [80.4943, 25.0921], [80.4906, 25.0782], [80.5001, 25.071], [80.4972, 25.056], [80.4858, 25.0473], [80.4733, 25.0436], [80.4614, 25.058], [80.4559, 25.0738], [80.446, 25.0658], [80.4451, 25.0802], [80.4312, 25.0739], [80.4099, 25.0767], [80.4068, 25.0634], [80.3941, 25.072], [80.3841, 25.0653], [80.3672, 25.0589], [80.3752, 25.0456], [80.3718, 25.0328], [80.383, 25.0187], [80.3728, 25.0083], [80.3689, 25.0238], [80.3526, 25.0199], [80.338, 25.0209], [80.329, 25.0054], [80.3161, 25.0032], [80.299, 25.016], [80.2785, 25.0216], [80.2669, 25.0302], [80.2749, 25.039], [80.2794, 25.0527], [80.2876, 25.0669], [80.3048, 25.0755], [80.3132, 25.0893], [80.3228, 25.1066], [80.3384, 25.1212], [80.3475, 25.13], [80.3513, 25.1449], [80.3625, 25.1497], [80.3734, 25.1552], [80.3868, 25.1629], [80.4036, 25.1651], [80.4226, 25.1722], [80.4181, 25.1919], [80.4095, 25.2059], [80.4017, 25.221], [80.3991, 25.243], [80.3829, 25.242], [80.3629, 25.2468], [80.3536, 25.2564], [80.3493, 25.2695], [80.341, 25.2786], [80.3198, 25.2805], [80.304, 25.2889], [80.3091, 25.3059], [80.3117, 25.3342], [80.3036, 25.3525], [80.3086, 25.3637], [80.3112, 25.3811], [80.2953, 25.4078], [80.2843, 25.4159], [80.2737, 25.425], [80.2559, 25.4287], [80.2473, 25.4115], [80.2296, 25.4109], [80.214, 25.4042], [80.1979, 25.4106], [80.1892, 25.3892], [80.172, 25.3807], [80.1592, 25.3776], [80.1532, 25.3628], [80.1371, 25.3557], [80.1271, 25.3406], [80.107, 25.3442], [80.0961, 25.3516], [80.0833, 25.3558], [80.0723, 25.3451], [80.0549, 25.3413], [80.0372, 25.341], [80.0242, 25.3446], [80.0145, 25.3311], [80.0126, 25.3017], [79.9987, 25.2938], [79.9922, 25.2853], [79.9973, 25.2701], [79.9773, 25.2649], [79.963, 25.2682], [79.9492, 25.2653], [79.9344, 25.2649], [79.9326, 25.2503], [79.9135, 25.2334], [79.9063, 25.2542], [79.8962, 25.2475], [79.875, 25.253], [79.866, 25.2468], [79.851, 25.2416], [79.8529, 25.225], [79.863, 25.2192], [79.8541, 25.2104], [79.8588, 25.1902], [79.8626, 25.177], [79.8597, 25.1621], [79.8721, 25.1503], [79.8574, 25.1428], [79.8477, 25.1334], [79.8427, 25.1163], [79.8531, 25.1028], [79.8409, 25.0964], [79.8272, 25.1001], [79.8187, 25.1102], [79.7933, 25.1184], [79.7692, 25.1253], [79.7577, 25.1345], [79.7478, 25.1426], [79.726, 25.1357], [79.7073, 25.1333], [79.687, 25.1369], [79.6708, 25.1321], [79.6566, 25.1295], [79.643, 25.1324], [79.62, 25.1427], [79.6061, 25.1325], [79.5975, 25.1396], [79.6028, 25.1531], [79.5933, 25.1464], [79.5763, 25.1571], [79.5689, 25.1755], [79.5503, 25.1694], [79.5427, 25.1606], [79.5349, 25.1476], [79.5286, 25.138], [79.518, 25.1312], [79.5182, 25.1077], [79.5053, 25.1013], [79.4938, 25.092], [79.4824, 25.0851], [79.4605, 25.0963], [79.4702, 25.1307], [79.4566, 25.125], [79.4448, 25.1131], [79.4311, 25.1075], [79.4344, 25.1217], [79.4311, 25.1354], [79.4176, 25.1385], [79.415, 25.123], [79.402, 25.1134], [79.3908, 25.1179], [79.3887, 25.1316], [79.3821, 25.1459], [79.3839, 25.1703], [79.3915, 25.1796], [79.4039, 25.1896], [79.4081, 25.2075], [79.4213, 25.2032], [79.4358, 25.2047], [79.4424, 25.221], [79.427, 25.225], [79.433, 25.236], [79.4386, 25.2483], [79.4528, 25.2565], [79.4592, 25.2695], [79.4745, 25.2666], [79.4897, 25.2656], [79.4777, 25.2724], [79.4574, 25.2839], [79.4516, 25.2736], [79.4312, 25.2596], [79.4153, 25.2592], [79.4012, 25.2624], [79.4019, 25.2793], [79.3923, 25.2849], [79.3756, 25.2911], [79.3672, 25.2756], [79.3617, 25.2643], [79.3511, 25.27], [79.3497, 25.2884], [79.3325, 25.2923], [79.3419, 25.3046], [79.3345, 25.3174], [79.3459, 25.333], [79.3302, 25.3337], [79.3093, 25.3386], [79.2947, 25.3402], [79.2834, 25.3301], [79.2676, 25.3188], [79.2601, 25.3102], [79.256, 25.2917], [79.259, 25.2742], [79.2688, 25.2665], [79.2865, 25.2811], [79.2983, 25.2758], [79.3039, 25.2654], [79.3187, 25.2631], [79.3319, 25.2763], [79.3445, 25.2643], [79.3403, 25.2431], [79.3395, 25.2281], [79.347, 25.2142], [79.3326, 25.2008], [79.3258, 25.2108], [79.3149, 25.2196], [79.3005, 25.2274], [79.2933, 25.2402], [79.284, 25.2465], [79.2815, 25.2271], [79.278, 25.2106], [79.2835, 25.1895], [79.3019, 25.1753], [79.3087, 25.1651], [79.3145, 25.1519], [79.3057, 25.1399], [79.2911, 25.1313], [79.2765, 25.1203], [79.2601, 25.1221], [79.2621, 25.1412], [79.256, 25.1573], [79.2358, 25.161], [79.2197, 25.1546], [79.224, 25.1432], [79.2398, 25.1427], [79.2381, 25.1267], [79.226, 25.1224], [79.2137, 25.1165], [79.1979, 25.1282], [79.1967, 25.1429], [79.1877, 25.1509], [79.1773, 25.1459], [79.1665, 25.1395], [79.1799, 25.1288], [79.1741, 25.119], [79.1566, 25.1119], [79.1448, 25.1166], [79.1334, 25.1111], [79.1148, 25.1178], [79.1251, 25.1292], [79.1078, 25.1437], [79.1186, 25.1584], [79.1071, 25.1681], [79.0906, 25.1762], [79.0872, 25.1878], [79.0703, 25.1778], [79.0629, 25.1627], [79.0581, 25.1508], [79.0431, 25.1382], [79.0282, 25.1399], [79.0252, 25.1558], [79.0358, 25.1739], [79.0257, 25.1826], [79.0428, 25.2101], [79.0551, 25.2172], [79.0451, 25.2306], [79.0265, 25.2347], [79.031, 25.2463], [79.0147, 25.2478], [79.016, 25.2651], [79.005, 25.277], [78.9868, 25.275], [78.9772, 25.2617], [78.9712, 25.2449], [78.9874, 25.2359], [78.9945, 25.2255], [79.0004, 25.2161], [78.9973, 25.1983], [78.9824, 25.1991], [78.9692, 25.2166], [78.9528, 25.2207], [78.9242, 25.2106], [78.9153, 25.2026], [78.908, 25.1935], [78.9016, 25.1833], [78.8934, 25.1732], [78.8771, 25.1622], [78.8692, 25.1781], [78.871, 25.1962], [78.8801, 25.2059], [78.8733, 25.2261], [78.8673, 25.2377], [78.8722, 25.2508], [78.8846, 25.2472], [78.9086, 25.2744], [78.9228, 25.2715], [78.9335, 25.2635], [78.9484, 25.2659], [78.9438, 25.2801], [78.9539, 25.2856], [78.97, 25.2852], [78.9528, 25.3119], [78.9558, 25.3478], [78.9428, 25.3451], [78.9355, 25.3362], [78.9245, 25.3419], [78.9079, 25.3394], [78.8955, 25.3435], [78.879, 25.3469], [78.8756, 25.334], [78.8625, 25.3246], [78.8669, 25.311], [78.8719, 25.2918], [78.8623, 25.2831], [78.8579, 25.2662], [78.8503, 25.2534], [78.8459, 25.2338], [78.8237, 25.2511], [78.8113, 25.266], [78.8064, 25.2795], [78.8122, 25.2941], [78.8037, 25.302], [78.7933, 25.2931], [78.7833, 25.3032], [78.7919, 25.3148], [78.8102, 25.3109], [78.8217, 25.3187], [78.8333, 25.3313], [78.8457, 25.3352], [78.8359, 25.347], [78.8454, 25.3609], [78.8614, 25.377], [78.8747, 25.3877], [78.8906, 25.3888], [78.9083, 25.3924], [78.9227, 25.4005], [78.9434, 25.4031], [78.9389, 25.3891], [78.9311, 25.3771], [78.9091, 25.3806], [78.8925, 25.3753], [78.9064, 25.3634], [78.9286, 25.3518], [78.9484, 25.37], [78.9745, 25.3726], [78.9758, 25.3887], [78.9682, 25.3966], [78.9655, 25.4115], [78.9689, 25.4251], [78.9625, 25.4364], [78.947, 25.4425], [78.9342, 25.4319], [78.9126, 25.4387], [78.9032, 25.4469], [78.9134, 25.4521], [78.9197, 25.4622], [78.93, 25.4686], [78.9356, 25.48], [78.9332, 25.4983], [78.9262, 25.5076], [78.9167, 25.5167], [78.9322, 25.5244], [78.9419, 25.5312], [78.9417, 25.5514], [78.9307, 25.5597], [78.9204, 25.5496], [78.9104, 25.5593], [78.8855, 25.5608], [78.869, 25.5512], [78.8776, 25.5332], [78.8513, 25.5189], [78.8367, 25.5168], [78.8283, 25.51], [78.846, 25.4914], [78.8516, 25.4778], [78.8572, 25.4671], [78.8537, 25.4523], [78.8453, 25.445], [78.8366, 25.4342], [78.8197, 25.4378], [78.8304, 25.4475], [78.8457, 25.4544], [78.8359, 25.46], [78.8255, 25.4684], [78.8102, 25.4754], [78.7895, 25.4835], [78.773, 25.4828], [78.7605, 25.4758], [78.7495, 25.4822], [78.7415, 25.4899], [78.7361, 25.5043], [78.7263, 25.4901], [78.7246, 25.4633], [78.7324, 25.4557], [78.7481, 25.4484], [78.7551, 25.4339], [78.7721, 25.4329], [78.7822, 25.4399], [78.8035, 25.4382], [78.8129, 25.4304], [78.7946, 25.4266], [78.776, 25.4212], [78.7562, 25.4193], [78.7431, 25.4127], [78.7416, 25.3986], [78.7512, 25.4053], [78.7599, 25.3978], [78.7548, 25.3862], [78.7622, 25.3744], [78.7653, 25.3604], [78.7498, 25.3521], [78.7357, 25.3492], [78.7252, 25.354], [78.7094, 25.3543], [78.7046, 25.3656], [78.7098, 25.3763], [78.6998, 25.3817], [78.6839, 25.3805], [78.6716, 25.3846], [78.6579, 25.388], [78.652, 25.4131], [78.6649, 25.4045], [78.6845, 25.416], [78.7002, 25.4261], [78.6933, 25.4392], [78.6858, 25.4478], [78.6775, 25.4397], [78.658, 25.4438], [78.6454, 25.4379], [78.6325, 25.433], [78.6375, 25.4198], [78.6286, 25.4065], [78.6169, 25.4101], [78.6035, 25.4171], [78.5946, 25.4091], [78.5916, 25.3965], [78.5789, 25.3901], [78.5686, 25.3962], [78.5569, 25.3842], [78.5744, 25.3822], [78.5795, 25.3606], [78.562, 25.348], [78.5447, 25.3587], [78.5281, 25.3659], [78.5304, 25.3521], [78.5315, 25.3348], [78.5415, 25.3266], [78.5336, 25.3187], [78.5251, 25.3065], [78.5051, 25.3021], [78.4958, 25.3102], [78.4922, 25.3238], [78.4832, 25.3142], [78.4718, 25.3058], [78.4671, 25.293], [78.4568, 25.2993], [78.4406, 25.3042], [78.4298, 25.297], [78.4287, 25.2808], [78.4445, 25.27], [78.4893, 25.2921], [78.5008, 25.2882], [78.5209, 25.288], [78.5285, 25.2745], [78.5423, 25.272], [78.557, 25.2693], [78.5686, 25.2586], [78.5625, 25.2387], [78.5646, 25.221], [78.5698, 25.202], [78.5937, 25.1574], [78.5982, 25.1271], [78.5983, 25.1081], [78.6056, 25.0942], [78.6203, 25.0916], [78.6295, 25.0824], [78.6356, 25.071], [78.6419, 25.0615], [78.6442, 25.0353], [78.6372, 25.0256], [78.6362, 25.0109], [78.632, 24.9837], [78.6229, 24.9678], [78.6424, 24.9526], [78.6537, 24.9442], [78.6571, 24.9251], [78.663, 24.9093], [78.6754, 24.8985], [78.6917, 24.8959], [78.7006, 24.8865], [78.7189, 24.8827], [78.7316, 24.8723], [78.7467, 24.8709], [78.7614, 24.863], [78.7674, 24.8489], [78.7726, 24.8305], [78.7805, 24.815], [78.7672, 24.7985], [78.7632, 24.7668], [78.7686, 24.7548], [78.7691, 24.7235], [78.7731, 24.7117], [78.7676, 24.6969], [78.7588, 24.6822], [78.7449, 24.6693], [78.7406, 24.6561], [78.7464, 24.6432], [78.7486, 24.6247], [78.7495, 24.605], [78.7666, 24.5976], [78.7938, 24.5982], [78.8018, 24.6078], [78.8204, 24.6079], [78.8334, 24.6208], [78.8444, 24.629], [78.8524, 24.6209], [78.8628, 24.6411], [78.8731, 24.647], [78.8817, 24.6397], [78.8914, 24.6221], [78.9044, 24.6043], [78.9085, 24.5888], [78.9304, 24.5644], [78.943, 24.5579], [78.9404, 24.5432], [78.9439, 24.5266], [78.9442, 24.5095], [78.9634, 24.502], [78.9546, 24.4886], [78.9431, 24.4849], [78.9252, 24.486], [78.9218, 24.5011], [78.9081, 24.4932], [78.9009, 24.4836], [78.9086, 24.4668], [78.9272, 24.4621], [78.9407, 24.446], [78.9555, 24.4451], [78.9718, 24.4447], [78.9844, 24.4414], [78.9878, 24.428], [78.9809, 24.4178], [78.9762, 24.4029], [78.971, 24.3847], [78.9669, 24.3703], [78.9669, 24.3537], [78.9549, 24.3439], [78.9454, 24.3313], [78.9325, 24.3189], [78.9078, 24.3012], [78.9128, 24.2894], [78.9099, 24.2729], [78.8856, 24.2593], [78.8783, 24.2487], [78.8811, 24.2289], [78.8737, 24.2189], [78.8628, 24.214], [78.8465, 24.2169], [78.8328, 24.2093], [78.8243, 24.2013], [78.8164, 24.2087], [78.808, 24.1933], [78.8022, 24.1819], [78.7846, 24.1851], [78.7783, 24.201], [78.7698, 24.2153], [78.7605, 24.2339], [78.7664, 24.2506], [78.7567, 24.2597], [78.7526, 24.2437], [78.7409, 24.2402], [78.7353, 24.2518], [78.7211, 24.2412], [78.7071, 24.2388], [78.6926, 24.237], [78.6811, 24.2441], [78.6654, 24.2484], [78.6578, 24.2681], [78.6436, 24.2815], [78.6342, 24.2894], [78.6217, 24.2863], [78.6179, 24.2993], [78.6228, 24.3099], [78.6048, 24.3157], [78.5936, 24.3394], [78.5807, 24.3498], [78.5749, 24.3593], [78.5569, 24.3612], [78.5276, 24.3745], [78.5221, 24.3842], [78.5054, 24.394], [78.4898, 24.3861], [78.4753, 24.3674], [78.4708, 24.3434], [78.4589, 24.3357], [78.4403, 24.3255], [78.4335, 24.3134], [78.4348, 24.2977], [78.4265, 24.2902], [78.4113, 24.2876], [78.4033, 24.2755], [78.3857, 24.2731], [78.373, 24.2864], [78.3617, 24.2961], [78.3445, 24.3033], [78.3394, 24.3174], [78.3285, 24.3255], [78.3311, 24.3425], [78.3409, 24.3524], [78.3465, 24.3627], [78.3626, 24.3782], [78.3504, 24.3895], [78.3367, 24.4039], [78.3183, 24.4104], [78.2999, 24.4265], [78.2899, 24.4331], [78.2669, 24.4474], [78.2603, 24.46], [78.2697, 24.4731], [78.2632, 24.4831], [78.2462, 24.4867], [78.2379, 24.4936], [78.2402, 24.5096], [78.2282, 24.5165], [78.2165, 24.5316], [78.2242, 24.5413], [78.2365, 24.5463], [78.2553, 24.5523], [78.2604, 24.5692], [78.2681, 24.597], [78.2699, 24.6154], [78.2634, 24.6281], [78.2567, 24.6486], [78.2679, 24.6635], [78.257, 24.6859], [78.2528, 24.7009], [78.2365, 24.7246], [78.2263, 24.7362], [78.2204, 24.7474], [78.2243, 24.764], [78.2239, 24.783], [78.209, 24.8131], [78.1959, 24.8286], [78.1916, 24.8397], [78.1736, 24.8462], [78.1638, 24.8571], [78.1647, 24.8783], [78.177, 24.8873], [78.1892, 24.8928], [78.204, 24.9005], [78.2107, 24.9123], [78.2288, 24.9241], [78.2494, 24.9385], [78.2599, 24.9492], [78.2823, 24.9632], [78.3026, 24.984], [78.3275, 24.9996], [78.3346, 25.0107], [78.3381, 25.0273], [78.3308, 25.0454], [78.3272, 25.0679], [78.3252, 25.0841], [78.3327, 25.0932], [78.3478, 25.1], [78.367, 25.1045], [78.3787, 25.1127], [78.3897, 25.127], [78.4023, 25.131], [78.4177, 25.127], [78.431, 25.1245], [78.4429, 25.1288], [78.4324, 25.1375], [78.4229, 25.1454], [78.4287, 25.1583], [78.4463, 25.1667], [78.4282, 25.1696], [78.409, 25.182], [78.3913, 25.1912], [78.3843, 25.1993], [78.3945, 25.2146], [78.3811, 25.2238], [78.3708, 25.2334], [78.3645, 25.2439], [78.3552, 25.25], [78.3622, 25.2654], [78.3553, 25.2757], [78.3451, 25.283], [78.3452, 25.2979], [78.3301, 25.3004], [78.3165, 25.3046], [78.3106, 25.3162], [78.3271, 25.3272], [78.3276, 25.3465], [78.3163, 25.3596], [78.3016, 25.3644], [78.2955, 25.3748], [78.3034, 25.3848], [78.3169, 25.3909], [78.3303, 25.401], [78.3341, 25.4182], [78.3366, 25.435], [78.3438, 25.4462], [78.3493, 25.4558], [78.361, 25.4466], [78.3774, 25.4484], [78.3919, 25.4688], [78.4067, 25.4792], [78.4207, 25.4776], [78.4123, 25.4977], [78.4096, 25.5186], [78.4087, 25.5329], [78.4261, 25.5615], [78.4397, 25.559], [78.4492, 25.5527], [78.46, 25.5646], [78.4689, 25.573], [78.4811, 25.5804], [78.5114, 25.573], [78.5275, 25.5729], [78.5418, 25.5651], [78.5597, 25.5678], [78.5761, 25.5653], [78.5871, 25.5729], [78.6002, 25.5784], [78.6057, 25.5889], [78.6213, 25.5822], [78.6288, 25.569], [78.6443, 25.5654], [78.6654, 25.5848], [78.677, 25.5941], [78.6957, 25.5998], [78.7112, 25.6066], [78.7328, 25.6031], [78.749, 25.6083], [78.766, 25.6132], [78.7849, 25.6155], [78.7982, 25.6192], [78.8064, 25.633], [78.8112, 25.6455], [78.8106, 25.6651], [78.7958, 25.6961], [78.7912, 25.7105], [78.7775, 25.7137], [78.7608, 25.7208], [78.7524, 25.7274], [78.7458, 25.738], [78.7513, 25.7527], [78.7658, 25.7589], [78.78, 25.7751], [78.7906, 25.7882], [78.7996, 25.7994], [78.8168, 25.7993], [78.8241, 25.8076], [78.8162, 25.8176], [78.804, 25.8102], [78.8112, 25.8301], [78.8351, 25.8241], [78.8407, 25.8121], [78.8497, 25.7959], [78.8619, 25.7992], [78.864, 25.8163], [78.8665, 25.8296], [78.8529, 25.8436], [78.8466, 25.8605], [78.8578, 25.872], [78.8727, 25.873], [78.8813, 25.8884], [78.8872, 25.899], [78.8803, 25.9096], [78.8943, 25.9259], [78.9013, 25.9375], [78.9098, 25.9461], [78.9238, 25.9528], [78.9295, 25.9716], [78.9236, 25.9809], [78.9362, 25.9853], [78.9439, 25.9932], [78.9461, 26.0062], [78.9504, 26.0199], [78.9462, 26.0311], [78.9527, 26.042], [78.9614, 26.0508], [78.9682, 26.0592], [78.9787, 26.0647], [78.986, 26.0761], [79.0011, 26.0784], [79.0035, 26.0943], [78.9718, 26.1087], [78.9692, 26.1234], [78.9581, 26.1299], [78.9444, 26.1375], [78.9603, 26.1543], [78.9862, 26.1505], [79.0007, 26.155], [79.0034, 26.173], [78.9918, 26.1773], [78.9757, 26.1928], [78.984, 26.2007], [79.0023, 26.1968], [79.0099, 26.2049], [79.0207, 26.2097], [79.0173, 26.2237], [79.0247, 26.2343], [79.0405, 26.2293], [79.0553, 26.2324], [79.0611, 26.2437], [79.0555, 26.2541], [79.0454, 26.2603], [79.037, 26.267], [79.0533, 26.2796], [79.0673, 26.2876], [79.0787, 26.2803], [79.0831, 26.2939], [79.0918, 26.304], [79.098, 26.3147], [79.1088, 26.3086], [79.1191, 26.3149], [79.1157, 26.3285], [79.1273, 26.3335], [79.1337, 26.345], [79.1195, 26.351], [79.1053, 26.356], [79.093, 26.3601], [79.0768, 26.3627], [79.0891, 26.3771], [79.087, 26.3911], [79.0807, 26.4055], [79.0868, 26.4178], [79.097, 26.4126], [79.1149, 26.4156], [79.1191, 26.4329], [79.1268, 26.4448], [79.1103, 26.453], [79.0949, 26.4571], [79.0833, 26.453], [79.0742, 26.4456], [79.0613, 26.4494], [79.0485, 26.4561], [79.0635, 26.4848], [79.0609, 26.5033], [79.0437, 26.5105], [79.0395, 26.5234], [79.0337, 26.5334], [79.0196, 26.5414], [79.008, 26.5478], [78.9958, 26.5541], [78.9991, 26.5667], [78.9935, 26.5788], [78.9796, 26.5741], [78.978, 26.5924], [78.9913, 26.6046], [79.0057, 26.6105], [79.0031, 26.6267], [78.9953, 26.636], [78.9872, 26.6442], [78.9957, 26.6636], [79.0012, 26.6739], [78.9932, 26.6846], [78.9739, 26.6825], [78.9639, 26.6765], [78.9479, 26.6626], [78.9358, 26.6679], [78.9499, 26.6919], [78.9308, 26.7043], [78.9128, 26.7104], [78.8829, 26.7044], [78.8649, 26.7047], [78.8543, 26.7123], [78.8407, 26.7261], [78.8114, 26.7655], [78.7987, 26.7691], [78.7741, 26.7661], [78.7545, 26.7757], [78.7448, 26.7894], [78.7315, 26.7831], [78.7178, 26.7872], [78.7153, 26.8002], [78.6901, 26.796], [78.6774, 26.7924], [78.6675, 26.7742], [78.6504, 26.7697], [78.6286, 26.7754], [78.6157, 26.7719], [78.6094, 26.761], [78.5752, 26.756], [78.5601, 26.7622], [78.535, 26.7717], [78.5263, 26.7785], [78.5156, 26.7851], [78.492, 26.788], [78.4763, 26.7923], [78.4581, 26.7952], [78.4456, 26.8034], [78.4343, 26.8241], [78.4259, 26.8323], [78.4003, 26.826], [78.3856, 26.8279], [78.3748, 26.8468], [78.3701, 26.8576], [78.3646, 26.8688], [78.3514, 26.8744], [78.3238, 26.8686], [78.302, 26.8691], [78.2821, 26.8641], [78.2708, 26.8556], [78.2665, 26.841], [78.2653, 26.8247], [78.2475, 26.8239], [78.2368, 26.8317], [78.223, 26.8372], [78.214, 26.8485], [78.2045, 26.8556], [78.1969, 26.8721], [78.1902, 26.8835], [78.2005, 26.8786], [78.2266, 26.8826], [78.2325, 26.8955], [78.2482, 26.9006], [78.2543, 26.9097], [78.2622, 26.9235], [78.2522, 26.935], [78.2327, 26.9337], [78.2273, 26.9436], [78.2159, 26.954], [78.2083, 26.9398], [78.1905, 26.9468], [78.1737, 26.9487], [78.1527, 26.9521], [78.1395, 26.9571], [78.1149, 26.9549], [78.1094, 26.9449], [78.1143, 26.9306], [78.0987, 26.9306], [78.1028, 26.9099], [78.0899, 26.9057], [78.0728, 26.9076], [78.0629, 26.9149], [78.0486, 26.9138], [78.0443, 26.8845], [78.0354, 26.8746], [78.0272, 26.8622], [78.0201, 26.8796], [78.0217, 26.8948], [78.0163, 26.905], [78.0067, 26.9107], [77.9919, 26.9109], [77.985, 26.9014], [77.9706, 26.8997], [77.9658, 26.911], [77.942, 26.8998], [77.9321, 26.91], [77.9096, 26.9143], [77.8999, 26.9245], [77.9028, 26.9011], [77.8961, 26.8897], [77.8821, 26.896], [77.8715, 26.9055], [77.8494, 26.9124], [77.8364, 26.9196], [77.8213, 26.9262], [77.8053, 26.9285], [77.7889, 26.9223], [77.7731, 26.9326], [77.7534, 26.9377], [77.7487, 26.9269], [77.729, 26.9258], [77.7189, 26.9164], [77.7108, 26.903], [77.7199, 26.8967], [77.7158, 26.8813], [77.6977, 26.88], [77.6823, 26.8792], [77.6717, 26.8741], [77.667, 26.8624], [77.6573, 26.8564], [77.6249, 26.8467], [77.6119, 26.8396], [77.6008, 26.8342], [77.5775, 26.8331], [77.5648, 26.8246], [77.5474, 26.8217], [77.5357, 26.8254], [77.5207, 26.822], [77.5123, 26.8383], [77.502, 26.8465], [77.4893, 26.8086], [77.4823, 26.7941], [77.4893, 26.7772], [77.4864, 26.761], [77.4483, 26.7467], [77.4573, 26.7621], [77.456, 26.7804], [77.4389, 26.7758], [77.4286, 26.7701], [77.4286, 26.7858], [77.4382, 26.8089], [77.4342, 26.8254], [77.4258, 26.8357], [77.4175, 26.8428], [77.4262, 26.8531], [77.4225, 26.867], [77.4418, 26.8776], [77.4555, 26.8804], [77.4648, 26.8927], [77.4738, 26.8998], [77.4958, 26.9058], [77.5186, 26.9155], [77.5453, 26.922], [77.5574, 26.926], [77.5798, 26.9309], [77.5848, 26.9423], [77.5981, 26.9403], [77.6423, 26.9673], [77.6526, 26.9749], [77.6653, 26.9669], [77.6703, 26.9771], [77.6919, 26.979], [77.7099, 26.9877], [77.7363, 26.9882], [77.7434, 26.9977], [77.7462, 27.0109], [77.755, 27.0228], [77.7409, 27.0255], [77.7265, 27.0315], [77.7202, 27.0141], [77.7223, 27.0003], [77.7036, 27.0003], [77.6957, 27.016], [77.682, 27.0329], [77.6782, 27.0505], [77.6633, 27.0303], [77.652, 27.0226], [77.6343, 27.027], [77.6274, 27.0155], [77.6195, 27.0249], [77.6034, 27.0291], [77.5906, 27.0317], [77.5751, 27.0416], [77.5607, 27.0357], [77.5611, 27.0516], [77.5669, 27.0663], [77.5632, 27.0786], [77.5463, 27.0807], [77.5337, 27.0698], [77.5143, 27.0704], [77.5182, 27.0881], [77.4994, 27.094], [77.5082, 27.1029], [77.5208, 27.1058], [77.5321, 27.1097], [77.5444, 27.1156], [77.5747, 27.1221], [77.5908, 27.1231], [77.5959, 27.1372], [77.6065, 27.1541], [77.6051, 27.1685], [77.6148, 27.1748], [77.6283, 27.1731], [77.6433, 27.1744], [77.6612, 27.1828], [77.672, 27.1951], [77.6672, 27.2071], [77.6566, 27.213], [77.642, 27.2148], [77.6432, 27.2318], [77.638, 27.2425], [77.6296, 27.2555], [77.6128, 27.2603], [77.6066, 27.2727], [77.6091, 27.288], [77.5983, 27.2964], [77.6033, 27.3099], [77.6135, 27.3148], [77.6156, 27.3345], [77.6104, 27.3444], [77.593, 27.338], [77.5823, 27.3316], [77.5678, 27.3332], [77.5427, 27.3424], [77.5354, 27.3529], [77.522, 27.3576], [77.5094, 27.3678], [77.5022, 27.3774], [77.487, 27.3856], [77.4666, 27.3843], [77.4433, 27.3933], [77.4319, 27.3992], [77.4268, 27.4166], [77.4152, 27.4254], [77.4183, 27.4422], [77.4273, 27.451], [77.4254, 27.4648], [77.4114, 27.4727], [77.3964, 27.4778], [77.3916, 27.4936], [77.3833, 27.5115], [77.3612, 27.5185], [77.3403, 27.5248], [77.3325, 27.5385], [77.3402, 27.5467], [77.3307, 27.5638], [77.3384, 27.5766], [77.3484, 27.5901], [77.3352, 27.6015], [77.3112, 27.6117], [77.3323, 27.6378], [77.3423, 27.653], [77.3372, 27.6697], [77.3368, 27.6855], [77.3344, 27.6995], [77.3305, 27.7111], [77.3085, 27.7139], [77.2976, 27.7187], [77.3107, 27.7369], [77.3053, 27.7492], [77.303, 27.7646], [77.3041, 27.788], [77.2979, 27.7979], [77.2793, 27.8028], [77.2835, 27.8159], [77.2889, 27.8291], [77.3048, 27.8312], [77.3221, 27.8347], [77.3292, 27.852], [77.3393, 27.8596], [77.3526, 27.8564], [77.3648, 27.8606], [77.3821, 27.8631], [77.4038, 27.8582], [77.4045, 27.8758], [77.4071, 27.8891], [77.4222, 27.8945], [77.4422, 27.8785], [77.4585, 27.8853], [77.4698, 27.8947], [77.4746, 27.9121], [77.4706, 27.9279], [77.4777, 27.9402], [77.4906, 27.9339], [77.5059, 27.9361], [77.5192, 27.9319], [77.5314, 27.9418], [77.5373, 27.9578], [77.529, 27.9662], [77.5106, 27.9682], [77.5267, 27.984], [77.5352, 27.9933], [77.5201, 28.0066], [77.5094, 28.0177], [77.5018, 28.0274], [77.4897, 28.0393], [77.4791, 28.0442], [77.4828, 28.0576], [77.4768, 28.0733], [77.47, 28.0837], [77.4731, 28.1037], [77.486, 28.0974], [77.4932, 28.1082], [77.4994, 28.1226], [77.488, 28.1388], [77.4964, 28.1599], [77.5116, 28.1649], [77.5318, 28.1703], [77.5424, 28.1817], [77.5302, 28.1929], [77.5057, 28.1955], [77.4921, 28.1851], [77.4891, 28.212], [77.5106, 28.2063], [77.5216, 28.2174], [77.5156, 28.2298], [77.5356, 28.2405], [77.5388, 28.2544], [77.5123, 28.2543], [77.4871, 28.2618], [77.4673, 28.2697], [77.4723, 28.2812], [77.4881, 28.2791], [77.4948, 28.2926], [77.4958, 28.307], [77.4819, 28.3236], [77.4659, 28.3339], [77.4852, 28.3502], [77.4942, 28.3583], [77.4859, 28.3797], [77.4695, 28.3943], [77.4746, 28.4135], [77.4561, 28.421], [77.444, 28.429], [77.4283, 28.4441], [77.4181, 28.4558], [77.3978, 28.4586], [77.3882, 28.4728], [77.376, 28.4762], [77.3641, 28.4857], [77.3605, 28.4979], [77.3432, 28.5036], [77.3368, 28.5157], [77.3215, 28.5359], [77.3107, 28.5437], [77.2952, 28.5612], [77.2936, 28.5797], [77.3071, 28.5969], [77.3278, 28.6049], [77.3375, 28.6175], [77.3305, 28.6314], [77.3136, 28.6432], [77.3154, 28.6633], [77.3179, 28.6793], [77.3271, 28.6852], [77.3209, 28.6997], [77.3235, 28.7159], [77.3062, 28.7177], [77.2956, 28.713], [77.2837, 28.719], [77.2769, 28.7344], [77.2664, 28.7393], [77.2519, 28.7455], [77.2485, 28.7575], [77.229, 28.7724], [77.2171, 28.7817], [77.2027, 28.7894], [77.1944, 28.8023], [77.2136, 28.8135], [77.2173, 28.8353], [77.2106, 28.8453], [77.2078, 28.8602], [77.1935, 28.8654], [77.1832, 28.8718], [77.178, 28.8856], [77.1991, 28.8927], [77.2169, 28.9003], [77.202, 28.9156], [77.2054, 28.9365], [77.1908, 28.9469], [77.2038, 28.9823], [77.2142, 29.006], [77.2038, 29.0167], [77.1916, 29.0213], [77.1765, 29.0365], [77.1626, 29.0486], [77.1623, 29.0654], [77.1572, 29.0775], [77.1416, 29.0868], [77.1318, 29.0946], [77.122, 29.1058], [77.1362, 29.1278], [77.1266, 29.154], [77.1324, 29.1718], [77.14, 29.1821], [77.1381, 29.2011], [77.1326, 29.2131], [77.1252, 29.2249], [77.1428, 29.2378], [77.135, 29.2665], [77.1376, 29.2875], [77.1444, 29.2962], [77.1542, 29.3169], [77.15, 29.3317], [77.1464, 29.3451], [77.1276, 29.3443], [77.1175, 29.3572], [77.1167, 29.3726], [77.1311, 29.3807], [77.1468, 29.3898], [77.1335, 29.3984], [77.1259, 29.4106], [77.1358, 29.4322], [77.1377, 29.4466], [77.1241, 29.4529], [77.1143, 29.4619], [77.1204, 29.4801], [77.1199, 29.4973], [77.1034, 29.5095], [77.0865, 29.5283], [77.0894, 29.5447], [77.1044, 29.5489], [77.1068, 29.5664], [77.102, 29.577], [77.0938, 29.5872], [77.0868, 29.5965], [77.0922, 29.6087], [77.1005, 29.6223], [77.1049, 29.6356], [77.1097, 29.6472], [77.1218, 29.6535], [77.1313, 29.663], [77.12, 29.6803], [77.1255, 29.6969], [77.1399, 29.7002], [77.1402, 29.7173], [77.1226, 29.736], [77.1152, 29.745], [77.1179, 29.7604], [77.1183, 29.7756], [77.132, 29.779], [77.1422, 29.7876], [77.1524, 29.7933], [77.154, 29.8138], [77.1653, 29.8245], [77.167, 29.8437], [77.1781, 29.8622], [77.1825, 29.8733], [77.185, 29.8903], [77.1796, 29.9023], [77.1859, 29.9131], [77.1956, 29.9273], [77.2111, 29.9407], [77.2237, 29.9548], [77.2319, 29.9663], [77.2355, 29.9812], [77.2505, 29.9885], [77.2632, 30.0022], [77.2654, 30.018], [77.2731, 30.034], [77.2704, 30.0483], [77.2861, 30.0575], [77.3029, 30.0606], [77.3248, 30.0618], [77.3372, 30.0682], [77.3484, 30.0767], [77.357, 30.0842], [77.3685, 30.0916], [77.3925, 30.0944], [77.4086, 30.1026], [77.4006, 30.1133], [77.4087, 30.1232], [77.4155, 30.1335], [77.4108, 30.1459], [77.4153, 30.1567], [77.4235, 30.1685], [77.4403, 30.1692], [77.4515, 30.1736], [77.4602, 30.1838], [77.4733, 30.1886], [77.48, 30.2022], [77.4885, 30.2187], [77.496, 30.2336], [77.5055, 30.2422], [77.5198, 30.2601], [77.5247, 30.278], [77.5322, 30.2869], [77.5453, 30.2941], [77.5558, 30.3026], [77.5704, 30.3112], [77.575, 30.3261], [77.5699, 30.3371], [77.5828, 30.3584], [77.592, 30.3709], [77.5844, 30.3814], [77.5762, 30.3899], [77.5679, 30.3988], [77.5728, 30.4103], [77.584679, 30.408781]]]}}, {"type": "Feature", "properties": {"ID_0": 105, "ISO": "IND", "NAME_0": "India", "ID_1": 34, "NAME_1": "Uttaranchal", "NL_NAME_1": "", "VARNAME_1": "Uttarakhand", "TYPE_1": "State", "ENGTYPE_1": "State", "filename": "", "filename_1": "", "filename_2": "", "filename_3": "", "filename_4": ""}, "geometry": {"type": "Polygon", "coordinates": [[[79.194778, 31.353622], [79.2074, 31.3463], [79.2216, 31.3373], [79.2208, 31.3229], [79.2385, 31.3042], [79.2481, 31.2966], [79.2458, 31.2832], [79.2371, 31.2757], [79.2329, 31.2619], [79.2373, 31.2507], [79.2515, 31.2465], [79.2644, 31.2439], [79.2711, 31.2318], [79.2772, 31.2226], [79.2863, 31.1999], [79.2849, 31.1857], [79.2849, 31.1701], [79.2937, 31.1591], [79.2996, 31.1492], [79.3076, 31.1421], [79.3213, 31.1375], [79.3306, 31.1287], [79.3448, 31.1275], [79.3556, 31.1213], [79.3699, 31.1204], [79.3841, 31.1123], [79.3897, 31.0988], [79.3912, 31.0824], [79.4062, 31.077], [79.4089, 31.0565], [79.4131, 31.0376], [79.4332, 31.0377], [79.4573, 31.0395], [79.472, 31.0403], [79.4874, 31.0411], [79.5013, 31.0391], [79.504, 31.0258], [79.5146, 31.0172], [79.5219, 31.0084], [79.5195, 30.9952], [79.5313, 30.9918], [79.531, 30.9759], [79.5406, 30.9672], [79.5502, 30.9611], [79.5757, 30.9544], [79.5835, 30.9456], [79.5965, 30.9492], [79.6062, 30.9554], [79.6158, 30.9618], [79.6303, 30.9664], [79.6494, 30.9706], [79.6516, 30.9844], [79.6712, 30.9843], [79.6932, 30.9817], [79.7141, 30.9857], [79.7248, 30.9909], [79.7322, 31.0016], [79.7421, 31.0068], [79.7514, 30.9989], [79.7786, 30.9883], [79.7924, 30.9842], [79.805, 30.9778], [79.8181, 30.9802], [79.8303, 30.984], [79.8468, 30.9814], [79.8576, 30.9758], [79.8638, 30.9661], [79.8688, 30.9528], [79.8736, 30.941], [79.8776, 30.9264], [79.8925, 30.9235], [79.902, 30.9157], [79.9081, 30.9033], [79.915, 30.8922], [79.9344, 30.893], [79.9598, 30.8856], [79.9807, 30.8739], [79.9915, 30.8688], [80.0012, 30.8625], [80.0095, 30.854], [80.0181, 30.8465], [80.0382, 30.843], [80.0503, 30.8328], [80.0642, 30.8245], [80.0704, 30.8123], [80.0741, 30.7997], [80.0849, 30.7933], [80.1011, 30.7815], [80.1187, 30.7863], [80.1375, 30.796], [80.1386, 30.81], [80.1567, 30.8125], [80.1675, 30.8072], [80.1741, 30.7984], [80.1812, 30.7893], [80.1849, 30.7747], [80.1901, 30.7649], [80.2072, 30.7575], [80.2148, 30.7665], [80.2254, 30.761], [80.2322, 30.7488], [80.2373, 30.7377], [80.2309, 30.7226], [80.2236, 30.7147], [80.2209, 30.7011], [80.2099, 30.6914], [80.1934, 30.6877], [80.1828, 30.6796], [80.1884, 30.6622], [80.2004, 30.6555], [80.2084, 30.6453], [80.2029, 30.6306], [80.1991, 30.6193], [80.2107, 30.6156], [80.2064, 30.6024], [80.2092, 30.5875], [80.2212, 30.5763], [80.2321, 30.571], [80.2441, 30.5668], [80.2522, 30.5749], [80.2606, 30.5665], [80.2722, 30.5741], [80.2859, 30.5718], [80.2989, 30.5697], [80.309, 30.5633], [80.3156, 30.554], [80.3283, 30.5468], [80.3406, 30.5413], [80.3652, 30.5287], [80.3813, 30.5235], [80.3914, 30.5298], [80.4063, 30.5264], [80.4126, 30.5158], [80.4235, 30.5057], [80.4481, 30.4964], [80.4651, 30.493], [80.4853, 30.4905], [80.4949, 30.4846], [80.5043, 30.4704], [80.5122, 30.4629], [80.524, 30.4554], [80.5332, 30.4625], [80.5517, 30.4647], [80.5601, 30.474], [80.5664, 30.4886], [80.5842, 30.4872], [80.5952, 30.4812], [80.6231, 30.4634], [80.6337, 30.4555], [80.6435, 30.4475], [80.6607, 30.4458], [80.6701, 30.4398], [80.6786, 30.433], [80.6998, 30.4183], [80.7196, 30.4079], [80.7313, 30.4022], [80.7453, 30.3916], [80.7558, 30.38], [80.764, 30.3655], [80.7724, 30.3481], [80.7822, 30.3384], [80.7937, 30.3303], [80.8113, 30.32], [80.8269, 30.3135], [80.8458, 30.3072], [80.865, 30.3041], [80.8835, 30.2996], [80.8965, 30.2939], [80.9167, 30.288], [80.9299, 30.2857], [80.9473, 30.2826], [80.9673, 30.2758], [80.9941, 30.2705], [81.0079, 30.2642], [81.0171, 30.2575], [81.0189, 30.2368], [81.0072, 30.2406], [80.9905, 30.2468], [80.9789, 30.239], [80.9613, 30.2376], [80.9374, 30.2348], [80.923, 30.2317], [80.9119, 30.2232], [80.9041, 30.2142], [80.8959, 30.2062], [80.8857, 30.1944], [80.8818, 30.1813], [80.8699, 30.1757], [80.8731, 30.1609], [80.8752, 30.1443], [80.8805, 30.1325], [80.8697, 30.1254], [80.8567, 30.1203], [80.8436, 30.1105], [80.8392, 30.0977], [80.825, 30.0999], [80.8157, 30.093], [80.8034, 30.0856], [80.7935, 30.0736], [80.7823, 30.058], [80.7673, 30.0519], [80.7574, 30.0394], [80.7593, 30.0239], [80.7532, 30.0126], [80.7398, 29.9995], [80.7213, 30.0004], [80.7141, 29.9902], [80.7023, 29.98], [80.6918, 29.9741], [80.6839, 29.9625], [80.6731, 29.9574], [80.6582, 29.9551], [80.6414, 29.9612], [80.6299, 29.965], [80.616, 29.9606], [80.5922, 29.9484], [80.581, 29.9325], [80.5728, 29.9151], [80.574, 29.8945], [80.5677, 29.8792], [80.5586, 29.8706], [80.5531, 29.8564], [80.5454, 29.8463], [80.5376, 29.8387], [80.5256, 29.8321], [80.509, 29.823], [80.4992, 29.811], [80.4972, 29.7975], [80.4813, 29.7957], [80.4657, 29.8023], [80.4496, 29.7991], [80.4377, 29.8057], [80.4195, 29.796], [80.4085, 29.7898], [80.4016, 29.7738], [80.3993, 29.7593], [80.3873, 29.7536], [80.3741, 29.7491], [80.3659, 29.7402], [80.3677, 29.7249], [80.377, 29.7192], [80.3788, 29.7025], [80.3822, 29.6886], [80.386, 29.675], [80.3922, 29.6645], [80.4082, 29.6596], [80.417, 29.6528], [80.4219, 29.6391], [80.4127, 29.6253], [80.4074, 29.6128], [80.4095, 29.5949], [80.3932, 29.5816], [80.3808, 29.5715], [80.3654, 29.5641], [80.3589, 29.5551], [80.3444, 29.5529], [80.3478, 29.541], [80.359, 29.5337], [80.3501, 29.5235], [80.3442, 29.511], [80.3304, 29.5053], [80.315, 29.4978], [80.3114, 29.4853], [80.3016, 29.4906], [80.2948, 29.4789], [80.2953, 29.4643], [80.3045, 29.4544], [80.2901, 29.4501], [80.2822, 29.4575], [80.2714, 29.4507], [80.2574, 29.448], [80.2448, 29.4445], [80.249, 29.4324], [80.2477, 29.416], [80.2556, 29.404], [80.2658, 29.3972], [80.2769, 29.3922], [80.2806, 29.3789], [80.2734, 29.3711], [80.2808, 29.3599], [80.2851, 29.3419], [80.2929, 29.3302], [80.304, 29.323], [80.3181, 29.3156], [80.3196, 29.3016], [80.313, 29.2915], [80.3057, 29.2729], [80.3011, 29.2617], [80.302, 29.2454], [80.2924, 29.2319], [80.2978, 29.2214], [80.299, 29.205], [80.2913, 29.1952], [80.2827, 29.2017], [80.2625, 29.2066], [80.2586, 29.2178], [80.2462, 29.2124], [80.2493, 29.1971], [80.2596, 29.1874], [80.2623, 29.1747], [80.2673, 29.1534], [80.2744, 29.1448], [80.261, 29.1399], [80.2505, 29.129], [80.2397, 29.1212], [80.2114, 29.1218], [80.1972, 29.1314], [80.186, 29.1373], [80.1766, 29.1267], [80.1655, 29.1169], [80.146, 29.103], [80.1314, 29.0645], [80.1281, 29.0317], [80.1278, 29.017], [80.1379, 29.0095], [80.1196, 28.9817], [80.1019, 28.9864], [80.0977, 28.9752], [80.0671, 28.9273], [80.0601, 28.9163], [80.0629, 28.8832], [80.0663, 28.8373], [80.0341, 28.8098], [80.0257, 28.7998], [80.0362, 28.7907], [80.0382, 28.7751], [80.0348, 28.7632], [80.023, 28.7487], [80.0136, 28.7374], [80.0057, 28.7295], [79.9883, 28.717], [79.9678, 28.7156], [79.9529, 28.7175], [79.9409, 28.7215], [79.9295, 28.7265], [79.9223, 28.7383], [79.9181, 28.7522], [79.9101, 28.7633], [79.8993, 28.7739], [79.8889, 28.7858], [79.8981, 28.7949], [79.886, 28.7988], [79.8731, 28.7965], [79.8597, 28.7984], [79.8465, 28.805], [79.8462, 28.8213], [79.8604, 28.8179], [79.8756, 28.8183], [79.871, 28.8306], [79.8556, 28.8391], [79.8441, 28.8435], [79.8297, 28.8467], [79.8138, 28.8317], [79.815, 28.8146], [79.805, 28.8087], [79.7947, 28.8038], [79.7821, 28.8132], [79.797, 28.8165], [79.8012, 28.8296], [79.7937, 28.8393], [79.7999, 28.8543], [79.8086, 28.8628], [79.797, 28.8705], [79.7745, 28.8918], [79.7598, 28.8895], [79.7449, 28.8898], [79.7328, 28.8831], [79.7181, 28.8828], [79.7067, 28.8752], [79.6923, 28.8683], [79.6843, 28.8573], [79.6671, 28.8541], [79.6541, 28.8487], [79.6433, 28.8532], [79.6308, 28.8589], [79.619, 28.8676], [79.6036, 28.8647], [79.582, 28.8558], [79.5719, 28.849], [79.5572, 28.8457], [79.5477, 28.8543], [79.5513, 28.8661], [79.554, 28.8785], [79.5433, 28.8907], [79.5299, 28.8869], [79.5226, 28.8763], [79.5141, 28.8676], [79.5025, 28.8628], [79.4865, 28.8646], [79.4678, 28.8649], [79.4551, 28.8601], [79.4398, 28.861], [79.4275, 28.8573], [79.4112, 28.8559], [79.4049, 28.8675], [79.3979, 28.881], [79.4004, 28.8956], [79.4001, 28.911], [79.4026, 28.929], [79.3894, 28.9383], [79.3749, 28.9394], [79.3707, 28.9546], [79.3634, 28.9667], [79.3529, 28.9612], [79.3439, 28.9531], [79.3288, 28.9554], [79.3122, 28.9581], [79.3015, 28.9529], [79.286, 28.9605], [79.2737, 28.9729], [79.2643, 28.9821], [79.25, 28.9922], [79.2394, 28.9999], [79.2215, 29.0173], [79.2112, 29.0237], [79.1976, 29.0221], [79.183, 29.0242], [79.1686, 29.0159], [79.1583, 29.0229], [79.1602, 29.0433], [79.1535, 29.0548], [79.1437, 29.0601], [79.137, 29.0693], [79.137, 29.0909], [79.144, 29.1066], [79.1338, 29.1242], [79.1178, 29.1339], [79.1007, 29.1317], [79.0729, 29.152], [79.0595, 29.1563], [79.0382, 29.1663], [79.027, 29.1723], [79.0274, 29.1559], [79.0134, 29.1577], [79.0086, 29.1394], [79.0235, 29.1331], [79.0219, 29.1189], [79.0066, 29.1205], [78.9947, 29.1254], [78.9881, 29.1351], [78.9826, 29.147], [78.9732, 29.1608], [78.9623, 29.1668], [78.9515, 29.1597], [78.9444, 29.1496], [78.9337, 29.1542], [78.9145, 29.149], [78.9004, 29.1506], [78.9048, 29.1632], [78.9057, 29.1775], [78.8991, 29.1906], [78.8936, 29.2048], [78.8869, 29.2178], [78.8701, 29.2285], [78.8641, 29.2495], [78.8544, 29.2554], [78.8341, 29.2562], [78.8161, 29.2538], [78.7999, 29.2579], [78.7899, 29.263], [78.7815, 29.2712], [78.7586, 29.2867], [78.7468, 29.3027], [78.7314, 29.311], [78.7139, 29.3174], [78.7286, 29.319], [78.7283, 29.3342], [78.7416, 29.3359], [78.7574, 29.3498], [78.7659, 29.3411], [78.7809, 29.3435], [78.7888, 29.3293], [78.7974, 29.337], [78.7917, 29.3479], [78.8068, 29.3732], [78.8116, 29.3847], [78.8142, 29.37], [78.8288, 29.3682], [78.8325, 29.3814], [78.8568, 29.3856], [78.866, 29.3931], [78.8828, 29.4048], [78.8906, 29.4164], [78.9004, 29.4467], [78.9229, 29.4562], [78.9003, 29.4562], [78.8827, 29.4578], [78.8658, 29.4596], [78.8461, 29.4637], [78.8301, 29.4685], [78.8114, 29.4698], [78.797, 29.476], [78.7747, 29.4809], [78.7423, 29.5012], [78.7315, 29.5057], [78.7083, 29.5094], [78.6934, 29.5089], [78.6766, 29.5214], [78.6504, 29.5407], [78.6396, 29.5478], [78.6215, 29.5529], [78.6052, 29.5618], [78.5765, 29.5806], [78.5612, 29.5937], [78.5305, 29.6239], [78.5177, 29.6392], [78.5115, 29.6507], [78.5096, 29.6685], [78.5074, 29.6908], [78.5018, 29.7117], [78.4902, 29.7249], [78.4876, 29.7414], [78.4736, 29.7485], [78.4522, 29.7521], [78.4321, 29.7581], [78.4126, 29.7724], [78.386, 29.7739], [78.3513, 29.7863], [78.3385, 29.7925], [78.3029, 29.7576], [78.2819, 29.7423], [78.2648, 29.7268], [78.2314, 29.7041], [78.2213, 29.7176], [78.1935, 29.7101], [78.1822, 29.6916], [78.1659, 29.6795], [78.1391, 29.6761], [78.134, 29.6585], [78.1148, 29.6452], [78.107, 29.6332], [78.0942, 29.628], [78.0887, 29.6133], [78.0821, 29.6018], [78.0593, 29.6016], [78.0439, 29.5931], [78.0365, 29.5809], [78.0426, 29.5719], [78.0369, 29.5526], [78.0193, 29.5541], [78.0035, 29.5561], [77.988, 29.5459], [77.9789, 29.5541], [77.9808, 29.5688], [77.9846, 29.5846], [77.9696, 29.5852], [77.9532, 29.5847], [77.9488, 29.5955], [77.9504, 29.611], [77.9663, 29.6118], [77.9754, 29.6183], [77.9731, 29.632], [77.9675, 29.6491], [77.9691, 29.6645], [77.9616, 29.6724], [77.9541, 29.6813], [77.9447, 29.6894], [77.9423, 29.702], [77.939, 29.7148], [77.9249, 29.7127], [77.9107, 29.7055], [77.8999, 29.6978], [77.8868, 29.7007], [77.87, 29.6988], [77.8585, 29.6881], [77.8471, 29.6806], [77.8343, 29.6719], [77.8213, 29.669], [77.8045, 29.6769], [77.7925, 29.6819], [77.7974, 29.6978], [77.7827, 29.7083], [77.762, 29.7118], [77.7638, 29.7261], [77.7674, 29.7378], [77.7609, 29.7527], [77.7657, 29.7637], [77.7607, 29.7788], [77.753, 29.7974], [77.7421, 29.8095], [77.7423, 29.8246], [77.732, 29.8346], [77.7301, 29.8531], [77.7133, 29.8565], [77.7033, 29.8677], [77.7025, 29.8857], [77.713, 29.8916], [77.7201, 29.9028], [77.7311, 29.9113], [77.7288, 29.9286], [77.7177, 29.935], [77.7254, 29.9435], [77.7327, 29.955], [77.7435, 29.9638], [77.731, 29.9843], [77.7408, 29.9941], [77.7446, 30.0088], [77.7532, 30.0174], [77.7678, 30.0229], [77.7739, 30.0321], [77.7657, 30.0397], [77.7576, 30.0482], [77.7644, 30.0609], [77.7719, 30.0725], [77.7773, 30.0824], [77.7828, 30.0933], [77.7919, 30.1019], [77.8028, 30.0946], [77.8131, 30.0896], [77.8219, 30.0969], [77.8284, 30.1061], [77.8385, 30.1123], [77.8472, 30.1235], [77.8553, 30.1336], [77.8613, 30.1441], [77.8655, 30.1551], [77.8733, 30.1639], [77.8879, 30.1787], [77.896, 30.1863], [77.8999, 30.204], [77.9044, 30.2152], [77.9145, 30.2218], [77.9218, 30.2297], [77.9293, 30.24], [77.9239, 30.2498], [77.9136, 30.2576], [77.9036, 30.2627], [77.8916, 30.2674], [77.8799, 30.2719], [77.8655, 30.2705], [77.8519, 30.2766], [77.8403, 30.2812], [77.8287, 30.2847], [77.8124, 30.2908], [77.8018, 30.296], [77.7889, 30.3037], [77.7785, 30.3093], [77.765, 30.3174], [77.7513, 30.3246], [77.7377, 30.3282], [77.7255, 30.3329], [77.7131, 30.3379], [77.7011, 30.3475], [77.6934, 30.3557], [77.6871, 30.3646], [77.6803, 30.3743], [77.6739, 30.3846], [77.663, 30.3906], [77.6519, 30.3955], [77.643, 30.4045], [77.6342, 30.4109], [77.6235, 30.4052], [77.6092, 30.4104], [77.5925, 30.4095], [77.5797, 30.4119], [77.5686, 30.4068], [77.5629, 30.4171], [77.5746, 30.4265], [77.5904, 30.4338], [77.6038, 30.4374], [77.6305, 30.4362], [77.6378, 30.4495], [77.6532, 30.4495], [77.6791, 30.4517], [77.6901, 30.4629], [77.7047, 30.4734], [77.7214, 30.4778], [77.7366, 30.4873], [77.7475, 30.494], [77.7634, 30.5003], [77.7882, 30.5061], [77.7992, 30.5114], [77.805, 30.5248], [77.8122, 30.538], [77.8068, 30.5493], [77.8032, 30.5638], [77.7906, 30.5603], [77.7783, 30.5574], [77.7665, 30.5635], [77.7535, 30.5702], [77.7462, 30.5844], [77.7386, 30.5929], [77.7313, 30.6015], [77.7425, 30.6072], [77.7544, 30.6008], [77.7556, 30.6162], [77.7722, 30.6178], [77.7755, 30.6375], [77.7683, 30.6515], [77.7791, 30.6638], [77.7629, 30.6684], [77.7542, 30.6761], [77.7428, 30.6806], [77.7334, 30.6935], [77.7369, 30.705], [77.7323, 30.7207], [77.7222, 30.7306], [77.7129, 30.7395], [77.7007, 30.745], [77.6904, 30.7513], [77.6883, 30.7687], [77.7045, 30.779], [77.7154, 30.7942], [77.7194, 30.8083], [77.7309, 30.8194], [77.7404, 30.8277], [77.7334, 30.8475], [77.7396, 30.8602], [77.7409, 30.8743], [77.7511, 30.8827], [77.7618, 30.8751], [77.769, 30.863], [77.7894, 30.8585], [77.7835, 30.8721], [77.7844, 30.8884], [77.7909, 30.9007], [77.799, 30.9088], [77.795, 30.9204], [77.7819, 30.9262], [77.7673, 30.9205], [77.7522, 30.921], [77.7465, 30.934], [77.7367, 30.9396], [77.7346, 30.9596], [77.742, 30.9676], [77.7539, 30.9768], [77.7709, 30.9757], [77.7876, 30.9657], [77.7966, 30.9584], [77.8075, 30.9537], [77.8189, 30.9601], [77.8046, 30.961], [77.7964, 30.9698], [77.8032, 30.9797], [77.8075, 30.9938], [77.8247, 31.0052], [77.8188, 31.0158], [77.8216, 31.0299], [77.8107, 31.0436], [77.805, 31.0541], [77.8147, 31.0609], [77.8247, 31.0744], [77.8375, 31.0775], [77.8504, 31.0952], [77.8515, 31.111], [77.8728, 31.1232], [77.8804, 31.1374], [77.8897, 31.149], [77.9022, 31.1588], [77.9344, 31.1673], [77.946, 31.1762], [77.9694, 31.1652], [77.9852, 31.168], [78.0077, 31.1571], [78.0153, 31.1662], [78.0269, 31.1802], [78.0387, 31.1872], [78.0538, 31.1929], [78.0711, 31.1928], [78.0877, 31.1908], [78.1008, 31.1998], [78.1138, 31.2062], [78.1349, 31.2161], [78.1436, 31.2241], [78.1531, 31.2307], [78.1714, 31.2318], [78.1849, 31.2233], [78.2003, 31.2257], [78.2068, 31.2372], [78.2326, 31.235], [78.2426, 31.2434], [78.2532, 31.2529], [78.269, 31.2714], [78.2885, 31.2642], [78.2955, 31.2729], [78.2984, 31.2882], [78.3169, 31.2851], [78.3361, 31.2875], [78.3563, 31.2909], [78.3693, 31.2879], [78.3814, 31.2815], [78.3862, 31.2696], [78.3914, 31.253], [78.4051, 31.2487], [78.4195, 31.2599], [78.4317, 31.2496], [78.4441, 31.2442], [78.4572, 31.2278], [78.4666, 31.2209], [78.4701, 31.2038], [78.4866, 31.2042], [78.5141, 31.2039], [78.5371, 31.2067], [78.5502, 31.2185], [78.5563, 31.2274], [78.5666, 31.2337], [78.5839, 31.2343], [78.6006, 31.2359], [78.6133, 31.2274], [78.6283, 31.2219], [78.638, 31.2084], [78.6477, 31.1947], [78.6598, 31.2033], [78.6761, 31.2032], [78.6956, 31.1963], [78.713, 31.1967], [78.7495, 31.1944], [78.7646, 31.1959], [78.7888, 31.2045], [78.8032, 31.1992], [78.798, 31.1889], [78.8117, 31.1694], [78.8159, 31.1539], [78.8247, 31.1436], [78.8378, 31.1307], [78.852, 31.1262], [78.8623, 31.1124], [78.88, 31.1038], [78.8968, 31.1056], [78.9038, 31.1155], [78.9205, 31.1076], [78.9375, 31.1053], [78.9524, 31.1084], [78.9657, 31.1154], [78.9849, 31.1165], [78.9908, 31.1309], [78.9848, 31.1409], [78.9758, 31.1507], [78.9775, 31.1702], [78.9719, 31.1824], [78.9609, 31.1864], [78.9462, 31.1936], [78.9359, 31.2057], [78.9351, 31.2224], [78.9196, 31.2231], [78.9099, 31.2339], [78.9059, 31.2502], [78.9131, 31.2607], [78.9167, 31.275], [78.9235, 31.3015], [78.9231, 31.3254], [78.9302, 31.3379], [78.9522, 31.3482], [78.9633, 31.3524], [78.9806, 31.357], [78.9916, 31.364], [78.9946, 31.3793], [79.0068, 31.4006], [79.0148, 31.4091], [79.0272, 31.4203], [79.034, 31.4446], [79.037, 31.4574], [79.0452, 31.4681], [79.0568, 31.4723], [79.0656, 31.4642], [79.0762, 31.4582], [79.0892, 31.4552], [79.1001, 31.4479], [79.1226, 31.4415], [79.1329, 31.4347], [79.1419, 31.42], [79.1486, 31.4111], [79.1579, 31.4041], [79.1701, 31.3865], [79.1751, 31.3765], [79.1818, 31.3675], [79.1897, 31.3589], [79.194778, 31.353622]]]}}, {"type": "Feature", "properties": {"ID_0": 105, "ISO": "IND", "NAME_0": "India", "ID_1": 35, "NAME_1": "West Bengal", "NL_NAME_1": "", "VARNAME_1": "Bangla|Bengala Occidentale|Bengala Ocidental|Bengale occidental", "TYPE_1": "State", "ENGTYPE_1": "State", "filename": "", "filename_1": "", "filename_2": "", "filename_3": "", "filename_4": ""}, "geometry": {"type": "MultiPolygon", "coordinates": [[[[88.018608, 21.572779], [88.018608, 21.572779]]], [[[88.497711, 21.599754], [88.5064, 21.5931], [88.5161, 21.5878], [88.5275, 21.5839], [88.5336, 21.5742], [88.5317, 21.56], [88.5322, 21.5447], [88.5206, 21.5408], [88.5053, 21.5419], [88.5103, 21.5547], [88.5042, 21.5647], [88.5058, 21.5511], [88.4906, 21.5503], [88.4815, 21.5563], [88.4827, 21.5712], [88.4856, 21.5853], [88.4908, 21.5953], [88.497711, 21.599754]]], [[[88.17778, 21.60111], [88.1806, 21.5881], [88.1889, 21.5814], [88.1858, 21.5681], [88.1731, 21.5714], [88.1711, 21.5853], [88.1689, 21.5983], [88.17778, 21.60111]]], [[[88.834724, 21.607222], [88.8442, 21.6008], [88.8572, 21.5983], [88.8689, 21.5948], [88.8783, 21.5889], [88.8869, 21.5819], [88.8953, 21.5753], [88.9008, 21.5656], [88.8992, 21.5522], [88.8867, 21.5497], [88.8722, 21.5492], [88.8594, 21.5517], [88.8453, 21.5531], [88.8364, 21.5597], [88.8311, 21.5694], [88.8308, 21.585], [88.8306, 21.6006], [88.834724, 21.607222]]], [[[88.728851, 21.637081], [88.7332, 21.6263], [88.7347, 21.6124], [88.7438, 21.6063], [88.7547, 21.6018], [88.7489, 21.5921], [88.7472, 21.5783], [88.7372, 21.5731], [88.7222, 21.5744], [88.7133, 21.5806], [88.7079, 21.5904], [88.71, 21.6048], [88.7128, 21.6172], [88.7156, 21.6297], [88.7224, 21.6382], [88.728851, 21.637081]]], [[[88.537216, 21.63862], [88.5478, 21.6325], [88.5608, 21.6294], [88.5703, 21.6236], [88.5803, 21.6144], [88.5867, 21.6053], [88.5858, 21.5911], [88.5813, 21.5802], [88.5733, 21.5731], [88.5619, 21.5692], [88.5508, 21.5642], [88.5433, 21.5731], [88.5389, 21.5841], [88.5463, 21.5918], [88.5552, 21.5983], [88.5454, 21.5927], [88.5319, 21.5912], [88.5213, 21.596], [88.5109, 21.6006], [88.5156, 21.6111], [88.5203, 21.6217], [88.5205, 21.6367], [88.5228, 21.6498], [88.5335, 21.6421], [88.537216, 21.63862]]], [[[88.892357, 21.65209], [88.892357, 21.65209]]], [[[88.771942, 21.653063], [88.7728, 21.6367], [88.7733, 21.6222], [88.7803, 21.6131], [88.788, 21.6054], [88.7822, 21.5961], [88.7937, 21.5997], [88.7929, 21.5849], [88.7822, 21.58], [88.7694, 21.5775], [88.755, 21.5761], [88.7486, 21.5852], [88.7545, 21.595], [88.7495, 21.6059], [88.7385, 21.61], [88.7354, 21.6221], [88.7307, 21.6331], [88.735, 21.6443], [88.7487, 21.6458], [88.7584, 21.6511], [88.7693, 21.6556], [88.771942, 21.653063]]], [[[88.965767, 21.641535], [88.9789, 21.6438], [88.9925, 21.6418], [88.9948, 21.629], [88.9908, 21.615], [88.9757, 21.6132], [88.9628, 21.6153], [88.9567, 21.6245], [88.95, 21.6331], [88.9421, 21.6406], [88.9433, 21.6546], [88.9481, 21.6649], [88.9536, 21.675], [88.9608, 21.6665], [88.9618, 21.652], [88.965767, 21.641535]]], [[[88.634445, 21.656666], [88.6314, 21.6689], [88.6379, 21.6777], [88.6364, 21.6636], [88.634445, 21.656666]]], [[[88.576881, 21.691734], [88.58, 21.6796], [88.5848, 21.6688], [88.5875, 21.6564], [88.595, 21.6489], [88.5992, 21.6381], [88.6036, 21.6275], [88.595, 21.6208], [88.5832, 21.6245], [88.5736, 21.6307], [88.562, 21.6346], [88.5536, 21.6415], [88.5588, 21.652], [88.5664, 21.6599], [88.5714, 21.67], [88.5694, 21.6833], [88.5757, 21.6927], [88.576881, 21.691734]]], [[[88.591942, 21.694166], [88.6006, 21.6872], [88.6053, 21.6747], [88.5997, 21.6653], [88.5911, 21.6586], [88.5866, 21.6692], [88.582, 21.6797], [88.5887, 21.6881], [88.591942, 21.694166]]], [[[88.984489, 21.705688], [88.99, 21.6956], [88.9917, 21.6822], [88.9893, 21.6685], [88.9876, 21.6543], [88.9986, 21.6494], [89.0118, 21.6512], [89.022, 21.6462], [89.0242, 21.6324], [89.0331, 21.6262], [89.0372, 21.6149], [89.03, 21.6068], [89.0185, 21.6026], [89.0039, 21.6019], [88.9983, 21.6117], [88.9971, 21.626], [88.9945, 21.6384], [88.9868, 21.6461], [88.9741, 21.6436], [88.9634, 21.648], [88.9633, 21.663], [88.9591, 21.674], [88.9544, 21.6864], [88.9512, 21.6984], [88.9642, 21.7005], [88.9781, 21.7022], [88.984489, 21.705688]]], [[[88.806656, 21.706673], [88.81, 21.695], [88.8089, 21.6803], [88.8072, 21.6658], [88.8003, 21.6575], [88.7872, 21.6594], [88.7758, 21.6642], [88.7611, 21.6633], [88.7492, 21.6733], [88.7397, 21.6795], [88.7306, 21.6864], [88.7433, 21.6839], [88.7575, 21.6823], [88.7639, 21.6919], [88.7761, 21.6947], [88.7861, 21.7], [88.7967, 21.7047], [88.806656, 21.706673]]], [[[88.311081, 21.70635], [88.3264, 21.7056], [88.3356, 21.6997], [88.3433, 21.6919], [88.3489, 21.6824], [88.35, 21.6675], [88.3475, 21.6547], [88.3569, 21.6486], [88.3494, 21.6408], [88.3436, 21.6314], [88.3372, 21.6211], [88.3264, 21.6161], [88.3174, 21.61], [88.307, 21.6147], [88.3058, 21.6286], [88.3092, 21.6407], [88.3136, 21.6519], [88.3164, 21.6646], [88.3154, 21.6791], [88.3108, 21.69], [88.3042, 21.6985], [88.311081, 21.70635]]], [[[88.454033, 21.709341], [88.4594, 21.6996], [88.4644, 21.6891], [88.4685, 21.6781], [88.465, 21.6663], [88.4624, 21.6535], [88.4592, 21.6417], [88.4547, 21.6311], [88.4503, 21.6203], [88.4399, 21.6256], [88.4352, 21.6364], [88.4275, 21.6444], [88.4203, 21.6525], [88.4203, 21.6677], [88.4188, 21.6818], [88.4243, 21.6923], [88.4319, 21.7009], [88.4399, 21.7081], [88.454033, 21.709341]]], [[[88.697121, 21.712879], [88.6989, 21.6996], [88.7026, 21.6878], [88.7094, 21.6794], [88.7179, 21.6728], [88.7269, 21.6661], [88.7353, 21.6594], [88.7437, 21.6528], [88.736, 21.6455], [88.7269, 21.6396], [88.7176, 21.6461], [88.7114, 21.655], [88.7064, 21.6653], [88.697, 21.671], [88.6881, 21.6825], [88.692, 21.6938], [88.6949, 21.7063], [88.697121, 21.712879]]], [[[88.204506, 21.721182], [88.2108, 21.7119], [88.2164, 21.7018], [88.2052, 21.6975], [88.1956, 21.6914], [88.1978, 21.6781], [88.2067, 21.6716], [88.2212, 21.6704], [88.2272, 21.6614], [88.2298, 21.649], [88.2268, 21.6365], [88.2184, 21.629], [88.2117, 21.62], [88.2128, 21.6056], [88.2039, 21.6122], [88.1997, 21.6233], [88.195, 21.634], [88.1921, 21.6463], [88.1878, 21.657], [88.1848, 21.6698], [88.1823, 21.6831], [88.1842, 21.6967], [88.1883, 21.7078], [88.1972, 21.7158], [88.204506, 21.721182]]], [[[89.059204, 21.721804], [89.0654, 21.7126], [89.0703, 21.7023], [89.0674, 21.6899], [89.0781, 21.6836], [89.0857, 21.6746], [89.0923, 21.6657], [89.0949, 21.6531], [89.0935, 21.6392], [89.0865, 21.6309], [89.0773, 21.6247], [89.0668, 21.6201], [89.0534, 21.6179], [89.0443, 21.6244], [89.0364, 21.6317], [89.0284, 21.6391], [89.0278, 21.6539], [89.0209, 21.6624], [89.0236, 21.6753], [89.0264, 21.6879], [89.022, 21.7004], [89.01, 21.7037], [89.02, 21.7089], [89.0272, 21.7172], [89.0388, 21.7207], [89.0548, 21.7219], [89.059204, 21.721804]]], [[[88.977997, 21.726875], [88.9903, 21.7236], [88.9989, 21.7163], [89.0133, 21.7172], [89.0079, 21.7074], [89.0165, 21.7005], [89.0226, 21.6914], [89.0211, 21.6775], [89.0183, 21.6651], [89.0125, 21.6558], [89.0008, 21.6522], [88.99, 21.6568], [88.9937, 21.669], [88.9936, 21.6842], [88.9925, 21.6989], [88.9847, 21.7106], [88.9753, 21.7167], [88.977997, 21.726875]]], [[[88.54567, 21.73613], [88.5573, 21.7322], [88.5717, 21.7314], [88.5758, 21.7204], [88.5839, 21.7131], [88.5861, 21.7], [88.5835, 21.6876], [88.5753, 21.6952], [88.5703, 21.7056], [88.5619, 21.7123], [88.5555, 21.7216], [88.5605, 21.7116], [88.5686, 21.7046], [88.5741, 21.6945], [88.5669, 21.7026], [88.5653, 21.6889], [88.5689, 21.6772], [88.5667, 21.6639], [88.5589, 21.6556], [88.5522, 21.6464], [88.5467, 21.6367], [88.5373, 21.6429], [88.5303, 21.6514], [88.5318, 21.6652], [88.5302, 21.6787], [88.5275, 21.6913], [88.5213, 21.7007], [88.5173, 21.712], [88.5283, 21.7189], [88.5333, 21.7293], [88.5417, 21.736], [88.54567, 21.73613]]], [[[88.195602, 21.72448], [88.1999, 21.7355], [88.195602, 21.72448]]], [[[88.883057, 21.745279], [88.8933, 21.7392], [88.9053, 21.7297], [88.9139, 21.7231], [88.9194, 21.7111], [88.9283, 21.705], [88.9386, 21.6989], [88.9406, 21.685], [88.9372, 21.6731], [88.9331, 21.6614], [88.9281, 21.6514], [88.9244, 21.6397], [88.9108, 21.6414], [88.9037, 21.65], [88.8928, 21.6544], [88.8856, 21.6622], [88.8845, 21.6764], [88.8797, 21.687], [88.8731, 21.6958], [88.8714, 21.7094], [88.8736, 21.7222], [88.8781, 21.7331], [88.8822, 21.7453], [88.883057, 21.745279]]], [[[88.412338, 21.73126], [88.419, 21.722], [88.4235, 21.7114], [88.4216, 21.6979], [88.4133, 21.6911], [88.4123, 21.6768], [88.4116, 21.6621], [88.4144, 21.6497], [88.4219, 21.6418], [88.429, 21.6339], [88.4269, 21.6208], [88.4136, 21.6228], [88.4084, 21.613], [88.4072, 21.5992], [88.395, 21.6022], [88.3877, 21.6104], [88.3894, 21.6242], [88.3836, 21.6335], [88.387, 21.6457], [88.3838, 21.658], [88.3817, 21.6714], [88.383, 21.6858], [88.3914, 21.6925], [88.3995, 21.6997], [88.4044, 21.7103], [88.4004, 21.7218], [88.3894, 21.7259], [88.3755, 21.7247], [88.3833, 21.7325], [88.3916, 21.7401], [88.3944, 21.7533], [88.3997, 21.7435], [88.407, 21.7356], [88.412338, 21.73126]]], [[[88.220909, 21.76215], [88.2343, 21.7602], [88.2464, 21.7573], [88.26, 21.7556], [88.2725, 21.7527], [88.2678, 21.742], [88.2616, 21.7327], [88.2722, 21.7283], [88.2783, 21.7186], [88.2836, 21.7089], [88.2908, 21.7], [88.2992, 21.6917], [88.3058, 21.6826], [88.3111, 21.6725], [88.3058, 21.6617], [88.3005, 21.6515], [88.2956, 21.6408], [88.2914, 21.63], [88.2886, 21.6178], [88.2869, 21.6044], [88.2933, 21.5956], [88.3022, 21.5892], [88.3019, 21.5744], [88.295, 21.5661], [88.2842, 21.5617], [88.2719, 21.5586], [88.2575, 21.56], [88.2475, 21.565], [88.2405, 21.5736], [88.245, 21.5842], [88.2422, 21.5972], [88.235, 21.6058], [88.2258, 21.6117], [88.2161, 21.6175], [88.2231, 21.6262], [88.2322, 21.6326], [88.2365, 21.6434], [88.2325, 21.655], [88.2319, 21.67], [88.2225, 21.6758], [88.2087, 21.6743], [88.2001, 21.6812], [88.2044, 21.6919], [88.2167, 21.6958], [88.22, 21.7077], [88.2139, 21.7166], [88.2119, 21.7297], [88.2147, 21.742], [88.2153, 21.757], [88.220909, 21.76215]]], [[[88.927101, 21.76195], [88.94, 21.7597], [88.9511, 21.7556], [88.9638, 21.7524], [88.9668, 21.7401], [88.9786, 21.7433], [88.9753, 21.7308], [88.9694, 21.72], [88.9772, 21.7119], [88.9742, 21.6994], [88.9608, 21.7017], [88.9481, 21.7042], [88.9392, 21.7106], [88.9294, 21.7164], [88.928, 21.7303], [88.93, 21.7439], [88.9265, 21.7559], [88.927101, 21.76195]]], [[[88.365387, 21.764166], [88.3634, 21.7509], [88.3606, 21.7386], [88.3642, 21.7267], [88.3714, 21.7186], [88.3869, 21.7186], [88.3975, 21.7142], [88.3912, 21.7052], [88.3815, 21.6993], [88.3717, 21.6939], [88.3633, 21.6872], [88.3503, 21.6922], [88.3444, 21.7014], [88.3376, 21.7098], [88.3448, 21.7181], [88.3475, 21.7323], [88.3435, 21.7436], [88.3447, 21.7575], [88.3532, 21.764], [88.365387, 21.764166]]], [[[89.005119, 21.764977], [89.0177, 21.7622], [89.0266, 21.7559], [89.0337, 21.7472], [89.0414, 21.7394], [89.0506, 21.7332], [89.0592, 21.7268], [89.0478, 21.7231], [89.0345, 21.7214], [89.0229, 21.718], [89.0174, 21.7283], [89.0115, 21.7378], [89.0039, 21.7456], [89.0008, 21.7577], [89.005119, 21.764977]]], [[[88.831673, 21.766109], [88.8456, 21.7639], [88.8585, 21.7617], [88.8622, 21.7503], [88.8533, 21.7433], [88.8472, 21.7338], [88.8429, 21.7229], [88.84, 21.7089], [88.8403, 21.6939], [88.8425, 21.6808], [88.8472, 21.67], [88.8525, 21.6601], [88.8572, 21.6493], [88.8598, 21.6368], [88.8531, 21.6284], [88.8434, 21.6338], [88.8411, 21.6467], [88.8306, 21.652], [88.8398, 21.646], [88.8416, 21.6327], [88.8464, 21.6222], [88.8323, 21.6232], [88.8217, 21.6278], [88.8119, 21.6332], [88.8136, 21.6467], [88.8193, 21.6561], [88.8228, 21.6697], [88.8194, 21.6819], [88.8186, 21.6964], [88.8158, 21.7089], [88.8064, 21.715], [88.7921, 21.7138], [88.7822, 21.7085], [88.7735, 21.7018], [88.7781, 21.7122], [88.783, 21.7227], [88.7872, 21.7336], [88.7903, 21.7456], [88.805, 21.7473], [88.8154, 21.7522], [88.8232, 21.7597], [88.831673, 21.766109]]], [[[88.384903, 21.764441], [88.389, 21.7526], [88.3861, 21.74], [88.3739, 21.7369], [88.3639, 21.7317], [88.3611, 21.744], [88.3671, 21.7534], [88.3725, 21.7631], [88.384903, 21.764441]]], [[[88.200546, 21.768608], [88.1964, 21.7575], [88.2, 21.7692], [88.200546, 21.768608]]], [[[88.282791, 21.765011], [88.282791, 21.765011]]], [[[88.582222, 21.777781], [88.5847, 21.7653], [88.5872, 21.7522], [88.5973, 21.7471], [88.6091, 21.7434], [88.6198, 21.7383], [88.6153, 21.7271], [88.6032, 21.7241], [88.5931, 21.7191], [88.5823, 21.7238], [88.5833, 21.7383], [88.5819, 21.7523], [88.5755, 21.7611], [88.5775, 21.7756], [88.582222, 21.777781]]], [[[88.30249, 21.724562], [88.3022, 21.7098], [88.2895, 21.7129], [88.2836, 21.7222], [88.2775, 21.7317], [88.2805, 21.744], [88.2858, 21.7543], [88.2864, 21.7691], [88.299, 21.7662], [88.3026, 21.7546], [88.3045, 21.741], [88.3035, 21.7267], [88.30249, 21.724562]]], [[[88.50528, 21.78299], [88.50528, 21.78299]]], [[[88.999672, 21.785469], [89.011, 21.7812], [89.0026, 21.7741], [88.9969, 21.7642], [88.9994, 21.7514], [89.0047, 21.7413], [89.0125, 21.7341], [89.0151, 21.7213], [89.0048, 21.7161], [88.995, 21.7219], [88.9842, 21.7267], [88.9876, 21.7387], [88.9795, 21.7456], [88.9694, 21.7405], [88.9658, 21.7522], [88.9542, 21.7561], [88.9619, 21.7653], [88.9698, 21.7726], [88.9789, 21.7788], [88.9865, 21.7866], [88.999672, 21.785469]]], [[[88.609726, 21.790279], [88.6181, 21.7828], [88.6233, 21.7719], [88.6264, 21.7597], [88.6297, 21.7472], [88.6272, 21.7342], [88.6219, 21.7225], [88.6142, 21.7119], [88.6002, 21.713], [88.6083, 21.72], [88.6183, 21.725], [88.6233, 21.7358], [88.6165, 21.7444], [88.6041, 21.7471], [88.5941, 21.7525], [88.5869, 21.7605], [88.5883, 21.7743], [88.5926, 21.7852], [88.6044, 21.7894], [88.609726, 21.790279]]], [[[88.273964, 21.790791], [88.2858, 21.7873], [88.2844, 21.7731], [88.2729, 21.7772], [88.2664, 21.7861], [88.273964, 21.790791]]], [[[88.183334, 21.7875], [88.183334, 21.7875]]], [[[88.458611, 21.788651], [88.4688, 21.7939], [88.4728, 21.7822], [88.4704, 21.7693], [88.4689, 21.7553], [88.4658, 21.7428], [88.4633, 21.73], [88.4564, 21.7208], [88.4515, 21.7107], [88.4382, 21.7085], [88.4278, 21.7137], [88.4294, 21.7283], [88.4246, 21.7392], [88.4269, 21.7519], [88.4235, 21.7641], [88.4302, 21.7732], [88.4388, 21.7803], [88.4423, 21.7925], [88.4555, 21.79], [88.458611, 21.788651]]], [[[88.716202, 21.807381], [88.7211, 21.7973], [88.7272, 21.7883], [88.7333, 21.7787], [88.7425, 21.7728], [88.7494, 21.7644], [88.7593, 21.7592], [88.7528, 21.75], [88.7508, 21.7369], [88.7576, 21.7282], [88.7705, 21.7259], [88.7664, 21.715], [88.7553, 21.7106], [88.7436, 21.7142], [88.7512, 21.7067], [88.7579, 21.6975], [88.7567, 21.6835], [88.7441, 21.6861], [88.7322, 21.6892], [88.7375, 21.6791], [88.7471, 21.6731], [88.755, 21.6656], [88.7403, 21.6661], [88.7325, 21.674], [88.7232, 21.6803], [88.7139, 21.6866], [88.7094, 21.6972], [88.7072, 21.7103], [88.7036, 21.7217], [88.6995, 21.7326], [88.6953, 21.7436], [88.6983, 21.7558], [88.7026, 21.7667], [88.7077, 21.7773], [88.7117, 21.7886], [88.7111, 21.8031], [88.716202, 21.807381]]], [[[88.171112, 21.808611], [88.1731, 21.7953], [88.1661, 21.8039], [88.171112, 21.808611]]], [[[88.544571, 21.81032], [88.5563, 21.8059], [88.5645, 21.7986], [88.5706, 21.7894], [88.5653, 21.7794], [88.5623, 21.767], [88.566, 21.7556], [88.5722, 21.746], [88.5697, 21.7333], [88.5558, 21.735], [88.5433, 21.7375], [88.5335, 21.7319], [88.5286, 21.7215], [88.5163, 21.7244], [88.5122, 21.7353], [88.5074, 21.7462], [88.5082, 21.7613], [88.5174, 21.768], [88.5262, 21.7745], [88.5328, 21.7834], [88.5253, 21.7752], [88.5162, 21.7685], [88.5066, 21.7631], [88.5071, 21.7777], [88.5132, 21.7867], [88.5205, 21.7945], [88.5286, 21.8022], [88.5378, 21.8086], [88.544571, 21.81032]]], [[[88.421806, 21.81109], [88.4277, 21.8019], [88.4417, 21.8005], [88.4392, 21.7875], [88.4323, 21.779], [88.4241, 21.772], [88.422, 21.7587], [88.421, 21.7445], [88.424, 21.7322], [88.4111, 21.7344], [88.4022, 21.7406], [88.4003, 21.7539], [88.3945, 21.7632], [88.3873, 21.7715], [88.3894, 21.7845], [88.3977, 21.7914], [88.4059, 21.7984], [88.4144, 21.8054], [88.421806, 21.81109]]], [[[88.999573, 21.81167], [89.0145, 21.8124], [89.0138, 21.798], [89.0155, 21.7844], [89.0187, 21.7722], [89.0226, 21.7609], [89.0125, 21.7661], [88.9986, 21.7675], [89.0071, 21.7742], [89.0037, 21.7861], [88.992, 21.7894], [88.9944, 21.802], [88.999573, 21.81167]]], [[[88.750633, 21.795401], [88.7537, 21.7834], [88.7477, 21.7741], [88.7349, 21.7773], [88.7289, 21.7869], [88.7348, 21.7964], [88.7412, 21.8054], [88.749, 21.8134], [88.75, 21.7986], [88.750633, 21.795401]]], [[[88.828079, 21.804029], [88.8227, 21.7943], [88.8221, 21.7798], [88.8278, 21.7698], [88.8216, 21.7603], [88.8136, 21.7525], [88.8022, 21.7483], [88.7898, 21.7514], [88.7844, 21.7615], [88.7889, 21.7727], [88.7961, 21.7808], [88.7994, 21.7931], [88.8075, 21.8028], [88.8144, 21.8112], [88.8196, 21.8211], [88.8278, 21.8139], [88.828079, 21.804029]]], [[[88.787498, 21.745001], [88.7821, 21.7348], [88.769, 21.7325], [88.7558, 21.7344], [88.7563, 21.749], [88.7636, 21.7569], [88.7579, 21.7667], [88.7598, 21.78], [88.7669, 21.7879], [88.7706, 21.7995], [88.7765, 21.8089], [88.7795, 21.8213], [88.7893, 21.8156], [88.7942, 21.8022], [88.7958, 21.7872], [88.7897, 21.7781], [88.7833, 21.7693], [88.7856, 21.7542], [88.787498, 21.745001]]], [[[88.915833, 21.825834], [88.9278, 21.8222], [88.9325, 21.8117], [88.9278, 21.8], [88.9192, 21.7934], [88.9197, 21.7786], [88.9156, 21.7667], [88.9117, 21.7542], [88.8978, 21.7519], [88.8964, 21.7656], [88.9006, 21.7767], [88.9025, 21.7903], [88.89, 21.7931], [88.8836, 21.8022], [88.8904, 21.8108], [88.8992, 21.8175], [88.9097, 21.8228], [88.915833, 21.825834]]], [[[88.181946, 21.825829], [88.181946, 21.825829]]], [[[88.559448, 21.829721], [88.559448, 21.829721]]], [[[88.484879, 21.83469], [88.4933, 21.8281], [88.4989, 21.8186], [88.4953, 21.8072], [88.4864, 21.7997], [88.4715, 21.8], [88.4575, 21.8017], [88.4505, 21.8101], [88.4569, 21.8192], [88.4683, 21.8236], [88.475, 21.8325], [88.484879, 21.83469]]], [[[88.941391, 21.847221], [88.9475, 21.8381], [88.9531, 21.8267], [88.9658, 21.8228], [88.9753, 21.8169], [88.9717, 21.8053], [88.9583, 21.8072], [88.9472, 21.8028], [88.9403, 21.7931], [88.943, 21.7808], [88.9544, 21.7769], [88.9508, 21.7653], [88.9353, 21.7658], [88.9186, 21.7636], [88.9203, 21.7772], [88.9244, 21.7889], [88.9289, 21.7994], [88.9336, 21.81], [88.9375, 21.8211], [88.9261, 21.8261], [88.9314, 21.8364], [88.9372, 21.8467], [88.941391, 21.847221]]], [[[88.592216, 21.85], [88.6028, 21.845], [88.6072, 21.8342], [88.618, 21.8292], [88.61, 21.8217], [88.6125, 21.8089], [88.6075, 21.7981], [88.5933, 21.7972], [88.5843, 21.8034], [88.5783, 21.8124], [88.5784, 21.8275], [88.5817, 21.8399], [88.5878, 21.8492], [88.592216, 21.85]]], [[[88.519958, 21.854637], [88.5267, 21.8458], [88.5216, 21.8358], [88.5189, 21.8492], [88.519958, 21.854637]]], [[[88.538002, 21.853582], [88.538002, 21.853582]]], [[[88.331131, 21.860687], [88.3428, 21.8566], [88.352, 21.8503], [88.3514, 21.8355], [88.352, 21.8204], [88.3582, 21.8116], [88.3608, 21.7968], [88.3721, 21.7925], [88.3792, 21.7842], [88.3781, 21.7697], [88.3649, 21.7669], [88.351, 21.7652], [88.3423, 21.7583], [88.3403, 21.7453], [88.3425, 21.7317], [88.3406, 21.7183], [88.3322, 21.7104], [88.3186, 21.7089], [88.3078, 21.7131], [88.3088, 21.7277], [88.3073, 21.7413], [88.3053, 21.7544], [88.3014, 21.766], [88.2986, 21.7782], [88.3097, 21.7822], [88.3091, 21.7972], [88.2971, 21.801], [88.308, 21.7963], [88.3044, 21.7844], [88.2974, 21.7763], [88.2891, 21.7836], [88.2816, 21.7914], [88.268, 21.7932], [88.2603, 21.8008], [88.2643, 21.8124], [88.2738, 21.8184], [88.2846, 21.8227], [88.2974, 21.8249], [88.3074, 21.83], [88.3131, 21.8396], [88.3115, 21.8536], [88.3207, 21.8597], [88.331131, 21.860687]]], [[[88.85611, 21.86528], [88.8606, 21.8544], [88.8747, 21.8533], [88.8769, 21.8383], [88.8794, 21.8256], [88.8831, 21.8142], [88.8817, 21.8006], [88.8878, 21.79], [88.8969, 21.7817], [88.8936, 21.7697], [88.8911, 21.755], [88.8983, 21.7469], [88.9139, 21.7475], [88.9189, 21.7372], [88.9114, 21.7286], [88.9008, 21.7356], [88.8917, 21.7417], [88.8814, 21.7472], [88.8786, 21.7597], [88.8731, 21.7705], [88.8642, 21.7767], [88.8522, 21.78], [88.8375, 21.7808], [88.8392, 21.7944], [88.8414, 21.8075], [88.84, 21.8214], [88.8378, 21.835], [88.84, 21.8494], [88.8464, 21.8581], [88.85611, 21.86528]]], [[[88.582748, 21.865549], [88.582748, 21.865549]]], [[[88.136948, 21.875], [88.1417, 21.8645], [88.1468, 21.8542], [88.1507, 21.8428], [88.1557, 21.8326], [88.1625, 21.8241], [88.1703, 21.8167], [88.1653, 21.8064], [88.1645, 21.792], [88.1688, 21.7811], [88.171, 21.7677], [88.1709, 21.7526], [88.1697, 21.7385], [88.1651, 21.7276], [88.1617, 21.7158], [88.1567, 21.7056], [88.1542, 21.6931], [88.1506, 21.6814], [88.1559, 21.6712], [88.1539, 21.6558], [88.1494, 21.6439], [88.1422, 21.6356], [88.1325, 21.6297], [88.1197, 21.6269], [88.1047, 21.6272], [88.0911, 21.6292], [88.0808, 21.6342], [88.0675, 21.6361], [88.0569, 21.6406], [88.0475, 21.6472], [88.0406, 21.6556], [88.0372, 21.6683], [88.0387, 21.6818], [88.0403, 21.6956], [88.0434, 21.7076], [88.0468, 21.7199], [88.0535, 21.7285], [88.0617, 21.7358], [88.0656, 21.7483], [88.0683, 21.7608], [88.0714, 21.7728], [88.0756, 21.7839], [88.0817, 21.7931], [88.0868, 21.8032], [88.0922, 21.8129], [88.0979, 21.8225], [88.1025, 21.8333], [88.1086, 21.8425], [88.115, 21.8517], [88.1203, 21.8614], [88.1266, 21.8706], [88.135, 21.8774], [88.136948, 21.875]]], [[[88.789169, 21.878611], [88.7858, 21.8667], [88.7958, 21.8719], [88.8069, 21.8667], [88.8181, 21.8706], [88.8267, 21.8639], [88.8255, 21.85], [88.8186, 21.8408], [88.8211, 21.8281], [88.8161, 21.8181], [88.8108, 21.8083], [88.8003, 21.7972], [88.7953, 21.8094], [88.7894, 21.8208], [88.7767, 21.8267], [88.7661, 21.8317], [88.7692, 21.8439], [88.7744, 21.8544], [88.7769, 21.867], [88.7856, 21.8756], [88.789169, 21.878611]]], [[[88.979057, 21.89349], [88.9902, 21.8891], [88.9997, 21.8836], [89.0101, 21.8788], [89.0197, 21.8731], [89.0285, 21.8663], [89.0291, 21.8517], [89.015, 21.8505], [89.0059, 21.8569], [89.0015, 21.8677], [89.0048, 21.8556], [89.0134, 21.8492], [89.0263, 21.8469], [89.03, 21.8352], [89.0253, 21.8244], [89.0182, 21.8164], [89.0093, 21.8229], [89.0039, 21.8128], [88.9919, 21.8094], [88.9896, 21.7965], [88.9839, 21.7867], [88.9761, 21.7789], [88.9626, 21.7806], [88.9505, 21.7839], [88.9495, 21.7979], [88.961, 21.8016], [88.9752, 21.8026], [88.9786, 21.8143], [88.9749, 21.8261], [88.96, 21.8263], [88.9521, 21.8338], [88.9547, 21.8466], [88.9617, 21.8547], [88.9696, 21.862], [88.9793, 21.8679], [88.9747, 21.8787], [88.9697, 21.8892], [88.979057, 21.89349]]], [[[88.621666, 21.897779], [88.6272, 21.8867], [88.6343, 21.8787], [88.6424, 21.8717], [88.6535, 21.8677], [88.6497, 21.8556], [88.6492, 21.8408], [88.6472, 21.8264], [88.6445, 21.8133], [88.643, 21.7997], [88.6408, 21.7861], [88.6275, 21.7886], [88.6205, 21.7967], [88.6172, 21.8086], [88.6187, 21.8225], [88.6161, 21.835], [88.6078, 21.8422], [88.6003, 21.8497], [88.5972, 21.8617], [88.6022, 21.8722], [88.6075, 21.8822], [88.6136, 21.8913], [88.621666, 21.897779]]], [[[88.137306, 21.89514], [88.137306, 21.89514]]], [[[88.816948, 21.901112], [88.8292, 21.8983], [88.8378, 21.8917], [88.8397, 21.8786], [88.8336, 21.8689], [88.8217, 21.8722], [88.81, 21.8689], [88.8014, 21.8756], [88.8092, 21.8833], [88.8114, 21.8964], [88.816948, 21.901112]]], [[[88.56234, 21.897461], [88.5743, 21.8944], [88.5743, 21.8793], [88.5725, 21.8635], [88.5697, 21.8507], [88.5658, 21.8392], [88.5592, 21.8306], [88.5542, 21.8195], [88.5453, 21.8258], [88.5372, 21.8328], [88.5315, 21.8425], [88.537, 21.8523], [88.5431, 21.8619], [88.5456, 21.8747], [88.5495, 21.8858], [88.5444, 21.8966], [88.5565, 21.8995], [88.56234, 21.897461]]], [[[88.425461, 21.904091], [88.425461, 21.904091]]], [[[88.44648, 21.904921], [88.455, 21.8981], [88.465, 21.893], [88.4774, 21.8902], [88.4847, 21.8819], [88.488, 21.8646], [88.4903, 21.8518], [88.4888, 21.8383], [88.4756, 21.8364], [88.4681, 21.8283], [88.4581, 21.8233], [88.4489, 21.817], [88.4506, 21.8036], [88.4592, 21.7972], [88.4474, 21.8007], [88.433, 21.8], [88.4273, 21.8093], [88.4141, 21.8073], [88.4059, 21.8003], [88.4008, 21.8105], [88.397, 21.822], [88.3925, 21.8326], [88.3962, 21.8447], [88.4004, 21.8555], [88.3994, 21.8699], [88.4054, 21.8789], [88.4141, 21.8854], [88.4197, 21.8951], [88.4281, 21.9023], [88.4399, 21.9057], [88.44648, 21.904921]]], [[[88.718056, 21.907223], [88.7258, 21.8997], [88.7422, 21.8989], [88.7486, 21.89], [88.7564, 21.8828], [88.7656, 21.8769], [88.7744, 21.8706], [88.7797, 21.8608], [88.7692, 21.8533], [88.7656, 21.8417], [88.7647, 21.8272], [88.7764, 21.8236], [88.7747, 21.8097], [88.7678, 21.8011], [88.7642, 21.7892], [88.7569, 21.7811], [88.7525, 21.7925], [88.7511, 21.8067], [88.7383, 21.8042], [88.73, 21.7972], [88.7214, 21.8036], [88.7125, 21.8105], [88.7044, 21.8178], [88.7114, 21.8258], [88.7203, 21.8333], [88.7111, 21.8272], [88.7005, 21.8319], [88.6994, 21.8461], [88.7044, 21.8564], [88.6972, 21.8483], [88.6997, 21.8619], [88.705, 21.8722], [88.7103, 21.8822], [88.7142, 21.8939], [88.7169, 21.9064], [88.718056, 21.907223]]], [[[88.106949, 21.8936], [88.1094, 21.9063], [88.106949, 21.8936]]], [[[88.504723, 21.912781], [88.5019, 21.9006], [88.4942, 21.8928], [88.4808, 21.8947], [88.4833, 21.9075], [88.4947, 21.9114], [88.504723, 21.912781]]], [[[88.452454, 21.906338], [88.452454, 21.906338]]], [[[88.639999, 21.92168], [88.6501, 21.9165], [88.6629, 21.914], [88.6611, 21.9003], [88.6572, 21.8889], [88.6531, 21.8778], [88.6419, 21.8736], [88.634, 21.8808], [88.6286, 21.8906], [88.6235, 21.9009], [88.6307, 21.909], [88.6358, 21.9195], [88.639999, 21.92168]]], [[[88.134789, 21.926744], [88.1419, 21.9179], [88.1384, 21.9064], [88.1305, 21.8992], [88.1229, 21.9066], [88.1166, 21.9162], [88.1234, 21.925], [88.134789, 21.926744]]], [[[88.836555, 21.917892], [88.8491, 21.9118], [88.8663, 21.9137], [88.8781, 21.9174], [88.8912, 21.9153], [88.905, 21.9196], [88.9146, 21.9281], [88.9272, 21.9208], [88.9364, 21.9144], [88.9469, 21.9097], [88.9575, 21.905], [88.9686, 21.9006], [88.9669, 21.8869], [88.9722, 21.8772], [88.9689, 21.8653], [88.9606, 21.8586], [88.9525, 21.8764], [88.9478, 21.8872], [88.9514, 21.8756], [88.9506, 21.8614], [88.9503, 21.8464], [88.9403, 21.8522], [88.9258, 21.8528], [88.9178, 21.8606], [88.9156, 21.8747], [88.9183, 21.8581], [88.9264, 21.8508], [88.9331, 21.8417], [88.9228, 21.8356], [88.9164, 21.8269], [88.9056, 21.8225], [88.8953, 21.8161], [88.8819, 21.8192], [88.8805, 21.8333], [88.8775, 21.8458], [88.8697, 21.8542], [88.8572, 21.8586], [88.8542, 21.8731], [88.8533, 21.8878], [88.8464, 21.8989], [88.8386, 21.9069], [88.8286, 21.9119], [88.8214, 21.9203], [88.8352, 21.9189], [88.836555, 21.917892]]], [[[88.72361, 21.931944], [88.7306, 21.9217], [88.7428, 21.9186], [88.7517, 21.9253], [88.7683, 21.9258], [88.7797, 21.9208], [88.7925, 21.9172], [88.805, 21.9133], [88.8119, 21.9047], [88.8089, 21.8925], [88.8047, 21.8814], [88.7958, 21.8747], [88.7903, 21.865], [88.7925, 21.8781], [88.7819, 21.8733], [88.7711, 21.8781], [88.7581, 21.8803], [88.7514, 21.8886], [88.7464, 21.8986], [88.7292, 21.8997], [88.7211, 21.9069], [88.7167, 21.9178], [88.7206, 21.9292], [88.72361, 21.931944]]], [[[88.16333, 21.937222], [88.1717, 21.9292], [88.1669, 21.9178], [88.1606, 21.9267], [88.16333, 21.937222]]], [[[88.745392, 21.979738], [88.7545, 21.9738], [88.7507, 21.962], [88.7568, 21.9525], [88.7662, 21.9461], [88.7773, 21.942], [88.7837, 21.9508], [88.7889, 21.9407], [88.8027, 21.9394], [88.8, 21.9269], [88.7908, 21.9205], [88.7804, 21.9253], [88.7695, 21.9297], [88.7547, 21.9303], [88.7447, 21.9248], [88.7318, 21.9272], [88.7247, 21.9375], [88.7239, 21.9522], [88.7228, 21.9664], [88.7254, 21.9788], [88.7404, 21.9794], [88.745392, 21.979738]]], [[[88.759163, 21.998608], [88.7531, 21.9894], [88.7443, 21.9831], [88.7478, 21.9953], [88.7551, 22.0031], [88.759163, 21.998608]]], [[[88.659973, 22.019213], [88.6749, 22.0189], [88.6853, 22.0136], [88.6953, 22.0082], [88.7048, 22.0027], [88.7133, 21.996], [88.7054, 21.9883], [88.6991, 21.9794], [88.6934, 21.97], [88.6928, 21.9846], [88.6858, 21.9764], [88.6923, 21.9678], [88.6893, 21.9553], [88.6759, 21.9531], [88.6609, 21.9531], [88.6466, 21.954], [88.6344, 21.9511], [88.6283, 21.9603], [88.63, 21.9738], [88.6322, 21.9869], [88.6369, 21.998], [88.645, 22.0053], [88.6502, 22.0157], [88.659973, 22.019213]]], [[[88.141388, 22.02639], [88.1372, 22.0139], [88.1303, 22.005], [88.1253, 21.995], [88.12, 21.9853], [88.1142, 21.9761], [88.1075, 21.9672], [88.1008, 21.9586], [88.0944, 21.9494], [88.0894, 21.9383], [88.0806, 21.9308], [88.0714, 21.925], [88.0633, 21.9181], [88.0533, 21.9122], [88.0472, 21.9231], [88.0492, 21.9375], [88.053, 21.9498], [88.0573, 21.9624], [88.063, 21.9751], [88.0682, 21.9853], [88.0733, 21.9953], [88.0828, 22.0022], [88.0922, 22.0103], [88.1036, 22.0142], [88.1161, 22.0169], [88.1278, 22.0203], [88.1392, 22.025], [88.141388, 22.02639]]], [[[88.812767, 22.019442], [88.8261, 22.0217], [88.8433, 22.0178], [88.8578, 22.0197], [88.8706, 22.0167], [88.8861, 22.0111], [88.8993, 22.0131], [88.9044, 22.0028], [88.9024, 21.9871], [88.9076, 21.9694], [88.9058, 21.9521], [88.9058, 21.9371], [88.9007, 21.9248], [88.8883, 21.9207], [88.8729, 21.9223], [88.8566, 21.9191], [88.8411, 21.9247], [88.8329, 21.9348], [88.8208, 21.9405], [88.8053, 21.9403], [88.7911, 21.9417], [88.7883, 21.9542], [88.7794, 21.9481], [88.7631, 21.9519], [88.7517, 21.9569], [88.7555, 21.9686], [88.752, 21.9803], [88.7644, 21.9844], [88.7744, 21.9897], [88.7829, 21.9829], [88.7876, 21.971], [88.7899, 21.9843], [88.7778, 21.9903], [88.7656, 21.9872], [88.76, 21.9967], [88.7641, 22.008], [88.7731, 22.0149], [88.7838, 22.0193], [88.795, 22.0256], [88.8078, 22.0225], [88.812767, 22.019442]]], [[[88.731438, 22.045246], [88.731438, 22.045246]]], [[[88.763809, 22.05167], [88.7764, 22.049], [88.7796, 22.0366], [88.7909, 22.0325], [88.7834, 22.0241], [88.7689, 22.02], [88.7608, 22.0272], [88.7569, 22.0388], [88.7519, 22.049], [88.763809, 22.05167]]], [[[88.902786, 22.045334], [88.9014, 22.0313], [88.8999, 22.0175], [88.8871, 22.0148], [88.8749, 22.0181], [88.8693, 22.0278], [88.8595, 22.033], [88.8522, 22.0408], [88.8647, 22.0434], [88.8794, 22.0439], [88.8916, 22.047], [88.8859, 22.0565], [88.8975, 22.0529], [88.902786, 22.045334]]], [[[88.031387, 22.06056], [88.031387, 22.06056]]], [[[89.016197, 22.05092], [89.0316, 22.0511], [89.0425, 22.0463], [89.0478, 22.0361], [89.0642, 22.0181], [89.0707, 22.0094], [89.0753, 21.9988], [89.078, 21.9864], [89.0749, 21.9744], [89.0701, 21.9847], [89.0708, 21.9703], [89.0704, 21.9556], [89.067, 21.9435], [89.0621, 21.9334], [89.047, 21.9333], [89.0418, 21.9436], [89.0453, 21.932], [89.0349, 21.9271], [89.0245, 21.9319], [89.0163, 21.9391], [89.0051, 21.9435], [88.9992, 21.953], [89.0055, 21.9617], [89.0134, 21.969], [89.0177, 21.9801], [89.0072, 21.985], [89.0155, 21.992], [89.0272, 21.9958], [89.0139, 21.9934], [89.0044, 21.9874], [88.9974, 21.9787], [88.9893, 21.986], [88.9783, 21.9903], [88.9869, 21.9971], [88.9948, 22.0044], [88.9862, 21.9978], [88.975, 21.9925], [88.9794, 22.0033], [88.9723, 22.0115], [88.9731, 22.0258], [88.9783, 22.0362], [88.9849, 22.0448], [88.9905, 22.0546], [89.0012, 22.0593], [89.0078, 22.0508], [89.0128, 22.0609], [89.016197, 22.05092]]], [[[88.635826, 22.050819], [88.6281, 22.0583], [88.6361, 22.0511], [88.635826, 22.050819]]], [[[88.811859, 22.060755], [88.8242, 22.0558], [88.8316, 22.0481], [88.8322, 22.0332], [88.8229, 22.0272], [88.8108, 22.0303], [88.7978, 22.0325], [88.7864, 22.0365], [88.7858, 22.0512], [88.7972, 22.055], [88.804, 22.0638], [88.811859, 22.060755]]], [[[88.87056, 22.078939], [88.8692, 22.0653], [88.8786, 22.0592], [88.8877, 22.0531], [88.8797, 22.0456], [88.8647, 22.0458], [88.8517, 22.0436], [88.8556, 22.0324], [88.8502, 22.0224], [88.8372, 22.0247], [88.8329, 22.0356], [88.8337, 22.0501], [88.845, 22.0539], [88.8317, 22.052], [88.8229, 22.0587], [88.8269, 22.0697], [88.8401, 22.0716], [88.8497, 22.0773], [88.8627, 22.0794], [88.87056, 22.078939]]], [[[88.690056, 22.079985], [88.690056, 22.079985]]], [[[88.904083, 22.084208], [88.8955, 22.0771], [88.8912, 22.0659], [88.8823, 22.0596], [88.8713, 22.0639], [88.8722, 22.0782], [88.882, 22.0842], [88.8929, 22.0886], [88.9047, 22.0851], [88.904083, 22.084208]]], [[[88.722305, 22.099134], [88.7134, 22.0928], [88.7026, 22.0867], [88.6948, 22.0791], [88.6995, 22.0894], [88.7098, 22.095], [88.7201, 22.1002], [88.722305, 22.099134]]], [[[88.803467, 22.085274], [88.8141, 22.0807], [88.8247, 22.0853], [88.8329, 22.0781], [88.8362, 22.0663], [88.8255, 22.0707], [88.8177, 22.0631], [88.8052, 22.0657], [88.7986, 22.0568], [88.7884, 22.0617], [88.7833, 22.0512], [88.7711, 22.0545], [88.7566, 22.0551], [88.7503, 22.0639], [88.7553, 22.0744], [88.763, 22.0824], [88.7725, 22.0883], [88.7772, 22.099], [88.7843, 22.1072], [88.798, 22.1089], [88.8004, 22.0962], [88.803467, 22.085274]]], [[[88.817902, 22.12303], [88.8314, 22.1246], [88.8434, 22.121], [88.8481, 22.1101], [88.8532, 22.0998], [88.8615, 22.0928], [88.851, 22.0879], [88.8438, 22.0957], [88.8506, 22.087], [88.8628, 22.0841], [88.8522, 22.0796], [88.8428, 22.0734], [88.8338, 22.0797], [88.827, 22.0885], [88.8222, 22.099], [88.8208, 22.0854], [88.8073, 22.0839], [88.803, 22.0954], [88.8008, 22.1085], [88.8036, 22.1211], [88.8167, 22.1233], [88.817902, 22.12303]]], [[[88.729279, 22.113621], [88.7322, 22.1263], [88.729279, 22.113621]]], [[[88.865143, 22.16699], [88.8797, 22.1677], [88.8886, 22.1612], [88.8954, 22.1525], [88.9008, 22.1429], [88.905, 22.1319], [88.9122, 22.1231], [88.919, 22.1147], [88.9236, 22.1042], [88.9189, 22.0937], [88.9096, 22.0878], [88.8972, 22.0905], [88.8909, 22.0999], [88.8927, 22.1135], [88.8895, 22.1015], [88.8955, 22.0921], [88.8854, 22.0867], [88.8715, 22.0883], [88.8618, 22.0944], [88.8537, 22.1015], [88.8497, 22.1127], [88.8449, 22.1229], [88.8325, 22.1261], [88.841, 22.1328], [88.8504, 22.1387], [88.8606, 22.1437], [88.8566, 22.1551], [88.8491, 22.1629], [88.8583, 22.1689], [88.865143, 22.16699]]], [[[88.949966, 22.189192], [88.962, 22.1861], [88.9653, 22.1741], [88.9704, 22.1638], [88.9777, 22.1558], [88.985, 22.1477], [88.9817, 22.1357], [88.9716, 22.1408], [88.9707, 22.1553], [88.9588, 22.1586], [88.9695, 22.1543], [88.9709, 22.14], [88.9779, 22.1317], [88.9839, 22.1217], [88.9799, 22.1101], [88.9747, 22.1], [88.971, 22.088], [88.9618, 22.0939], [88.9552, 22.1024], [88.9612, 22.093], [88.9662, 22.0827], [88.9593, 22.0742], [88.9445, 22.0739], [88.9326, 22.0703], [88.9246, 22.0632], [88.9219, 22.0503], [88.9237, 22.0367], [88.9246, 22.0221], [88.9278, 22.0102], [88.9439, 22.0], [88.9405, 22.012], [88.9361, 22.0228], [88.9346, 22.0366], [88.9342, 22.0514], [88.939, 22.0618], [88.9528, 22.0603], [88.9641, 22.0562], [88.9673, 22.0444], [88.9768, 22.0388], [88.9714, 22.0286], [88.9662, 22.0187], [88.9708, 22.0082], [88.9714, 21.9936], [88.9784, 21.9856], [88.9872, 21.9793], [88.9939, 21.9703], [89.0024, 21.9771], [88.9995, 21.9644], [88.9924, 21.9563], [88.994, 21.9429], [89.0037, 21.9375], [89.0137, 21.932], [89.0201, 21.9232], [89.0173, 21.9102], [89.01, 21.9023], [88.9973, 21.9049], [88.9875, 21.9105], [88.9776, 21.9163], [88.9685, 21.9225], [88.9649, 21.9341], [88.9757, 21.9385], [88.9633, 21.9356], [88.9705, 21.9278], [88.9581, 21.9249], [88.9468, 21.9287], [88.9375, 21.935], [88.9304, 21.9457], [88.9262, 21.9599], [88.9197, 21.9726], [88.9158, 21.9842], [88.913, 21.997], [88.9159, 22.0091], [88.9139, 22.0222], [88.9089, 22.0323], [88.9108, 22.0457], [88.9072, 22.0579], [88.9053, 22.071], [88.911, 22.0804], [88.9205, 22.0859], [88.9281, 22.0938], [88.9311, 22.1058], [88.9266, 22.1168], [88.9345, 22.125], [88.9306, 22.137], [88.9381, 22.129], [88.9281, 22.1237], [88.9167, 22.1276], [88.9088, 22.1347], [88.9071, 22.1482], [88.9006, 22.1575], [88.8938, 22.1658], [88.9083, 22.1647], [88.9197, 22.1611], [88.9261, 22.1697], [88.935, 22.1765], [88.9447, 22.182], [88.949966, 22.189192]]], [[[89.00193, 22.199171], [89.0134, 22.1955], [89.013, 22.1807], [89.0147, 22.1668], [89.0181, 22.1547], [89.0256, 22.1467], [89.0352, 22.1408], [89.0449, 22.1353], [89.0442, 22.121], [89.0372, 22.1124], [89.0229, 22.1116], [89.0301, 22.1198], [89.0176, 22.1166], [89.0277, 22.1103], [89.0337, 22.1012], [89.0317, 22.0878], [89.0342, 22.0753], [89.037, 22.0629], [89.0319, 22.0528], [89.0291, 22.0652], [89.0277, 22.0792], [89.0278, 22.0638], [89.0239, 22.0527], [89.0178, 22.0616], [89.0095, 22.0549], [88.9966, 22.0572], [88.9836, 22.055], [88.9806, 22.0421], [88.9683, 22.0454], [88.9653, 22.0579], [88.9715, 22.0671], [88.9782, 22.0755], [88.9823, 22.0867], [88.9853, 22.0991], [88.9897, 22.11], [88.9939, 22.1208], [88.9967, 22.1334], [88.9947, 22.1465], [88.9892, 22.1561], [88.982, 22.1642], [88.9752, 22.173], [88.9733, 22.1865], [88.9812, 22.1943], [88.9924, 22.1986], [89.00193, 22.199171]]], [[[88.69519, 22.208612], [88.7072, 22.2053], [88.7165, 22.1993], [88.728, 22.1952], [88.7412, 22.1971], [88.7541, 22.1946], [88.7663, 22.1914], [88.7697, 22.1795], [88.7816, 22.1758], [88.7806, 22.1617], [88.7708, 22.1528], [88.7623, 22.146], [88.7503, 22.1427], [88.7411, 22.1367], [88.733, 22.1295], [88.7261, 22.1208], [88.7206, 22.1109], [88.7111, 22.105], [88.7025, 22.0985], [88.6925, 22.0931], [88.6851, 22.0851], [88.6831, 22.0718], [88.6875, 22.0611], [88.6954, 22.0536], [88.7051, 22.048], [88.7159, 22.0437], [88.7268, 22.0394], [88.7353, 22.0324], [88.7397, 22.0214], [88.7344, 22.0116], [88.7242, 22.0064], [88.7111, 22.0086], [88.6982, 22.0109], [88.6886, 22.0163], [88.6786, 22.0216], [88.6646, 22.023], [88.6617, 22.0355], [88.6618, 22.0508], [88.6581, 22.0624], [88.6547, 22.0742], [88.6503, 22.0848], [88.6429, 22.0928], [88.6361, 22.1011], [88.6352, 22.1156], [88.6402, 22.1262], [88.6459, 22.1359], [88.6502, 22.1466], [88.6525, 22.1595], [88.66, 22.1683], [88.6683, 22.175], [88.6761, 22.1822], [88.6828, 22.1908], [88.6836, 22.2051], [88.69519, 22.208612]]], [[[88.844749, 22.189192], [88.8511, 22.1984], [88.8642, 22.1962], [88.8655, 22.1823], [88.8624, 22.1701], [88.8508, 22.1736], [88.8435, 22.1656], [88.8503, 22.1572], [88.8543, 22.1459], [88.8447, 22.1403], [88.8338, 22.1361], [88.8239, 22.1304], [88.8092, 22.1311], [88.7992, 22.1258], [88.795, 22.1144], [88.7812, 22.113], [88.7719, 22.1064], [88.7699, 22.0928], [88.7589, 22.0883], [88.7502, 22.0817], [88.7439, 22.0727], [88.7402, 22.061], [88.7297, 22.0564], [88.7162, 22.0582], [88.7055, 22.0642], [88.7024, 22.0764], [88.7094, 22.0847], [88.7193, 22.0907], [88.7276, 22.0979], [88.7355, 22.1053], [88.7408, 22.115], [88.745, 22.126], [88.7508, 22.1356], [88.7625, 22.1392], [88.7732, 22.1442], [88.7803, 22.1527], [88.7892, 22.1589], [88.7972, 22.1661], [88.8034, 22.1749], [88.8181, 22.1741], [88.8265, 22.1673], [88.8399, 22.1694], [88.8374, 22.1822], [88.832, 22.1919], [88.8261, 22.2015], [88.8375, 22.1975], [88.8443, 22.1893], [88.844749, 22.189192]]], [[[87.989723, 22.217501], [87.989723, 22.217501]]], [[[88.932373, 22.225], [88.9456, 22.2228], [88.955, 22.217], [88.9587, 22.2054], [88.9574, 22.1917], [88.9432, 22.1928], [88.9381, 22.1825], [88.9258, 22.1793], [88.9172, 22.186], [88.9095, 22.1937], [88.914, 22.2045], [88.9167, 22.217], [88.9186, 22.2304], [88.9292, 22.2256], [88.932373, 22.225]]], [[[88.812599, 22.283392], [88.8152, 22.2708], [88.8253, 22.2654], [88.8266, 22.2515], [88.823, 22.2393], [88.8159, 22.2309], [88.803, 22.2281], [88.8038, 22.2138], [88.8117, 22.2066], [88.8173, 22.1965], [88.8287, 22.1923], [88.8341, 22.1821], [88.8371, 22.1698], [88.8251, 22.1733], [88.8166, 22.1799], [88.8016, 22.18], [88.7952, 22.1711], [88.7877, 22.179], [88.7756, 22.182], [88.7694, 22.1914], [88.7578, 22.1952], [88.7472, 22.1997], [88.7484, 22.2141], [88.7517, 22.2259], [88.757, 22.2361], [88.7683, 22.2403], [88.7732, 22.2505], [88.7833, 22.2559], [88.7931, 22.2613], [88.7947, 22.2749], [88.8047, 22.28], [88.812599, 22.283392]]], [[[88.849861, 22.362917], [88.8608, 22.3586], [88.8739, 22.355], [88.8836, 22.3492], [88.8921, 22.3422], [88.8984, 22.3332], [88.9033, 22.3227], [88.9097, 22.3133], [88.919, 22.3074], [88.9302, 22.3031], [88.9375, 22.2951], [88.9349, 22.2826], [88.9315, 22.2706], [88.9319, 22.2559], [88.9397, 22.2481], [88.9507, 22.2436], [88.9533, 22.2312], [88.9445, 22.2247], [88.9316, 22.227], [88.9214, 22.2321], [88.9157, 22.2225], [88.9018, 22.2241], [88.8927, 22.2302], [88.8864, 22.2393], [88.8927, 22.2484], [88.8896, 22.2609], [88.8812, 22.2681], [88.8726, 22.2745], [88.8606, 22.2778], [88.852, 22.2847], [88.8596, 22.2772], [88.8674, 22.2699], [88.8804, 22.2675], [88.8884, 22.2599], [88.888, 22.245], [88.8897, 22.231], [88.8987, 22.2243], [88.909, 22.219], [88.9111, 22.2061], [88.9045, 22.1977], [88.9102, 22.1883], [88.9177, 22.1803], [88.9201, 22.1675], [88.9081, 22.1709], [88.8996, 22.1776], [88.8886, 22.1731], [88.8767, 22.17], [88.8702, 22.1785], [88.8664, 22.19], [88.874, 22.1975], [88.885, 22.2019], [88.8812, 22.2132], [88.8674, 22.2116], [88.8525, 22.2113], [88.8408, 22.2148], [88.8467, 22.2245], [88.854, 22.2323], [88.8585, 22.243], [88.8685, 22.2483], [88.8577, 22.2437], [88.8527, 22.2329], [88.8452, 22.2251], [88.8394, 22.2155], [88.849, 22.2098], [88.8642, 22.2096], [88.8768, 22.212], [88.8842, 22.2042], [88.874, 22.1989], [88.8624, 22.2026], [88.8497, 22.1996], [88.8436, 22.1905], [88.8386, 22.2008], [88.8324, 22.2098], [88.8249, 22.2022], [88.8146, 22.2072], [88.8053, 22.2134], [88.8012, 22.225], [88.8134, 22.2283], [88.8215, 22.2352], [88.8281, 22.2438], [88.8293, 22.2576], [88.8233, 22.2667], [88.8169, 22.2755], [88.8111, 22.2848], [88.8051, 22.2942], [88.8082, 22.3067], [88.8117, 22.3182], [88.805, 22.3272], [88.8097, 22.3381], [88.8161, 22.3511], [88.8236, 22.3594], [88.8383, 22.3597], [88.849861, 22.362917]]], [[[88.984756, 22.382433], [88.9853, 22.3678], [88.9861, 22.3532], [88.9847, 22.3391], [88.9838, 22.325], [88.9962, 22.3222], [89.0064, 22.317], [89.0136, 22.3085], [89.021, 22.3007], [89.0075, 22.2991], [88.9956, 22.2955], [88.9975, 22.2819], [89.0061, 22.2754], [89.0161, 22.2696], [89.0116, 22.2586], [89.0199, 22.2517], [89.0297, 22.2575], [89.0341, 22.2467], [89.035, 22.2323], [89.0404, 22.2221], [89.0488, 22.2154], [89.0573, 22.2079], [89.0652, 22.2005], [89.0688, 22.1889], [89.0633, 22.179], [89.0611, 22.1657], [89.0653, 22.1548], [89.0716, 22.1454], [89.084, 22.1486], [89.0912, 22.1569], [89.0881, 22.1441], [89.0782, 22.1385], [89.0687, 22.1325], [89.0589, 22.1383], [89.0506, 22.1467], [89.0389, 22.1506], [89.0306, 22.1575], [89.0232, 22.1658], [89.0261, 22.1784], [89.0261, 22.1937], [89.0208, 22.2041], [89.0108, 22.2097], [88.9958, 22.2097], [88.9845, 22.2056], [88.973, 22.2094], [88.967, 22.2186], [88.9647, 22.2321], [88.9608, 22.2436], [88.953, 22.2511], [88.9496, 22.2627], [88.9528, 22.275], [88.9533, 22.2899], [88.9511, 22.303], [88.9517, 22.3175], [88.9522, 22.3322], [88.956, 22.3436], [88.9544, 22.3571], [88.9615, 22.3652], [88.9668, 22.3754], [88.9683, 22.3893], [88.9678, 22.4042], [88.9789, 22.3999], [88.9877, 22.3931], [88.984756, 22.382433]]], [[[87.938057, 22.396669], [87.9339, 22.4078], [87.9386, 22.3972], [87.938057, 22.396669]]], [[[88.861946, 22.398888], [88.8653, 22.3867], [88.8744, 22.3947], [88.8775, 22.3823], [88.8832, 22.3727], [88.8938, 22.3683], [88.8958, 22.3553], [88.9028, 22.3472], [88.8967, 22.3383], [88.8907, 22.3474], [88.8816, 22.3535], [88.8755, 22.3625], [88.8646, 22.3668], [88.86, 22.3773], [88.8553, 22.3876], [88.859, 22.3992], [88.861946, 22.398888]]], [[[88.867775, 22.410833], [88.867775, 22.410833]]], [[[88.9189, 22.426533], [88.9189, 22.426533]]], [[[87.925682, 22.424829], [87.925682, 22.424829]]], [[[87.911942, 22.43222], [87.911942, 22.43222]]], [[[88.859169, 22.469444], [88.859169, 22.469444]]], [[[88.781387, 22.500563], [88.7938, 22.4973], [88.7988, 22.4872], [88.8088, 22.4819], [88.8127, 22.4706], [88.8123, 22.4545], [88.8226, 22.4497], [88.8214, 22.4357], [88.8353, 22.4343], [88.8222, 22.4322], [88.8118, 22.4373], [88.8037, 22.4449], [88.8014, 22.4584], [88.7964, 22.4689], [88.7925, 22.4803], [88.785, 22.4886], [88.7803, 22.4992], [88.781387, 22.500563]]], [[[88.897697, 22.548861], [88.9021, 22.5378], [88.9039, 22.5243], [88.9034, 22.5093], [88.8953, 22.5019], [88.8942, 22.4878], [88.8966, 22.4749], [88.897, 22.4601], [88.8996, 22.4477], [88.9057, 22.4382], [88.9042, 22.4244], [88.9057, 22.4108], [88.9169, 22.4065], [88.914, 22.3936], [88.9027, 22.3893], [88.8947, 22.382], [88.8983, 22.3689], [88.8898, 22.3762], [88.8803, 22.382], [88.8806, 22.3971], [88.8756, 22.4075], [88.8651, 22.412], [88.8575, 22.4197], [88.8553, 22.4328], [88.8603, 22.4431], [88.8569, 22.4548], [88.8602, 22.4666], [88.8583, 22.4798], [88.8672, 22.4861], [88.8616, 22.4957], [88.8527, 22.5022], [88.858, 22.512], [88.8648, 22.5206], [88.8673, 22.5345], [88.8761, 22.5411], [88.8839, 22.5487], [88.8955, 22.5525], [88.897697, 22.548861]]], [[[88.934196, 22.564032], [88.934196, 22.564032]]], [[[88.920166, 22.565306], [88.9293, 22.5592], [88.9405, 22.5552], [88.9524, 22.5517], [88.9615, 22.5455], [88.9652, 22.5341], [88.9678, 22.5212], [88.9697, 22.5069], [88.9733, 22.4953], [88.9778, 22.4847], [88.9844, 22.4758], [88.995, 22.4678], [88.9931, 22.4544], [88.9883, 22.4431], [88.9942, 22.4339], [88.9883, 22.4239], [88.9806, 22.4164], [88.9689, 22.4128], [88.9683, 22.3983], [88.9656, 22.3856], [88.9636, 22.3722], [88.9508, 22.3689], [88.9469, 22.3806], [88.9394, 22.3906], [88.9417, 22.4039], [88.9402, 22.4185], [88.9403, 22.4032], [88.9378, 22.3903], [88.9444, 22.3814], [88.9469, 22.3686], [88.9486, 22.3552], [88.9497, 22.3412], [88.9454, 22.3304], [88.9454, 22.3153], [88.9347, 22.3108], [88.9254, 22.3169], [88.9188, 22.3256], [88.9106, 22.3326], [88.9061, 22.3432], [88.9028, 22.3551], [88.9006, 22.3686], [88.8964, 22.3798], [88.9046, 22.387], [88.9153, 22.3919], [88.9242, 22.3845], [88.9275, 22.3967], [88.9238, 22.4081], [88.9136, 22.4133], [88.9193, 22.423], [88.9153, 22.4342], [88.9079, 22.4423], [88.9033, 22.453], [88.898, 22.4633], [88.8986, 22.4778], [88.9019, 22.4897], [88.9074, 22.4997], [88.9142, 22.5092], [88.9097, 22.5197], [88.9039, 22.5289], [88.9024, 22.5425], [88.8977, 22.5538], [88.9042, 22.5625], [88.9167, 22.5651], [88.920166, 22.565306]]], [[[88.93605, 22.621571], [88.93605, 22.621571]]], [[[88.675972, 24.3155], [88.67482, 24.314569], [88.675102, 24.315378], [88.675972, 24.3155]]], [[[88.126907, 27.123081], [88.1366, 27.1169], [88.1523, 27.1117], [88.1726, 27.1303], [88.1837, 27.1352], [88.2099, 27.1334], [88.2215, 27.1253], [88.2325, 27.1198], [88.2515, 27.1254], [88.2709, 27.1301], [88.2949, 27.1248], [88.3113, 27.1254], [88.3205, 27.1166], [88.3238, 27.1049], [88.3408, 27.1107], [88.3523, 27.1011], [88.3707, 27.0994], [88.3875, 27.0984], [88.411, 27.0907], [88.4291, 27.0836], [88.4463, 27.0854], [88.4602, 27.0958], [88.4667, 27.1139], [88.4813, 27.1228], [88.4956, 27.1254], [88.503, 27.134], [88.5122, 27.141], [88.5217, 27.1503], [88.5298, 27.1658], [88.5205, 27.175], [88.5408, 27.1837], [88.559, 27.1888], [88.5851, 27.1928], [88.6035, 27.1912], [88.619, 27.1879], [88.6333, 27.1745], [88.6425, 27.1672], [88.6565, 27.1624], [88.6681, 27.172], [88.6804, 27.1795], [88.702, 27.1741], [88.7118, 27.1652], [88.715, 27.1502], [88.7245, 27.1385], [88.7517, 27.1482], [88.7598, 27.1408], [88.7753, 27.1381], [88.7962, 27.1375], [88.8058, 27.1316], [88.8194, 27.1215], [88.8357, 27.1156], [88.8489, 27.1112], [88.8648, 27.1094], [88.8707, 27.0997], [88.8715, 27.0777], [88.8748, 27.0613], [88.8774, 27.0456], [88.8755, 27.0314], [88.8721, 27.0165], [88.8713, 26.9768], [88.8727, 26.9571], [88.8884, 26.9599], [88.8919, 26.972], [88.9019, 26.9815], [88.9093, 26.99], [88.919, 26.9962], [88.9266, 26.9887], [88.937, 26.9806], [88.9486, 26.9761], [88.9556, 26.9611], [88.9509, 26.9504], [88.9401, 26.9449], [88.9499, 26.9327], [88.9624, 26.9241], [88.9807, 26.9206], [88.9942, 26.924], [89.0055, 26.9298], [89.0194, 26.9373], [89.0312, 26.9299], [89.0459, 26.9202], [89.0463, 26.9048], [89.0607, 26.9041], [89.0858, 26.8973], [89.0934, 26.8886], [89.0888, 26.8765], [89.0983, 26.8676], [89.1038, 26.8567], [89.102, 26.8363], [89.1109, 26.826], [89.1232, 26.8209], [89.129, 26.8092], [89.1487, 26.8117], [89.1608, 26.8183], [89.1729, 26.8217], [89.183, 26.8142], [89.1946, 26.8104], [89.2135, 26.8178], [89.2336, 26.8205], [89.2489, 26.8175], [89.2647, 26.82], [89.2781, 26.8291], [89.2896, 26.8343], [89.3042, 26.8433], [89.3135, 26.8508], [89.3249, 26.8443], [89.338, 26.8487], [89.3472, 26.8546], [89.3597, 26.8634], [89.3718, 26.8668], [89.3839, 26.8621], [89.3895, 26.8419], [89.4061, 26.8414], [89.4201, 26.8389], [89.4326, 26.8361], [89.448, 26.8348], [89.455, 26.8262], [89.4512, 26.8144], [89.4593, 26.8063], [89.4805, 26.8026], [89.4963, 26.803], [89.506, 26.8138], [89.5223, 26.8179], [89.5377, 26.8133], [89.5555, 26.815], [89.5668, 26.8017], [89.5797, 26.7981], [89.5941, 26.7931], [89.6112, 26.7894], [89.6203, 26.7819], [89.6372, 26.7829], [89.646, 26.7766], [89.6545, 26.7635], [89.6471, 26.7527], [89.6371, 26.7459], [89.6253, 26.7404], [89.6159, 26.7326], [89.6322, 26.7192], [89.6501, 26.719], [89.6624, 26.7221], [89.6695, 26.7392], [89.6884, 26.7358], [89.7033, 26.7371], [89.7161, 26.731], [89.7256, 26.7226], [89.7363, 26.728], [89.7476, 26.734], [89.7584, 26.7265], [89.7672, 26.7082], [89.7744, 26.6996], [89.7873, 26.7038], [89.7951, 26.7112], [89.8072, 26.715], [89.8324, 26.7115], [89.855, 26.7028], [89.8714, 26.6835], [89.8705, 26.6662], [89.8728, 26.6519], [89.8613, 26.6356], [89.857, 26.6234], [89.8716, 26.615], [89.8752, 26.6012], [89.8775, 26.5842], [89.862, 26.5779], [89.8655, 26.5658], [89.8646, 26.5483], [89.8618, 26.5305], [89.8544, 26.5211], [89.8556, 26.5051], [89.8527, 26.4878], [89.861, 26.4748], [89.8671, 26.4658], [89.8695, 26.4484], [89.8611, 26.4404], [89.853, 26.4246], [89.8448, 26.4102], [89.8295, 26.4033], [89.8404, 26.3908], [89.8468, 26.4027], [89.8573, 26.3845], [89.8409, 26.3778], [89.8279, 26.3811], [89.8271, 26.3666], [89.8234, 26.3552], [89.8115, 26.3607], [89.8204, 26.3706], [89.804, 26.3623], [89.7903, 26.3581], [89.7809, 26.3522], [89.781, 26.3358], [89.7685, 26.3238], [89.7536, 26.3218], [89.7509, 26.3062], [89.7591, 26.2926], [89.7423, 26.2952], [89.7234, 26.2948], [89.7203, 26.3081], [89.7154, 26.297], [89.7292, 26.2829], [89.7375, 26.2711], [89.7323, 26.2603], [89.7173, 26.2592], [89.7115, 26.2696], [89.7007, 26.2608], [89.7154, 26.2565], [89.7236, 26.2435], [89.7182, 26.2316], [89.7102, 26.2191], [89.6975, 26.2159], [89.7155, 26.2148], [89.7313, 26.2149], [89.7232, 26.2053], [89.7161, 26.1913], [89.7018, 26.1882], [89.7043, 26.1745], [89.7171, 26.1772], [89.7331, 26.1759], [89.7188, 26.166], [89.7131, 26.1544], [89.7009, 26.1576], [89.6871, 26.159], [89.6927, 26.1686], [89.7052, 26.1716], [89.6941, 26.1767], [89.6873, 26.1854], [89.6845, 26.1978], [89.6776, 26.2067], [89.6929, 26.2089], [89.6826, 26.2148], [89.6925, 26.2207], [89.6831, 26.2283], [89.6744, 26.2217], [89.6609, 26.2177], [89.6479, 26.224], [89.6373, 26.2189], [89.641, 26.2074], [89.6467, 26.1948], [89.633, 26.1926], [89.6374, 26.1806], [89.6536, 26.1802], [89.6519, 26.1647], [89.6402, 26.1691], [89.6332, 26.1782], [89.6248, 26.1714], [89.6168, 26.1634], [89.6115, 26.152], [89.6021, 26.1595], [89.6007, 26.1444], [89.6023, 26.1308], [89.6062, 26.1192], [89.615, 26.1269], [89.6235, 26.1192], [89.6205, 26.107], [89.6065, 26.1088], [89.5969, 26.1025], [89.6061, 26.0946], [89.6198, 26.0969], [89.6265, 26.1057], [89.6394, 26.0996], [89.64, 26.0851], [89.6453, 26.0721], [89.6527, 26.0636], [89.639, 26.0603], [89.6273, 26.0561], [89.6155, 26.0596], [89.6098, 26.0486], [89.5979, 26.0441], [89.5901, 26.0365], [89.5864, 26.0239], [89.5836, 26.0095], [89.589, 25.9983], [89.5906, 25.983], [89.578, 25.9794], [89.5735, 25.9675], [89.5579, 25.9646], [89.5436, 25.9705], [89.5401, 25.9855], [89.5482, 25.9957], [89.5424, 26.0054], [89.5276, 26.0057], [89.5136, 26.0033], [89.4992, 26.0039], [89.4869, 25.9991], [89.4731, 25.9971], [89.4615, 26.0005], [89.4496, 26.0065], [89.436, 26.0102], [89.4382, 26.0278], [89.435, 26.0421], [89.4197, 26.0406], [89.4119, 26.0304], [89.4007, 26.0232], [89.3993, 26.0089], [89.3835, 26.0096], [89.3659, 26.0081], [89.3524, 26.0105], [89.3441, 26.0182], [89.3362, 26.028], [89.3284, 26.0371], [89.3152, 26.0431], [89.3046, 26.0493], [89.2884, 26.0492], [89.2865, 26.0625], [89.2696, 26.0625], [89.2612, 26.07], [89.2653, 26.0817], [89.2721, 26.09], [89.2589, 26.0919], [89.2541, 26.1022], [89.2454, 26.1089], [89.2355, 26.1162], [89.2262, 26.1229], [89.2131, 26.1255], [89.1995, 26.1231], [89.1867, 26.1266], [89.1735, 26.129], [89.1649, 26.1363], [89.1581, 26.1483], [89.1622, 26.1607], [89.1544, 26.1692], [89.1451, 26.1756], [89.1429, 26.1889], [89.1484, 26.2004], [89.1554, 26.2087], [89.1474, 26.2173], [89.147, 26.2328], [89.139, 26.2404], [89.1325, 26.2515], [89.1305, 26.2668], [89.1198, 26.2733], [89.1136, 26.283], [89.1118, 26.2964], [89.1105, 26.311], [89.1222, 26.3028], [89.1263, 26.2897], [89.1348, 26.2971], [89.1398, 26.3077], [89.1446, 26.3195], [89.1331, 26.3237], [89.1223, 26.3193], [89.1144, 26.3275], [89.1015, 26.3253], [89.1071, 26.338], [89.1041, 26.3526], [89.0982, 26.3632], [89.0872, 26.3676], [89.0981, 26.3737], [89.0975, 26.3885], [89.0913, 26.3995], [89.0761, 26.3999], [89.0609, 26.4006], [89.0472, 26.4023], [89.0375, 26.4087], [89.0289, 26.4163], [89.0146, 26.4155], [89.0081, 26.4257], [88.9927, 26.4262], [88.9883, 26.4371], [88.9868, 26.4535], [88.974, 26.458], [88.9595, 26.4549], [88.9559, 26.4432], [88.9516, 26.4305], [88.9393, 26.4361], [88.9314, 26.428], [88.937, 26.4185], [88.9282, 26.4105], [88.9134, 26.4117], [88.924, 26.4062], [88.9248, 26.3903], [88.9159, 26.3833], [88.9199, 26.3699], [88.9292, 26.3637], [88.9454, 26.3602], [88.9557, 26.3661], [88.9545, 26.3515], [88.964, 26.3456], [88.9744, 26.3532], [88.9877, 26.3504], [88.9961, 26.3425], [89.0037, 26.3346], [88.9994, 26.3231], [88.9905, 26.3124], [88.9961, 26.3029], [89.0042, 26.2932], [89.0113, 26.3039], [89.0193, 26.2956], [89.025, 26.3061], [89.0294, 26.2953], [89.0353, 26.2854], [89.0491, 26.2869], [89.0559, 26.2972], [89.0666, 26.2929], [89.0686, 26.2796], [89.0685, 26.2627], [89.059, 26.2559], [89.0557, 26.2437], [89.0412, 26.246], [89.025, 26.2458], [89.0079, 26.2473], [88.9926, 26.2483], [88.9798, 26.2447], [88.9656, 26.2431], [88.9555, 26.2517], [88.9494, 26.2631], [88.942, 26.2723], [88.9361, 26.2863], [88.9239, 26.2917], [88.9088, 26.2918], [88.8931, 26.2918], [88.8784, 26.2876], [88.8694, 26.2786], [88.8678, 26.2609], [88.8747, 26.2513], [88.8839, 26.2453], [88.8762, 26.2364], [88.8528, 26.2363], [88.8416, 26.2417], [88.8342, 26.2495], [88.8233, 26.2576], [88.8186, 26.2681], [88.8162, 26.2827], [88.8217, 26.2969], [88.8111, 26.3075], [88.7989, 26.3132], [88.7867, 26.3084], [88.7697, 26.3037], [88.7583, 26.3077], [88.758, 26.3234], [88.7557, 26.3372], [88.7505, 26.3494], [88.7394, 26.3541], [88.7285, 26.3456], [88.7143, 26.3446], [88.7086, 26.3328], [88.7024, 26.3422], [88.6988, 26.3537], [88.693, 26.3638], [88.6875, 26.3752], [88.6967, 26.3842], [88.687, 26.3904], [88.6748, 26.3957], [88.6833, 26.4026], [88.6723, 26.4078], [88.6625, 26.4149], [88.649, 26.4169], [88.6434, 26.4281], [88.6308, 26.4327], [88.6277, 26.4471], [88.625, 26.4602], [88.6207, 26.4711], [88.6028, 26.4706], [88.5944, 26.462], [88.597, 26.4494], [88.5844, 26.4534], [88.5713, 26.4569], [88.5569, 26.4592], [88.5622, 26.4701], [88.5531, 26.4763], [88.5601, 26.4846], [88.5448, 26.4827], [88.5305, 26.4809], [88.5253, 26.4939], [88.5236, 26.5076], [88.512, 26.512], [88.4939, 26.5141], [88.4907, 26.5259], [88.4841, 26.5351], [88.4779, 26.5448], [88.4622, 26.5472], [88.4569, 26.5369], [88.4449, 26.5407], [88.4354, 26.5468], [88.4294, 26.5566], [88.4244, 26.5669], [88.4241, 26.5832], [88.4212, 26.5967], [88.4186, 26.6114], [88.4166, 26.6268], [88.4023, 26.628], [88.3975, 26.6177], [88.3888, 26.6109], [88.3985, 26.6043], [88.3866, 26.6001], [88.3775, 26.5935], [88.3742, 26.5799], [88.3735, 26.5652], [88.3679, 26.5547], [88.3606, 26.5455], [88.3582, 26.5328], [88.3515, 26.5223], [88.3497, 26.5087], [88.3404, 26.5007], [88.3335, 26.4912], [88.3351, 26.4776], [88.342, 26.4692], [88.3493, 26.4614], [88.3536, 26.4496], [88.3625, 26.4574], [88.3665, 26.4701], [88.3627, 26.4814], [88.3721, 26.4871], [88.3846, 26.4826], [88.399, 26.4813], [88.4103, 26.4763], [88.4189, 26.4677], [88.4324, 26.4706], [88.447, 26.4658], [88.4638, 26.4647], [88.4772, 26.4616], [88.4828, 26.4508], [88.4914, 26.4435], [88.4981, 26.4344], [88.4951, 26.4205], [88.4993, 26.4078], [88.5118, 26.4039], [88.5129, 26.3888], [88.5153, 26.3746], [88.5232, 26.3667], [88.5209, 26.3536], [88.509, 26.3489], [88.5031, 26.3585], [88.4907, 26.3557], [88.4764, 26.3567], [88.4621, 26.3598], [88.4606, 26.3733], [88.4517, 26.3661], [88.444, 26.3564], [88.4393, 26.3435], [88.4315, 26.335], [88.4174, 26.3361], [88.407, 26.3304], [88.4155, 26.3228], [88.4051, 26.3165], [88.3933, 26.3132], [88.3836, 26.3076], [88.3736, 26.3023], [88.3651, 26.2943], [88.3581, 26.2858], [88.3521, 26.2761], [88.3531, 26.2619], [88.3551, 26.2481], [88.3576, 26.2355], [88.353, 26.2237], [88.3437, 26.2173], [88.333, 26.2121], [88.3259, 26.2034], [88.3099, 26.2026], [88.3005, 26.1958], [88.2855, 26.1971], [88.2792, 26.1876], [88.2634, 26.1873], [88.2498, 26.1893], [88.2401, 26.1835], [88.2346, 26.1726], [88.2252, 26.166], [88.2156, 26.1602], [88.1999, 26.1605], [88.1924, 26.1518], [88.1804, 26.1457], [88.178, 26.1294], [88.1763, 26.1132], [88.1668, 26.1052], [88.1616, 26.0946], [88.1674, 26.0845], [88.1622, 26.0744], [88.1698, 26.0818], [88.1806, 26.0734], [88.1871, 26.064], [88.1787, 26.0568], [88.1728, 26.0456], [88.176, 26.0303], [88.1872, 26.0258], [88.1768, 26.0186], [88.1619, 26.0197], [88.15, 26.0158], [88.1466, 26.0028], [88.1392, 25.9929], [88.1303, 25.9866], [88.1246, 25.9758], [88.1215, 25.9615], [88.1193, 25.948], [88.114, 25.9372], [88.1003, 25.934], [88.0914, 25.9262], [88.0879, 25.9144], [88.091, 25.9021], [88.098, 25.8929], [88.1037, 25.8832], [88.1088, 25.8708], [88.1112, 25.857], [88.1066, 25.8438], [88.1102, 25.8312], [88.1116, 25.8155], [88.1209, 25.8076], [88.1232, 25.794], [88.1385, 25.7952], [88.1469, 25.7861], [88.1517, 25.7738], [88.1611, 25.7819], [88.1748, 25.7845], [88.1834, 25.7926], [88.1919, 25.7997], [88.2009, 25.7929], [88.2085, 25.7854], [88.2167, 25.796], [88.232, 25.7944], [88.2377, 25.8051], [88.2504, 25.8076], [88.263, 25.8119], [88.2736, 25.8037], [88.276, 25.7903], [88.2775, 25.7763], [88.2897, 25.7733], [88.2988, 25.7638], [88.3077, 25.7561], [88.3193, 25.7507], [88.3239, 25.738], [88.3362, 25.7353], [88.3474, 25.7281], [88.36, 25.7257], [88.367, 25.7176], [88.3786, 25.7126], [88.3741, 25.7004], [88.3832, 25.6942], [88.3938, 25.6872], [88.4065, 25.6825], [88.4113, 25.6683], [88.4257, 25.6663], [88.4431, 25.6647], [88.4567, 25.6605], [88.4581, 25.6461], [88.4578, 25.6312], [88.4505, 25.6205], [88.4502, 25.6046], [88.4585, 25.5963], [88.4672, 25.5888], [88.4773, 25.5818], [88.4944, 25.5814], [88.4998, 25.5712], [88.4959, 25.5595], [88.5019, 25.5493], [88.5104, 25.5423], [88.5211, 25.5367], [88.5337, 25.5401], [88.5409, 25.5309], [88.5419, 25.5165], [88.5567, 25.5157], [88.567, 25.5108], [88.5781, 25.5055], [88.594, 25.5048], [88.6029, 25.5116], [88.6139, 25.5057], [88.6226, 25.4988], [88.6353, 25.496], [88.6495, 25.4933], [88.6464, 25.4807], [88.6619, 25.4788], [88.6697, 25.4716], [88.6873, 25.4717], [88.7036, 25.4725], [88.7102, 25.4822], [88.7108, 25.4968], [88.7259, 25.5007], [88.7411, 25.5012], [88.7419, 25.4868], [88.7538, 25.4923], [88.7691, 25.4923], [88.7662, 25.5052], [88.7621, 25.5192], [88.7761, 25.5154], [88.7919, 25.5181], [88.8046, 25.5213], [88.8106, 25.5088], [88.813, 25.4927], [88.8249, 25.4877], [88.834, 25.4812], [88.8391, 25.4696], [88.8416, 25.4558], [88.8325, 25.4473], [88.8305, 25.4342], [88.837, 25.4251], [88.831, 25.4131], [88.8185, 25.4104], [88.8264, 25.4012], [88.8388, 25.3982], [88.841, 25.3833], [88.8427, 25.3674], [88.85, 25.3593], [88.8594, 25.3536], [88.8703, 25.3491], [88.8753, 25.3359], [88.8826, 25.3271], [88.8935, 25.3342], [88.9082, 25.3337], [88.9112, 25.3217], [88.9174, 25.3114], [88.9256, 25.3036], [88.9349, 25.3103], [88.9448, 25.3018], [88.9562, 25.3078], [88.9708, 25.3056], [88.9866, 25.3039], [88.9981, 25.296], [89.0113, 25.2924], [89.0071, 25.2804], [88.9958, 25.2759], [88.9802, 25.273], [88.9716, 25.266], [88.9581, 25.2609], [88.9523, 25.2491], [88.9531, 25.2346], [88.9574, 25.223], [88.9511, 25.2137], [88.9384, 25.2183], [88.9349, 25.206], [88.9452, 25.2011], [88.9481, 25.186], [88.9333, 25.1873], [88.9259, 25.1771], [88.9194, 25.1681], [88.913, 25.1779], [88.9017, 25.1824], [88.887, 25.1806], [88.8757, 25.186], [88.866, 25.1933], [88.8594, 25.2018], [88.8494, 25.2085], [88.8339, 25.2077], [88.83, 25.1964], [88.8199, 25.1892], [88.8159, 25.1773], [88.8038, 25.1723], [88.7903, 25.1762], [88.7778, 25.1804], [88.773, 25.191], [88.7591, 25.1863], [88.752, 25.1778], [88.7428, 25.1867], [88.7346, 25.1967], [88.7235, 25.2027], [88.7127, 25.2086], [88.6955, 25.2098], [88.6808, 25.2091], [88.6704, 25.2007], [88.6565, 25.204], [88.6412, 25.2077], [88.628, 25.2056], [88.6125, 25.204], [88.6024, 25.1957], [88.5912, 25.1901], [88.5824, 25.182], [88.5693, 25.1781], [88.5587, 25.1835], [88.5535, 25.196], [88.5408, 25.1921], [88.5328, 25.201], [88.5193, 25.2035], [88.506, 25.2055], [88.496, 25.2112], [88.4822, 25.213], [88.4728, 25.2055], [88.4646, 25.1962], [88.4485, 25.1972], [88.4446, 25.1856], [88.4503, 25.1726], [88.4584, 25.1648], [88.463, 25.1512], [88.4592, 25.1351], [88.4459, 25.1281], [88.4466, 25.1135], [88.4467, 25.0975], [88.4483, 25.0838], [88.4471, 25.0696], [88.4411, 25.0584], [88.4371, 25.0468], [88.4481, 25.0419], [88.4463, 25.0278], [88.4406, 25.018], [88.4365, 25.0065], [88.422, 25.0044], [88.4136, 24.9936], [88.4161, 24.9807], [88.4058, 24.9744], [88.3966, 24.9673], [88.3997, 24.9541], [88.3954, 24.941], [88.3815, 24.9388], [88.3685, 24.9442], [88.3535, 24.9421], [88.3409, 24.9369], [88.3366, 24.9252], [88.3297, 24.9162], [88.3332, 24.9043], [88.3431, 24.899], [88.3444, 24.8842], [88.3369, 24.8756], [88.3251, 24.8659], [88.3227, 24.8816], [88.3106, 24.8764], [88.3004, 24.8851], [88.2859, 24.8883], [88.2774, 24.8957], [88.2703, 24.8857], [88.2654, 24.8748], [88.2669, 24.8934], [88.266, 24.9096], [88.2595, 24.9253], [88.2477, 24.9354], [88.2384, 24.944], [88.232, 24.9557], [88.2179, 24.9602], [88.2032, 24.9579], [88.1898, 24.953], [88.1772, 24.9474], [88.1653, 24.9431], [88.1575, 24.9347], [88.1429, 24.9371], [88.1401, 24.9237], [88.1458, 24.9134], [88.1543, 24.9049], [88.1625, 24.8978], [88.1706, 24.8902], [88.155, 24.8866], [88.1628, 24.8774], [88.1674, 24.8635], [88.1644, 24.8505], [88.1476, 24.8502], [88.1414, 24.8398], [88.1346, 24.8285], [88.1357, 24.8134], [88.1257, 24.8187], [88.1123, 24.8128], [88.1058, 24.7999], [88.1068, 24.7849], [88.0955, 24.7806], [88.0836, 24.7734], [88.0708, 24.7696], [88.074, 24.7573], [88.0682, 24.747], [88.0693, 24.7326], [88.0647, 24.7214], [88.0551, 24.7111], [88.0463, 24.7036], [88.0341, 24.6937], [88.0259, 24.684], [88.0184, 24.6764], [88.0106, 24.6667], [88.021, 24.6565], [88.0318, 24.6472], [88.0429, 24.6407], [88.0502, 24.6294], [88.0584, 24.6174], [88.0696, 24.6049], [88.0758, 24.5952], [88.081, 24.5854], [88.0894, 24.5727], [88.0939, 24.5622], [88.1012, 24.5523], [88.1105, 24.5425], [88.1221, 24.5326], [88.1316, 24.5222], [88.1414, 24.5122], [88.1517, 24.5033], [88.1644, 24.4982], [88.1735, 24.4922], [88.1837, 24.4822], [88.1917, 24.4732], [88.1968, 24.4628], [88.2122, 24.4556], [88.2274, 24.4526], [88.2455, 24.4497], [88.2601, 24.4465], [88.2709, 24.4414], [88.2801, 24.4352], [88.2859, 24.4242], [88.2957, 24.4143], [88.3119, 24.4018], [88.3233, 24.3909], [88.333, 24.3832], [88.3482, 24.3765], [88.3609, 24.3738], [88.3782, 24.3734], [88.3992, 24.3745], [88.414, 24.3773], [88.4269, 24.382], [88.4419, 24.379], [88.4539, 24.3742], [88.4632, 24.3685], [88.477, 24.3599], [88.4907, 24.3547], [88.5032, 24.3489], [88.5143, 24.3435], [88.5287, 24.3442], [88.5386, 24.3272], [88.545, 24.3148], [88.5514, 24.3027], [88.5681, 24.3266], [88.5843, 24.3255], [88.604, 24.3109], [88.6186, 24.3158], [88.6285, 24.3066], [88.6428, 24.3086], [88.6558, 24.3118], [88.6701, 24.3147], [88.6888, 24.3134], [88.7025, 24.3107], [88.721, 24.2983], [88.7275, 24.2874], [88.7337, 24.2757], [88.7378, 24.2603], [88.7354, 24.246], [88.7332, 24.2328], [88.7326, 24.215], [88.732, 24.1974], [88.7172, 24.2002], [88.711, 24.1767], [88.7041, 24.1672], [88.6989, 24.1544], [88.7066, 24.1448], [88.7082, 24.1259], [88.6976, 24.1182], [88.6979, 24.0971], [88.7137, 24.099], [88.726, 24.0945], [88.7244, 24.0772], [88.7302, 24.0626], [88.7233, 24.0525], [88.7354, 24.0466], [88.7392, 24.0346], [88.7377, 24.0156], [88.7294, 24.0051], [88.7421, 24.0008], [88.7587, 24.0082], [88.7651, 23.9955], [88.771, 23.9848], [88.7551, 23.986], [88.7411, 23.9846], [88.7351, 23.9679], [88.739, 23.9545], [88.7423, 23.9386], [88.7343, 23.9313], [88.7333, 23.9143], [88.7131, 23.914], [88.7007, 23.9097], [88.6923, 23.8997], [88.6854, 23.889], [88.6734, 23.8853], [88.6646, 23.8762], [88.6552, 23.8683], [88.6414, 23.8666], [88.6294, 23.8618], [88.6224, 23.8736], [88.6075, 23.8669], [88.5922, 23.8705], [88.5834, 23.8641], [88.5755, 23.8543], [88.5872, 23.8495], [88.5877, 23.8344], [88.5995, 23.8218], [88.5896, 23.8134], [88.5922, 23.8007], [88.5813, 23.7917], [88.5636, 23.7866], [88.5687, 23.7753], [88.5779, 23.766], [88.5758, 23.7529], [88.5747, 23.7363], [88.5713, 23.7246], [88.5642, 23.7148], [88.5695, 23.6913], [88.5739, 23.67], [88.5682, 23.659], [88.5617, 23.6457], [88.576, 23.6365], [88.5924, 23.6366], [88.5918, 23.6215], [88.5847, 23.6109], [88.5924, 23.6026], [88.6054, 23.6], [88.6203, 23.603], [88.637, 23.6064], [88.6397, 23.5924], [88.648, 23.5847], [88.6511, 23.5727], [88.6555, 23.5576], [88.6646, 23.5486], [88.6772, 23.5437], [88.6862, 23.5353], [88.6924, 23.5256], [88.6986, 23.5155], [88.7109, 23.5123], [88.7252, 23.5092], [88.7309, 23.4968], [88.7399, 23.4907], [88.7461, 23.4794], [88.7568, 23.4852], [88.7705, 23.4798], [88.7748, 23.495], [88.7912, 23.4958], [88.7948, 23.4831], [88.7906, 23.4705], [88.7894, 23.4488], [88.7822, 23.4388], [88.7701, 23.4433], [88.7604, 23.4236], [88.76, 23.4059], [88.7531, 23.3977], [88.7573, 23.3821], [88.7611, 23.3708], [88.7579, 23.3583], [88.7474, 23.3506], [88.7336, 23.3463], [88.738, 23.3315], [88.7448, 23.3211], [88.7437, 23.3066], [88.7324, 23.3156], [88.7266, 23.3045], [88.7152, 23.3004], [88.7038, 23.3048], [88.6968, 23.2929], [88.7082, 23.2879], [88.714, 23.2769], [88.7237, 23.2696], [88.7189, 23.2563], [88.7312, 23.2477], [88.7471, 23.2374], [88.7621, 23.2367], [88.7768, 23.2327], [88.7837, 23.2189], [88.7967, 23.2156], [88.8126, 23.2156], [88.8087, 23.2331], [88.8087, 23.2489], [88.8211, 23.2463], [88.8226, 23.2327], [88.8344, 23.2374], [88.8513, 23.226], [88.8667, 23.2296], [88.8809, 23.2263], [88.9015, 23.2273], [88.9154, 23.2289], [88.9177, 23.2149], [88.9304, 23.212], [88.9397, 23.2052], [88.9557, 23.2043], [88.965, 23.2105], [88.9736, 23.2184], [88.9889, 23.2179], [88.9867, 23.2048], [88.9824, 23.1904], [88.9687, 23.1921], [88.9597, 23.1837], [88.9523, 23.1751], [88.9394, 23.17], [88.9334, 23.1581], [88.9306, 23.1454], [88.922, 23.1351], [88.9113, 23.1236], [88.9036, 23.1138], [88.8913, 23.1029], [88.8806, 23.0981], [88.8693, 23.0915], [88.8665, 23.0788], [88.8687, 23.0646], [88.8747, 23.0458], [88.8785, 23.0291], [88.872, 23.0184], [88.8734, 23.0043], [88.8579, 23.0053], [88.8621, 22.9941], [88.8689, 22.9827], [88.8681, 22.9681], [88.8615, 22.9552], [88.8737, 22.9511], [88.8881, 22.9521], [88.8977, 22.9417], [88.897, 22.9267], [88.9087, 22.922], [88.9058, 22.906], [88.9059, 22.891], [88.9093, 22.8774], [88.9216, 22.8718], [88.9377, 22.8691], [88.946, 22.8774], [88.9514, 22.8667], [88.9585, 22.8551], [88.9667, 22.8439], [88.9664, 22.8289], [88.962, 22.8169], [88.9588, 22.8034], [88.9507, 22.7921], [88.9392, 22.7867], [88.9301, 22.7749], [88.9218, 22.766], [88.9192, 22.7528], [88.9195, 22.7375], [88.9262, 22.7292], [88.9346, 22.7155], [88.9427, 22.7055], [88.9592, 22.6912], [88.9542, 22.681], [88.9488, 22.6703], [88.9455, 22.6579], [88.9342, 22.648], [88.9259, 22.6571], [88.9203, 22.6669], [88.913, 22.6751], [88.9019, 22.6791], [88.8918, 22.6739], [88.8818, 22.6684], [88.8698, 22.6652], [88.8636, 22.6742], [88.8631, 22.689], [88.8526, 22.6938], [88.8492, 22.7056], [88.837, 22.7085], [88.824, 22.7108], [88.8093, 22.7111], [88.8101, 22.7255], [88.8113, 22.7399], [88.8162, 22.7501], [88.8205, 22.7392], [88.8322, 22.7429], [88.8394, 22.7349], [88.8458, 22.7437], [88.84, 22.7533], [88.8425, 22.7408], [88.8334, 22.7469], [88.8262, 22.7389], [88.8146, 22.7426], [88.8101, 22.7536], [88.8091, 22.7395], [88.8092, 22.7244], [88.8082, 22.7104], [88.8219, 22.7089], [88.8347, 22.7067], [88.8478, 22.7042], [88.8491, 22.6903], [88.8603, 22.6942], [88.8578, 22.6814], [88.8609, 22.6694], [88.87, 22.6633], [88.8828, 22.6659], [88.8939, 22.6714], [88.9038, 22.6767], [88.9128, 22.6706], [88.9193, 22.6614], [88.9244, 22.6508], [88.9301, 22.641], [88.9308, 22.6265], [88.9363, 22.6166], [88.9507, 22.6176], [88.9487, 22.6045], [88.9402, 22.5977], [88.9358, 22.587], [88.9373, 22.5732], [88.9267, 22.5685], [88.9138, 22.5663], [88.9006, 22.564], [88.8911, 22.5581], [88.8836, 22.5501], [88.8728, 22.5458], [88.8663, 22.5356], [88.8644, 22.5221], [88.8571, 22.5143], [88.8469, 22.5093], [88.8533, 22.5006], [88.861, 22.4932], [88.857, 22.4818], [88.855, 22.4683], [88.8519, 22.4561], [88.8591, 22.4479], [88.8533, 22.4383], [88.8399, 22.4367], [88.8255, 22.4357], [88.8297, 22.4468], [88.8204, 22.4525], [88.8145, 22.462], [88.8128, 22.4756], [88.8071, 22.4853], [88.798, 22.4916], [88.7916, 22.5004], [88.7817, 22.5062], [88.773, 22.5126], [88.7806, 22.5203], [88.7735, 22.5284], [88.7654, 22.5354], [88.7628, 22.5485], [88.7665, 22.5601], [88.761, 22.5501], [88.7635, 22.5375], [88.7703, 22.5289], [88.7817, 22.525], [88.7726, 22.5186], [88.7622, 22.5139], [88.7501, 22.5169], [88.7381, 22.5138], [88.7272, 22.5181], [88.7166, 22.5227], [88.7078, 22.5289], [88.6925, 22.5264], [88.6867, 22.536], [88.6806, 22.5452], [88.6739, 22.5542], [88.6754, 22.5683], [88.6802, 22.5786], [88.6777, 22.5913], [88.6775, 22.5763], [88.6725, 22.5658], [88.6722, 22.5507], [88.6808, 22.544], [88.6868, 22.5344], [88.6915, 22.5224], [88.7036, 22.5261], [88.7153, 22.5224], [88.7254, 22.5171], [88.7336, 22.51], [88.7446, 22.5146], [88.7587, 22.5132], [88.7714, 22.5106], [88.7799, 22.5037], [88.7819, 22.4905], [88.7895, 22.4822], [88.7936, 22.4712], [88.7992, 22.4614], [88.8008, 22.4475], [88.8078, 22.439], [88.8157, 22.4318], [88.83, 22.43], [88.8456, 22.4322], [88.8506, 22.4219], [88.855, 22.4107], [88.8533, 22.3974], [88.8464, 22.3889], [88.854, 22.381], [88.8583, 22.37], [88.8664, 22.3626], [88.8761, 22.3567], [88.8625, 22.3585], [88.8517, 22.3632], [88.8384, 22.361], [88.8234, 22.3608], [88.8148, 22.3541], [88.8105, 22.3433], [88.8056, 22.3331], [88.8092, 22.3199], [88.8063, 22.3075], [88.8031, 22.2955], [88.8025, 22.2805], [88.7931, 22.2749], [88.7914, 22.2612], [88.7812, 22.2562], [88.7716, 22.2507], [88.7632, 22.2435], [88.7552, 22.2362], [88.7436, 22.2292], [88.7494, 22.2197], [88.7455, 22.2083], [88.7399, 22.1986], [88.7261, 22.1971], [88.7151, 22.2013], [88.7061, 22.2076], [88.6936, 22.2103], [88.6792, 22.2111], [88.6692, 22.2164], [88.6553, 22.2146], [88.6424, 22.2125], [88.635, 22.2202], [88.6417, 22.2289], [88.6522, 22.2344], [88.6595, 22.2423], [88.6625, 22.2543], [88.6671, 22.265], [88.6728, 22.2744], [88.6794, 22.2831], [88.6845, 22.2931], [88.6823, 22.306], [88.6797, 22.3189], [88.6884, 22.3257], [88.6733, 22.3256], [88.6683, 22.3358], [88.6725, 22.3228], [88.677, 22.3114], [88.6783, 22.2972], [88.6743, 22.2858], [88.6678, 22.277], [88.6616, 22.2677], [88.6585, 22.2549], [88.6518, 22.2445], [88.6444, 22.2365], [88.6358, 22.2298], [88.6311, 22.2194], [88.6367, 22.21], [88.6493, 22.2074], [88.6638, 22.2081], [88.6725, 22.2018], [88.6682, 22.191], [88.6614, 22.1824], [88.653, 22.1751], [88.646, 22.1668], [88.6397, 22.1578], [88.6404, 22.1435], [88.6309, 22.138], [88.6255, 22.128], [88.6214, 22.1168], [88.6151, 22.1081], [88.6097, 22.1179], [88.6032, 22.1268], [88.6, 22.1388], [88.6045, 22.1498], [88.6019, 22.1623], [88.5898, 22.1653], [88.582, 22.1728], [88.5787, 22.1846], [88.5775, 22.1985], [88.573, 22.1879], [88.5811, 22.1807], [88.5835, 22.1672], [88.5945, 22.1627], [88.6036, 22.1564], [88.6013, 22.1434], [88.5974, 22.1321], [88.6042, 22.1235], [88.6094, 22.113], [88.6177, 22.1058], [88.6216, 22.0944], [88.6243, 22.0819], [88.6267, 22.0692], [88.6274, 22.0545], [88.635, 22.047], [88.6299, 22.0367], [88.6228, 22.0286], [88.6149, 22.0214], [88.6025, 22.0242], [88.6022, 22.039], [88.6041, 22.0522], [88.5976, 22.061], [88.6019, 22.0721], [88.596, 22.063], [88.6017, 22.0536], [88.6006, 22.0393], [88.5995, 22.0254], [88.6114, 22.0211], [88.6101, 22.0067], [88.605, 21.9968], [88.6014, 21.9852], [88.5987, 21.9724], [88.6012, 21.9599], [88.6064, 21.9497], [88.6127, 21.9408], [88.6039, 21.9344], [88.6108, 21.9258], [88.6069, 21.9139], [88.6003, 21.905], [88.5911, 21.8983], [88.5822, 21.8919], [88.5744, 21.8994], [88.5803, 21.9144], [88.5842, 21.9258], [88.5778, 21.9142], [88.5631, 21.915], [88.5525, 21.9197], [88.5514, 21.9347], [88.5469, 21.9456], [88.5431, 21.9569], [88.545, 21.9717], [88.5592, 21.9706], [88.5639, 21.9603], [88.5596, 21.9714], [88.5468, 21.9736], [88.541, 21.9639], [88.5427, 21.9501], [88.5481, 21.9404], [88.5485, 21.9252], [88.5549, 21.9161], [88.5651, 21.9107], [88.5619, 21.8989], [88.5514, 21.9038], [88.5392, 21.9007], [88.5465, 21.8923], [88.5454, 21.8778], [88.5386, 21.8694], [88.5361, 21.8567], [88.522, 21.8558], [88.5135, 21.8631], [88.5045, 21.8695], [88.4962, 21.8767], [88.4984, 21.8895], [88.505, 21.8981], [88.5114, 21.9068], [88.5212, 21.9128], [88.5245, 21.9247], [88.5235, 21.9388], [88.5166, 21.9469], [88.5068, 21.9525], [88.4962, 21.9572], [88.4968, 21.9722], [88.5045, 21.9796], [88.5146, 21.9853], [88.5287, 21.9841], [88.5386, 21.9787], [88.5461, 21.987], [88.5505, 21.9978], [88.552, 22.0115], [88.5566, 22.0232], [88.551, 22.013], [88.5494, 21.9994], [88.545, 21.9882], [88.5381, 21.98], [88.5292, 21.9862], [88.5155, 21.9876], [88.5052, 21.9822], [88.4968, 21.9752], [88.4914, 21.9656], [88.4958, 21.9548], [88.5062, 21.9498], [88.5166, 21.9445], [88.5227, 21.9353], [88.5219, 21.9211], [88.514, 21.9139], [88.4991, 21.9138], [88.4866, 21.9113], [88.4776, 21.9049], [88.4717, 21.8955], [88.4586, 21.8977], [88.4597, 21.9119], [88.4603, 21.9265], [88.4539, 21.9351], [88.458, 21.9471], [88.4677, 21.9524], [88.4637, 21.9635], [88.4489, 21.9639], [88.4492, 21.9792], [88.444, 21.9895], [88.45, 21.9986], [88.4556, 22.0088], [88.4489, 22.0], [88.4418, 21.9915], [88.4481, 21.9827], [88.4453, 21.9703], [88.4526, 21.9622], [88.4667, 21.9611], [88.4614, 21.951], [88.4525, 21.9445], [88.4537, 21.93], [88.4588, 21.9199], [88.45, 21.9131], [88.4387, 21.9088], [88.4249, 21.9075], [88.4162, 21.9008], [88.4133, 21.8883], [88.3997, 21.8897], [88.3891, 21.8945], [88.3911, 21.9078], [88.4019, 21.9124], [88.4075, 21.922], [88.4006, 21.9303], [88.3942, 21.9392], [88.3991, 21.9493], [88.3912, 21.9564], [88.3805, 21.9608], [88.3866, 21.9699], [88.3728, 21.9667], [88.3807, 21.9592], [88.3912, 21.9547], [88.3938, 21.9423], [88.3969, 21.9303], [88.4052, 21.9232], [88.3991, 21.914], [88.3892, 21.9088], [88.3828, 21.9001], [88.3894, 21.8908], [88.3967, 21.8828], [88.394, 21.8704], [88.3935, 21.8557], [88.3881, 21.8444], [88.3863, 21.8294], [88.3905, 21.8183], [88.3924, 21.8051], [88.3872, 21.795], [88.373, 21.7959], [88.3637, 21.8017], [88.3603, 21.8138], [88.3547, 21.8235], [88.3558, 21.8378], [88.3556, 21.8529], [88.3605, 21.8634], [88.3659, 21.8734], [88.3686, 21.8859], [88.3703, 21.8994], [88.3659, 21.9105], [88.3603, 21.9201], [88.3518, 21.9269], [88.3597, 21.9189], [88.3654, 21.9092], [88.3691, 21.8979], [88.3668, 21.8846], [88.3638, 21.8725], [88.3579, 21.8632], [88.3491, 21.8569], [88.3381, 21.8613], [88.3234, 21.8616], [88.3125, 21.8568], [88.3016, 21.861], [88.3077, 21.8699], [88.3006, 21.8613], [88.2876, 21.8593], [88.2741, 21.8573], [88.2607, 21.8592], [88.256, 21.8697], [88.2627, 21.8786], [88.2549, 21.8713], [88.2581, 21.8594], [88.2701, 21.8561], [88.2848, 21.8569], [88.2974, 21.8596], [88.3071, 21.854], [88.3136, 21.8453], [88.3088, 21.8349], [88.3007, 21.8276], [88.2878, 21.8251], [88.2762, 21.8214], [88.2661, 21.8158], [88.259, 21.8076], [88.2611, 21.7945], [88.266, 21.784], [88.2722, 21.7751], [88.28, 21.7673], [88.2676, 21.7706], [88.2608, 21.7788], [88.2547, 21.7879], [88.2529, 21.8013], [88.2537, 21.7868], [88.2599, 21.778], [88.2666, 21.7695], [88.2754, 21.7627], [88.282, 21.7542], [88.2763, 21.7446], [88.2728, 21.7329], [88.2723, 21.7475], [88.2664, 21.7569], [88.2523, 21.758], [88.2395, 21.7603], [88.2274, 21.7633], [88.2178, 21.7703], [88.2156, 21.7833], [88.2112, 21.7945], [88.2069, 21.8056], [88.202, 21.8162], [88.1967, 21.8264], [88.1903, 21.8356], [88.1822, 21.8439], [88.1761, 21.8531], [88.1714, 21.8636], [88.1669, 21.8742], [88.1646, 21.8871], [88.169, 21.8984], [88.1728, 21.9097], [88.1764, 21.9211], [88.1742, 21.9339], [88.1657, 21.9409], [88.1583, 21.9488], [88.1537, 21.9592], [88.1606, 21.9678], [88.1701, 21.9735], [88.1775, 21.9811], [88.1843, 21.9897], [88.191, 21.9985], [88.1982, 22.0076], [88.2044, 22.0172], [88.21, 22.0269], [88.2144, 22.0383], [88.2164, 22.0517], [88.2206, 22.0631], [88.2239, 22.0753], [88.2239, 22.0906], [88.2208, 22.1036], [88.2164, 22.1144], [88.2122, 22.1269], [88.2114, 22.1425], [88.2083, 22.1547], [88.2036, 22.1653], [88.1967, 22.1744], [88.19, 22.1833], [88.1822, 22.1908], [88.1717, 22.1953], [88.1597, 22.1986], [88.1461, 22.2006], [88.1325, 22.2022], [88.1222, 22.2069], [88.1083, 22.2092], [88.093, 22.2092], [88.0778, 22.2097], [88.0753, 22.2225], [88.0828, 22.2314], [88.0869, 22.2431], [88.0886, 22.2569], [88.0914, 22.2694], [88.0989, 22.2806], [88.1036, 22.2911], [88.105, 22.3047], [88.0902, 22.3026], [88.0836, 22.2931], [88.0786, 22.2831], [88.0761, 22.2694], [88.0744, 22.2547], [88.0692, 22.2433], [88.0628, 22.2344], [88.0525, 22.2239], [88.04, 22.2214], [88.0228, 22.2258], [88.012, 22.23], [88.0017, 22.235], [87.9917, 22.2403], [87.9835, 22.2472], [87.9769, 22.2557], [87.9709, 22.2649], [87.9648, 22.2741], [87.9591, 22.2836], [87.9601, 22.2977], [87.9584, 22.3114], [87.9574, 22.3256], [87.9578, 22.3403], [87.9575, 22.3551], [87.9556, 22.3682], [87.9516, 22.3792], [87.9492, 22.3919], [87.947, 22.4047], [87.9372, 22.4122], [87.9275, 22.4203], [87.925, 22.4331], [87.9116, 22.435], [87.897, 22.4345], [87.8847, 22.4395], [87.8893, 22.4287], [87.8981, 22.4219], [87.9136, 22.4206], [87.9231, 22.4106], [87.93, 22.4025], [87.9336, 22.3911], [87.9378, 22.3797], [87.9415, 22.3682], [87.9436, 22.355], [87.9461, 22.3422], [87.9456, 22.3275], [87.9383, 22.3194], [87.9347, 22.3311], [87.9339, 22.3156], [87.935, 22.3017], [87.9358, 22.2872], [87.9367, 22.2717], [87.9411, 22.2592], [87.9499, 22.2524], [87.9578, 22.245], [87.968, 22.24], [87.9736, 22.2305], [87.9781, 22.2195], [87.9862, 22.2121], [87.9966, 22.2075], [88.0069, 22.2022], [88.0194, 22.1994], [88.0283, 22.2058], [88.0428, 22.2072], [88.0528, 22.2017], [88.0608, 22.1936], [88.0706, 22.1881], [88.0856, 22.187], [88.0969, 22.1911], [88.1108, 22.19], [88.1233, 22.1872], [88.1386, 22.1817], [88.1442, 22.1722], [88.1519, 22.1614], [88.1583, 22.1528], [88.1672, 22.1436], [88.1739, 22.135], [88.1833, 22.1244], [88.1911, 22.1158], [88.1897, 22.1019], [88.1833, 22.0917], [88.1739, 22.0808], [88.1653, 22.0722], [88.1562, 22.0648], [88.1464, 22.0592], [88.1361, 22.0544], [88.1256, 22.0494], [88.1164, 22.0436], [88.1058, 22.0361], [88.0961, 22.03], [88.0861, 22.0233], [88.0753, 22.0189], [88.065, 22.0142], [88.0542, 22.0211], [88.0447, 22.0289], [88.0344, 22.0389], [88.0275, 22.0472], [88.0336, 22.0575], [88.0281, 22.0683], [88.0175, 22.0769], [88.0089, 22.0836], [87.9993, 22.0894], [87.9939, 22.1006], [87.9826, 22.1044], [87.9664, 22.1042], [87.9723, 22.0951], [87.9864, 22.0917], [87.994, 22.0841], [88.0039, 22.0758], [88.012, 22.0681], [88.015, 22.0558], [88.0169, 22.0425], [88.0247, 22.0333], [88.0325, 22.025], [88.0425, 22.0194], [88.0525, 22.0142], [88.0475, 22.0022], [88.0425, 21.992], [88.0367, 21.9828], [88.0324, 21.9713], [88.0272, 21.9614], [88.0222, 21.9511], [88.0175, 21.9403], [88.0133, 21.9295], [88.01, 21.9178], [88.0047, 21.9078], [87.9992, 21.8978], [87.9939, 21.8878], [87.9883, 21.8781], [87.9836, 21.8678], [87.9792, 21.8567], [87.971, 21.8498], [87.963, 21.8415], [87.9548, 21.8339], [87.9467, 21.8267], [87.9394, 21.8181], [87.9328, 21.8094], [87.9269, 21.8], [87.9139, 21.7975], [87.9011, 21.7945], [87.8883, 21.7917], [87.8931, 21.7808], [87.8839, 21.7747], [87.8775, 21.7647], [87.8825, 21.7747], [87.8742, 21.7672], [87.8653, 21.7606], [87.8553, 21.7525], [87.8464, 21.7464], [87.8367, 21.7375], [87.8283, 21.7308], [87.82, 21.7236], [87.815, 21.7111], [87.8067, 21.7042], [87.7964, 21.6983], [87.7848, 21.6948], [87.7686, 21.6953], [87.7578, 21.7], [87.7497, 21.6931], [87.7447, 21.6828], [87.7358, 21.6764], [87.7256, 21.6714], [87.7147, 21.6669], [87.7036, 21.6626], [87.6925, 21.6586], [87.6806, 21.655], [87.6689, 21.6517], [87.6558, 21.6494], [87.6425, 21.6517], [87.6316, 21.6473], [87.6183, 21.6444], [87.6055, 21.6422], [87.5926, 21.6398], [87.58, 21.6368], [87.5676, 21.634], [87.5539, 21.6361], [87.5458, 21.6292], [87.5336, 21.626], [87.5225, 21.6218], [87.5106, 21.6186], [87.4986, 21.6156], [87.4878, 21.6114], [87.4821, 21.6259], [87.4707, 21.6431], [87.4604, 21.6571], [87.4651, 21.6711], [87.4684, 21.6838], [87.4693, 21.6985], [87.4626, 21.7171], [87.4542, 21.7294], [87.4456, 21.7379], [87.4425, 21.7553], [87.4314, 21.7644], [87.4121, 21.7638], [87.3952, 21.7624], [87.3833, 21.7709], [87.3731, 21.762], [87.3678, 21.7746], [87.355, 21.7793], [87.3445, 21.786], [87.335, 21.7801], [87.3243, 21.7854], [87.3092, 21.7889], [87.2987, 21.7944], [87.2928, 21.8055], [87.2806, 21.7992], [87.2738, 21.8117], [87.2676, 21.8215], [87.2617, 21.8333], [87.2553, 21.8439], [87.2448, 21.8564], [87.2473, 21.8717], [87.2348, 21.8956], [87.2394, 21.9068], [87.2505, 21.9152], [87.2354, 21.9337], [87.2323, 21.9465], [87.2256, 21.9571], [87.2096, 21.9574], [87.1951, 21.9536], [87.175, 21.9662], [87.1606, 21.9624], [87.1599, 21.9339], [87.1478, 21.9259], [87.1368, 21.918], [87.1235, 21.9202], [87.1103, 21.918], [87.0996, 21.911], [87.091, 21.8992], [87.0961, 21.8863], [87.0929, 21.8742], [87.0946, 21.8603], [87.0777, 21.8598], [87.0621, 21.8602], [87.0302, 21.8653], [87.02, 21.8858], [87.0048, 21.8955], [86.9979, 21.9075], [87.0025, 21.9224], [87.0055, 21.9407], [87.0149, 21.9533], [87.0203, 21.9684], [87.0309, 21.9788], [87.032, 21.9957], [87.025, 22.0039], [87.0235, 22.021], [87.0176, 22.0413], [87.0009, 22.045], [86.9875, 22.0551], [86.9719, 22.0663], [86.9671, 22.0778], [86.9572, 22.0834], [86.932, 22.0859], [86.9088, 22.0864], [86.8479, 22.0984], [86.832, 22.0951], [86.8254, 22.1086], [86.8122, 22.1137], [86.8066, 22.1254], [86.7993, 22.1391], [86.7903, 22.1539], [86.7769, 22.149], [86.7567, 22.1452], [86.7395, 22.1451], [86.7228, 22.1427], [86.7152, 22.1587], [86.7153, 22.1744], [86.7161, 22.1938], [86.72, 22.2102], [86.7411, 22.2108], [86.7551, 22.208], [86.767, 22.2113], [86.7746, 22.2234], [86.7868, 22.2293], [86.7789, 22.2217], [86.7914, 22.2175], [86.8092, 22.2331], [86.7928, 22.2387], [86.7907, 22.2532], [86.8006, 22.2619], [86.7964, 22.2499], [86.8066, 22.2438], [86.8113, 22.2595], [86.8163, 22.2493], [86.8203, 22.2606], [86.8361, 22.2608], [86.8502, 22.2593], [86.8646, 22.2535], [86.8857, 22.2521], [86.8856, 22.2689], [86.8885, 22.2814], [86.8851, 22.2967], [86.8712, 22.3027], [86.8472, 22.3132], [86.8292, 22.3246], [86.8289, 22.3415], [86.8363, 22.3609], [86.8382, 22.3786], [86.8449, 22.3923], [86.8388, 22.4014], [86.8184, 22.4123], [86.8053, 22.4165], [86.789, 22.4183], [86.7693, 22.4216], [86.7579, 22.4357], [86.7515, 22.4507], [86.7451, 22.4705], [86.7533, 22.4801], [86.7695, 22.4759], [86.7855, 22.4766], [86.798, 22.484], [86.791, 22.4936], [86.7896, 22.5076], [86.7828, 22.5244], [86.7862, 22.5374], [86.7779, 22.5454], [86.7645, 22.5506], [86.7634, 22.5646], [86.756, 22.5743], [86.7277, 22.5746], [86.706, 22.5804], [86.6834, 22.5768], [86.6728, 22.5724], [86.6573, 22.5727], [86.6493, 22.582], [86.639, 22.5938], [86.634, 22.604], [86.6351, 22.6227], [86.6355, 22.6472], [86.6304, 22.6625], [86.6179, 22.6734], [86.6029, 22.6798], [86.5912, 22.6886], [86.574, 22.6946], [86.5551, 22.7079], [86.5463, 22.7153], [86.5202, 22.7179], [86.5081, 22.7082], [86.4965, 22.7155], [86.4877, 22.7233], [86.47, 22.7374], [86.454, 22.7596], [86.4398, 22.7627], [86.4289, 22.7684], [86.4162, 22.7765], [86.418, 22.7898], [86.4216, 22.8088], [86.4339, 22.8286], [86.4313, 22.8464], [86.4328, 22.8605], [86.4469, 22.8588], [86.4493, 22.8771], [86.463, 22.8966], [86.4485, 22.9019], [86.4324, 22.9158], [86.4371, 22.9273], [86.451, 22.9305], [86.458, 22.9388], [86.4701, 22.9466], [86.4838, 22.9383], [86.4977, 22.9451], [86.5127, 22.9462], [86.5276, 22.9579], [86.5377, 22.9658], [86.5403, 22.9872], [86.5208, 22.9728], [86.5122, 22.9663], [86.504, 22.978], [86.4974, 22.9899], [86.4794, 22.9888], [86.4631, 22.9852], [86.4478, 22.9871], [86.4317, 22.9903], [86.4163, 22.9948], [86.4003, 22.9831], [86.393, 22.9742], [86.3836, 22.9801], [86.3695, 22.9943], [86.3516, 22.9949], [86.3347, 22.9894], [86.3153, 22.9956], [86.3059, 23.0025], [86.3003, 23.0123], [86.2848, 23.0109], [86.2735, 23.0065], [86.2633, 22.9994], [86.2509, 22.995], [86.2345, 22.9934], [86.217, 22.9916], [86.2038, 22.9979], [86.2002, 23.0097], [86.1812, 23.013], [86.1725, 23.0231], [86.1623, 23.0338], [86.15, 23.0409], [86.146, 23.0557], [86.1346, 23.0629], [86.138, 23.0805], [86.1274, 23.0891], [86.1157, 23.0936], [86.1048, 23.0889], [86.0836, 23.0986], [86.07, 23.1014], [86.048, 23.1087], [86.049, 23.1248], [86.042, 23.136], [86.0323, 23.1451], [86.018, 23.1405], [86.0061, 23.1449], [85.9901, 23.1463], [85.9705, 23.14], [85.9516, 23.1382], [85.9438, 23.1295], [85.9258, 23.1307], [85.9116, 23.1336], [85.9004, 23.1481], [85.8864, 23.1534], [85.8766, 23.1613], [85.8598, 23.1924], [85.8439, 23.1941], [85.8337, 23.2019], [85.8307, 23.214], [85.8307, 23.2432], [85.8264, 23.2631], [85.8337, 23.2807], [85.8445, 23.2896], [85.8579, 23.3011], [85.8608, 23.315], [85.8752, 23.3207], [85.8709, 23.3525], [85.8663, 23.3648], [85.8853, 23.3738], [85.8773, 23.4004], [85.8629, 23.41], [85.8609, 23.4282], [85.8595, 23.451], [85.866, 23.4702], [85.8776, 23.4759], [85.9064, 23.4718], [85.9175, 23.4624], [85.9379, 23.4551], [85.9529, 23.4596], [85.9678, 23.4654], [85.9904, 23.4764], [86.0056, 23.4827], [86.0204, 23.4879], [86.0358, 23.4903], [86.0515, 23.499], [86.0328, 23.5048], [86.0316, 23.521], [86.0251, 23.5317], [86.0185, 23.5424], [86.0108, 23.5516], [86.0176, 23.5636], [86.0251, 23.5723], [86.0374, 23.5835], [86.0513, 23.5789], [86.0653, 23.5807], [86.0728, 23.5682], [86.088, 23.5676], [86.1015, 23.5739], [86.1194, 23.5739], [86.1317, 23.5662], [86.1482, 23.5654], [86.1533, 23.5516], [86.1443, 23.5352], [86.1546, 23.5191], [86.1551, 23.5042], [86.1452, 23.494], [86.1427, 23.4773], [86.1679, 23.4761], [86.1788, 23.4677], [86.1918, 23.4644], [86.2033, 23.4587], [86.221, 23.456], [86.2253, 23.4699], [86.2352, 23.456], [86.225, 23.4428], [86.2311, 23.4295], [86.2399, 23.4226], [86.2531, 23.4248], [86.2467, 23.4342], [86.2578, 23.4382], [86.2735, 23.4389], [86.2824, 23.4275], [86.3, 23.4201], [86.3133, 23.4261], [86.3058, 23.4362], [86.3121, 23.4486], [86.3212, 23.4545], [86.3314, 23.4472], [86.3383, 23.457], [86.3518, 23.4636], [86.3555, 23.4816], [86.3685, 23.484], [86.3586, 23.4896], [86.3571, 23.5102], [86.367, 23.5189], [86.3597, 23.5307], [86.3605, 23.5461], [86.3648, 23.5571], [86.3749, 23.5685], [86.3822, 23.5789], [86.3894, 23.5888], [86.4062, 23.588], [86.4136, 23.6013], [86.4273, 23.6103], [86.4396, 23.6167], [86.4449, 23.6315], [86.4664, 23.6296], [86.4813, 23.635], [86.5017, 23.6316], [86.5237, 23.6284], [86.5374, 23.6346], [86.552, 23.6401], [86.5652, 23.6463], [86.5831, 23.6588], [86.588, 23.6691], [86.6158, 23.6716], [86.6333, 23.6757], [86.6488, 23.6829], [86.6687, 23.6861], [86.6834, 23.6897], [86.6938, 23.6945], [86.711, 23.6972], [86.7317, 23.6938], [86.7359, 23.6791], [86.7585, 23.6785], [86.7727, 23.6819], [86.792, 23.6874], [86.7935, 23.706], [86.7984, 23.7163], [86.8045, 23.7399], [86.8161, 23.7448], [86.8198, 23.7611], [86.8167, 23.7762], [86.8084, 23.7883], [86.7977, 23.7977], [86.801, 23.8133], [86.7922, 23.8273], [86.8065, 23.8281], [86.8093, 23.8141], [86.8259, 23.8132], [86.835, 23.8193], [86.8545, 23.8325], [86.8608, 23.8422], [86.8731, 23.8345], [86.8769, 23.8213], [86.8869, 23.8273], [86.8802, 23.8422], [86.8823, 23.8566], [86.8846, 23.8733], [86.895, 23.88], [86.9242, 23.8659], [86.9281, 23.85], [86.9432, 23.8429], [86.9558, 23.8496], [86.9596, 23.8623], [86.9801, 23.8564], [86.9946, 23.8535], [87.0135, 23.8469], [87.0224, 23.8405], [87.0344, 23.8368], [87.0569, 23.8163], [87.0728, 23.8123], [87.0845, 23.8053], [87.0957, 23.8095], [87.1059, 23.7995], [87.1161, 23.8048], [87.1242, 23.795], [87.1392, 23.8001], [87.1487, 23.7944], [87.1559, 23.8037], [87.1664, 23.8196], [87.1591, 23.8283], [87.1458, 23.8366], [87.1377, 23.8458], [87.1294, 23.8549], [87.1358, 23.8681], [87.1475, 23.8627], [87.1667, 23.8605], [87.1766, 23.8525], [87.1874, 23.8572], [87.1886, 23.8408], [87.1994, 23.8475], [87.2128, 23.8503], [87.2225, 23.8576], [87.2362, 23.8531], [87.228, 23.8429], [87.2186, 23.8308], [87.2291, 23.823], [87.2427, 23.8262], [87.2552, 23.8393], [87.2474, 23.8513], [87.249, 23.8658], [87.2444, 23.8781], [87.2461, 23.8949], [87.2524, 23.9101], [87.2599, 23.9021], [87.2641, 23.88], [87.2783, 23.8819], [87.2926, 23.8901], [87.2877, 23.9202], [87.2851, 23.9339], [87.2905, 23.9475], [87.2781, 23.9576], [87.2693, 23.9653], [87.2607, 23.9781], [87.2669, 23.9878], [87.2627, 23.9991], [87.2506, 23.9957], [87.2406, 24.0057], [87.2354, 24.0175], [87.2335, 24.0327], [87.2436, 24.0421], [87.2578, 24.0355], [87.2743, 24.0318], [87.2862, 24.0272], [87.3037, 24.0294], [87.32, 24.0314], [87.3355, 24.0239], [87.3274, 24.0166], [87.3183, 24.0069], [87.324, 23.9971], [87.3373, 23.995], [87.351, 23.9992], [87.3566, 24.0092], [87.374, 24.0066], [87.3898, 24.002], [87.4003, 23.9939], [87.4145, 23.9908], [87.4274, 23.9879], [87.4366, 23.9792], [87.449, 23.9843], [87.4584, 23.9935], [87.4468, 24.0006], [87.4384, 24.009], [87.4485, 24.0163], [87.4621, 24.0131], [87.4792, 24.0141], [87.4912, 24.0234], [87.502, 24.0282], [87.5106, 24.0398], [87.5014, 24.0475], [87.4919, 24.0555], [87.4889, 24.0697], [87.5012, 24.0733], [87.4932, 24.0846], [87.4959, 24.0972], [87.4931, 24.1119], [87.5105, 24.1104], [87.5213, 24.1042], [87.531, 24.0949], [87.5392, 24.0878], [87.5526, 24.0845], [87.5667, 24.0864], [87.5695, 24.101], [87.5778, 24.1104], [87.5817, 24.1234], [87.5954, 24.1249], [87.6076, 24.1289], [87.5979, 24.138], [87.586, 24.1475], [87.5714, 24.1544], [87.5798, 24.1615], [87.5956, 24.1598], [87.6104, 24.1649], [87.6275, 24.1631], [87.6407, 24.1549], [87.657, 24.1559], [87.6678, 24.1514], [87.6802, 24.148], [87.6925, 24.1545], [87.6965, 24.1672], [87.694, 24.182], [87.6835, 24.1891], [87.6746, 24.1952], [87.6661, 24.2061], [87.6451, 24.208], [87.6415, 24.2196], [87.6395, 24.2347], [87.6417, 24.2499], [87.6519, 24.2401], [87.6654, 24.2435], [87.6779, 24.2465], [87.6887, 24.2556], [87.7026, 24.2599], [87.7046, 24.2745], [87.7101, 24.2866], [87.7272, 24.2862], [87.7405, 24.2927], [87.7482, 24.3015], [87.7585, 24.3078], [87.7625, 24.3207], [87.7645, 24.3386], [87.7726, 24.3494], [87.7824, 24.3602], [87.7877, 24.3717], [87.7938, 24.3808], [87.7973, 24.3923], [87.8043, 24.4035], [87.8052, 24.4181], [87.793, 24.4106], [87.7923, 24.4269], [87.796, 24.4394], [87.8025, 24.4501], [87.8152, 24.4536], [87.8178, 24.4685], [87.8091, 24.4766], [87.8169, 24.4861], [87.8219, 24.4964], [87.8102, 24.4921], [87.8073, 24.5062], [87.801, 24.4948], [87.7985, 24.5094], [87.7976, 24.5246], [87.7999, 24.5412], [87.8026, 24.5543], [87.7916, 24.5657], [87.7777, 24.5714], [87.7694, 24.5818], [87.7854, 24.5823], [87.7989, 24.5778], [87.8117, 24.5744], [87.8233, 24.5666], [87.8348, 24.5563], [87.8482, 24.5511], [87.8605, 24.5553], [87.8766, 24.5611], [87.8899, 24.5719], [87.8974, 24.5825], [87.9087, 24.5912], [87.9081, 24.6082], [87.8887, 24.6082], [87.8753, 24.6099], [87.8912, 24.6122], [87.9021, 24.6165], [87.8918, 24.6237], [87.902, 24.6294], [87.908, 24.6421], [87.9134, 24.6586], [87.9032, 24.667], [87.8904, 24.6703], [87.8927, 24.6857], [87.899, 24.6997], [87.9031, 24.7119], [87.8957, 24.723], [87.8855, 24.7293], [87.8778, 24.7391], [87.8709, 24.73], [87.8523, 24.7349], [87.8397, 24.7382], [87.8253, 24.7522], [87.816, 24.7596], [87.8257, 24.7693], [87.83, 24.783], [87.8338, 24.7697], [87.8425, 24.7629], [87.8585, 24.7678], [87.8665, 24.7762], [87.8701, 24.7909], [87.8776, 24.801], [87.8721, 24.8119], [87.8677, 24.823], [87.8817, 24.8204], [87.8962, 24.8226], [87.8957, 24.8396], [87.889, 24.8529], [87.9112, 24.8559], [87.9287, 24.8659], [87.9446, 24.8727], [87.9612, 24.8791], [87.9722, 24.8914], [87.9712, 24.91], [87.9665, 24.9296], [87.9563, 24.9414], [87.9462, 24.9489], [87.9303, 24.9618], [87.9185, 24.9729], [87.9065, 24.9858], [87.9034, 24.9984], [87.8929, 25.0089], [87.8808, 25.0205], [87.8643, 25.0399], [87.855, 25.0462], [87.8426, 25.0522], [87.8202, 25.0615], [87.7999, 25.0712], [87.7799, 25.0874], [87.7727, 25.0991], [87.7698, 25.1147], [87.7712, 25.1387], [87.7728, 25.1596], [87.779, 25.1769], [87.7847, 25.1996], [87.7876, 25.2205], [87.8013, 25.2182], [87.81, 25.2117], [87.8297, 25.204], [87.8228, 25.2343], [87.8323, 25.2447], [87.8416, 25.2536], [87.8497, 25.2615], [87.8565, 25.2778], [87.8514, 25.2925], [87.8404, 25.2984], [87.8289, 25.3034], [87.8204, 25.3128], [87.8111, 25.3192], [87.7973, 25.3221], [87.784, 25.3324], [87.7874, 25.3549], [87.7888, 25.3723], [87.7738, 25.3719], [87.7627, 25.3862], [87.7664, 25.4035], [87.7724, 25.4149], [87.7659, 25.4243], [87.7765, 25.429], [87.7813, 25.4447], [87.7983, 25.4419], [87.8068, 25.4348], [87.8192, 25.4375], [87.825, 25.4494], [87.8338, 25.4588], [87.8496, 25.465], [87.8643, 25.4679], [87.8609, 25.4861], [87.8687, 25.4972], [87.8814, 25.5056], [87.8853, 25.5171], [87.895, 25.5099], [87.9063, 25.5137], [87.9137, 25.5238], [87.9241, 25.5356], [87.9429, 25.5347], [87.9556, 25.538], [87.9691, 25.5261], [87.986, 25.5248], [87.985, 25.5081], [87.9928, 25.4978], [88.0042, 25.494], [88.0075, 25.5104], [88.0157, 25.5005], [88.0287, 25.489], [88.0421, 25.4854], [88.0558, 25.4839], [88.0704, 25.4805], [88.0681, 25.4968], [88.0689, 25.513], [88.0575, 25.5257], [88.0488, 25.5333], [88.0357, 25.5367], [88.0298, 25.5504], [88.0355, 25.5604], [88.0253, 25.5691], [88.0219, 25.5829], [88.0312, 25.591], [88.0361, 25.6024], [88.035, 25.617], [88.0438, 25.6282], [88.0543, 25.6329], [88.0408, 25.6361], [88.0485, 25.6439], [88.0454, 25.6598], [88.0431, 25.6739], [88.0508, 25.6858], [88.0433, 25.6947], [88.0302, 25.6988], [88.0224, 25.6915], [88.0175, 25.7025], [88.002, 25.7091], [87.9926, 25.7191], [87.9717, 25.7201], [87.961, 25.7247], [87.9567, 25.7354], [87.9442, 25.7438], [87.9375, 25.7583], [87.9324, 25.7713], [87.9187, 25.774], [87.905, 25.772], [87.898, 25.7993], [87.902, 25.811], [87.8939, 25.8251], [87.8973, 25.8396], [87.9109, 25.8517], [87.8995, 25.8598], [87.8848, 25.8647], [87.8722, 25.8597], [87.8559, 25.8647], [87.8431, 25.8687], [87.8228, 25.8715], [87.8171, 25.8833], [87.8189, 25.8972], [87.8165, 25.9127], [87.8036, 25.9207], [87.8179, 25.933], [87.8283, 25.9411], [87.8254, 25.9587], [87.8299, 25.9719], [87.8262, 25.9837], [87.8333, 26.0011], [87.8406, 26.0198], [87.8413, 26.0412], [87.8633, 26.0561], [87.8777, 26.0579], [87.8847, 26.0715], [87.8926, 26.0804], [87.9129, 26.091], [87.9219, 26.0769], [87.9311, 26.069], [87.9369, 26.0798], [87.9505, 26.083], [87.9681, 26.0814], [87.9627, 26.0947], [87.9544, 26.1028], [87.9694, 26.1093], [87.9756, 26.1216], [87.9587, 26.1257], [87.9678, 26.1318], [87.9687, 26.1479], [87.9821, 26.1592], [87.9884, 26.1486], [87.9991, 26.1404], [88.0151, 26.1429], [88.0117, 26.1548], [88.0266, 26.1628], [88.0323, 26.1735], [88.0462, 26.1779], [88.0586, 26.1738], [88.0714, 26.1788], [88.0816, 26.1924], [88.0897, 26.2032], [88.1025, 26.2123], [88.116, 26.223], [88.1311, 26.2268], [88.1359, 26.2371], [88.1406, 26.2496], [88.1588, 26.2569], [88.1769, 26.2617], [88.1834, 26.2747], [88.2041, 26.2796], [88.215, 26.2849], [88.2268, 26.2966], [88.2318, 26.3104], [88.2447, 26.3163], [88.2537, 26.3278], [88.2611, 26.3379], [88.2724, 26.3305], [88.2817, 26.3398], [88.2891, 26.3511], [88.2819, 26.3601], [88.274, 26.3773], [88.2616, 26.38], [88.2451, 26.376], [88.2317, 26.3849], [88.2358, 26.3962], [88.2554, 26.4159], [88.2679, 26.4218], [88.2596, 26.4307], [88.2484, 26.4388], [88.2434, 26.4493], [88.229, 26.4472], [88.2153, 26.4657], [88.226, 26.472], [88.2132, 26.4778], [88.1938, 26.472], [88.183, 26.4853], [88.1863, 26.5001], [88.1939, 26.508], [88.2067, 26.515], [88.2187, 26.5237], [88.2334, 26.5324], [88.2312, 26.552], [88.2154, 26.5573], [88.2208, 26.5463], [88.2097, 26.5407], [88.1967, 26.5436], [88.1791, 26.537], [88.166, 26.5345], [88.1574, 26.5187], [88.1454, 26.511], [88.1235, 26.5201], [88.1151, 26.5302], [88.105, 26.5358], [88.1141, 26.5448], [88.108, 26.5543], [88.1177, 26.5655], [88.1234, 26.5754], [88.1327, 26.5846], [88.1337, 26.5989], [88.1418, 26.6065], [88.1446, 26.6255], [88.1572, 26.6302], [88.1656, 26.6457], [88.1675, 26.67], [88.1705, 26.6836], [88.17, 26.6989], [88.1799, 26.7107], [88.1849, 26.7271], [88.189, 26.7382], [88.1885, 26.7565], [88.1905, 26.7714], [88.1802, 26.8033], [88.1751, 26.8257], [88.1702, 26.8371], [88.1734, 26.851], [88.1761, 26.8652], [88.1643, 26.8806], [88.1497, 26.8882], [88.1389, 26.8984], [88.1469, 26.9158], [88.14, 26.931], [88.1313, 26.9391], [88.123, 26.9501], [88.1245, 26.965], [88.1332, 26.9803], [88.1208, 26.9871], [88.1115, 26.9948], [88.1018, 27.0034], [88.0911, 27.0079], [88.0862, 27.0224], [88.0796, 27.0351], [88.067, 27.0309], [88.0524, 27.0342], [88.0375, 27.0429], [88.0302, 27.0507], [88.0252, 27.0628], [88.019, 27.0732], [88.0237, 27.0874], [88.0144, 27.0971], [88.0052, 27.1035], [87.9919, 27.1163], [87.9938, 27.1305], [88.0032, 27.14], [88.0129, 27.1544], [88.0169, 27.1666], [88.0165, 27.1904], [88.0143, 27.2035], [88.017, 27.2189], [88.0329, 27.221], [88.0468, 27.2161], [88.0617, 27.2113], [88.075, 27.2008], [88.0675, 27.1903], [88.0723, 27.1793], [88.0787, 27.1679], [88.083, 27.1489], [88.0886, 27.1388], [88.1233, 27.1238], [88.126907, 27.123081]]]]}}]}